time,angvelx,angvely,angvelz
0,0,0,0
0.0101056098937988,0,0,0
0.0191800594329834,0,0,0
0.0295531749725342,0,0,0
0.0402936935424805,0,0,0
0.0497252941131592,0,0,0
0.0599973201751709,0,0,0
0.0692241191864014,0,0,0
0.0793230533599854,0,0,0
0.0894706249237061,0,0,0
0.0996744632720947,0,0,0
0.109190464019775,0,0,0
0.119884967803955,0,0,0
0.129787445068359,0,0,0
0.13947057723999,0,0,0
0.150044679641724,0,0,0
0.159188508987427,0,0,0
0.16938042640686,0,0,0
0.180199384689331,0,0,0
0.189850807189941,0,0,0
0.199455261230469,0,0,0
0.209588289260864,0,0,0
0.219325304031372,0,0,0
0.229568719863892,0,0,0
0.239254474639893,0,0,0
0.249509334564209,0,0,0
0.259632349014282,0,0,0
0.269285917282104,0,0,0
0.279366731643677,0,0,0
0.289591789245605,0,0,0
0.299240589141846,0,0,0
0.309909343719482,0,0,0
0.319467782974243,0,0,0
0.330195665359497,0,0,0
0.339824676513672,0,0,0
0.349482536315918,0,0,0
0.359600782394409,0,0,0
0.3693528175354,0,0,0
0.379440069198608,0,0,0
0.39000391960144,0,0,0
0.40029501914978,0,0,0
0.4093017578125,0,0,0
0.419268846511841,0,0,0
0.429908514022827,0,0,0
0.439221620559692,0,0,0
0.449359178543091,0,0,0
0.459474325180054,0,0,0
0.469667196273804,0,0,0
0.479306221008301,0,0,0
0.48935604095459,0,0,0
0.499443769454956,0,0,0
0.510120391845703,0,0,0
0.519323825836182,0,0,0
0.529947519302368,0,0,0
0.539292812347412,0,0,0
0.549377202987671,0,0,0
0.559881925582886,0,0,0
0.569701433181763,0,0,0
0.579261779785156,0,0,0
0.589525938034058,0,0,0
0.599244832992554,0,0,0
0.609372854232788,0,0,0
0.619558334350586,0,0,0
0.629364967346191,0,0,0
0.639326095581055,0,0,0
0.649445056915283,0,0,0
0.660162210464478,0,0,0
0.669796466827393,0,0,0
0.679952621459961,0,0,0
0.690051078796387,0,0,0
0.700211763381958,0,0,0
0.709240674972534,0,0,0
0.719426870346069,0,0,0
0.729580402374268,0,0,0
0.739733457565308,0,0,0
0.749336004257202,0,0,0
0.759444713592529,0,0,0
0.770134925842285,0,0,0
0.77962589263916,0,0,0
0.790056705474854,0,0,0
0.79926323890686,0,0,0
0.809344291687012,0,0,0
0.820000648498535,0,0,0
0.829360008239746,0,0,0
0.839540958404541,0,0,0
0.849101781845093,0,0,0
0.859254837036133,0,0,0
0.869498491287231,0,0,0
0.879557132720947,0,0,0
0.889175653457642,0,0,0
0.899367570877075,0,0,0
0.909464359283447,0,0,0
0.919483423233032,0,0,0
0.930254220962524,0,0,0
0.939801692962646,0,0,0
0.949396371841431,-0.04431386,0.06556856,-0.09765079
0.960020065307617,-0.04797054,0.07760273,-0.09644701
0.969271898269653,-0.05028188,0.08238955,-0.09622437
0.979570627212524,-0.05262181,0.07530192,-0.09680317
0.99005913734436,-0.05489699,0.06764477,-0.09666879
0.999760150909424,-0.04902463,0.06487826,-0.09672759
1.00986480712891,-0.04025964,0.06126044,-0.09691004
1.01979112625122,-0.0396242,0.06510185,-0.0957887
1.02957034111023,-0.04242419,0.07048661,-0.09427083
1.03965520858765,-0.04419889,0.07682317,-0.09296053
1.04951572418213,-0.04167029,0.06909595,-0.09259976
1.06019306182861,-0.04391458,0.05791672,-0.09220302
1.06982159614563,-0.04729578,0.05395774,-0.09188224
1.07951045036316,-0.04879219,0.04735048,-0.09125887
1.08961653709412,-0.04986733,0.04723777,-0.0899269
1.09942603111267,-0.04591276,0.05795281,-0.08854102
1.10963201522827,-0.05021543,0.05082383,-0.08899233
1.11931610107422,-0.0517425,0.04467104,-0.08887624
1.12939190864563,-0.04655197,0.04648117,-0.08874153
1.13967418670654,-0.04706619,0.04055016,-0.08810803
1.1493399143219,-0.04785289,0.0381762,-0.08622774
1.15994310379028,-0.04776594,0.05200707,-0.08334678
1.16960978507996,-0.05012426,0.06285878,-0.08162373
1.17980241775513,-0.045448,0.06363269,-0.08090456
1.18927502632141,-0.04543903,0.05421138,-0.07979604
1.19941973686218,-0.04232666,0.05384562,-0.07713664
1.20954585075378,-0.03017299,0.02855168,-0.07773643
1.21979737281799,-0.02280486,0.005357307,-0.07707521
1.22977161407471,-0.01818792,-0.009195155,-0.07700702
1.23943710327148,-0.007972981,-0.03243694,-0.07652576
1.24968981742859,0.003708177,-0.04948822,-0.07533672
1.25925803184509,0.001419069,-0.06311826,-0.0731864
1.269451379776,0.002065898,-0.07407,-0.07298119
1.27952718734741,0.01035901,-0.1023637,-0.07367296
1.28969669342041,0.02396529,-0.1443981,-0.07540957
1.2991738319397,0.02933895,-0.1686585,-0.07555044
1.30930185317993,0.03120872,-0.181712,-0.07408799
1.31945443153381,0.03077609,-0.1944594,-0.07301779
1.32958769798279,0.03344523,-0.204046,-0.07149147
1.33923411369324,0.03727461,-0.1897644,-0.06831814
1.34940695762634,0.04018338,-0.1896549,-0.06744938
1.35956478118896,0.05477665,-0.1849829,-0.06648318
1.36934065818787,0.06153439,-0.1896367,-0.06628431
1.37946653366089,0.06097749,-0.1802247,-0.06444038
1.38966846466064,0.05973044,-0.1788895,-0.06258797
1.39971733093262,0.06153218,-0.1870795,-0.06132755
1.40934014320374,0.0591547,-0.1807014,-0.0612971
1.41951870918274,0.05584608,-0.1750269,-0.06068197
1.43016576766968,0.05720486,-0.1746236,-0.06016533
1.43926382064819,0.05860294,-0.1762146,-0.05965523
1.44964623451233,0.06541848,-0.1734399,-0.05877307
1.45924544334412,0.06630382,-0.174829,-0.05868238
1.46950316429138,0.06558369,-0.176743,-0.05855804
1.47963523864746,0.06516924,-0.1748781,-0.05778995
1.48939394950867,0.0682487,-0.1747192,-0.05707354
1.49948811531067,0.07061499,-0.1706195,-0.05684376
1.50928068161011,0.08023288,-0.159898,-0.05646206
1.51947951316833,0.08178981,-0.1434795,-0.05464715
1.52965545654297,0.08226629,-0.140328,-0.0532511
1.5397572517395,0.08656027,-0.1521752,-0.05341372
1.54938054084778,0.08824769,-0.1538329,-0.05274412
1.55945730209351,0.09046156,-0.1554109,-0.05127738
1.56931042671204,0.09079141,-0.1493252,-0.05008174
1.57947731018066,0.09149256,-0.1584093,-0.05003403
1.59019017219543,0.1031636,-0.1817025,-0.05124254
1.59926867485046,0.1148794,-0.1890625,-0.05167821
1.60994744300842,0.1173362,-0.1822098,-0.04974446
1.61953401565552,0.1197971,-0.1808864,-0.04849719
1.62923312187195,0.1223679,-0.1796013,-0.04827479
1.63944482803345,0.1235151,-0.1677246,-0.04611177
1.64974117279053,0.1287764,-0.1520476,-0.04580945
1.6592812538147,0.1441826,-0.1309808,-0.04372697
1.66990923881531,0.1472707,-0.1240163,-0.04313124
1.68004989624023,0.153982,-0.1252205,-0.04333064
1.68935346603394,0.1579772,-0.1279902,-0.04275814
1.69981050491333,0.1575047,-0.1158073,-0.04301801
1.70950794219971,0.1676721,-0.1022792,-0.04325125
1.71963953971863,0.1725179,-0.09411278,-0.04347936
1.72976970672607,0.1772152,-0.08985266,-0.04435023
1.73944640159607,0.1806071,-0.08411989,-0.04435354
1.75018048286438,0.181385,-0.07459044,-0.04369593
1.75983166694641,0.1735918,-0.06149846,-0.04144665
1.76940894126892,0.1646844,-0.0529398,-0.04183275
1.77960753440857,0.1645535,-0.05930436,-0.0430415
1.78962206840515,0.1634736,-0.07914901,-0.04392302
1.79930710792542,0.160235,-0.07331592,-0.04308774
1.80940318107605,0.1509597,-0.07549446,-0.04146371
1.81960678100586,0.1413949,-0.07475296,-0.04047259
1.82927465438843,0.1308015,-0.07663436,-0.03910024
1.83940052986145,0.1208885,-0.08199272,-0.03727973
1.84964489936829,0.1111871,-0.08233111,-0.03628285
1.85962653160095,0.1091259,-0.09479246,-0.03470815
1.86928677558899,0.1079943,-0.08569507,-0.03464422
1.88003730773926,0.1032686,-0.09451078,-0.03523881
1.88922667503357,0.09955499,-0.09780451,-0.03518598
1.89994049072266,0.09504722,-0.104253,-0.03430812
1.9100067615509,0.08811963,-0.08900098,-0.03293576
1.91929244995117,0.09551252,-0.09963059,-0.03382124
1.92945289611816,0.1022726,-0.1030518,-0.03482328
1.93952918052673,0.1068119,-0.1128705,-0.03557951
1.94922804832458,0.1068976,-0.1206689,-0.03596101
1.95938467979431,0.1149391,-0.1085904,-0.0361676
1.96954989433289,0.1172354,-0.09442887,-0.0357163
1.97980904579163,0.1219157,-0.08561377,-0.03530339
1.98928904533386,0.1304533,-0.0745443,-0.03498583
1.99998569488525,0.1310113,-0.07100359,-0.03442304
2.00955390930176,0.1296897,-0.05520269,-0.03292369
2.01973557472229,0.1253093,-0.0406241,-0.03145389
2.02932071685791,0.1241994,-0.0342322,-0.03019368
2.03956627845764,0.122682,-0.02837886,-0.02876309
2.04924130439758,0.1185101,-0.02697826,-0.0279514
2.0593421459198,0.1177144,-0.01346755,-0.02721414
2.06959056854248,0.1142446,-0.01749957,-0.0260226
2.07972168922424,0.1116011,-0.01069662,-0.02488934
2.08922553062439,0.1167733,0.003356874,-0.02448501
2.09938383102417,0.1109329,0.01051657,-0.02337998
2.11002349853516,0.1058869,0.008381344,-0.02228503
2.11967349052429,0.100446,0.008322042,-0.02136744
2.12927508354187,0.08594751,0.01562791,-0.01842297
2.13937377929688,0.07686301,0.01813448,-0.01752634
2.15018177032471,0.08093395,0.01757078,-0.01850555
2.15918684005737,0.08537295,-0.004304749,-0.02070494
2.16998696327209,0.07651857,-0.004818988,-0.02030545
2.17931890487671,0.07287101,-0.00254234,-0.01938459
2.18931198120117,0.07783417,-0.009987565,-0.01702634
2.19953203201294,0.07333692,-0.01278813,-0.01602136
2.20915937423706,0.06012112,-0.005283033,-0.0123864
2.21934342384338,0.05766069,-0.006618619,-0.01203879
2.22951674461365,0.05970194,-0.001359924,-0.01165168
2.23955345153809,0.06256016,0.009138272,-0.01010233
2.24920320510864,0.06596923,0.02939451,-0.009686376
2.25958824157715,0.07675161,0.03875276,-0.00989347
2.2697811126709,0.08370552,0.03489038,-0.01071671
2.27947783470154,0.0931851,0.02265019,-0.01229109
2.2897675037384,0.100831,0.005689783,-0.01353369
2.29924058914185,0.09627125,0.01928778,-0.01311389
2.30936670303345,0.09281045,0.03361582,-0.0107857
2.31950783729553,0.09606837,0.04418816,-0.009295926
2.32937502861023,0.09514921,0.04192857,-0.008199066
2.33936381340027,0.09627983,0.04172206,-0.009190544
2.35011672973633,0.09251256,0.03995231,-0.009074314
2.36012697219849,0.09639481,0.02932849,-0.008765834
2.36931419372559,0.09674567,0.02282618,-0.008303234
2.37945532798767,0.1004296,0.01435758,-0.006786398
2.38955330848694,0.09154332,0.01655122,-0.006808072
2.39932918548584,0.08993743,0.01839734,-0.0062873
2.40985155105591,0.08429439,0.002643323,-0.00601744
2.41960191726685,0.08938939,0.0194245,-0.00637027
2.4295129776001,0.08377719,0.02840455,-0.005281107
2.440673828125,0.08738805,0.02832891,-0.004569639
2.44918417930603,0.08818515,0.0200906,-0.003931162
2.45936155319214,0.08342636,0.02252653,-0.00263239
2.47006344795227,0.07598709,0.02311385,-0.0009265812
2.47930812835693,0.07338138,0.02277852,-0.0006437906
2.48966860771179,0.06690128,0.02513179,-0.0003705661
2.49982213973999,0.06604627,0.001890078,-0.0009181484
2.50927734375,0.06723893,-0.02170856,0.0005134181
2.51950716972351,0.07820424,-0.02686619,4.837913e-05
2.52956581115723,0.07532419,-0.02655969,-0.001260827
2.53925824165344,0.08192698,-0.0401151,-0.00293971
2.54925346374512,0.08309203,-0.05732751,-0.003947205
2.5595326423645,0.09781468,-0.04541136,-0.003638709
2.56965374946594,0.09628514,-0.03828698,-0.001975891
2.57924675941467,0.09441231,-0.03155911,-0.001201745
2.58963966369629,0.09215169,-0.03384802,-9.06853e-05
2.59926986694336,0.08952974,-0.0198781,0.001148616
2.60945272445679,0.08859684,-0.01703165,0.002019983
2.62009263038635,0.08927356,-0.009879435,0.002531364
2.62932753562927,0.08679762,-0.01487363,0.001909521
2.63990139961243,0.09742108,-0.01943513,0.002805295
2.64959979057312,0.09381408,-0.01319181,0.002771841
2.65927195549011,0.09631223,-0.003348853,0.002576266
2.66949987411499,0.1154577,0.002954217,-0.0007083718
2.67971658706665,0.1184944,-0.0002881764,-0.001624865
2.68982148170471,0.1229421,-0.002200436,-0.0002987824
2.69939541816711,0.1094811,-0.001924499,0.001336251
2.70946192741394,0.1175968,-0.011976,0.0001611807
2.71930360794067,0.1137024,-0.02542426,-0.0007003392
2.72985672950745,0.1136124,-0.05558806,-0.002685621
2.73951292037964,0.1135684,-0.07681227,-0.003997648
2.7491762638092,0.1116256,-0.1010222,-0.005058386
2.75925207138062,0.1101507,-0.1264448,-0.004264312
2.76940679550171,0.1056073,-0.1257895,-0.00390618
2.77961778640747,0.09780419,-0.1213408,-0.002235516
2.78929376602173,0.1004248,-0.1226675,-0.001281707
2.79947113990784,0.09206085,-0.1218831,-0.0001864405
2.80924463272095,0.08953102,-0.1293752,0.0001040639
2.81942987442017,0.10406,-0.1112708,0.0008625941
2.82964277267456,0.1003544,-0.1049542,0.001887858
2.83925628662109,0.1040453,-0.1032568,0.002923634
2.84944653511047,0.09755945,-0.1022902,0.003199802
2.85951542854309,0.09186761,-0.09680415,0.003398274
2.8697555065155,0.09375446,-0.1005051,0.002267787
2.87937474250793,0.09569213,-0.1109733,0.0008735355
2.89006996154785,0.1057805,-0.1228285,-0.0006864052
2.89965724945068,0.1123142,-0.1305788,-0.001396335
2.90986371040344,0.1149818,-0.1447568,-0.001316513
2.91945672035217,0.1127585,-0.1454491,-0.001031695
2.92961239814758,0.1083398,-0.1318713,-0.0004182344
2.93929362297058,0.1044386,-0.12949,0.001176479
2.94992852210999,0.1017233,-0.1232849,0.002361302
2.95931839942932,0.1054325,-0.1225563,0.004630194
2.96956348419189,0.1039518,-0.1121076,0.004323118
2.9796347618103,0.1020474,-0.1051252,0.005504724
2.98923063278198,0.1074843,-0.09999982,0.005517308
2.99932217597961,0.1053196,-0.09934557,0.005481797
3.00993943214417,0.1001984,-0.08416394,0.00658985
3.01970362663269,0.0981723,-0.06975134,0.006799266
3.02976822853088,0.09934663,-0.0658446,0.007466206
3.03942227363586,0.09960944,-0.06016137,0.007070466
3.04958653450012,0.09610008,-0.05137146,0.007092986
3.05962467193604,0.1031184,-0.04378032,0.007570608
3.06930136680603,0.1078047,-0.04097366,0.007118005
3.07943272590637,0.1090732,-0.03965133,0.007064431
3.08952236175537,0.1197169,-0.05205732,0.006929344
3.09975242614746,0.1363218,-0.04021628,0.005380406
3.10937547683716,0.1451369,-0.04534499,0.003567792
3.11949753761292,0.1487004,-0.05317673,0.001356578
3.13024663925171,0.1556251,-0.06104098,-0.0006862531
3.13977003097534,0.1536414,-0.04955897,0.001351718
3.14951395988464,0.149391,-0.04614622,0.002096121
3.15923070907593,0.1481332,-0.03633374,0.003326947
3.16982078552246,0.145217,-0.02700032,0.004242109
3.17953395843506,0.142878,-0.01817644,0.005879273
3.18967199325562,0.1457896,-0.00833341,0.006229434
3.19982409477234,0.1458879,-0.00602842,0.006621029
3.20943856239319,0.14341,-0.002338662,0.005863669
3.21959733963013,0.1439682,0.0001507953,0.00506765
3.22967910766602,0.1506802,0.01164221,0.006198788
3.23924112319946,0.1597061,0.01080593,0.005651154
3.24940586090088,0.1650828,0.01451815,0.004691042
3.25943398475647,0.1650615,0.01447078,0.006270373
3.26964092254639,0.1620937,0.01015408,0.006112417
3.2792546749115,0.1609683,0.007852793,0.005880922
3.28940773010254,0.1616625,0.007778985,0.006198063
3.29997229576111,0.1671647,0.00659208,0.006203234
3.30965161323547,0.164959,-0.007732082,0.005502152
3.31936812400818,0.1630313,-0.02618588,0.004012221
3.32963371276855,0.1617223,-0.04472781,0.002071298
3.3395881652832,0.1592432,-0.06586197,0.001042479
3.34924483299255,0.154217,-0.06892954,0.001544695
3.35934400558472,0.1462561,-0.07407904,0.002518987
3.36953854560852,0.1381857,-0.07767166,0.003100204
3.37970447540283,0.1343047,-0.07666958,0.00359555
3.38932251930237,0.1375549,-0.07113618,0.0044694
3.40003442764282,0.1297263,-0.06027529,0.00584816
3.40975069999695,0.1229777,-0.04948721,0.007722114
3.41975164413452,0.119681,-0.03915852,0.007701267
3.42997550964355,0.1155738,-0.0288319,0.008606235
3.43958449363708,0.1137751,-0.01877343,0.009197837
3.4492347240448,0.1107869,-0.009931756,0.01046523
3.45932292938232,0.1212586,0.001702761,0.01007996
3.46944808959961,0.1149126,0.00228644,0.01014248
3.47979068756104,0.1102408,0.003246063,0.01061109
3.48989200592041,0.1075967,0.0005695563,0.009552556
3.49946260452271,0.1033576,0.009667129,0.009833816
3.50958204269409,0.1162944,0.03394158,0.009091264
3.51989531517029,0.1162242,0.0482135,0.01088833
3.52956008911133,0.1192044,0.05723004,0.01065978
3.53970623016357,0.1277646,0.07132888,0.01145962
3.54988360404968,0.1235725,0.07819741,0.01255447
3.5599102973938,0.1278098,0.0824848,0.01309802
3.56972002983093,0.126955,0.08738715,0.01435938
3.57917952537537,0.1272289,0.08998924,0.01368223
3.58936500549316,0.1255528,0.08709825,0.01320296
3.60016226768494,0.126285,0.08883111,0.01398495
3.6096613407135,0.1166413,0.08130009,0.01436794
3.61920619010925,0.1191589,0.08664836,0.01292462
3.62940406799316,0.111901,0.08414675,0.01271839
3.63942170143127,0.1188814,0.07783328,0.01184023
3.6495304107666,0.1230245,0.07481471,0.01249839
3.65929007530212,0.1143116,0.06665306,0.0133594
3.66934370994568,0.1209714,0.06363147,0.01270336
3.67964887619019,0.1147007,0.04669258,0.01278191
3.68932819366455,0.1086569,0.03212601,0.0119665
3.69960498809814,0.1123673,0.03134202,0.0118706
3.70940113067627,0.1099119,0.01672397,0.01173134
3.71952867507935,0.1113334,0.01319655,0.01105254
3.72966289520264,0.105898,-0.003230577,0.01162613
3.73933577537537,0.1026055,-0.01799558,0.01171878
3.74950242042542,0.1043701,-0.04313518,0.01217416
3.75960612297058,0.1007441,-0.06612217,0.01194677
3.77010822296143,0.09732148,-0.07840595,0.01354911
3.77939653396606,0.1110576,-0.07209247,0.01278693
3.78944563865662,0.1131271,-0.0765553,0.01368305
3.79961466789246,0.1124105,-0.0806534,0.01380141
3.80921983718872,0.1103657,-0.08948086,0.01495904
3.81939768791199,0.1136358,-0.0876321,0.01498233
3.82950019836426,0.1184978,-0.08924188,0.01452227
3.8396589756012,0.1305588,-0.08083112,0.01475487
3.84972214698792,0.1250562,-0.08523182,0.01484725
3.85939407348633,0.122333,-0.08596079,0.01546437
3.86958742141724,0.1289019,-0.07854117,0.01463705
3.87919640541077,0.1301587,-0.07635415,0.01459052
3.88933825492859,0.1382826,-0.07061944,0.01282303
3.90012454986572,0.1368212,-0.07362917,0.01216337
3.90957260131836,0.1351633,-0.08063465,0.01143764
3.91935515403748,0.1279867,-0.08248936,0.01154506
3.92946791648865,0.1211183,-0.0778672,0.01245651
3.93929100036621,0.1163632,-0.07871476,0.01228943
3.94951796531677,0.1166483,-0.0653836,0.01160046
3.95961236953735,0.113115,-0.05895672,0.01188712
3.96944141387939,0.1139448,-0.05187823,0.01211189
3.97922492027283,0.109552,-0.05149631,0.01173348
3.98939061164856,0.0979711,-0.06097665,0.01090235
3.99921870231628,0.08733208,-0.06527138,0.01068535
4.00971031188965,0.08598678,-0.0625255,0.01101605
4.0199453830719,0.08339464,-0.05838388,0.01042517
4.03011226654053,0.07374883,-0.06239444,0.009782916
4.03977203369141,0.06539542,-0.07058409,0.009264044
4.04948782920837,0.05995943,-0.07240293,0.009294017
4.05972456932068,0.06493511,-0.07241945,0.008647281
4.06925201416016,0.06260747,-0.07553215,0.00876584
4.07938480377197,0.05906738,-0.07936656,0.008480078
4.08956861495972,0.07076211,-0.07933979,0.007523622
4.09944033622742,0.07105189,-0.08015059,0.006874053
4.10985159873962,0.07468848,-0.0971159,0.007079621
4.11958527565002,0.08038303,-0.1002079,0.005743981
4.12989926338196,0.0824009,-0.1106124,0.005152297
4.140061378479,0.08595505,-0.1161335,0.005528647
4.14943981170654,0.09239601,-0.1201437,0.004963726
4.15944600105286,0.09288931,-0.1144868,0.005374863
4.16948914527893,0.0957741,-0.1084001,0.004822559
4.17967700958252,0.1032271,-0.09860589,0.005226604
4.18979692459106,0.1108765,-0.09187885,0.005692568
4.19964957237244,0.1162192,-0.08520608,0.005131987
4.20921659469604,0.1159527,-0.08326006,0.004965914
4.21994352340698,0.1185151,-0.09142785,0.004092462
4.22956538200378,0.1179379,-0.09461203,0.003836224
4.23933458328247,0.11616,-0.08920544,0.004873842
4.24991583824158,0.1095641,-0.07912044,0.006668235
4.25954365730286,0.1115869,-0.07006969,0.005973001
4.26918053627014,0.112044,-0.06477611,0.006060211
4.27973341941833,0.113686,-0.05394911,0.005054462
4.28937554359436,0.1105041,-0.05150603,0.004917319
4.29957628250122,0.1049071,-0.0478266,0.004726466
4.3096330165863,0.1078092,-0.03969209,0.004436466
4.31923651695251,0.1064299,-0.03359077,0.003541839
4.32944083213806,0.1030172,-0.02642514,0.002973152
4.33929848670959,0.1124466,-0.01652524,0.001785257
4.3493115901947,0.1064099,-0.009221483,0.00158503
4.35993409156799,0.1015404,-0.01098754,0.002275764
4.36972069740295,0.09813713,-0.005401754,0.00226699
4.37987613677979,0.09609078,-0.00997079,0.001367268
4.38942241668701,0.09401122,-0.01678917,0.000236002
4.39960670471191,0.09728565,-0.01238695,-0.0008659163
4.40947794914246,0.1001563,-0.01069355,-0.001785738
4.41945767402649,0.1099076,-0.002606261,-0.002733602
4.42992568016052,0.1116478,-0.008310187,-0.004157941
4.43942308425903,0.1200017,-0.01939691,-0.00592709
4.44959592819214,0.1291254,-0.02508847,-0.007468294
4.4592559337616,0.1350729,-0.0300707,-0.007537144
4.46932625770569,0.1377796,-0.03019623,-0.007192743
4.47939610481262,0.137357,-0.03307608,-0.006495719
4.48994016647339,0.1440259,-0.03075426,-0.005219209
4.49938678741455,0.1445511,-0.03114472,-0.005013694
4.50949168205261,0.1426795,-0.02716948,-0.004554928
4.51957106590271,0.1455386,-0.02576167,-0.004857975
4.53024578094482,0.1421487,-0.02831824,-0.00506433
4.53992605209351,0.1377196,-0.02661023,-0.004838491
4.54947543144226,0.1343774,-0.02439996,-0.004267256
4.55939245223999,0.1294696,-0.01484347,-0.001905476
4.5696063041687,0.1242092,-0.006310772,-0.001245543
4.57958436012268,0.1250468,0.009968527,3.481989e-05
4.5892448425293,0.125689,0.02338284,0.0001479367
4.59964108467102,0.1315878,0.0343285,-0.0007597417
4.6093430519104,0.1287674,0.03456467,-0.002146255
4.61957311630249,0.1216777,0.03275664,-0.003147716
4.62960958480835,0.1199297,0.03242047,-0.003439152
4.63963270187378,0.1149709,0.03406602,-0.004236116
4.6492612361908,0.1082918,0.03627071,-0.00463924
4.65983963012695,0.1023117,0.04060326,-0.003620734
4.6694929599762,0.09629984,0.04469806,-0.003819004
4.67978858947754,0.09341717,0.04154734,-0.004179257
4.68927240371704,0.09256759,0.04313215,-0.004470816
4.69942855834961,0.09104147,0.04803191,-0.004104397
4.70957016944885,0.0977037,0.04539064,-0.005527806
4.71969151496887,0.09296751,0.04459243,-0.005635307
4.72933793067932,0.09135806,0.03839666,-0.007090462
4.73977041244507,0.0870436,0.03005631,-0.006292206
4.74949288368225,0.08278768,0.0267313,-0.006368718
4.76005792617798,0.08416693,0.01360884,-0.007647062
4.76926732063293,0.0908366,0.01180975,-0.006854865
4.77992153167725,0.09313601,0.009078789,-0.007632233
4.78996753692627,0.1022253,0.001776892,-0.009744474
4.79958033561707,0.1032752,-0.008164979,-0.01012409
4.8092577457428,0.1042563,-0.02806582,-0.01093067
4.81944537162781,0.1049839,-0.03634866,-0.0114152
4.82957339286804,0.104438,-0.04184723,-0.01179374
4.83920502662659,0.1104305,-0.05527977,-0.01206476
4.84970045089722,0.1084857,-0.06430761,-0.01217149
4.85982990264893,0.1105918,-0.07118046,-0.01259894
4.86956810951233,0.1107296,-0.07704028,-0.01275116
4.87965273857117,0.1127537,-0.07620429,-0.01278603
4.88934397697449,0.1125087,-0.07203624,-0.01259265
4.89933681488037,0.1167617,-0.06128151,-0.01310137
4.90948581695557,0.1170374,-0.05027063,-0.01308671
4.91924715042114,0.1218919,-0.02911508,-0.01280103
4.9299156665802,0.1146465,-0.0218399,-0.01313488
4.93938231468201,0.120042,-0.00981035,-0.01275771
4.94997549057007,0.1140246,-0.00793967,-0.01335426
4.95958995819092,0.1055589,-0.0139024,-0.01418339
4.96974039077759,0.09797977,-0.0182556,-0.01386012
4.97965145111084,0.0930008,-0.0168125,-0.01394813
4.98926568031311,0.08634195,-0.0166596,-0.01301055
4.9994056224823,0.07954001,-0.0180831,-0.01301693
5.00958514213562,0.09043957,-0.01422875,-0.01378303
5.01938343048096,0.09120067,-0.01153767,-0.01433102
5.02973437309265,0.09187641,-0.01062801,-0.014665
5.03972578048706,0.09411411,-0.008037847,-0.01431432
5.0495240688324,0.1024305,-0.005381857,-0.01490931
5.06018161773682,0.1078891,-0.01120984,-0.01520683
5.06941270828247,0.109595,-0.01362083,-0.01471867
5.07931637763977,0.1133979,-0.01565793,-0.01469565
5.0897696018219,0.1270397,-0.01986125,-0.01497897
5.09992170333862,0.1220665,-0.03332108,-0.01542367
5.10959553718567,0.1167414,-0.04858714,-0.01611443
5.11925363540649,0.1123159,-0.05528196,-0.01646255
5.12930250167847,0.1134905,-0.07447205,-0.01684878
5.13945960998535,0.1128721,-0.09608512,-0.01751551
5.14916753768921,0.1074666,-0.09758642,-0.01751642
5.15963268280029,0.113793,-0.1157061,-0.01784408
5.16936802864075,0.1156462,-0.1120441,-0.01700457
5.1796612739563,0.1102204,-0.1123093,-0.01663235
5.18946075439453,0.1087115,-0.1228193,-0.01764177
5.19972014427185,0.1071096,-0.1208901,-0.01842823
5.20928931236267,0.1068645,-0.1181904,-0.01672157
5.21949934959412,0.1085611,-0.1082814,-0.01631187
5.22952151298523,0.1091175,-0.1058523,-0.01515717
5.23979997634888,0.111317,-0.09823444,-0.01429898
5.24925541877747,0.1140718,-0.09148932,-0.01353088
5.25992012023926,0.1169907,-0.08355202,-0.01231079
5.26961588859558,0.112165,-0.08887638,-0.01285585
5.27921557426453,0.1108318,-0.0864381,-0.01347925
5.28930473327637,0.1087283,-0.09013589,-0.01418172
5.30003881454468,0.1035946,-0.08387619,-0.01428412
5.30926179885864,0.09796526,-0.08472501,-0.01417138
5.31931710243225,0.09228465,-0.08002096,-0.01376584
5.32937550544739,0.0880196,-0.0713584,-0.01226079
5.33943939208984,0.08756066,-0.06784131,-0.01199614
5.34964513778687,0.0829033,-0.06706116,-0.01233754
5.3594012260437,0.08542226,-0.07290066,-0.01277867
5.36956381797791,0.08583865,-0.07576431,-0.01305054
5.37919807434082,0.08902698,-0.06921115,-0.01285924
5.38923478126526,0.09081726,-0.06079543,-0.01301047
5.39945554733276,0.09429589,-0.05331809,-0.01272251
5.40958571434021,0.09852678,-0.05513807,-0.01286027
5.41933798789978,0.1036392,-0.04619672,-0.01351622
5.42956185340881,0.1041707,-0.0363505,-0.01331139
5.43922805786133,0.1141232,-0.02482345,-0.01240828
5.4499716758728,0.1146112,-0.02382501,-0.01261098
5.45972537994385,0.1126887,-0.03281492,-0.01294478
5.46926379203796,1.00972,1.596689,-0.5647527
5.47985148429871,0.9908314,1.600974,-0.5543588
5.48957228660583,0.9887323,1.610783,-0.542867
5.49961924552917,0.9723114,1.613311,-0.532664
5.50921058654785,0.9550285,1.624611,-0.5224252
5.5193498134613,0.9024162,1.560945,-0.5080536
5.52999210357666,0.8694852,1.552806,-0.4964212
5.5392529964447,0.7953912,1.455405,-0.479135
5.54938006401062,0.7508939,1.398126,-0.4640411
5.55958104133606,0.7011982,1.341846,-0.4469475
5.56927609443665,0.655923,1.286953,-0.4317836
5.57944273948669,0.6103981,1.226551,-0.4168593
5.58923363685608,0.5618433,1.165147,-0.4014015
5.5992603302002,0.502821,1.101727,-0.3869935
5.60937571525574,0.4650517,1.036899,-0.3726135
5.61929965019226,0.3983439,0.9538363,-0.3588528
5.62927770614624,0.3410019,0.8704142,-0.3458256
5.63943910598755,0.2820459,0.7779481,-0.3329294
5.650146484375,0.2192726,0.6854964,-0.3183485
5.65970897674561,0.1662241,0.6038228,-0.3059557
5.66927433013916,0.110426,0.5198084,-0.2922271
5.67941164970398,0.05383018,0.4192348,-0.2789153
5.6899950504303,0.003792605,0.308496,-0.2677383
5.69988942146301,-0.04495951,0.2212475,-0.258247
5.71017956733704,-0.08640374,0.1395202,-0.2491465
5.72012233734131,-0.128186,0.07596415,-0.2371946
5.72979068756104,-0.1592414,0.0006344554,-0.2249818
5.73928713798523,-0.1911736,-0.05208629,-0.2210457
5.7494056224823,-0.2200205,-0.09670452,-0.210145
5.75920748710632,-0.2365817,-0.1544953,-0.197117
5.76932764053345,-0.2354948,-0.2177305,-0.181788
5.77956056594849,-0.2364946,-0.2820188,-0.1692957
5.78920197486877,-0.2110633,-0.3015053,-0.1549295
5.79928660392761,-0.2039018,-0.3406605,-0.1423092
5.80959749221802,-0.180263,-0.3455288,-0.1294699
5.81954598426819,-0.1780103,-0.3464692,-0.1180697
5.8291871547699,-0.1747807,-0.3321606,-0.1072633
5.83929181098938,-0.1594135,-0.2962716,-0.09680014
5.84943842887878,-0.157143,-0.2757769,-0.08621625
5.85953378677368,-0.1383633,-0.2561444,-0.07424209
5.86916637420654,-0.1275088,-0.2489414,-0.06186608
5.8794801235199,-0.1328423,-0.2226572,-0.04986521
5.88907837867737,-0.1311825,-0.2096475,-0.03687919
5.89950370788574,-0.127804,-0.2127925,-0.02583656
5.91016316413879,-0.1282244,-0.2267495,-0.01621626
5.9193263053894,-0.1359332,-0.2419458,-0.006278191
5.92942094802856,-0.1471994,-0.2489466,0.003928146
5.93922305107117,-0.1600194,-0.2562762,0.01471037
5.94920659065247,-0.1711907,-0.2757728,0.02470524
5.95931053161621,-0.1850795,-0.2959523,0.03416682
5.96928858757019,-0.1989104,-0.303776,0.04514477
5.97929573059082,-0.2156557,-0.3234614,0.05562549
5.98935079574585,-0.2247778,-0.3408818,0.06354899
5.99965381622314,-0.2365272,-0.3678276,0.07289427
6.00922584533691,-0.2473917,-0.3770317,0.08341522
6.01919770240784,-0.2506832,-0.3940538,0.09326296
6.02944564819336,-0.2575966,-0.4057408,0.1032777
6.03949284553528,-0.257791,-0.4224032,0.111592
6.04914474487305,-0.256523,-0.4367621,0.1195813
6.05925273895264,-0.2459636,-0.4492215,0.1277334
6.06992244720459,-0.2395648,-0.451635,0.1376411
6.07981061935425,-0.230126,-0.4494603,0.1460451
6.08926558494568,-0.2258079,-0.4358129,0.1546831
6.09949040412903,-0.2182809,-0.4324102,0.163037
6.11004710197449,-0.1983431,-0.4165854,0.1725303
6.11926198005676,-0.18493,-0.4056798,0.1810314
6.12949824333191,-0.1725508,-0.3953787,0.1903587
6.13961386680603,-0.1489671,-0.3712964,0.1991522
6.14924621582031,-0.1373106,-0.357044,0.2075362
6.15970039367676,-0.1208599,-0.3442604,0.2161947
6.16934037208557,-0.1082942,-0.3300157,0.2248983
6.17945885658264,-0.100582,-0.3195226,0.2329742
6.18947672843933,-0.0986032,-0.3060373,0.2414043
6.19966602325439,-0.09416966,-0.2970098,0.2493594
6.21019101142883,-0.08699524,-0.2937788,0.2572189
6.21945595741272,-0.08880259,-0.2784295,0.2640659
6.22916960716248,-0.09229334,-0.2711526,0.2713312
6.23925542831421,-0.09380806,-0.261446,0.2795628
6.24913239479065,-0.09507202,-0.2623944,0.2872137
6.25945353507996,-0.09206206,-0.261175,0.2957609
6.26951098442078,-0.09337422,-0.2643216,0.303887
6.27917051315308,-0.09254123,-0.2631977,0.3122144
6.28930807113647,-0.1024728,-0.2656271,0.3206037
6.29993844032288,-0.1002065,-0.2620775,0.3282634
6.31013250350952,-0.1001177,-0.26358,0.3354687
6.31914758682251,-0.1055374,-0.2686448,0.3436871
6.32935261726379,-0.1045939,-0.269611,0.3508787
6.34006237983704,-0.09845565,-0.2645878,0.3576462
6.34919738769531,-0.09245785,-0.2642817,0.364869
6.35973882675171,-0.08437827,-0.2641551,0.371698
6.36941981315613,-0.08114658,-0.2633958,0.3788917
6.38005304336548,-0.07696036,-0.2575687,0.3857885
6.38925290107727,-0.06504171,-0.2457202,0.3936615
6.3994767665863,-0.05304297,-0.2370924,0.4007283
6.40918564796448,-0.04448914,-0.230625,0.4081548
6.41957998275757,-0.03746174,-0.2242144,0.4149833
6.42930817604065,-0.03597031,-0.2207749,0.4206213
6.43939471244812,-0.02947414,-0.2117584,0.4259082
6.44912457466125,-0.02296635,-0.2011,0.4318967
6.45922350883484,-0.01474528,-0.1925856,0.4362742
6.4692747592926,-0.0038512,-0.1825371,0.4422056
6.47947382926941,0.007492765,-0.1661111,0.4495784
6.48957109451294,0.01570904,-0.1502688,0.4574054
6.49929404258728,0.02007421,-0.13709,0.4643193
6.50944924354553,0.02511113,-0.118703,0.4721182
6.51926350593567,0.02780594,-0.1086631,0.4786691
6.5296847820282,0.02553589,-0.1015918,0.484983
6.53954362869263,0.02345557,-0.08743994,0.4915089
6.54920792579651,0.02043632,-0.08417325,0.4981697
6.5593695640564,0.01665094,-0.08074679,0.5040021
6.56950163841248,0.02397802,-0.07106189,0.5100358
6.5797815322876,0.02164395,-0.06611793,0.5161031
6.59000372886658,0.02436644,-0.05609603,0.5232691
6.59964489936829,0.02453726,-0.05532585,0.5298009
6.60998678207397,0.02394262,-0.05444559,0.5356627
6.61974835395813,0.02918673,-0.04477856,0.5418568
6.62985038757324,0.03567141,-0.03805333,0.5478899
6.63953900337219,0.03722018,-0.03375381,0.5547898
6.64923930168152,0.05168808,-0.02796759,0.5606142
6.6598334312439,0.05472127,-0.03405438,0.5626277
6.66958785057068,0.06012332,-0.0290741,0.5676492
6.67957448959351,0.07388369,-0.0220599,0.5728437
6.68964576721191,0.08711932,-0.009865069,0.5793027
6.69920945167542,0.1010772,0.001735199,0.5855076
6.70916533470154,0.1091228,0.007638804,0.5914108
6.7195873260498,0.121692,0.01309534,0.5965504
6.72919178009033,0.137913,0.02151246,0.6005793
6.73939442634583,0.154967,0.03114663,0.6051671
6.74925708770752,0.1625428,0.03412734,0.6101775
6.75937175750732,0.1682746,0.03983466,0.61353
6.76962113380432,0.1666601,0.03397419,0.616603
6.77924799919128,0.1673847,0.03231228,0.6196738
6.78924632072449,0.1818368,0.03618461,0.621571
6.79937148094177,0.1794021,0.03038074,0.6243011
6.81005454063416,0.1815197,0.02495954,0.6271226
6.81993961334229,0.1827693,0.02505556,0.6316648
6.82962703704834,0.1859028,0.02032786,0.6359348
6.83932113647461,0.1767965,0.04011819,0.6449757
6.84949350357056,0.1753561,0.03153377,0.6514995
6.85991477966309,0.1630374,0.02316659,0.6571911
6.86955714225769,0.1528205,0.01842533,0.6629056
6.87917041778564,0.15451,0.02924397,0.6671035
6.88915109634399,0.1477031,0.01260085,0.6720924
6.89970088005066,0.1368044,0.01316892,0.6770408
6.909512758255,0.1333257,0.007001759,0.6783674
6.9196982383728,0.1289615,0.005323576,0.678309
6.9294548034668,0.1321551,0.007208139,0.683052
6.93913245201111,0.1347159,0.01249675,0.6897535
6.94943928718567,0.1338294,0.01388362,0.6944314
6.95949053764343,0.1279995,0.01148498,0.6963282
6.96914601325989,0.1274576,0.002777938,0.6970567
6.9793713092804,0.1279683,-0.007692353,0.6970751
6.99012088775635,0.1290447,-0.01345429,0.6985064
6.99989867210388,0.1240586,-0.01732412,0.7018053
7.00946092605591,0.1220828,-0.02134855,0.7051206
7.01945090293884,0.1293801,-0.02604044,0.7089567
7.02922797203064,0.1330219,-0.03356338,0.7136611
7.03940558433533,0.1325794,-0.03912632,0.7190037
7.0499746799469,0.1347651,-0.04069193,0.7237538
7.05936717987061,0.1307847,-0.04353728,0.7285339
7.06984257698059,0.1308116,-0.04761905,0.7342775
7.07918453216553,0.131277,-0.03939964,0.7392706
7.08924841880798,0.1363557,-0.02312317,0.7438878
7.09934163093567,0.1370441,-0.01515249,0.7477748
7.10938382148743,0.1395291,-0.01272199,0.754472
7.11979484558105,0.1322669,-0.0229684,0.7598824
7.12951278686523,0.1331961,-0.03121859,0.7630376
7.13921332359314,0.133975,-0.02571677,0.7675076
7.14935874938965,0.1260145,-0.02961766,0.7723625
7.15924739837646,0.1205048,-0.04071732,0.7744998
7.16938447952271,0.1152583,-0.04442197,0.7741991
7.1796727180481,0.1107454,-0.04848553,0.7759553
7.18916964530945,0.1016882,-0.05046476,0.7777227
7.1992506980896,0.1000966,-0.05264065,0.7803402
7.20951247215271,0.1030447,-0.04615951,0.7833035
7.22011613845825,0.1000884,-0.04144777,0.7886369
7.23007225990295,0.1008841,-0.05594879,0.792349
7.23936605453491,0.09674429,-0.07457517,0.795239
7.24909782409668,0.09616283,-0.09496929,0.7988743
7.2592077255249,0.09501534,-0.1149672,0.8030804
7.26933622360229,0.09832446,-0.1310079,0.8074633
7.27951264381409,0.0993184,-0.1364526,0.8109211
7.28950428962708,0.09877584,-0.1365728,0.815063
7.30019450187683,0.1008764,-0.1482522,0.8179483
7.30928540229797,0.09972097,-0.1600277,0.8227643
7.31997442245483,0.09604231,-0.1597633,0.8246419
7.3296217918396,0.09559019,-0.1601329,0.8269197
7.33914947509766,0.09977885,-0.1658353,0.8308727
7.34978532791138,0.1055187,-0.1616214,0.8334191
7.35943174362183,0.1077239,-0.1614669,0.8373982
7.36928844451904,0.1038646,-0.1688506,0.8418328
7.37973380088806,0.1032256,-0.1699371,0.8450644
7.3893187046051,0.09967708,-0.1643872,0.8495712
7.39932465553284,0.08870095,-0.1651712,0.852525
7.41004705429077,0.08542912,-0.1646175,0.8543757
7.41968083381653,0.07692767,-0.1535212,0.8591027
7.42915678024292,0.07060701,-0.1548106,0.8616499
7.43964624404907,0.06297154,-0.1597204,0.8643202
7.44919991493225,0.0565513,-0.1613993,0.8674201
7.45932674407959,0.04613594,-0.1692309,0.8709964
7.46943998336792,0.04145152,-0.1752001,0.8744434
7.47970151901245,0.04004233,-0.1752029,0.8782907
7.48969268798828,0.03920018,-0.1854174,0.8816791
7.49950218200684,0.0416789,-0.1915603,0.8854104
7.50955510139465,0.03524636,-0.1927917,0.8880286
7.51930284500122,0.0257856,-0.180604,0.8886504
7.52955770492554,0.01877199,-0.1622285,0.8895774
7.53965878486633,0.005691776,-0.1548706,0.8903309
7.54981851577759,-0.0002650563,-0.1483309,0.8916131
7.55950403213501,-0.01247464,-0.1401954,0.8930417
7.56934714317322,-0.01654909,-0.1263288,0.8948903
7.57927656173706,-0.02249215,-0.1235756,0.896903
7.58923959732056,-0.03269361,-0.1212017,0.8988799
7.59960794448853,-0.03684519,-0.1151404,0.9006644
7.61016273498535,-0.04132516,-0.1111721,0.9024857
7.61925148963928,-0.04548281,-0.1268132,0.9058158
7.62944507598877,-0.0451618,-0.1443017,0.9079232
7.63931155204773,-0.04853839,-0.155254,0.9106447
7.64955115318298,-0.04877024,-0.1520108,0.912622
7.65961003303528,-0.04965815,-0.1274437,0.9186243
7.66933560371399,-0.05000044,-0.1083629,0.9216917
7.67951679229736,-0.05214878,-0.09843846,0.9240668
7.68949913978577,-0.0645968,-0.09782922,0.9265977
7.69969367980957,-0.06468631,-0.08808754,0.9281512
7.70936322212219,-0.06925003,-0.09915432,0.928392
7.71957659721375,-0.06692323,-0.1104648,0.9279826
7.72980666160583,-0.06579412,-0.130867,0.9283102
7.73983073234558,-0.06906784,-0.1402711,0.9295294
7.7494478225708,-0.06988729,-0.1407445,0.9316742
7.75961542129517,-0.07650723,-0.1464013,0.9357679
7.76939868927002,-0.08077653,-0.1508428,0.9391037
7.77983498573303,-0.08474948,-0.1510786,0.9416572
7.7892963886261,-0.09358865,-0.1412346,0.9456077
7.79960513114929,-0.09529326,-0.1368868,0.9471409
7.80919551849365,-0.09212925,-0.1358279,0.9489419
7.81937623023987,-0.08675372,-0.1466051,0.9498456
7.82961225509644,-0.07704932,-0.1461934,0.9516219
7.8392448425293,-0.0665077,-0.1407519,0.9531738
7.8493926525116,-0.08098621,-0.1533769,0.9555613
7.85951447486877,-0.09559923,-0.1651944,0.957634
7.86913895606995,-0.09692866,-0.16236,0.9597546
7.87922215461731,-0.0933358,-0.1526218,0.9614279
7.88940095901489,-0.1030434,-0.1648413,0.9631057
7.89954543113708,-0.1030113,-0.1724012,0.9639718
7.90964603424072,-0.09886612,-0.1855143,0.9644738
7.91921067237854,-0.08952913,-0.2012706,0.9663926
7.92920088768005,-0.07984659,-0.2073473,0.9670931
7.93926191329956,-0.08701658,-0.2182885,0.96934
7.94939947128296,-0.08988279,-0.222893,0.9710749
7.95952200889587,-0.09714127,-0.2271328,0.9730222
7.96927261352539,-0.1078847,-0.2219075,0.9743797
7.97928285598755,-0.1151888,-0.2127416,0.9756317
7.98957014083862,-0.1281948,-0.1988034,0.9773138
8.00026822090149,-0.1263171,-0.2037364,0.9780529
8.0099983215332,-0.1306836,-0.2241094,0.9794848
8.01966524124146,-0.1329554,-0.2205957,0.9807849
8.02935814857483,-0.1341473,-0.2117665,0.982037
8.03954267501831,-0.1472356,-0.1739188,0.9840563
8.04933667182922,-0.1507982,-0.1582293,0.9851961
8.05962538719177,-0.155365,-0.1511261,0.9860592
8.06919455528259,-0.1575017,-0.1432895,0.9875869
8.0798499584198,-0.1537296,-0.137942,0.9884077
8.08956742286682,-0.1588832,-0.1364112,0.9899213
8.0991735458374,-0.1578664,-0.1405559,0.9916261
8.10944485664368,-0.1467793,-0.136568,0.9922998
8.11960315704346,-0.1354035,-0.1483936,0.9934177
8.12983512878418,-0.1225196,-0.1567958,0.9942963
8.13934659957886,-0.1065308,-0.1637149,0.996751
8.14941740036011,-0.09615479,-0.1614397,0.9968533
8.15922880172729,-0.09679236,-0.1535846,0.9972526
8.16916346549988,-0.09433581,-0.1432633,0.9979252
8.17940950393677,-0.09676442,-0.1493115,0.9981389
8.18924069404602,-0.104508,-0.1406973,0.9996646
8.19932317733765,-0.1045442,-0.1228603,0.9999409
8.21007943153381,-0.1036599,-0.1052172,0.9997322
8.22027111053467,-0.1142828,-0.09847066,1.000584
8.22942447662354,-0.1164774,-0.08948448,1.002011
8.23920702934265,-0.1221579,-0.07314608,1.003086
8.24939560890198,-0.1209367,-0.07109553,1.004248
8.25916576385498,-0.1153867,-0.08104932,1.005545
8.26916766166687,-0.1107591,-0.09081689,1.007159
8.27991580963135,-0.1076485,-0.08613515,1.007754
8.28946399688721,-0.1146572,-0.0813981,1.009594
8.29963445663452,-0.1156992,-0.08175428,1.010406
8.30924582481384,-0.1147944,-0.08017673,1.011727
8.31946301460266,-0.1074227,-0.08066226,1.012516
8.32912755012512,-0.09758645,-0.08923186,1.014103
8.33920836448669,-0.08862083,-0.1179174,1.015671
8.3493344783783,-0.08233477,-0.1258488,1.016941
8.36009764671326,-0.0715785,-0.1464649,1.017962
8.36916661262512,-0.06104136,-0.1758523,1.020235
8.37991952896118,-0.04994173,-0.2002826,1.020819
8.38935422897339,-0.04273628,-0.215883,1.022846
8.39931273460388,-0.03552426,-0.2161241,1.023516
8.40970635414124,-0.03160882,-0.2256116,1.023912
8.41946029663086,-0.01470065,-0.23677,1.024879
8.42997908592224,0.003583737,-0.2419563,1.024428
8.43955874443054,0.005036516,-0.2454237,1.025972
8.44916939735413,0.0169899,-0.2436584,1.026716
8.45932507514954,0.0171935,-0.2290491,1.027025
8.46947026252747,0.01570643,-0.2144977,1.027614
8.4792799949646,0.00916825,-0.2002193,1.02867
8.48930954933167,0.0004497208,-0.1784494,1.029139
8.49997067451477,0.005512645,-0.1686443,1.028534
8.50958585739136,0.005257328,-0.1699775,1.02917
8.51933336257935,0.001591966,-0.1660547,1.03033
8.52987051010132,0.002664696,-0.1640421,1.031497
8.53946089744568,0.002596956,-0.1827875,1.032534
8.54914712905884,0.003891216,-0.1832732,1.033297
8.55932378768921,0.002119025,-0.1926977,1.034207
8.56940340995789,-0.004095001,-0.1943781,1.035784
8.57957077026367,-0.0004135985,-0.1913876,1.036567
8.58921885490417,-0.006719296,-0.1908774,1.039032
8.59923267364502,-0.005823036,-0.1945542,1.040676
8.60933709144592,-0.007131957,-0.1895287,1.042191
8.61949968338013,0.001958343,-0.1728301,1.042427
8.62972736358643,0.006193418,-0.1633013,1.043161
8.63929104804993,-0.0003741765,-0.1621513,1.0453
8.64919281005859,-0.001861961,-0.1563115,1.046561
8.65981769561768,-0.01045633,-0.1346302,1.047206
8.66943979263306,-0.01274699,-0.1302774,1.048584
8.68013262748718,-0.01586604,-0.128901,1.049278
8.68914294242859,-0.02039923,-0.1209168,1.051656
8.69922852516174,-0.01907208,-0.1037001,1.052091
8.709223985672,-0.01810902,-0.08974821,1.052955
8.71946406364441,-0.02191291,-0.07438599,1.054556
8.72959041595459,-0.01723395,-0.05969399,1.056057
8.73913955688477,-0.02278559,-0.05913471,1.056812
8.74927806854248,-0.01864656,-0.05952596,1.056434
8.75920844078064,-0.01480724,-0.07407752,1.056003
8.7691707611084,-0.01382703,-0.0901939,1.056287
8.77983593940735,-0.0143099,-0.09156558,1.055942
8.78948211669922,-0.02049458,-0.1179413,1.056442
8.79921817779541,-0.02409505,-0.1289474,1.057026
8.80944037437439,-0.03373624,-0.1235906,1.056115
8.8196325302124,-0.03172424,-0.1184321,1.055395
8.82953834533691,-0.03804006,-0.1178708,1.056401
8.83926773071289,-0.04262123,-0.1340661,1.057255
8.8494119644165,-0.04184877,-0.1439576,1.057594
8.85918951034546,-0.04073224,-0.1498588,1.058458
8.87005734443665,-0.04471129,-0.1438245,1.058324
8.8792781829834,-0.04201414,-0.142064,1.058786
8.88928151130676,-0.05074818,-0.1407145,1.058453
8.9001612663269,-0.04942757,-0.1391901,1.057793
8.90909838676453,-0.05157788,-0.1473322,1.059068
8.91916513442993,-0.06819224,-0.1689154,1.060411
8.92949485778809,-0.07176175,-0.1766468,1.060597
8.93925547599792,-0.08098779,-0.1735217,1.061152
8.94910717010498,-0.07927039,-0.1699057,1.06152
8.95934891700745,-0.08082263,-0.1666668,1.061443
8.96953153610229,-0.08274626,-0.16519,1.061616
8.9792652130127,-0.08718838,-0.1673044,1.063089
8.98982000350952,-0.08396029,-0.1725073,1.06327
8.99952602386475,-0.08564636,-0.1750296,1.064526
9.00911974906921,-0.09006761,-0.1701986,1.065012
9.0193784236908,-0.1024513,-0.1674017,1.065859
9.02920770645142,-0.1072167,-0.1643849,1.066645
9.03935432434082,-0.1075968,-0.1663464,1.066928
9.0492217540741,-0.1162923,-0.1664647,1.06844
9.05930137634277,-0.1213197,-0.1846873,1.069607
9.06923246383667,-0.1243909,-0.2159152,1.071174
9.07913184165955,-0.1186878,-0.2241117,1.072018
9.08985304832458,-0.1170743,-0.2361734,1.072531
9.09956336021423,-0.1195571,-0.2631508,1.07472
9.1096134185791,-0.1214558,-0.2846356,1.075799
9.11942291259766,-0.1254577,-0.2911995,1.076437
9.1297390460968,-0.1292437,-0.2844152,1.076034
9.14004898071289,-0.1226466,-0.2779947,1.074792
9.14930105209351,-0.1123557,-0.2714815,1.074918
9.15957903862,-0.1101343,-0.2773693,1.074584
9.16966605186462,-0.1064024,-0.2813349,1.07424
9.17933750152588,-0.09858586,-0.2709061,1.074367
9.18990087509155,-0.09781009,-0.268008,1.073882
9.20013403892517,-0.09470904,-0.2625173,1.073649
9.20933294296265,-0.09171937,-0.2342846,1.073769
9.21915602684021,-0.106269,-0.204023,1.074339
9.22943878173828,-0.1057469,-0.1984369,1.073992
9.23926138877869,-0.1229035,-0.1989545,1.074004
9.24936246871948,-0.1400661,-0.1984728,1.071504
9.2594952583313,-0.1616152,-0.2199495,1.070156
9.26918816566467,-0.1704128,-0.2303309,1.069392
9.27930760383606,-0.1795778,-0.2316543,1.067858
9.289222240448,-0.1832842,-0.2355545,1.068051
9.29996609687805,-0.1690177,-0.2302883,1.066577
9.30915927886963,-0.165613,-0.2223724,1.066734
9.31929397583008,-0.1596476,-0.202973,1.066514
9.32954144477844,-0.1392183,-0.1801163,1.065388
9.33970928192139,-0.1225296,-0.1404414,1.065466
9.34939622879028,-0.1058228,-0.1134468,1.066271
9.35946393013,-0.06819234,-0.07748199,1.068315
9.36914587020874,-0.04543664,-0.05906959,1.070633
9.37937045097351,-0.02311095,-0.04970291,1.072558
9.39003252983093,-0.008886061,-0.06547194,1.074168
9.39960503578186,0.005421292,-0.06549852,1.075722
9.40923523902893,0.01827042,-0.04890581,1.077193
9.419269323349,0.03042679,-0.01552632,1.076926
9.4299168586731,0.0381088,0.01599689,1.076239
9.44001650810242,0.0285106,0.04400025,1.07532
9.44918441772461,0.03732345,0.05629551,1.074991
9.45931220054626,0.04521815,0.06734011,1.073864
9.46920347213745,0.04914703,0.06782744,1.074901
9.47994899749756,0.06584413,0.06562471,1.073503
9.48920798301697,0.06875362,0.05468003,1.074538
9.49920582771301,0.08520702,0.07107338,1.072647
9.50930833816528,0.1022023,0.0682698,1.071599
9.51948475837708,0.1097865,0.05770781,1.071594
9.52963352203369,0.1063053,0.04578787,1.071436
9.53925728797913,0.1012751,0.03567984,1.072018
9.5498468875885,0.1010391,0.01093866,1.071915
9.56008243560791,0.09277096,-0.0003345739,1.071812
9.56971025466919,0.08365883,-0.002283788,1.071972
9.57920479774475,0.07985869,-0.01465893,1.072069
9.5891592502594,0.07348298,-0.04420248,1.072249
9.59934139251709,0.06910923,-0.05478168,1.071864
9.60937452316284,0.06267269,-0.06689501,1.070891
9.61965227127075,0.05531677,-0.07787979,1.070351
9.62972903251648,0.03702197,-0.09459615,1.070406
9.63990902900696,0.001507255,-0.1165338,1.069121
9.64935350418091,-0.01905798,-0.131402,1.069116
9.65923428535461,-0.0455812,-0.1497009,1.068742
9.6698522567749,-0.05360459,-0.1590772,1.067737
9.67952632904053,-0.05452206,-0.1649246,1.067746
9.68918442726135,-0.08962204,-0.1707178,1.071313
9.69926643371582,-0.111908,-0.1968119,1.072462
9.70915532112122,-0.1235504,-0.2192392,1.072934
9.71925354003906,-0.1330356,-0.2349824,1.073428
9.72947788238525,-0.1329302,-0.2575793,1.074449
9.73997688293457,-0.128547,-0.2769264,1.074355
9.74921751022339,-0.1227113,-0.287541,1.075174
9.75957894325256,-0.1117824,-0.2855746,1.075082
9.76925873756409,-0.1032881,-0.2822149,1.07572
9.77985405921936,-0.08680543,-0.2683637,1.074373
9.79008936882019,-0.05733278,-0.2393393,1.074325
9.79918718338013,-0.03734326,-0.2175573,1.074674
9.80935192108154,-0.01209142,-0.1695995,1.075524
9.8195378780365,0.01086132,-0.1347506,1.075316
9.82916975021362,0.02886668,-0.1209844,1.075799
9.83934020996094,0.0389318,-0.1018858,1.0758
9.84912776947021,0.05423332,-0.08326489,1.076778
9.85947799682617,0.04798971,-0.06324869,1.078319
9.86934971809387,0.04809948,-0.05292198,1.078046
9.87973070144653,0.04731159,-0.0518111,1.07698
9.88921189308167,0.04553228,-0.07603978,1.076711
9.89937686920166,0.05592037,-0.081185,1.076215
9.90950870513916,0.05592658,-0.09157995,1.076303
9.91985678672791,0.05797632,-0.09097409,1.07672
9.92923498153687,0.05871262,-0.09087642,1.078845
9.93937015533447,0.04398026,-0.09712332,1.079538
9.94958233833313,0.03504429,-0.1159278,1.078314
9.95924973487854,0.02307692,-0.1325608,1.077867
9.96930241584778,0.003724486,-0.1402974,1.077799
9.9800877571106,-0.0005055359,-0.1559703,1.076167
9.9895658493042,-0.001918584,-0.1577938,1.076763
9.99969434738159,-0.009007437,-0.1744495,1.076561
10.0091817378998,-0.0139283,-0.1843339,1.077717
10.0195617675781,-0.01215975,-0.1899104,1.077193
10.0292158126831,-0.009434137,-0.1954803,1.077668
10.0393261909485,-0.006037112,-0.1988551,1.07746
10.0491201877594,-0.007231845,-0.2007896,1.078027
10.0595991611481,-0.004569659,-0.1950344,1.077754
10.0692775249481,-0.008767721,-0.196935,1.078141
10.0794584751129,-0.004215801,-0.1941417,1.078311
10.0900752544403,-0.001357544,-0.186916,1.078854
10.0996751785278,0.001945354,-0.1857392,1.080044
10.1093571186066,0.003383825,-0.1793719,1.08037
10.1196966171265,0.007281929,-0.1650704,1.080541
10.129444360733,0.009306311,-0.1657058,1.080993
10.139377117157,0.01282392,-0.1628538,1.080897
10.1492490768433,0.0117064,-0.1569764,1.081196
10.1596946716309,0.02130981,-0.1448633,1.08054
10.1691262722015,0.02652267,-0.1405477,1.080956
10.1801767349243,0.02819946,-0.1257197,1.080743
10.1892433166504,0.03876225,-0.1078716,1.082114
10.1994037628174,0.04439786,-0.1016955,1.081746
10.2091870307922,0.04760186,-0.09570196,1.081739
10.2196230888367,0.04628005,-0.08752797,1.081396
10.2292423248291,0.04393292,-0.08818184,1.082079
10.239155292511,0.04640714,-0.07909258,1.082811
10.2492554187775,0.04416395,-0.06176886,1.083699
10.2594981193542,0.04364051,-0.066492,1.083516
10.2691898345947,0.04016132,-0.06710004,1.083929
10.2793514728546,0.04121234,-0.06384839,1.083236
10.2894937992096,0.03361357,-0.0638509,1.082637
10.2996227741241,0.03279739,-0.06315032,1.082451
10.309291601181,0.03259474,-0.06218527,1.083078
10.3194608688354,0.02732675,-0.0737638,1.083583
10.3291070461273,0.03041859,-0.07053304,1.084418
10.3398060798645,0.02442534,-0.06878675,1.085204
10.3496580123901,0.02540013,-0.07186604,1.085603
10.3591523170471,0.01970523,-0.07878327,1.086256
10.3692991733551,0.01868234,-0.08300295,1.085819
10.3794565200806,0.01512405,-0.09015151,1.085408
10.3891506195068,0.0187997,-0.08099633,1.085696
10.3999009132385,0.01706437,-0.08187892,1.084985
10.4094190597534,0.002237753,-0.08729022,1.085787
10.4195625782013,0.003784919,-0.08859314,1.085574
10.4292089939117,0.005438146,-0.08882378,1.086136
10.4397778511047,0.01436298,-0.0919653,1.087144
10.4494190216064,0.02926955,-0.09633026,1.087849
10.4592289924622,0.04179238,-0.08469712,1.08743
10.4697775840759,0.04734226,-0.07182562,1.086874
10.4791827201843,0.06583603,-0.08052092,1.088932
10.4895958900452,0.07316189,-0.0745713,1.087786
10.4995384216309,0.07620683,-0.06083247,1.086855
10.5098865032196,0.08648852,-0.01441231,1.084834
10.5199537277222,0.09243095,0.004204718,1.08205
10.5296342372894,0.09046113,0.01823687,1.082545
10.5394787788391,0.09355935,0.04547401,1.081956
10.5493841171265,0.08932637,0.03188211,1.081657
10.5601961612701,0.08421744,0.0266134,1.081691
10.5696482658386,0.08236496,0.04007403,1.082012
10.5797591209412,0.08141387,0.05238331,1.081327
10.5892407894135,0.07664867,0.05261035,1.081704
10.5993669033051,0.07548226,0.0501547,1.081808
10.6094899177551,0.07271416,0.06174945,1.081529
10.619268655777,0.06445903,0.05980068,1.081325
10.6293466091156,0.06293667,0.06501135,1.080414
10.6395373344421,0.05575868,0.06748345,1.08042
10.6492536067963,0.04616932,0.06134507,1.081261
10.659396648407,0.02771379,0.04769539,1.08234
10.6695308685303,0.01629082,0.04281941,1.083226
10.679327249527,0.001240918,0.02839004,1.083737
10.6891651153564,-0.02612312,-0.005770454,1.084251
10.6995825767517,-0.04277605,-0.0147054,1.084428
10.7092764377594,-0.05467211,-0.02801326,1.085012
10.7199532985687,-0.07086447,-0.04799148,1.084594
10.7293591499329,-0.07653789,-0.05443235,1.085653
10.7394621372223,-0.09452302,-0.06374386,1.085539
10.7492113113403,-0.1141826,-0.07953636,1.086578
10.7596197128296,-0.1440401,-0.08928113,1.085819
10.7697849273682,-0.1572249,-0.08696151,1.085235
10.7795345783234,-0.1577512,-0.08405657,1.085335
10.7893133163452,-0.1530807,-0.08542685,1.085882
10.8001322746277,-0.1465202,-0.08613424,1.08549
10.8094244003296,-0.1430684,-0.09427428,1.086773
10.8193318843842,-0.1332527,-0.09847937,1.087115
10.829577922821,-0.1287167,-0.1031041,1.087054
10.8396170139313,-0.1222213,-0.1055233,1.087427
10.8493025302887,-0.1089463,-0.1047375,1.088646
10.8593955039978,-0.107601,-0.1063637,1.089244
10.8691205978394,-0.1152826,-0.1081122,1.089958
10.8791716098785,-0.1108527,-0.09979773,1.089662
10.8892059326172,-0.0980875,-0.07965957,1.088726
10.8998129367828,-0.09306273,-0.06283963,1.087942
10.9099440574646,-0.07957746,-0.0568254,1.087415
10.9195091724396,-0.09531426,-0.04786714,1.089158
10.9293780326843,-0.08801624,-0.03776237,1.088949
10.9395024776459,-0.08087973,-0.03067596,1.087872
10.9490973949432,-0.07418425,-0.02497412,1.087018
10.9592158794403,-0.07974893,-0.03742617,1.087539
10.969437122345,-0.08216432,-0.05128057,1.088375
10.9792494773865,-0.0858089,-0.06596292,1.089017
10.9891712665558,-0.09165972,-0.07935981,1.09034
10.9992880821228,-0.08766555,-0.08901951,1.09106
11.0095098018646,-0.08766609,-0.1097741,1.092039
11.0194509029388,-0.09793787,-0.1208248,1.092772
11.029194355011,-0.1088026,-0.128965,1.093535
11.0393302440643,-0.1161283,-0.121678,1.092644
11.0494039058685,-0.1202955,-0.1097953,1.091956
11.0600519180298,-0.127195,-0.09954262,1.090699
11.0692012310028,-0.132346,-0.09866276,1.09102
11.0792880058289,-0.1325355,-0.08862983,1.090358
11.0899527072906,-0.132638,-0.07197683,1.088995
11.0995886325836,-0.1371687,-0.07817492,1.089666
11.1099827289581,-0.148418,-0.09015021,1.090566
11.119598865509,-0.1455965,-0.09624324,1.091715
11.1293196678162,-0.1484099,-0.1014185,1.092937
11.1395897865295,-0.1512131,-0.1024515,1.094018
11.1492230892181,-0.1526512,-0.104156,1.095184
11.1594433784485,-0.1463663,-0.103313,1.094768
11.1696135997772,-0.1541316,-0.1073112,1.095631
11.1793859004974,-0.1527567,-0.1033935,1.096314
11.1891412734985,-0.1515908,-0.1009275,1.096488
11.1991629600525,-0.1506653,-0.08943703,1.097183
11.2095272541046,-0.143889,-0.08643569,1.0971
11.2197279930115,-0.1389251,-0.08759414,1.097665
11.2293965816498,-0.13001,-0.08255906,1.098635
11.2400922775269,-0.123964,-0.07479198,1.098348
11.2491807937622,-0.1112229,-0.05894835,1.098786
11.2591655254364,-0.1002786,-0.0450939,1.098308
11.2692203521729,-0.09714788,-0.02978702,1.098227
11.2792830467224,-0.08320696,-0.01946788,1.097198
11.289306640625,-0.07139685,-0.002940788,1.097458
11.2994694709778,-0.1140326,-0.0286613,1.096604
11.3096525669098,-0.1195102,-0.0390087,1.095818
11.319575548172,-0.1422157,-0.06203286,1.095524
11.3294167518616,-0.1586917,-0.07812329,1.09729
11.3396127223969,-0.1972635,-0.09425818,1.095914
11.3492197990417,-0.197816,-0.09222355,1.095602
11.3591697216034,-0.195895,-0.08571302,1.093209
11.3691902160645,-0.2115918,-0.08567998,1.089428
11.379237651825,-0.2201163,-0.08901956,1.087975
11.3897650241852,-0.229703,-0.1015395,1.086595
11.399453163147,-0.2356543,-0.1176771,1.086682
11.4095509052277,-0.2459253,-0.1364409,1.086114
11.4192090034485,-0.2475677,-0.1483964,1.086039
11.4295408725739,-0.242252,-0.1540241,1.085723
11.4394788742065,-0.2725326,-0.1692692,1.088267
11.4490818977356,-0.2770965,-0.167711,1.088946
11.4592235088348,-0.2758196,-0.1544943,1.088848
11.4694132804871,-0.2726369,-0.1494884,1.088736
11.4795217514038,-0.2671794,-0.1428551,1.088756
11.4891352653503,-0.2576749,-0.1317933,1.089675
11.4994828701019,-0.2508248,-0.1376254,1.090093
11.5091907978058,-0.2450155,-0.1461028,1.091158
11.5193235874176,-0.2406289,-0.1627576,1.091347
11.5292491912842,-0.2277249,-0.1640904,1.091832
11.5391535758972,-0.2162102,-0.1716568,1.091572
11.5494289398193,-0.1939798,-0.1694251,1.090998
11.5593867301941,-0.1822579,-0.1664819,1.09078
11.5692563056946,-0.1740675,-0.1675546,1.090516
11.5796539783478,-0.1568317,-0.1668132,1.089851
11.5891757011414,-0.1457862,-0.1689914,1.089763
11.5999929904938,-0.1284451,-0.1688397,1.088514
11.6093740463257,-0.1201113,-0.1706716,1.088615
11.6191914081573,-0.1163206,-0.1693011,1.088658
11.6299638748169,-0.1064977,-0.1675292,1.087739
11.6393730640411,-0.100177,-0.1701783,1.08767
11.6492531299591,-0.09352694,-0.1689264,1.087661
11.6594491004944,-0.08725278,-0.1608699,1.087041
11.6696090698242,-0.06885047,-0.1560255,1.086373
11.6791670322418,-0.063357,-0.1586182,1.086462
11.689799785614,-0.06017664,-0.1609122,1.085635
11.6994621753693,-0.05320511,-0.1649565,1.085875
11.7096700668335,-0.05113299,-0.1634436,1.086118
11.7196688652039,-0.05422489,-0.1596023,1.086215
11.7298626899719,-0.05313539,-0.1425339,1.085382
11.7395055294037,-0.06465742,-0.1426213,1.086291
11.7492043972015,-0.05844792,-0.1400833,1.086305
11.7592327594757,-0.05469797,-0.1349352,1.086092
11.7695076465607,-0.0556392,-0.1310176,1.086143
11.7797675132751,-0.05119728,-0.1269665,1.085868
11.7893087863922,-0.05101376,-0.1249774,1.086919
11.7994236946106,-0.03852661,-0.1044715,1.086105
11.8092021942139,-0.03282562,-0.1035613,1.086118
11.8193638324738,-0.03264063,-0.1017043,1.086356
11.8296036720276,-0.02356444,-0.09974602,1.085913
11.8396146297455,-0.01949266,-0.1048259,1.087219
11.8492224216461,-0.0001984742,-0.1117679,1.086915
11.8598728179932,0.01978768,-0.0942108,1.085732
11.86945271492,0.0276723,-0.089063,1.085775
11.8796038627625,0.02899979,-0.0949241,1.085981
11.8893394470215,0.02746029,-0.1019283,1.086898
11.899491071701,0.03034105,-0.1056161,1.086473
11.909145116806,0.02577998,-0.1123784,1.086386
11.9198529720306,0.04224847,-0.1089547,1.084035
11.9301302433014,0.0660845,-0.1027448,1.082499
11.9396677017212,0.08362718,-0.1037522,1.081342
11.9491527080536,0.08263109,-0.1081533,1.080472
11.9592564105988,0.07503127,-0.1094328,1.078758
11.9695110321045,0.06975442,-0.1119959,1.078549
11.9791972637177,0.06364977,-0.1165843,1.079241
11.9892718791962,0.05364243,-0.1254363,1.079634
11.9995629787445,0.04448671,-0.1282291,1.079791
12.0092129707336,0.02027725,-0.1341202,1.082284
12.0195367336273,0.01086304,-0.1319593,1.083132
12.0292322635651,0.001820187,-0.1360985,1.084505
12.0398852825165,-0.01182439,-0.1359809,1.084186
12.0493438243866,-0.01147443,-0.1296796,1.083411
12.0594296455383,-0.01362997,-0.129059,1.08213
12.0693876743317,-0.01210429,-0.1241413,1.081005
12.0795137882233,-0.002395139,-0.1146432,1.078664
12.08926820755,0.0086549,-0.1083162,1.077258
12.0995960235596,0.01262969,-0.1082596,1.076826
12.1096358299255,0.0159755,-0.1001737,1.076696
12.1192901134491,0.01469044,-0.09905615,1.077094
12.1294441223145,0.01452703,-0.09508355,1.077204
12.1396024227142,0.000940619,-0.09269863,1.077435
12.1491363048553,-0.004540944,-0.09308148,1.077686
12.1592462062836,-0.01836442,-0.09717955,1.076968
12.1699793338776,-0.01816433,-0.0977518,1.076041
12.1792900562286,-0.01155105,-0.09513411,1.076401
12.1892297267914,-0.04477951,-0.09886333,1.078272
12.2000596523285,-0.0487192,-0.0948199,1.077003
12.2092156410217,-0.05982922,-0.09995619,1.07768
12.2192804813385,-0.06156457,-0.09969135,1.077353
12.2295355796814,-0.06798047,-0.1016973,1.076677
12.2392663955688,-0.07375584,-0.09546079,1.077236
12.2493484020233,-0.07527171,-0.09856911,1.077532
12.2592244148254,-0.0747869,-0.1054883,1.078179
12.2691826820374,-0.07816692,-0.1139371,1.079317
12.2793493270874,-0.07327458,-0.1119236,1.079786
12.2895185947418,-0.06652437,-0.1083819,1.080773
12.2991976737976,-0.05692748,-0.1081927,1.082221
12.3092312812805,-0.04802296,-0.09671089,1.083256
12.3195147514343,-0.04096697,-0.08992136,1.083355
12.3297083377838,-0.03413726,-0.08603097,1.083327
12.3392605781555,-0.03448411,-0.09081421,1.08387
12.3494532108307,-0.03401805,-0.08771025,1.0833
12.3596246242523,-0.04699702,-0.08092497,1.081538
12.3698451519012,-0.04639892,-0.07536823,1.081073
12.3797061443329,-0.04667401,-0.07457461,1.081065
12.3892467021942,-0.05300635,-0.07842936,1.081227
12.399338722229,-0.05155421,-0.06958055,1.080628
12.4099807739258,-0.0576429,-0.0636075,1.079176
12.4196598529816,-0.059681,-0.06244667,1.079025
12.4294216632843,-0.06353682,-0.0722985,1.078997
12.4392240047455,-0.07137613,-0.08546784,1.078901
12.4498329162598,-0.07382248,-0.07191487,1.077581
12.4600892066956,-0.08258824,-0.06939398,1.077112
12.4692068099976,-0.08476185,-0.07521055,1.077956
12.4791994094849,-0.08436074,-0.09058807,1.0784
12.4892811775208,-0.09384622,-0.09868514,1.077852
12.49919962883,-0.09673089,-0.09299323,1.078685
12.5096068382263,-0.1084142,-0.08899759,1.080335
12.5198910236359,-0.1084477,-0.08749031,1.081947
12.5291798114777,-0.1048189,-0.09882765,1.083838
12.5392336845398,-0.09825946,-0.1171968,1.084912
12.5495731830597,-0.08726954,-0.1207522,1.084487
12.5592234134674,-0.08594024,-0.1179714,1.084237
12.5700149536133,-0.07584729,-0.1032549,1.083305
12.5800893306732,-0.07326253,-0.08705987,1.084076
12.5892672538757,-0.07062134,-0.07659362,1.083908
12.5992488861084,-0.06547799,-0.06933478,1.083681
12.6092977523804,-0.06086584,-0.06919385,1.083773
12.619439125061,-0.05422138,-0.08507066,1.083816
12.6291515827179,-0.04357771,-0.09865499,1.082632
12.639235496521,-0.02613443,-0.1029976,1.080998
12.6492412090302,-0.0009408947,-0.1016174,1.081229
12.6595864295959,0.01907668,-0.09364069,1.080341
12.6691527366638,0.0357122,-0.08797283,1.080393
12.6792004108429,0.04797055,-0.09040297,1.080667
12.6893365383148,0.04346276,-0.09469311,1.08095
12.6992774009705,0.0436898,-0.09667804,1.081739
12.7093732357025,0.04684185,-0.08821554,1.080891
12.7195394039154,0.03129002,-0.07445404,1.080686
12.7292988300323,0.0225083,-0.07511569,1.082281
12.7393803596497,0.01743614,-0.07418772,1.082638
12.7494423389435,0.02426976,-0.07055127,1.082149
12.7597932815552,0.02744444,-0.06910767,1.081717
12.7691121101379,0.02052168,-0.06954289,1.083062
12.7792677879333,0.008302379,-0.06232301,1.083992
12.7893114089966,-0.006715457,-0.04859142,1.086683
12.7999436855316,-0.01202375,-0.04939343,1.085979
12.8096482753754,-0.02753043,-0.04129321,1.085971
12.819168806076,-0.03435984,-0.02496281,1.084098
12.8292329311371,-0.03750402,-0.02962299,1.083028
12.8392028808594,-0.05363125,-0.02687969,1.085868
12.8493294715881,-0.06065878,-0.02478346,1.086577
12.8596131801605,-0.07300383,-0.03095769,1.087706
12.8691577911377,-0.08095752,-0.02736068,1.088931
12.8792836666107,-0.08735031,-0.02594943,1.089284
12.8897223472595,-0.09713371,-0.0368839,1.08711
12.8994610309601,-0.09992029,-0.03683303,1.086539
12.9095959663391,-0.1053518,-0.03323696,1.087294
12.9192318916321,-0.1011166,-0.02481785,1.08786
12.9299638271332,-0.09373397,-0.02110069,1.088228
12.9395704269409,-0.08955266,-0.02289747,1.090375
12.9491560459137,-0.08271193,-0.02368945,1.091462
12.9592390060425,-0.07293725,-0.02055242,1.092745
12.9699192047119,-0.04994215,-0.008874402,1.093445
12.9792520999908,-0.04185156,-0.00707131,1.095351
12.9895946979523,-0.03604808,-0.005019498,1.096377
12.9995882511139,-0.02785596,-0.007243702,1.096186
13.0094275474548,-0.02903616,-0.01758316,1.096437
13.0196573734283,-0.02330225,-0.0167423,1.096382
13.0292754173279,-0.01375526,-0.01371395,1.09712
13.0392785072327,-0.02736766,-0.02160129,1.097534
13.0492191314697,-0.02512894,-0.02668135,1.097588
13.0598373413086,-0.04665666,-0.0334991,1.097611
13.0694694519043,-0.05454881,-0.0392887,1.097329
13.0796315670013,-0.06532699,-0.04318582,1.097375
13.0892255306244,-0.0772047,-0.0407207,1.098858
13.0994222164154,-0.0784732,-0.03790639,1.098381
13.1091873645782,-0.08660406,-0.04645465,1.099099
13.1192760467529,-0.08942364,-0.03911444,1.098511
13.129487991333,-0.09311576,-0.0379509,1.098264
13.139714717865,-0.1039305,-0.04116206,1.099216
13.1492502689362,-0.1052957,-0.03769889,1.099752
13.1594812870026,-0.1098804,-0.03673119,1.099062
13.1700966358185,-0.1065157,-0.02601384,1.098673
13.1798958778381,-0.1036339,-0.004923928,1.099041
13.189423084259,-0.104124,0.01404644,1.100336
13.1996159553528,-0.1038928,0.005150975,1.099728
13.2093052864075,-0.09786016,0.01079661,1.100253
13.2195236682892,-0.08606154,0.02157645,1.100538
13.2291975021362,-0.08240338,0.01508969,1.101509
13.2392377853394,-0.08116217,0.007772156,1.101488
13.2494287490845,-0.08634663,-0.01369525,1.098835
13.2602324485779,-0.08670868,-0.03164066,1.095724
13.2698037624359,-0.08129005,-0.04148054,1.094642
13.2800657749176,-0.07643741,-0.04922128,1.095133
13.2892942428589,-0.07059871,-0.05284597,1.097958
13.2992224693298,-0.05710217,-0.04866085,1.100807
13.3094444274902,-0.03154955,-0.04844898,1.101345
13.3197000026703,-0.02884647,-0.05705521,1.101464
13.3297388553619,-0.01894592,-0.05540186,1.100943
13.3393709659576,-0.0161228,-0.06545679,1.100883
13.3494024276733,-0.01156231,-0.07405377,1.10013
13.3591480255127,-0.009213617,-0.08471739,1.100164
13.3694562911987,-0.0130649,-0.09832197,1.099572
13.3797647953033,-0.01511863,-0.1030378,1.099234
13.3895034790039,-0.004597045,-0.105997,1.099096
13.3995306491852,-0.0374767,-0.1293133,1.097828
13.4093813896179,-0.04672609,-0.1492894,1.095114
13.4192478656769,-0.0607673,-0.1747354,1.092415
13.4299747943878,-0.06834368,-0.1902913,1.089586
13.43940782547,-0.07845633,-0.2104837,1.089899
13.4496946334839,-0.07906108,-0.2174354,1.089456
13.459299325943,-0.08080521,-0.2164672,1.089761
13.4700012207031,-0.07890072,-0.2052294,1.087953
13.4797782897949,-0.07719429,-0.2020008,1.08936
13.4894046783447,-0.07014202,-0.1744823,1.09233
13.4995250701904,-0.06736406,-0.1623118,1.093439
13.5092868804932,-0.0656216,-0.1555583,1.093431
13.5192875862122,-0.06751742,-0.1514168,1.093242
13.5299122333527,-0.06121538,-0.1390305,1.092649
13.539538860321,-0.06635704,-0.137548,1.093413
13.549236536026,-0.06276321,-0.1351523,1.094195
13.5592069625854,-0.06010447,-0.1380638,1.095996
13.569281578064,-0.05870705,-0.1450545,1.096413
13.5794036388397,-0.05192209,-0.1484383,1.096513
13.5896275043488,-0.05139767,-0.1588267,1.09742
13.5996475219727,-0.04585473,-0.1679761,1.098562
13.6101293563843,-0.03816589,-0.1685556,1.099436
13.6193337440491,-0.03956447,-0.1824197,1.10158
13.6293540000916,-0.03230368,-0.1900559,1.102004
13.6400039196014,-0.02831431,-0.2017449,1.102291
13.6491093635559,-0.02808754,-0.2112821,1.103935
13.659250497818,-0.02678108,-0.2233423,1.104531
13.6694328784943,-0.02051982,-0.2255652,1.106849
13.6795969009399,-0.02033157,-0.2362896,1.106578
13.6897208690643,-0.0214482,-0.2391694,1.105572
13.6993579864502,-0.02178081,-0.2402066,1.1047
13.7095420360565,-0.02554232,-0.2387259,1.103837
13.7196707725525,-0.02383571,-0.2452054,1.10222
13.7297880649567,-0.02170311,-0.251767,1.100952
13.7394862174988,-0.02582852,-0.2554703,1.100609
13.7491211891174,-0.01444053,-0.2421549,1.103259
13.7592575550079,-0.01830476,-0.229417,1.103415
13.7694001197815,-0.02205312,-0.2043048,1.101822
13.7796006202698,-0.02429168,-0.173868,1.100351
13.7891850471497,-0.03272133,-0.1431831,1.099694
13.7998631000519,-0.03116919,-0.1253234,1.097406
13.8095409870148,-0.03285355,-0.1045366,1.094757
13.8192641735077,-0.03441584,-0.08854756,1.094907
13.8294529914856,-0.03167478,-0.0706917,1.094746
13.8396308422089,-0.03517916,-0.05093569,1.095523
13.8492288589478,-0.03572531,-0.03871581,1.095895
13.8593528270721,-0.03537805,-0.03726397,1.095607
13.8695168495178,-0.03162733,-0.03844461,1.094695
13.8796770572662,-0.03215779,-0.03903724,1.09549
13.8898253440857,-0.03152169,-0.04563431,1.097048
13.8996126651764,-0.02942718,-0.0605696,1.098309
13.909322977066,-0.03547623,-0.0664102,1.099872
13.919463634491,-0.03441709,-0.06226128,1.099216
13.9291768074036,-0.03397146,-0.05922607,1.099109
13.939279794693,-0.03771142,-0.07170426,1.099746
13.9498536586761,-0.03710644,-0.07769977,1.099347
13.9594902992249,-0.04192512,-0.06043652,1.100537
13.9692888259888,-0.04540924,-0.07010499,1.102166
13.980033159256,-0.04364986,-0.08999872,1.101813
13.989661693573,-0.05462187,-0.1008534,1.102294
13.9992158412933,-0.05753278,-0.107716,1.102073
14.0094709396362,-0.05724323,-0.1390881,1.100787
14.0195889472961,-0.05120104,-0.1432375,1.099423
14.0293383598328,-0.03899629,-0.1370538,1.097843
14.0392208099365,-0.03274212,-0.1392084,1.096415
14.0493409633636,-0.03516655,-0.1642135,1.09637
14.0594480037689,-0.04357288,-0.1912,1.096182
14.0691509246826,-0.04752363,-0.2093455,1.097018
14.0797460079193,-0.05211166,-0.2317203,1.096832
14.0895180702209,-0.06535481,-0.2531642,1.097688
14.0996630191803,-0.0631234,-0.2495335,1.097844
14.1093695163727,-0.06798173,-0.2486008,1.097795
14.1191229820251,-0.08257024,-0.2332568,1.098695
14.129177570343,-0.08829068,-0.2243047,1.099314
14.1392567157745,-0.09796567,-0.2246459,1.099927
14.1494417190552,-0.09687775,-0.2298153,1.100236
14.1595191955566,-0.09672749,-0.2296871,1.100357
14.1692249774933,-0.1085765,-0.2141914,1.101682
14.1794600486755,-0.1129849,-0.2039969,1.10218
14.1893236637115,-0.1146044,-0.1949526,1.103726
14.1993894577026,-0.1174104,-0.1917953,1.104228
14.2095990180969,-0.1205886,-0.1818395,1.104591
14.2195241451263,-0.1085759,-0.1736167,1.104262
14.2292306423187,-0.1194731,-0.1703159,1.106083
14.2392537593842,-0.1176411,-0.1410192,1.105864
14.2491295337677,-0.1107711,-0.1284001,1.105732
14.2593173980713,-0.1030544,-0.114049,1.104958
14.2693045139313,-0.1061092,-0.09781892,1.104379
14.2792100906372,-0.1044882,-0.1005736,1.104875
14.2891225814819,-0.1037014,-0.1103725,1.104661
14.2993009090424,-0.09738778,-0.1151852,1.104293
14.3094792366028,-0.09006465,-0.1138789,1.103734
14.3195061683655,-0.09005904,-0.1260453,1.103419
14.3293266296387,-0.0842825,-0.1374087,1.103802
14.3395519256592,-0.07216277,-0.1367676,1.102859
14.3497121334076,-0.06905119,-0.1485057,1.102633
14.3593995571136,-0.06354412,-0.1507673,1.10319
14.3696126937866,-0.07211455,-0.1403163,1.103318
14.3797976970673,-0.0731334,-0.1340992,1.103102
14.3893857002258,-0.08866768,-0.136399,1.104204
14.4000520706177,-0.09528813,-0.1326208,1.103764
14.4093329906464,-0.1004753,-0.1308143,1.104693
14.4199705123901,-0.1051054,-0.1373277,1.104811
14.4291627407074,-0.1035324,-0.144408,1.106305
14.4392709732056,-0.0911475,-0.1417864,1.105719
14.4499938488007,-0.08907449,-0.14863,1.105571
14.4593374729156,-0.09687001,-0.1558052,1.1068
14.4692208766937,-0.102936,-0.1554468,1.107294
14.479816198349,-0.1006253,-0.1543287,1.106931
14.4893691539764,-0.108004,-0.1638905,1.108008
14.4995262622833,-0.1103458,-0.1749516,1.108444
14.5097057819366,-0.108814,-0.1815096,1.108963
14.5191266536713,-0.1035216,-0.1905773,1.10945
14.5301094055176,-0.08982565,-0.2013218,1.108164
14.539351940155,-0.08250619,-0.2248501,1.109062
14.5500378608704,-0.06535754,-0.2202838,1.107711
14.5592632293701,-0.05405546,-0.2143832,1.107937
14.5694689750671,-0.04113357,-0.2100149,1.107113
14.5795931816101,-0.03112159,-0.2182087,1.10678
14.5892531871796,-0.03231278,-0.2108615,1.107695
14.5993342399597,-0.0259172,-0.1895501,1.106779
14.6092252731323,-0.01476339,-0.1737671,1.106067
14.6201572418213,-0.005662229,-0.1768432,1.105493
14.6293253898621,-0.007274769,-0.1938065,1.107797
14.6391673088074,-0.007285971,-0.2104702,1.109608
14.6501700878143,-0.002339205,-0.2201339,1.110008
14.6598160266876,-0.004317526,-0.2309985,1.111836
14.6698698997498,-0.01156801,-0.2331612,1.11374
14.6793351173401,-0.01037217,-0.2359382,1.115328
14.689094543457,-0.01479213,-0.2380743,1.117002
14.6991596221924,-0.01441937,-0.2347381,1.117645
14.7095305919647,-0.00838553,-0.2124667,1.117394
14.7193644046783,-0.002181225,-0.1875612,1.117265
14.7297441959381,0.00171587,-0.1573295,1.116439
14.7393538951874,-0.005092448,-0.1265801,1.116083
14.7500157356262,-0.00157294,-0.1014752,1.115137
14.7592475414276,-0.0007896726,-0.08490242,1.115452
14.7692518234253,-0.01429018,-0.09813257,1.116195
14.7798941135406,-0.01846454,-0.08428951,1.115571
14.789852142334,-0.02509449,-0.07387502,1.11523
14.7991418838501,-0.02760857,-0.06953676,1.115509
14.8092231750488,-0.02891552,-0.07318085,1.114703
14.8194346427917,-0.0480856,-0.09365345,1.115202
14.8292500972748,-0.05831385,-0.106679,1.115684
14.8393778800964,-0.06937689,-0.1085043,1.115697
14.8491659164429,-0.08499569,-0.1110679,1.116162
14.8593108654022,-0.08870123,-0.1110589,1.115924
14.8695101737976,-0.09374136,-0.1150071,1.115684
14.8792979717255,-0.09275081,-0.1296416,1.115947
14.8895576000214,-0.09496614,-0.1457055,1.11652
14.8992207050323,-0.1009048,-0.161071,1.117576
14.9093065261841,-0.1147698,-0.1871712,1.119083
14.9191615581512,-0.1229109,-0.1873415,1.119437
14.9293441772461,-0.1305664,-0.1848485,1.119339
14.9399149417877,-0.1231908,-0.1729107,1.118367
14.9495553970337,-0.1208887,-0.1685818,1.118557
14.9596881866455,-0.1282903,-0.1689447,1.118584
14.9692361354828,-0.1315436,-0.1661512,1.118587
14.979457616806,-0.1370727,-0.1841826,1.120083
14.9896194934845,-0.1444738,-0.1754408,1.119431
14.9991862773895,-0.1438469,-0.1699983,1.11948
15.0093419551849,-0.1496923,-0.1603427,1.119149
15.0194671154022,-0.1489343,-0.1531101,1.118953
15.0298104286194,-0.1485252,-0.1465162,1.118694
15.0394239425659,-0.1473351,-0.1488973,1.119158
15.0495059490204,-0.1330821,-0.1564629,1.119714
15.0591361522675,-0.1307091,-0.1538934,1.120381
15.0693511962891,-0.1240571,-0.1488036,1.119842
15.0794644355774,-0.1196613,-0.1469277,1.120347
15.089250087738,-0.11991,-0.1532654,1.120116
15.0994136333466,-0.1086018,-0.1476491,1.119281
15.109147310257,-0.1024077,-0.1474099,1.119883
15.119512796402,-0.0962024,-0.158394,1.120199
15.1297821998596,-0.0905069,-0.1663684,1.120007
15.1392035484314,-0.09474955,-0.1706831,1.120527
15.149519443512,-0.08760644,-0.1636996,1.120008
15.159597158432,-0.08801919,-0.1910287,1.119682
15.1693186759949,-0.08452457,-0.2220259,1.119739
15.1795873641968,-0.08316709,-0.2435682,1.119682
15.1892023086548,-0.08903672,-0.2882852,1.119548
15.1991784572601,-0.09056757,-0.3055069,1.11912
15.2094280719757,-0.1064285,-0.3230454,1.119991
15.2195639610291,-0.1113427,-0.3260256,1.120298
15.2293210029602,-0.1203241,-0.3197633,1.121279
15.2395725250244,-0.1396561,-0.2810533,1.120975
15.2493495941162,-0.1371478,-0.267095,1.119877
15.2593171596527,-0.1413774,-0.2590776,1.119194
15.2695565223694,-0.1394704,-0.264668,1.118891
15.2799034118652,-0.1393428,-0.2714627,1.118519
15.2897608280182,-0.1606326,-0.285198,1.115566
15.2994167804718,-0.1532111,-0.291406,1.113987
15.3100469112396,-0.1622849,-0.2987172,1.111578
15.3197045326233,-0.1646782,-0.3092843,1.1109
15.32941365242,-0.1712351,-0.310355,1.109105
15.3394644260406,-0.173837,-0.3126181,1.106284
15.3495216369629,-0.1620075,-0.3173299,1.104382
15.3591651916504,-0.1630882,-0.325045,1.106038
15.3693935871124,-0.1537555,-0.3198639,1.106073
15.3796446323395,-0.1384683,-0.3183948,1.106744
15.3897695541382,-0.1115839,-0.3074984,1.110055
15.3994102478027,-0.08741707,-0.2979222,1.112386
15.4100229740143,-0.05967413,-0.2943715,1.110258
15.4191637039185,-0.03834353,-0.2894237,1.112579
15.4293279647827,-0.01160461,-0.2834179,1.113805
15.4392650127411,0.01971131,-0.2759891,1.115139
15.4494020938873,0.03678224,-0.2690746,1.115752
15.4596567153931,0.06149212,-0.2590256,1.115628
15.4692730903625,0.06694077,-0.2354396,1.117085
15.4794723987579,0.089513,-0.1894356,1.115449
15.4891390800476,0.118939,-0.1464777,1.114256
15.4992606639862,0.1349474,-0.1214373,1.113196
15.5091593265533,0.1409585,-0.1053276,1.112065
15.5195724964142,0.1405579,-0.0991621,1.110253
15.5292100906372,0.139697,-0.08833338,1.109008
15.5392854213715,0.1317197,-0.07765316,1.107303
15.5494751930237,0.130968,-0.06619392,1.105479
15.5594046115875,0.1207608,-0.05999607,1.105397
15.5694754123688,0.1051186,-0.05740678,1.104606
15.5792276859283,0.1048808,-0.05416674,1.103526
15.5898172855377,0.1044294,-0.05407845,1.104079
15.6000022888184,0.1055928,-0.04871363,1.104253
15.6093239784241,0.09772912,-0.05461149,1.104388
15.6197943687439,0.08408744,-0.06469651,1.103128
15.6295337677002,0.07753026,-0.07032529,1.102625
15.6397349834442,0.07231653,-0.07298572,1.10175
15.6491448879242,0.05315039,-0.08104339,1.102733
15.6592137813568,0.04083376,-0.1038806,1.103985
15.6697697639465,0.02890633,-0.1245459,1.105148
15.6794443130493,0.02498795,-0.1357866,1.105897
15.6900517940521,0.01303194,-0.1538415,1.106456
15.6991808414459,0.003168039,-0.1879109,1.107403
15.7093949317932,-0.002157962,-0.2131361,1.106988
15.7195177078247,-0.008288279,-0.234363,1.107462
15.7292413711548,-0.008843135,-0.2466405,1.107342
15.7398934364319,-0.01178811,-0.255198,1.106408
15.7491188049316,-0.01305252,-0.2631697,1.107526
15.7591257095337,-0.008078493,-0.2771194,1.107746
15.7696290016174,-0.005303483,-0.2872868,1.107476
15.7792496681213,-6.319024e-05,-0.289533,1.10772
15.7894451618195,-0.005907485,-0.2893285,1.10803
15.7998836040497,-0.001617245,-0.2851096,1.106497
15.8092291355133,0.002704104,-0.2664358,1.106922
15.8192591667175,0.002983388,-0.225964,1.10824
15.8291537761688,0.02029771,-0.208269,1.108263
15.8393568992615,0.03330812,-0.1769867,1.109152
15.8494582176208,0.03151337,-0.1555553,1.109053
15.8591997623444,0.03587444,-0.1492125,1.108179
15.8692479133606,0.04211028,-0.1426669,1.107746
15.8794572353363,0.04961522,-0.1238441,1.107766
15.8899490833282,0.04527586,-0.09064395,1.109874
15.8995323181152,0.05366293,-0.06832425,1.109569
15.9092462062836,0.05722264,-0.04126874,1.111289
15.9193785190582,0.06642548,-0.03980801,1.111301
15.9295239448547,0.06946877,-0.04283976,1.110907
15.939225435257,0.07182632,-0.0536971,1.110965
15.949853181839,0.07270349,-0.06057123,1.109588
15.9592177867889,0.06629036,-0.07571086,1.109787
15.9692497253418,0.05290588,-0.09768271,1.108874
15.9794020652771,0.03886292,-0.11224,1.108227
15.9899816513062,0.01682506,-0.1272645,1.107207
15.9996294975281,-0.002116189,-0.1372744,1.107
16.0094521045685,-0.01448864,-0.1423057,1.107045
16.0196273326874,-0.02181494,-0.1463989,1.107374
16.0298867225647,-0.02938894,-0.1383675,1.107813
16.0394816398621,-0.04101441,-0.1374584,1.109129
16.0494966506958,-0.05783419,-0.1522389,1.108943
16.0591723918915,-0.06372676,-0.1588294,1.109719
16.069403886795,-0.06942365,-0.1652247,1.109608
16.0799188613892,-0.07093738,-0.1604915,1.10929
16.0896544456482,-0.07238874,-0.1630296,1.110137
16.0992448329926,-0.0729722,-0.1662807,1.110424
16.1095316410065,-0.06484454,-0.1594773,1.110239
16.1202592849731,-0.07497361,-0.1543461,1.111031
16.130158662796,-0.07749859,-0.1546249,1.111107
16.1396429538727,-0.07525782,-0.146957,1.111998
16.1492054462433,-0.07421677,-0.1387703,1.112121
16.1593389511108,-0.07666604,-0.135629,1.11154
16.1695623397827,-0.08094355,-0.1244953,1.11121
16.1800906658173,-0.07698871,-0.1198648,1.110434
16.18980884552,-0.07523447,-0.1193733,1.110783
16.1993901729584,-0.07293709,-0.1130237,1.111037
16.2091829776764,-0.07375563,-0.1059036,1.111095
16.2199046611786,-0.07275682,-0.09188764,1.110255
16.229377746582,-0.0677589,-0.08102725,1.11044
16.2393364906311,-0.06135541,-0.07288858,1.110138
16.2493667602539,-0.0655104,-0.06474622,1.109732
16.2591698169708,-0.06933153,-0.06792763,1.109744
16.2696642875671,-0.07512784,-0.06382092,1.109442
16.2795882225037,-0.07622392,-0.05999954,1.109632
16.2893733978271,-0.0766505,-0.06288132,1.109922
16.2993383407593,-0.07592433,-0.0584551,1.110058
16.3092770576477,-0.07622167,-0.05790787,1.110654
16.319340467453,-0.07608867,-0.05919749,1.110275
16.3294634819031,-0.08683005,-0.0629696,1.111057
16.3396525382996,-0.08425711,-0.06714544,1.110955
16.3492753505707,-0.08254148,-0.07061248,1.111391
16.3593389987946,-0.08313072,-0.07222567,1.111435
16.3700067996979,-0.07665816,-0.07130001,1.110731
16.3797035217285,-0.07383363,-0.06818481,1.111169
16.38938331604,-0.07740512,-0.07447314,1.111745
16.3994464874268,-0.0764542,-0.08257513,1.111383
16.4091513156891,-0.08130299,-0.094243,1.111371
16.4195718765259,-0.08542105,-0.09730402,1.110701
16.4292278289795,-0.08839549,-0.09908826,1.110911
16.4391560554504,-0.08889648,-0.1118005,1.110621
16.4495639801025,-0.09726059,-0.1134293,1.109871
16.4591934680939,-0.1048585,-0.1154023,1.11012
16.4692878723145,-0.1069701,-0.1090673,1.109792
16.4792902469635,-0.09965162,-0.1052481,1.10966
16.4892287254333,-0.09697734,-0.0994069,1.109921
16.4994168281555,-0.09736715,-0.09572224,1.112589
16.5096561908722,-0.08483052,-0.0909435,1.113534
16.5202095508575,-0.08282877,-0.06085006,1.112188
16.52934217453,-0.07259297,-0.05763439,1.112681
16.53941822052,-0.07993781,-0.03831381,1.1142
16.5491063594818,-0.07384252,-0.01541323,1.114059
16.5591285228729,-0.07779218,-0.01428455,1.1133
16.5694150924683,-0.07987304,-0.001272254,1.112094
16.5799834728241,-0.06989989,0.01663216,1.111153
16.5897200107574,-0.07465126,0.01609176,1.110707
16.5992743968964,-0.07061121,0.02694776,1.110732
16.6099660396576,-0.06341618,0.0465072,1.109332
16.6196303367615,-0.06955837,0.03917152,1.109784
16.6297264099121,-0.06832996,0.04370255,1.109487
16.6393940448761,-0.0688809,0.05748302,1.109189
16.6500427722931,-0.06147189,0.07183796,1.107214
16.6595768928528,-0.05189546,0.08907075,1.107295
16.6697688102722,-0.04643133,0.08971326,1.106824
16.6795341968536,-0.04104247,0.08181795,1.107346
16.6891820430756,-0.0515246,0.05236307,1.108163
16.6998918056488,-0.05767342,0.03456646,1.107523
16.709320306778,-0.06310103,0.02424406,1.108966
16.719279050827,-0.0708589,0.01168939,1.109713
16.729195356369,-0.08058184,-0.008024743,1.109719
16.7398312091827,-0.09412535,-0.02155772,1.109715
16.7493937015533,-0.1223822,-0.02906047,1.111378
16.7593076229095,-0.1275197,-0.02593711,1.109855
16.7696979045868,-0.129017,-0.01225789,1.107883
16.7800707817078,-0.1308574,-0.01224496,1.106917
16.7892663478851,-0.136672,-0.01695218,1.107127
16.7993710041046,-0.1391814,-0.01897974,1.10682
16.8092157840729,-0.1413422,-0.02064534,1.106989
16.8192021846771,-0.1428943,-0.02899186,1.107585
16.8292162418365,-0.1412124,-0.03872749,1.107826
16.8393802642822,-0.1443094,-0.04782852,1.109031
16.8495225906372,-0.1388827,-0.05245762,1.109551
16.8593029975891,-0.1344662,-0.05761864,1.110463
16.8691773414612,-0.133494,-0.06969383,1.111085
16.8796563148499,-0.1281171,-0.07339361,1.110798
16.8891966342926,-0.1220396,-0.08129721,1.111196
16.8993442058563,-0.1181298,-0.09179426,1.111424
16.9094951152802,-0.1140585,-0.09695145,1.111204
16.9197602272034,-0.1213943,-0.1002995,1.11156
16.9295008182526,-0.1205678,-0.1006352,1.110764
16.9393575191498,-0.149157,-0.1019396,1.109705
16.9492256641388,-0.1489994,-0.09690048,1.108445
16.9594407081604,-0.1248323,-0.07765584,1.106363
16.9695084095001,-0.1073537,-0.07412297,1.105836
16.9792110919952,-0.09262215,-0.08144099,1.106584
16.9893009662628,-0.07986061,-0.09237933,1.106474
16.999449968338,-0.06903562,-0.1063444,1.107012
17.0091743469238,-0.05916948,-0.1125611,1.107802
17.0195455551147,-0.07286809,-0.1262203,1.107958
17.029746055603,-0.07743777,-0.1345041,1.107725
17.0399672985077,-0.0693303,-0.1205741,1.105595
17.0494840145111,-0.06757759,-0.1205814,1.10504
17.0593383312225,-0.07011193,-0.1146658,1.103437
17.0694739818573,-0.06644335,-0.1092748,1.10234
17.0791833400726,-0.06880587,-0.09995301,1.102175
17.0897791385651,-0.07465284,-0.1014383,1.102039
17.0994403362274,-0.07745072,-0.1123799,1.10335
17.1093130111694,-0.08209513,-0.1285249,1.104381
17.119250535965,-0.08339545,-0.1363699,1.106229
17.1299350261688,-0.08134327,-0.1391834,1.106915
17.1392736434937,-0.08411846,-0.1487755,1.10882
17.1497466564178,-0.07967974,-0.1503271,1.108918
17.1592998504639,-0.07733302,-0.1534691,1.109549
17.1695730686188,-0.07228213,-0.1469793,1.109193
17.1792044639587,-0.06596042,-0.1377434,1.108843
17.1893911361694,-0.063793,-0.1345703,1.108149
17.199533700943,-0.053083,-0.1199583,1.107126
17.2092335224152,-0.04944276,-0.1169406,1.107639
17.2193868160248,-0.03820493,-0.1261866,1.107914
17.2291035652161,-0.03569709,-0.1276327,1.108947
17.2392196655273,-0.03645752,-0.1371798,1.109907
17.2494509220123,-0.02750184,-0.1411244,1.109741
17.2592666149139,-0.02532867,-0.147813,1.110137
17.2693684101105,-0.01998075,-0.1520358,1.110363
17.2797083854675,-0.01394966,-0.155314,1.110379
17.2893316745758,-0.02207596,-0.1604564,1.109415
17.2993633747101,-0.0323931,-0.1691418,1.109446
17.3092551231384,-0.06139224,-0.1829939,1.108975
17.3191938400269,-0.1275745,-0.2004027,1.107615
17.3295385837555,-0.1170053,-0.18667,1.107089
17.3397946357727,-0.08972568,-0.1539405,1.108159
17.3492858409882,-0.0753694,-0.1442221,1.109154
17.3594436645508,-0.05619952,-0.1437765,1.110804
17.3693559169769,-0.0433365,-0.1372465,1.110692
17.3795256614685,-0.06554301,-0.1497966,1.110622
17.3900153636932,-0.09877639,-0.1690243,1.107479
17.3996164798737,-0.1150651,-0.1764753,1.106474
17.409218788147,-0.1549795,-0.1928923,1.106646
17.4194684028625,-0.1745821,-0.198476,1.106245
17.4296085834503,-0.1926462,-0.2047687,1.105771
17.4393694400787,-0.2088117,-0.2081597,1.105546
17.4491467475891,-0.2321443,-0.2147529,1.105976
17.4596865177155,-0.2436234,-0.2177265,1.105131
17.469361782074,-0.2560245,-0.2169415,1.105622
17.4799509048462,-0.2583628,-0.2121915,1.104702
17.489147901535,-0.2616231,-0.222462,1.105299
17.4993214607239,-0.2526531,-0.2162538,1.104634
17.509425163269,-0.2553629,-0.1985404,1.105846
17.5194685459137,-0.2459652,-0.1785047,1.105057
17.5292136669159,-0.2410317,-0.1694,1.105175
17.5393483638763,-0.229243,-0.1717265,1.104527
17.5492231845856,-0.2253654,-0.1763664,1.105685
17.559850692749,-0.2119094,-0.1852053,1.104276
17.569399356842,-0.1997199,-0.1877793,1.103988
17.5792183876038,-0.1838376,-0.1864913,1.103594
17.5896496772766,-0.1667489,-0.1917016,1.102417
17.5994148254395,-0.1493007,-0.1934207,1.102226
17.6092083454132,-0.1319421,-0.1934871,1.101624
17.6194376945496,-0.09474742,-0.1833191,1.100623
17.6291534900665,-0.07795246,-0.1806766,1.100513
17.639265537262,-0.06326278,-0.1802008,1.100035
17.6494696140289,-0.05949943,-0.178421,1.100075
17.6597416400909,-0.04691001,-0.1749207,1.099815
17.669323682785,-0.04546514,-0.1794286,1.100218
17.680059671402,-0.03728774,-0.1777439,1.099103
17.6894388198853,-0.03127732,-0.1739455,1.098916
17.6992990970612,-0.009871008,-0.1746985,1.098057
17.7094194889069,0.003122752,-0.1717086,1.096674
17.7195975780487,-0.001853876,-0.1718237,1.096
17.7292828559875,-0.001444295,-0.1665311,1.095617
17.7402169704437,0.01070566,-0.1583624,1.093262
17.749196767807,0.01470186,-0.1648361,1.093861
17.7592461109161,0.01501671,-0.1575332,1.093245
17.7698929309845,0.01471337,-0.1491341,1.092463
17.7799844741821,0.01297302,-0.1431204,1.092496
17.7891609668732,0.005568206,-0.1399281,1.093426
17.7993369102478,0.009626943,-0.1241203,1.092461
17.8094174861908,0.02057398,-0.1155158,1.091465
17.8201820850372,0.03834543,-0.1081034,1.089579
17.8293046951294,0.04132328,-0.1024223,1.089762
17.8394176959991,0.04402122,-0.09365448,1.088873
17.8490967750549,0.04193199,-0.08371373,1.088682
17.8593471050262,0.04694471,-0.07223667,1.087977
17.8698136806488,0.04644208,-0.05801532,1.086877
17.8794374465942,0.04364844,-0.04533659,1.08755
17.8893554210663,0.03043692,-0.03625391,1.089239
17.899231672287,0.0266186,-0.02554299,1.090013
17.9095499515533,0.02482134,-0.01313205,1.089938
17.9195425510406,0.01646085,-0.002867554,1.091151
17.9293556213379,0.01919261,0.007812812,1.091959
17.9392852783203,0.02003278,0.01585765,1.092088
17.9497153759003,0.03357606,0.02766271,1.090162
17.9594764709473,0.05093733,0.03204875,1.089836
17.9701535701752,0.06285419,0.04486405,1.089086
17.9792783260345,0.07388206,0.04873896,1.089554
17.9895567893982,0.08803658,0.05502225,1.08869
17.9996571540833,0.05770797,0.04867565,1.092235
18.0092279911041,0.05177975,0.0362823,1.092939
18.0193581581116,0.05176529,0.03276617,1.092413
18.0296239852905,0.05551418,0.02739049,1.091025
18.0394928455353,0.0590703,0.01477562,1.089174
18.0491783618927,0.0661217,0.01409804,1.087132
18.0595064163208,0.07808396,0.006742978,1.083227
18.0691249370575,0.08943428,-0.002273286,1.081485
18.079350233078,0.1041367,-0.00469476,1.079993
18.0893232822418,0.1105272,-0.01220851,1.079469
18.0994846820831,0.1175767,-0.01052754,1.078405
18.1092309951782,0.1258608,-0.01035688,1.077678
18.1193268299103,0.1324219,-0.013828,1.077803
18.1302156448364,0.134569,-0.0166812,1.076403
18.1398589611053,0.1224435,-0.01564818,1.07637
18.1491932868958,0.1183161,-0.01736258,1.07595
18.1591176986694,0.1146317,-0.01743288,1.075437
18.1695218086243,0.1041633,-0.01503023,1.074909
18.1800847053528,0.102791,-0.006684925,1.073918
18.1897439956665,0.09057496,-0.006407283,1.074309
18.1992990970612,0.08230403,-0.0006448706,1.073926
18.2094762325287,0.0751701,0.002034476,1.073483
18.2200653553009,0.07222308,0.00167849,1.073063
18.229318857193,0.06396096,-0.0008632489,1.074017
18.2394471168518,0.05958794,-0.0009041303,1.075735
18.2500715255737,0.06005991,0.003888797,1.075829
18.259197473526,0.05320676,0.01073522,1.077573
18.2694206237793,0.05277761,0.00668033,1.078412
18.2801609039307,0.05513111,0.006265561,1.079089
18.2892196178436,0.05027846,0.01187206,1.082055
18.2993550300598,0.05038355,0.01583073,1.083143
18.3095030784607,0.04374418,0.02407727,1.083294
18.3195888996124,0.01196502,0.02104504,1.084353
18.3292768001556,-0.001230613,0.01275436,1.08537
18.3394067287445,-0.02051133,0.007519569,1.085812
18.3495576381683,-0.02420456,0.005501236,1.088028
18.3592517375946,-0.01977122,0.002977931,1.088654
18.3700535297394,-0.02288089,-0.0009473235,1.087714
18.3793232440948,-0.02373706,-0.002048182,1.086981
18.3893010616302,-0.01992005,-0.01676216,1.085893
18.3992068767548,-0.01952533,-0.03810457,1.084626
18.4091527462006,-0.02031191,-0.05294081,1.082881
18.4197919368744,-0.02909719,-0.05322244,1.07999
18.4297213554382,-0.03191312,-0.05745316,1.078646
18.4396300315857,-0.04032736,-0.0605719,1.078482
18.449310541153,-0.04978402,-0.06474026,1.079617
18.4592769145966,-0.05693251,-0.06090017,1.079682
18.4695119857788,-0.05567472,-0.06266374,1.077993
18.4791417121887,-0.05546505,-0.07494859,1.078659
18.4897346496582,-0.05964064,-0.08139068,1.076172
18.4994106292725,-0.06348233,-0.0881739,1.076764
18.5091624259949,-0.0678319,-0.08307673,1.077241
18.5192093849182,-0.08118781,-0.07878283,1.077154
18.5301184654236,-0.08970633,-0.07428266,1.076631
18.5392909049988,-0.1090226,-0.06279428,1.076952
18.5499913692474,-0.1144911,-0.05755446,1.076441
18.5591371059418,-0.1234588,-0.06268159,1.077758
18.5693657398224,-0.1273481,-0.07867183,1.077245
18.5795702934265,-0.1290663,-0.07552402,1.076345
18.5895330905914,-0.1383788,-0.07474498,1.077406
18.5996341705322,-0.141265,-0.0659574,1.078087
18.6093208789825,-0.1432409,-0.04501535,1.079193
18.6192760467529,-0.1375936,-0.03645444,1.079448
18.6292157173157,-0.1392306,-0.0208222,1.080489
18.6392984390259,-0.1317867,-0.00914758,1.08243
18.6491279602051,-0.1203535,-0.00259799,1.082734
18.6596722602844,-0.1127941,0.005823537,1.081743
18.6697728633881,-0.1062415,-0.001234119,1.081819
18.6796629428864,-0.09806711,-0.01013219,1.081749
18.6893708705902,-0.09286767,-0.01865332,1.080281
18.6994333267212,-0.09104639,-0.02593245,1.079309
18.709169626236,-0.09053852,-0.03429501,1.079161
18.7196946144104,-0.09279196,-0.04604504,1.078507
18.7293407917023,-0.09156442,-0.05195821,1.079213
18.7399303913116,-0.09278948,-0.04811193,1.080335
18.7494170665741,-0.09422509,-0.03866589,1.082842
18.7592711448669,-0.09441531,-0.03585312,1.084132
18.7699501514435,-0.09437869,-0.03742838,1.083719
18.779198884964,-0.09642474,-0.04299947,1.084083
18.7895183563232,-0.09607614,-0.05367836,1.08101
18.799177646637,-0.1005322,-0.05182926,1.081782
18.8092658519745,-0.11768,-0.05211595,1.082527
18.8193829059601,-0.1293588,-0.05974481,1.082764
18.8290874958038,-0.1371786,-0.05717811,1.084347
18.8392970561981,-0.1476694,-0.04674908,1.08567
18.8494682312012,-0.148137,-0.04459533,1.08588
18.8596019744873,-0.1518134,-0.05965576,1.083214
18.869747877121,-0.15602,-0.06200028,1.08285
18.8796203136444,-0.1571923,-0.05348131,1.084449
18.8892197608948,-0.1549929,-0.04321708,1.085596
18.8991460800171,-0.1664519,-0.03944745,1.086505
18.9091258049011,-0.1681955,-0.03360198,1.08654
18.9194476604462,-0.1718531,-0.02314146,1.086495
18.929256439209,-0.1789931,-0.02267354,1.087369
18.9394106864929,-0.1692391,-0.01469529,1.087701
18.9494574069977,-0.1653547,-0.009904569,1.088393
18.9592156410217,-0.1656189,-0.007827763,1.089642
18.9692180156708,-0.1650311,-0.004286141,1.090344
18.9793584346771,-0.1546196,-0.002249639,1.089762
18.9894807338715,-0.1624936,-0.01477165,1.089887
18.9993717670441,-0.1536591,-0.01796355,1.089269
19.0091829299927,-0.1468831,-0.02361663,1.089347
19.0195422172546,-0.1475762,-0.02351348,1.089599
19.0292432308197,-0.1366203,-0.02030138,1.090822
19.0394721031189,-0.1377899,-0.02812426,1.091938
19.0491161346436,-0.1365977,-0.03518318,1.093305
19.0591950416565,-0.1311821,-0.03462897,1.093583
19.0691862106323,-0.1281632,-0.04355201,1.093793
19.0794911384583,-0.1337456,-0.05483038,1.094502
19.0892868041992,-0.1332906,-0.07063909,1.094592
19.0994117259979,-0.132141,-0.08452144,1.093797
19.1091597080231,-0.1330087,-0.098145,1.093011
19.1196444034576,-0.1384228,-0.1133187,1.091273
19.1292176246643,-0.1374119,-0.1172408,1.091383
19.1394538879395,-0.1435721,-0.1130291,1.09332
19.1501109600067,-0.146454,-0.1208944,1.092543
19.159423828125,-0.151034,-0.1342303,1.093271
19.1694490909576,-0.1493726,-0.1230168,1.094763
19.1796259880066,-0.1485931,-0.1169876,1.095856
19.1896786689758,-0.1482006,-0.1065882,1.097008
19.1995146274567,-0.1458613,-0.102846,1.097412
19.2092032432556,-0.147215,-0.1021271,1.096113
19.2192828655243,-0.1535326,-0.1079563,1.094755
19.2295174598694,-0.148194,-0.09911159,1.096243
19.2396237850189,-0.1598787,-0.08425008,1.096099
19.2492854595184,-0.1550705,-0.07798304,1.096564
19.2594263553619,-0.1531301,-0.08419333,1.097876
19.2700731754303,-0.1469265,-0.08685634,1.098219
19.2792389392853,-0.1423007,-0.09476043,1.097445
19.2899127006531,-0.1386176,-0.101548,1.097097
19.2995369434357,-0.1341352,-0.09663601,1.095405
19.3091967105865,-0.1327551,-0.1066391,1.094265
19.3194754123688,-0.1306067,-0.1076498,1.093892
19.330069065094,-0.1186363,-0.1045761,1.094076
19.3396389484406,-0.1131356,-0.1063207,1.095603
19.3492369651794,-0.1073737,-0.1076417,1.098187
19.3595306873322,-0.1022711,-0.1115796,1.099502
19.3692109584808,-0.1019103,-0.1326408,1.100678
19.3794257640839,-0.09775081,-0.1385257,1.099388
19.3897972106934,-0.1004798,-0.1280046,1.099098
19.3999903202057,-0.1027363,-0.1332541,1.100566
19.4095814228058,-0.1016986,-0.1346673,1.101379
19.4192945957184,-0.111605,-0.143964,1.099235
19.4301955699921,-0.1091684,-0.1510051,1.09659
19.439154624939,-0.1183479,-0.1716283,1.09609
19.4493379592896,-0.1139856,-0.1853602,1.095078
19.4594838619232,-0.1206837,-0.1967952,1.094205
19.4691362380981,-0.1199658,-0.2005573,1.093497
19.4793572425842,-0.1154058,-0.1976838,1.092905
19.4895861148834,-0.1064245,-0.1913614,1.096164
19.4992365837097,-0.1036021,-0.203193,1.096911
19.509336233139,-0.1029127,-0.2075608,1.097396
19.5195174217224,-0.09307643,-0.2091517,1.099429
19.5292463302612,-0.09958634,-0.2272398,1.101319
19.5394701957703,-0.09997932,-0.2343958,1.100573
19.5501224994659,-0.09114407,-0.2292276,1.099331
19.5592591762543,-0.0887596,-0.2286025,1.100102
19.5695779323578,-0.08996821,-0.2329851,1.099549
19.5797612667084,-0.0855688,-0.2357115,1.098653
19.5892262458801,-0.08601068,-0.2477071,1.099408
19.5994575023651,-0.07924356,-0.2529692,1.100647
19.6092200279236,-0.07753772,-0.2515714,1.102861
19.6193201541901,-0.07416853,-0.2564947,1.103895
19.6301634311676,-0.07125328,-0.2582145,1.105147
19.6396670341492,-0.06843556,-0.2698194,1.10558
19.6492767333984,-0.05990654,-0.2717508,1.106859
19.6599128246307,-0.0594948,-0.2681557,1.10687
19.6695899963379,-0.05390178,-0.2658592,1.107411
19.6793086528778,-0.04772353,-0.256916,1.109278
19.6894681453705,-0.05059148,-0.2530825,1.109547
19.6992092132568,-0.04437827,-0.2498753,1.109922
19.709290266037,-0.0422171,-0.2391578,1.109743
19.7200412750244,-0.03397589,-0.2213417,1.109927
19.7291831970215,-0.04220194,-0.2191084,1.10962
19.7391707897186,-0.03480741,-0.20291,1.109057
19.7494614124298,-0.03421979,-0.1700129,1.10686
19.759617805481,-0.03619975,-0.1362244,1.104445
19.7691750526428,-0.0338963,-0.114831,1.10391
19.7793650627136,-0.0306726,-0.09593578,1.102679
19.7895724773407,-0.03885592,-0.08956034,1.10174
19.7996733188629,-0.03937537,-0.08305671,1.101076
19.8093843460083,-0.04019033,-0.07731295,1.101015
19.819256067276,-0.04025916,-0.06271479,1.100988
19.8294079303741,-0.03350895,-0.06196753,1.101359
19.8393297195435,-0.03195521,-0.06058855,1.101736
19.8492324352264,-0.04032702,-0.0604366,1.102408
19.8592984676361,-0.04732343,-0.05416149,1.102212
19.8699550628662,-0.04789635,-0.04920517,1.101452
19.8792424201965,-0.04958947,-0.04807638,1.102539
19.8894441127777,-0.05258395,-0.05580624,1.103064
19.8995492458344,-0.05055718,-0.06701978,1.102938
19.9092280864716,-0.05105582,-0.07791869,1.104205
19.9192254543304,-0.0520556,-0.08582232,1.10485
19.929443359375,-0.05338009,-0.09869742,1.10515
19.9395923614502,-0.05655237,-0.1142318,1.106089
19.9492502212524,-0.05469098,-0.1225867,1.107571
19.9591948986053,-0.05936404,-0.131519,1.10782
19.9691166877747,-0.06658989,-0.1440354,1.108936
19.9794521331787,-0.05810108,-0.1651341,1.108192
19.9895215034485,-0.05334684,-0.1834193,1.106038
19.9996702671051,-0.04668621,-0.1989671,1.10579
20.0091559886932,-0.04241144,-0.1973716,1.106749
20.019579410553,-0.03583219,-0.1958444,1.107255
20.0292468070984,-0.02726891,-0.198567,1.107647
20.0396826267242,-0.01251778,-0.1990567,1.106782
20.0492227077484,-0.0343306,-0.185756,1.11043
20.0594470500946,-0.02835201,-0.1873366,1.110472
20.0698900222778,-0.03144477,-0.1819671,1.109268
20.0795814990997,-0.02218927,-0.170028,1.10882
20.0892035961151,-0.01996919,-0.1628889,1.108508
20.0994310379028,-0.02218307,-0.1663958,1.107676
20.1092610359192,-0.01797929,-0.1770432,1.107419
20.1192004680634,-0.02348491,-0.1952151,1.10746
20.1293280124664,-0.02509012,-0.2030132,1.106335
20.1396160125732,-0.02902595,-0.2226619,1.106048
20.1496601104736,-0.04219882,-0.2280703,1.106487
20.1592304706573,-0.05472033,-0.1943852,1.106718
20.1699604988098,-0.05692361,-0.1708187,1.106158
20.1797034740448,-0.06598358,-0.1594885,1.10635
20.1892428398132,-0.07232797,-0.1390283,1.107483
20.1994309425354,-0.06943354,-0.1401189,1.107655
20.2094655036926,-0.06517673,-0.1406334,1.108343
20.2196047306061,-0.06264428,-0.1325729,1.108352
20.2298748493195,-0.05381832,-0.1183172,1.108193
20.2399334907532,-0.04460183,-0.1030094,1.107699
20.2490973472595,-0.03721337,-0.1015626,1.108095
20.2592785358429,-0.02535926,-0.1056894,1.10758
20.2699115276337,-0.0244769,-0.1114406,1.107508
20.2796268463135,-0.02726124,-0.1109941,1.108323
20.2894959449768,-0.0303081,-0.1187893,1.109435
20.2999224662781,-0.03371357,-0.1185941,1.109211
20.3091578483582,-0.02990613,-0.1287547,1.109748
20.3192517757416,-0.03123987,-0.139831,1.109648
20.3299195766449,-0.02958676,-0.1355868,1.108932
20.3395426273346,-0.03694604,-0.1380925,1.110379
20.3492274284363,-0.04738513,-0.1454304,1.1116
20.3594155311584,-0.05588957,-0.1551759,1.111945
20.3696401119232,-0.05987082,-0.1564662,1.111982
20.3797292709351,-0.05287176,-0.1580548,1.111556
20.3894071578979,-0.06061719,-0.1798069,1.112735
20.4000470638275,-0.05799801,-0.1853358,1.112362
20.4091815948486,-0.06083953,-0.1842396,1.113337
20.419575214386,-0.08829781,-0.1714385,1.113805
20.4299359321594,-0.08679569,-0.1649967,1.113412
20.439822435379,-0.1170819,-0.1555398,1.114798
20.4495861530304,-0.1243542,-0.1488661,1.115551
20.4592590332031,-0.1307397,-0.1412615,1.116133
20.469279050827,-0.1312289,-0.1309388,1.116282
20.4799339771271,-0.1207353,-0.1352853,1.115545
20.489586353302,-0.10391,-0.1503013,1.115571
20.4997491836548,-0.08876728,-0.1557532,1.115049
20.5092716217041,-0.07928219,-0.1527585,1.115796
20.519543170929,-0.06993541,-0.1497268,1.115452
20.529153585434,-0.06990904,-0.1470612,1.115853
20.5393998622894,-0.05588294,-0.1566113,1.115479
20.5499725341797,-0.03995063,-0.158856,1.114203
20.5592856407166,-0.030881,-0.1727727,1.11471
20.5693144798279,-0.02574762,-0.1883536,1.114976
20.5799975395203,-0.01521145,-0.1808068,1.114165
20.5896461009979,-0.01141747,-0.1746832,1.113834
20.5998229980469,-0.01136882,-0.1733694,1.113774
20.6095943450928,-0.002619497,-0.1611786,1.113423
20.6195137500763,0.0002083862,-0.1478735,1.11294
20.6291301250458,0.0004885187,-0.1404367,1.113158
20.6398758888245,-0.007323031,-0.1300097,1.113065
20.6494026184082,-0.008524513,-0.1241102,1.113557
20.6591563224792,-0.01233622,-0.1173841,1.113902
20.6697926521301,-0.01690038,-0.1101641,1.11329
20.6799776554108,-0.0235316,-0.1047101,1.113776
20.6896507740021,-0.03655431,-0.1092534,1.115424
20.6993081569672,-0.03766333,-0.1166235,1.115973
20.7092320919037,-0.04634412,-0.1324889,1.117044
20.7200033664703,-0.05636475,-0.1543956,1.117362
20.7296123504639,-0.06577604,-0.1699822,1.118613
20.7391545772552,-0.08014382,-0.1787099,1.120292
20.7493410110474,-0.0867453,-0.1616356,1.119799
20.7594802379608,-0.1090687,-0.1674637,1.120838
20.7692351341248,-0.1248942,-0.1769193,1.1223
20.7795345783234,-0.1316355,-0.1849749,1.122438
20.7897398471832,-0.1320555,-0.1865112,1.12221
20.7993218898773,-0.1349211,-0.1749709,1.122558
20.8091752529144,-0.1386306,-0.1670706,1.122463
20.8191733360291,-0.1469225,-0.1629059,1.122727
20.8294239044189,-0.1507116,-0.1665907,1.123132
20.8393850326538,-0.1474314,-0.1593202,1.123379
20.8492021560669,-0.1477086,-0.1552449,1.125031
20.8593013286591,-0.142327,-0.1531635,1.124875
20.8693218231201,-0.1252047,-0.1481618,1.124096
20.8793902397156,-0.1015656,-0.1391683,1.123066
20.8895194530487,-0.09848539,-0.1453292,1.123257
20.8994777202606,-0.09362779,-0.1621739,1.123928
20.9091682434082,-0.08713175,-0.1681918,1.124818
20.919252872467,-0.07686101,-0.1684859,1.123876
20.9295599460602,-0.06591438,-0.1765988,1.123132
20.9394514560699,-0.06531831,-0.1882738,1.123518
20.9495997428894,-0.05779973,-0.1879959,1.123033
20.9592115879059,-0.05264388,-0.202329,1.123721
20.9694290161133,-0.0463492,-0.1946454,1.12379
20.9796285629272,-0.0361762,-0.1849331,1.12281
20.9891827106476,-0.03214549,-0.1786466,1.122631
20.9998428821564,-0.0293158,-0.1664847,1.121656
21.0091898441315,-0.02488527,-0.158543,1.121639
21.0196123123169,-0.02253878,-0.1492686,1.120332
21.029167175293,-0.01110396,-0.1410267,1.119884
21.0392367839813,-0.006425268,-0.1356257,1.120411
21.0493261814117,-0.009683658,-0.1476007,1.119978
21.0593445301056,-0.01141654,-0.1552583,1.119806
21.0700640678406,-0.0131946,-0.1530757,1.119106
21.0792038440704,-0.0127501,-0.1490612,1.121045
21.0898585319519,-0.01713935,-0.1500577,1.120088
21.1000094413757,-0.02674643,-0.1528458,1.119973
21.1092944145203,-0.03157359,-0.1513113,1.121494
21.1193175315857,-0.04235902,-0.1545854,1.121627
21.1299407482147,-0.04528778,-0.1554,1.121348
21.1398892402649,-0.05129024,-0.1603554,1.122233
21.1491899490356,-0.04350321,-0.1607069,1.12237
21.1593329906464,-0.03559614,-0.1627848,1.122605
21.1691083908081,-0.03384493,-0.1611845,1.122469
21.179253578186,-0.0359228,-0.1616814,1.121326
21.1893966197968,-0.0477958,-0.1622139,1.11925
21.1996536254883,-0.03095397,-0.1592738,1.118309
21.2092041969299,-0.0254826,-0.1503389,1.118508
21.2194375991821,-0.02813211,-0.1424293,1.119418
21.2291066646576,-0.02414707,-0.1377064,1.118285
21.2397289276123,-0.02004944,-0.1344064,1.117563
21.2492275238037,-0.02695317,-0.1405319,1.119047
21.2592840194702,-0.03262459,-0.1527262,1.118613
21.2691385746002,-0.04404761,-0.1950409,1.117712
21.279435634613,-0.03899482,-0.2135229,1.117447
21.2892682552338,-0.02604628,-0.1996278,1.117055
21.2996785640717,-0.02206341,-0.1839254,1.117035
21.3093492984772,-0.01441099,-0.1864939,1.116268
21.3191750049591,-0.02739257,-0.1710672,1.112698
21.3291478157043,-0.03787882,-0.1599894,1.110627
21.3393833637238,-0.06123878,-0.1719424,1.108982
21.3491656780243,-0.07151475,-0.1877964,1.108396
21.359215259552,-0.08422091,-0.2252634,1.108119
21.3693149089813,-0.08663794,-0.2542973,1.108389
21.3799469470978,-0.08309437,-0.2753578,1.108351
21.3896517753601,-0.07496385,-0.2873637,1.111914
21.3992004394531,-0.06986656,-0.2814452,1.11422
21.40958070755,-0.05886386,-0.2878449,1.114921
21.4200682640076,-0.05794115,-0.3172749,1.116023
21.429235458374,-0.05346399,-0.3323532,1.117647
21.4399251937866,-0.04116572,-0.3450501,1.117952
21.4492132663727,-0.032288,-0.3509966,1.118665
21.4594485759735,-0.01532476,-0.3448193,1.119092
21.4692249298096,0.003968649,-0.3194061,1.118731
21.4801437854767,0.01936287,-0.2917204,1.11708
21.4892196655273,0.01387792,-0.250902,1.11709
21.4992527961731,0.01610067,-0.2205359,1.116563
21.5096929073334,0.02552252,-0.2022601,1.115505
21.5195491313934,0.0317555,-0.1920477,1.113348
21.5296552181244,0.03618311,-0.186076,1.112945
21.5392200946808,0.02651938,-0.1757454,1.112787
21.5494434833527,0.03020035,-0.1643096,1.111389
21.5593996047974,0.03685704,-0.1497994,1.110389
21.5695118904114,0.06005995,-0.127243,1.109339
21.5801954269409,0.07853486,-0.1030929,1.107179
21.5891518592834,0.07833585,-0.09100426,1.108846
21.5991396903992,0.08243285,-0.08695456,1.108788
21.609504699707,0.08618345,-0.07977571,1.10841
21.6192283630371,0.07522143,-0.08092667,1.109357
21.6291754245758,0.0618026,-0.09004599,1.109831
21.6396913528442,0.04751673,-0.1097625,1.111405
21.6493010520935,0.04049124,-0.1263529,1.112164
21.6593952178955,0.02230528,-0.1523632,1.112513
21.6699199676514,-0.002556287,-0.1892092,1.112849
21.6796958446503,-0.0161519,-0.1990177,1.113257
21.6892464160919,-0.04890904,-0.2317771,1.113458
21.7000207901001,-0.06753782,-0.2477496,1.112138
21.7095756530762,-0.07889584,-0.2581863,1.112206
21.7191920280457,-0.09914957,-0.2702062,1.111996
21.7293627262115,-0.1125391,-0.2867733,1.111976
21.7391984462738,-0.1232098,-0.2886457,1.111976
21.7491593360901,-0.1234961,-0.2842293,1.112272
21.7592072486877,-0.1248591,-0.2843426,1.112587
21.7695503234863,-0.1111564,-0.2717951,1.113211
21.779212474823,-0.09543131,-0.2510433,1.113795
21.7898519039154,-0.07497513,-0.2065592,1.113078
21.8001172542572,-0.0632254,-0.1808923,1.11357
21.8095161914825,-0.05295277,-0.1580491,1.114545
21.819831609726,-0.04189088,-0.1272244,1.114879
21.829517364502,-0.02851133,-0.1078391,1.11539
21.8392376899719,-0.03070626,-0.1034568,1.116559
21.8491652011871,-0.02084102,-0.1022691,1.116574
21.8592667579651,-0.009075172,-0.09873453,1.11593
21.869574546814,-0.002204459,-0.09402132,1.115128
21.8792426586151,0.005559619,-0.09197181,1.11516
21.8892357349396,0.01157906,-0.08754875,1.115038
21.8999814987183,0.01933996,-0.07526948,1.114239
21.9092609882355,0.03236981,-0.06350887,1.115685
21.9193124771118,0.03145517,-0.05472165,1.116295
21.9291527271271,0.03445455,-0.04811016,1.116436
21.9393351078033,0.03850686,-0.03271998,1.116371
21.9496891498566,0.02908724,-0.02870583,1.116627
21.959121465683,0.01382354,-0.02812187,1.118298
21.96937251091,0.01197671,-0.03189329,1.11757
21.9795715808868,0.005456784,-0.04226885,1.117297
21.9891815185547,-0.008455497,-0.05435952,1.117238
21.9992887973785,-0.02617197,-0.07022276,1.116194
22.0099565982819,-0.0399842,-0.08454016,1.11388
22.0196533203125,-0.05217832,-0.09226338,1.114053
22.0292654037476,-0.06432465,-0.09952202,1.113713
22.0394062995911,-0.07399617,-0.1020519,1.113059
22.0492820739746,-0.07482988,-0.1053882,1.112851
22.0591413974762,-0.07323396,-0.1006875,1.113003
22.0692582130432,-0.07474417,-0.1040318,1.112502
22.0792956352234,-0.07493825,-0.1075779,1.111836
22.0900323390961,-0.06452326,-0.1016473,1.110728
22.099591255188,-0.06633173,-0.0912061,1.11269
22.1094255447388,-0.06779508,-0.0868798,1.112724
22.1199946403503,-0.06322865,-0.08176834,1.111565
22.1297471523285,-0.05835586,-0.07239015,1.11167
22.1397829055786,-0.0563462,-0.06973252,1.110952
22.1493847370148,-0.05290594,-0.06585516,1.1106
22.1600959300995,-0.05355755,-0.04891586,1.11069
22.1692147254944,-0.0538919,-0.04835521,1.111028
22.1792588233948,-0.0517061,-0.04544975,1.110601
22.1893682479858,-0.0550031,-0.05240146,1.110331
22.1992037296295,-0.04923711,-0.04610401,1.110207
22.2091660499573,-0.04194027,-0.04378825,1.10963
22.2198734283447,-0.0400091,-0.0455732,1.108387
22.2291858196259,-0.04189426,-0.05122041,1.108474
22.2396304607391,-0.03875388,-0.05126968,1.107636
22.2493426799774,-0.04342047,-0.06804198,1.107392
22.2592599391937,-0.04154096,-0.0717238,1.106742
22.2695705890656,-0.03798033,-0.06427401,1.106242
22.2802278995514,-0.03517706,-0.0584443,1.1051
22.289336681366,-0.04118351,-0.06447925,1.105738
22.2994542121887,-0.04076026,-0.06250337,1.104833
22.3091433048248,-0.04870572,-0.06529294,1.104657
22.3192358016968,-0.04277326,-0.06086385,1.103947
22.3294734954834,-0.05022934,-0.05934538,1.103787
22.3396444320679,-0.05222306,-0.05319205,1.103691
22.349223613739,-0.05243562,-0.05127776,1.103845
22.3596246242523,-0.0555224,-0.04924469,1.102752
22.3695151805878,-0.0633262,-0.04992139,1.103242
22.3796479701996,-0.05903963,-0.04363,1.102712
22.3891160488129,-0.0652167,-0.03792287,1.10272
22.3993134498596,-0.06309371,-0.02882113,1.102364
22.4095871448517,-0.0571831,-0.02261791,1.101573
22.419243812561,-0.05828347,-0.02133363,1.101809
22.429434299469,-0.05687325,-0.01686801,1.101014
22.4400327205658,-0.05398655,-0.00619192,1.099903
22.4491467475891,-0.05373261,-0.009768239,1.100069
22.4591732025146,-0.04734376,-0.01104378,1.099863
22.4692120552063,-0.03878909,-0.0056262,1.099306
22.4795732498169,-0.02704369,0.003355518,1.098531
22.4900488853455,-0.02031171,0.003110514,1.09818
22.4994473457336,-0.01300617,0.006328187,1.098804
22.5094323158264,-0.005341787,0.004197183,1.09848
22.5193235874176,0.002804615,0.007944357,1.098697
22.5294969081879,0.007533638,0.003777651,1.098685
22.539210319519,0.006570979,0.01558039,1.099178
22.5493602752686,0.00551632,0.02660672,1.098514
22.5591595172882,0.002965569,0.01872163,1.098618
22.569251537323,-0.01447691,0.008970239,1.098742
22.5798680782318,-0.02081079,0.01082264,1.097697
22.5895297527313,-0.02877171,0.01302003,1.099398
22.6001925468445,-0.0346841,0.001597825,1.098785
22.609117269516,-0.04098196,-0.01281449,1.099292
22.6198861598969,-0.0508032,-0.01090716,1.097972
22.6296021938324,-0.05319151,-0.002100118,1.097959
22.6397233009338,-0.06829141,-0.004987705,1.097291
22.6493945121765,-0.07624875,-0.01256794,1.096734
22.6591622829437,-0.08107103,-0.008402811,1.097119
22.6695146560669,-0.08117629,0.001012528,1.096003
22.6796383857727,-0.08542453,-0.0006542411,1.094899
22.689361333847,-0.09999088,-0.008770488,1.095383
22.6995406150818,-0.1072946,-0.01005019,1.095029
22.7091822624207,-0.1175679,-0.01745244,1.094924
22.7193779945374,-0.1241085,-0.03087475,1.094032
22.7295186519623,-0.1311997,-0.03305674,1.094231
22.7391977310181,-0.1315786,-0.01924573,1.094273
22.7492728233337,-0.1271026,-0.0109809,1.093279
22.7594702243805,-0.124942,-0.00573675,1.092794
22.7690744400024,-0.126941,-0.005949684,1.093452
22.7797183990479,-0.1176206,-0.002425578,1.09202
22.7891767024994,-0.1111422,-0.0003303643,1.092371
22.7993013858795,-0.1008339,-0.003421859,1.092547
22.8092045783997,-0.09379404,-0.02275383,1.093313
22.8193852901459,-0.09485451,-0.04335986,1.094617
22.8291063308716,-0.1032694,-0.06508166,1.096327
22.8400385379791,-0.1098036,-0.07880251,1.096756
22.8497273921967,-0.1027684,-0.07818571,1.09649
22.8592474460602,-0.09682649,-0.08193768,1.096269
22.8690934181213,-0.08849475,-0.07957908,1.095781
22.8791854381561,-0.08319861,-0.08363417,1.095153
22.8893740177155,-0.08479179,-0.08736526,1.094801
22.8995351791382,-0.0816085,-0.0889987,1.094249
22.9093413352966,-0.07672624,-0.09213706,1.093875
22.9193332195282,-0.08222392,-0.1086927,1.094548
22.9292035102844,-0.08760392,-0.1248639,1.095203
22.9393241405487,-0.09753162,-0.1451625,1.095805
22.9500601291656,-0.09717962,-0.1575199,1.094955
22.9594895839691,-0.09521684,-0.1699829,1.095642
22.9693329334259,-0.1126074,-0.1878393,1.096076
22.9800355434418,-0.1207463,-0.1951278,1.095972
22.9895861148834,-0.1473537,-0.199735,1.096023
22.9992818832397,-0.1442982,-0.2039446,1.097294
23.0091590881348,-0.1413443,-0.2111129,1.098141
23.0194923877716,-0.1426229,-0.212056,1.098766
23.0291757583618,-0.1417707,-0.2099655,1.099649
23.0397679805756,-0.1420898,-0.2082052,1.099627
23.0494542121887,-0.1383547,-0.2044667,1.100109
23.0593547821045,-0.1342312,-0.2003169,1.100501
23.0692842006683,-0.1357482,-0.1998228,1.101044
23.079763174057,-0.128751,-0.1951125,1.100853
23.0898020267487,-0.1270849,-0.1881222,1.100795
23.0994391441345,-0.1186286,-0.1693922,1.099731
23.1095683574677,-0.1058863,-0.1615186,1.098612
23.1193099021912,-0.1000559,-0.166521,1.100147
23.1294844150543,-0.09817049,-0.1634908,1.100606
23.1394381523132,-0.1114205,-0.1550355,1.100363
23.1493573188782,-0.09918515,-0.1524946,1.100243
23.1593010425568,-0.08834004,-0.1591341,1.101025
23.1694424152374,-0.100041,-0.1667981,1.100972
23.1801700592041,-0.09970496,-0.1606602,1.099561
23.1892204284668,-0.09929566,-0.1590469,1.099418
23.1992943286896,-0.1018205,-0.1561942,1.097434
23.209276676178,-0.1100328,-0.1550981,1.097129
23.2192945480347,-0.1165881,-0.1658571,1.096767
23.2291445732117,-0.1318095,-0.1864647,1.097569
23.2392427921295,-0.1380908,-0.2008744,1.09895
23.2495057582855,-0.1283517,-0.1970011,1.100255
23.2594218254089,-0.1429199,-0.2071065,1.10003
23.2692854404449,-0.1578457,-0.2010446,1.098091
23.2795510292053,-0.1615376,-0.1946511,1.095416
23.2891438007355,-0.1723257,-0.1891292,1.093569
23.2993204593658,-0.1632699,-0.183047,1.09271
23.3091824054718,-0.1586954,-0.1775619,1.093273
23.3191695213318,-0.1211137,-0.1551018,1.097485
23.3293228149414,-0.100167,-0.1460796,1.10004
23.3394389152527,-0.08581614,-0.1400125,1.102811
23.349113702774,-0.08770581,-0.1396653,1.104067
23.3594255447388,-0.09259577,-0.1466771,1.102745
23.3694047927856,-0.08622462,-0.1415504,1.103427
23.3799040317535,-0.08722693,-0.1403118,1.102997
23.3894500732422,-0.09000647,-0.1373155,1.102499
23.3996107578278,-0.08985592,-0.1375204,1.102248
23.4091236591339,-0.09131084,-0.1417223,1.101875
23.4193661212921,-0.09952907,-0.1516544,1.101615
23.4296023845673,-0.1061738,-0.1516531,1.10157
23.4391932487488,-0.1189528,-0.1551136,1.102191
23.4494023323059,-0.1182206,-0.1530856,1.1021
23.4592788219452,-0.1172823,-0.1509265,1.102449
23.4692118167877,-0.117735,-0.1512056,1.102664
23.4793176651001,-0.1153345,-0.1501336,1.102528
23.489492893219,-0.1104873,-0.1507329,1.102154
23.4995057582855,-0.105489,-0.1497327,1.101884
23.5094258785248,-0.1022068,-0.1497243,1.101849
23.5200006961823,-0.09785224,-0.1481286,1.100758
23.5297458171844,-0.0932565,-0.1475794,1.100471
23.5395014286041,-0.09721494,-0.1524252,1.100326
23.5496525764465,-0.09102809,-0.1466301,1.099856
23.5591585636139,-0.0862861,-0.1463361,1.099848
23.5694782733917,-0.0793851,-0.1504458,1.099133
23.5796592235565,-0.07146236,-0.1478982,1.098556
23.5892374515533,-0.0663261,-0.1493864,1.098518
23.599303483963,-0.05759157,-0.1456752,1.097939
23.6092622280121,-0.05320629,-0.1445341,1.097933
23.6196224689484,-0.04586135,-0.1423898,1.097004
23.6293308734894,-0.01957669,-0.1262654,1.096301
23.6399557590485,-0.01928761,-0.1207856,1.095775
23.6493232250214,-0.01675234,-0.1218474,1.096365
23.6593277454376,-0.01285422,-0.1187859,1.096086
23.6691677570343,-0.01164114,-0.1182865,1.095499
23.6797432899475,-0.009005375,-0.1121661,1.094667
23.6893756389618,-0.01126943,-0.1076856,1.094383
23.6995542049408,0.002051177,-0.09586376,1.093283
23.7091202735901,0.01220358,-0.09263588,1.092887
23.7194170951843,0.008168494,-0.09053429,1.092905
23.7296552658081,0.02994318,-0.07606856,1.091834
23.7391972541809,0.0547403,-0.06267528,1.089501
23.7493681907654,0.07220948,-0.0569798,1.087704
23.7594962120056,0.08455165,-0.04123631,1.086547
23.7692041397095,0.08405686,-0.03847339,1.086661
23.7794651985168,0.08761787,-0.03780069,1.08557
23.7895877361298,0.07767302,-0.03602131,1.086411
23.7991936206818,0.08299693,-0.02159729,1.086519
23.8093469142914,0.0886479,-0.02058367,1.086073
23.819429397583,0.09868227,-0.01536137,1.085616
23.8294830322266,0.09810954,-0.01610933,1.084877
23.839164018631,0.09242518,-0.01908981,1.085426
23.8492951393127,0.09608351,-0.02042296,1.085059
23.8592233657837,0.09993281,-0.02492696,1.084569
23.8695485591888,0.09610049,-0.02785463,1.083557
23.8792426586151,0.09466789,-0.03272392,1.082984
23.8898990154266,0.090164,-0.03787045,1.081323
23.8995087146759,0.08630763,-0.04270969,1.080712
23.9091641902924,0.08149007,-0.04759608,1.0805
23.9192364215851,0.06977679,-0.05423125,1.079457
23.9297027587891,0.06447361,-0.06041453,1.078571
23.9392137527466,0.05465513,-0.06969768,1.078628
23.9494972229004,0.04702137,-0.0785093,1.077919
23.9592032432556,0.05289927,-0.07702356,1.077206
23.9692904949188,0.06908265,-0.07420046,1.076191
23.9795265197754,0.08489849,-0.07940719,1.074487
23.9891307353973,0.07066949,-0.09445514,1.073763
23.9991958141327,0.06308663,-0.1037864,1.073586
24.0090761184692,0.05495757,-0.1093239,1.073256
24.0194578170776,0.04240905,-0.1208588,1.072354
24.0296528339386,0.03045467,-0.1270215,1.072805
24.0398139953613,0.002540162,-0.1349172,1.074978
24.0493848323822,-0.007879876,-0.1380026,1.075887
24.0592827796936,-0.012906,-0.1383616,1.0749
24.0691161155701,-0.02416092,-0.1472914,1.072736
24.079776763916,-0.02418735,-0.1395971,1.070661
24.0894610881805,-0.0297319,-0.133653,1.070351
24.1001148223877,-0.03286793,-0.1288117,1.069459
24.1091296672821,-0.03302208,-0.1178959,1.070112
24.1200084686279,-0.03465418,-0.1029419,1.068915
24.1296808719635,-0.03550696,-0.09938067,1.069023
24.1392512321472,-0.04217117,-0.09374329,1.068568
24.1498713493347,-0.04555273,-0.08131269,1.066666
24.1591622829437,-0.04892068,-0.0728327,1.067435
24.1691870689392,-0.05390449,-0.06727386,1.067376
24.1796281337738,-0.04731882,-0.0577656,1.06635
24.1891882419586,-0.05165047,-0.05363922,1.067812
24.199985742569,-0.04317667,-0.0476502,1.067415
24.209216594696,-0.04101039,-0.04849492,1.068544
24.2198798656464,-0.04540271,-0.05589511,1.068411
24.2295064926147,-0.04726016,-0.06068315,1.069226
24.2393171787262,-0.05831994,-0.07434578,1.070147
24.2496061325073,-0.05863007,-0.07636511,1.070097
24.2593574523926,-0.06033954,-0.0811393,1.070704
24.269327878952,-0.05581874,-0.09212862,1.072387
24.2795426845551,-0.04389517,-0.09637671,1.073048
24.2894141674042,-0.04590434,-0.1032948,1.075327
24.2993016242981,-0.06501245,-0.1039914,1.076593
24.3092877864838,-0.05469539,-0.09983487,1.076898
24.3201224803925,-0.04106694,-0.1023317,1.076612
24.3296089172363,-0.03296106,-0.09983947,1.07779
24.3396008014679,-0.02759525,-0.09211742,1.077556
24.3492736816406,-0.02938876,-0.09018013,1.077328
24.3593797683716,-0.02679257,-0.08673937,1.076424
24.3695149421692,-0.04100505,-0.09450346,1.07423
24.3791832923889,-0.04662592,-0.09223448,1.07341
24.3893501758575,-0.06045388,-0.08638838,1.071457
24.3996663093567,-0.06456561,-0.08519541,1.070038
24.4093165397644,-0.06852212,-0.09159002,1.070426
24.4192717075348,-0.07012746,-0.1035591,1.070229
24.4294002056122,-0.06907565,-0.1152336,1.069818
24.439352273941,-0.07097694,-0.1279356,1.068597
24.4493796825409,-0.07575181,-0.1421243,1.069222
24.4593789577484,-0.0766271,-0.1478624,1.071821
24.4691159725189,-0.09123428,-0.1312429,1.073413
24.4793426990509,-0.091134,-0.1145924,1.073174
24.4895813465118,-0.08768322,-0.1085902,1.071644
24.4992439746857,-0.08760524,-0.1091457,1.071524
24.5092570781708,-0.08884449,-0.09891496,1.070969
24.5195844173431,-0.08869597,-0.09547104,1.070525
24.5298554897308,-0.08454532,-0.09847515,1.070411
24.5401134490967,-0.07717733,-0.1030933,1.068584
24.549341917038,-0.06745821,-0.1009035,1.069091
24.5592715740204,-0.06129444,-0.09287766,1.069409
24.5695521831512,-0.05238442,-0.07404507,1.069861
24.5791466236115,-0.04048904,-0.06247501,1.07102
24.5892746448517,-0.03599691,-0.0390934,1.071494
24.6000092029572,-0.03012102,-0.01841053,1.070792
24.6091890335083,-0.03082012,-0.02362112,1.072431
24.6193814277649,-0.0346034,-0.03755314,1.07305
24.6300480365753,-0.03415076,-0.04432629,1.072801
24.6396124362946,-0.03982743,-0.06040967,1.073208
24.6498196125031,-0.03945218,-0.06447463,1.073192
24.6594593524933,-0.03594782,-0.07451873,1.073701
24.6692163944244,-0.02077113,-0.07444517,1.074152
24.6798868179321,-0.003048898,-0.06833322,1.072444
24.689665555954,-0.005110295,-0.06964996,1.073176
24.6992378234863,-0.001795433,-0.07051717,1.073723
24.7091937065125,0.0003909846,-0.07458553,1.073562
24.7196817398071,-0.006783359,-0.07581387,1.073481
24.7298691272736,-0.008199793,-0.06968798,1.073445
24.7396500110626,-0.01498512,-0.06744679,1.073197
24.7491073608398,-0.02464169,-0.07200505,1.074083
24.7593445777893,-0.0300661,-0.07370016,1.073838
24.7694671154022,-0.04765092,-0.08460357,1.074002
24.779994726181,-0.05884819,-0.0781348,1.075188
24.7896926403046,-0.07361282,-0.07049289,1.077242
24.799298286438,-0.08215558,-0.06007326,1.078404
24.8094153404236,-0.08860338,-0.05790708,1.078043
24.8192868232727,-0.09684344,-0.06407155,1.078313
24.8295979499817,-0.0925742,-0.06687874,1.077636
24.8399362564087,-0.0847642,-0.06836117,1.076725
24.8495447635651,-0.08653592,-0.07143759,1.077042
24.8592171669006,-0.08345301,-0.06553409,1.077858
24.8692152500153,-0.08884116,-0.06558039,1.076846
24.8792254924774,-0.08797805,-0.05183088,1.078917
24.8895070552826,-0.09585577,-0.04522362,1.080543
24.8995838165283,-0.09567147,-0.0422596,1.08031
24.9092719554901,-0.1072337,-0.03430324,1.08219
24.9193596839905,-0.1014354,-0.007227514,1.082654
24.9295289516449,-0.09883316,-0.001985624,1.083083
24.9393625259399,-0.09846041,0.001318308,1.084647
24.9497399330139,-0.09824204,0.002861853,1.085689
24.9595718383789,-0.09464512,0.007721003,1.088362
24.9694836139679,-0.08041566,0.02416764,1.088949
24.980176448822,-0.07823839,0.0242686,1.089563
24.9898960590363,-0.07506172,0.02759492,1.091061
24.9999146461487,-0.06648701,0.02992566,1.090996
25.0092070102692,-0.06758997,0.01978305,1.091734
25.0192701816559,-0.07589485,0.003185255,1.091679
25.0295367240906,-0.07798767,-0.005161335,1.091312
25.0391833782196,-0.08649645,-0.01348562,1.092672
25.0493483543396,-0.09408651,-0.01977416,1.093541
25.0592019557953,-0.09808033,-0.02200665,1.094762
25.0695233345032,-0.1073207,-0.03112127,1.096241
25.0791771411896,-0.114434,-0.04160973,1.097045
25.0893077850342,-0.1273018,-0.05113226,1.098601
25.0994257926941,-0.1291155,-0.05658935,1.098802
25.1092700958252,-0.1299049,-0.05833571,1.099435
25.1195619106293,-0.1444089,-0.07034861,1.099954
25.1291317939758,-0.1504671,-0.07769568,1.100932
25.1393120288849,-0.1467958,-0.08217862,1.100418
25.1495878696442,-0.1478424,-0.08762038,1.099557
25.1593201160431,-0.1425144,-0.09091041,1.098765
25.169454574585,-0.1411219,-0.09184745,1.099235
25.1796264648438,-0.130383,-0.0924476,1.099338
25.1896131038666,-0.1196328,-0.09205466,1.099417
25.1992383003235,-0.117285,-0.09258325,1.099985
25.2095372676849,-0.1098827,-0.0935365,1.100136
25.2191290855408,-0.1062132,-0.09383436,1.100832
25.2295627593994,-0.11273,-0.09364749,1.101416
25.2398729324341,-0.1020312,-0.0884802,1.100886
25.249794960022,-0.09905593,-0.08959595,1.100391
25.2592403888702,-0.09978078,-0.09992605,1.099839
25.2703945636749,-0.1140026,-0.1196699,1.096809
25.2792615890503,-0.1171362,-0.1369358,1.097084
25.2893743515015,-0.1228278,-0.1571321,1.095773
25.2994520664215,-0.1226522,-0.1612907,1.094561
25.3091993331909,-0.1230377,-0.1630785,1.095049
25.3192086219788,-0.1119653,-0.1320691,1.096597
25.3293375968933,-0.1147226,-0.1237037,1.097462
25.3395042419434,-0.1181123,-0.1159454,1.098523
25.3491959571838,-0.1101792,-0.1101153,1.098932
25.3592154979706,-0.1107977,-0.1121508,1.099218
25.3703136444092,-0.1134541,-0.1116927,1.099267
25.3797166347504,-0.1209201,-0.1205733,1.100926
25.3893163204193,-0.1223804,-0.1183843,1.099671
25.3997709751129,-0.1165808,-0.1156004,1.100182
25.4091696739197,-0.1162433,-0.1093821,1.100986
25.4192206859589,-0.1270268,-0.1218945,1.098046
25.4293191432953,-0.1248643,-0.1228382,1.095387
25.4396834373474,-0.1305407,-0.12346,1.092593
25.4493169784546,-0.1306189,-0.1268893,1.09148
25.4591960906982,-0.1250702,-0.1269953,1.091129
25.4692006111145,-0.1286834,-0.1207876,1.090351
25.4797127246857,-0.1243457,-0.11237,1.089094
25.4894154071808,-0.1185334,-0.1050845,1.089296
25.4999949932098,-0.1161395,-0.09726854,1.08876
25.5094089508057,-0.1102634,-0.09480295,1.089972
25.5193440914154,-0.1044023,-0.09157944,1.090629
25.5294456481934,-0.09649564,-0.09097622,1.090772
25.5395479202271,-0.09104642,-0.09155334,1.090752
25.5492446422577,-0.08156949,-0.09232944,1.090972
25.5594520568848,-0.07293366,-0.09117442,1.090759
25.5695700645447,-0.06723802,-0.09020261,1.090196
25.5796535015106,-0.05753278,-0.09120065,1.090189
25.589724779129,-0.05389604,-0.09115651,1.090695
25.5994145870209,-0.04576233,-0.08672037,1.092342
25.6093969345093,-0.04230207,-0.08982265,1.092708
25.6201899051666,-0.03769904,-0.09476865,1.093011
25.6294851303101,-0.03352868,-0.100361,1.094348
25.6392719745636,-0.02959195,-0.1089082,1.095586
25.6493208408356,-0.03139613,-0.1150802,1.097461
25.6591696739197,-0.02795244,-0.1235841,1.097301
25.6695063114166,-0.02817019,-0.1435616,1.098153
25.6797046661377,-0.02739548,-0.1535639,1.099425
25.6893029212952,-0.02645891,-0.1643542,1.101059
25.6999671459198,-0.02909899,-0.1753476,1.101419
25.7092490196228,-0.02798386,-0.1808788,1.102564
25.7192914485931,-0.03711985,-0.1679238,1.100419
25.7294561862946,-0.03831523,-0.1654053,1.098491
25.7396111488342,-0.04104819,-0.1671932,1.095595
25.7491812705994,-0.04491714,-0.1696007,1.094523
25.7593123912811,-0.04598009,-0.1569587,1.093284
25.7695360183716,-0.05399352,-0.1372105,1.092309
25.7796461582184,-0.0563824,-0.1257455,1.091379
25.7893059253693,-0.07048248,-0.111626,1.09116
25.7997362613678,-0.06480012,-0.0998017,1.090144
25.8092544078827,-0.07137849,-0.1110834,1.090162
25.8192570209503,-0.07541278,-0.105968,1.090182
25.8293075561523,-0.07425201,-0.1066216,1.09015
25.8399167060852,-0.07584837,-0.09589645,1.089944
25.8492059707642,-0.08010696,-0.1010424,1.090651
25.8593811988831,-0.07746051,-0.101419,1.09038
25.8694090843201,-0.07695391,-0.09930387,1.090306
25.879435300827,-0.07907106,-0.1022473,1.090104
25.8892016410828,-0.07731879,-0.1038051,1.08902
25.8998799324036,-0.0723583,-0.1073375,1.087395
25.909316778183,-0.07268102,-0.1064918,1.088337
25.9191877841949,-0.08090107,-0.1080281,1.089257
25.9298169612885,-0.0818543,-0.1114985,1.088956
25.9394860267639,-0.08527068,-0.135183,1.088849
25.9496431350708,-0.08178149,-0.1453253,1.08669
25.9593195915222,-0.0767905,-0.1523414,1.085582
25.9699785709381,-0.08236329,-0.1592856,1.085184
25.980119228363,-0.07926977,-0.1537015,1.085107
25.9892892837524,-0.1092241,-0.2441953,1.086393
25.9999577999115,-0.1038887,-0.2372414,1.085675
26.0093076229095,-0.09667288,-0.2321111,1.086281
26.0196912288666,-0.09696648,-0.2431817,1.08548
26.0294964313507,-0.08788063,-0.2454216,1.084316
26.0396881103516,-0.08151066,-0.2642238,1.08387
26.0492656230927,-0.07670689,-0.2629621,1.083079
26.0594751834869,-0.06829835,-0.2595342,1.082172
26.0691201686859,-0.08202787,-0.257405,1.083865
26.0793874263763,-0.087771,-0.2419529,1.083384
26.089551448822,-0.09431598,-0.2322316,1.082865
26.0992088317871,-0.09837595,-0.2389923,1.083419
26.1093654632568,-0.1066569,-0.2336672,1.083808
26.1194887161255,-0.1145968,-0.2073523,1.0838
26.1300122737885,-0.112159,-0.1815453,1.083221
26.1396842002869,-0.1197,-0.1792472,1.084461
26.1493723392487,-0.1136399,-0.1800796,1.085167
26.159229516983,-0.1103972,-0.1685715,1.085736
26.1691541671753,-0.1133722,-0.1583391,1.086508
26.1792807579041,-0.1077971,-0.1480788,1.087128
26.1891872882843,-0.09747619,-0.1538133,1.088328
26.1999833583832,-0.08055015,-0.1339435,1.08777
26.2093350887299,-0.07055226,-0.1155121,1.088391
26.2196595668793,-0.06058533,-0.1032977,1.088702
26.2293477058411,-0.04360307,-0.1060508,1.089653
26.2402632236481,-0.0400046,-0.1064325,1.089881
26.2492849826813,-0.03516292,-0.1096418,1.091041
26.2595627307892,-0.03308775,-0.1127713,1.091653
26.2692058086395,-0.03580697,-0.1317122,1.09303
26.279408454895,-0.02863661,-0.1321438,1.092658
26.2900958061218,-0.03382218,-0.1332793,1.092272
26.2996187210083,-0.02393434,-0.1346975,1.09181
26.3092269897461,-0.01099929,-0.1497018,1.091489
26.3193130493164,-0.007292741,-0.1460579,1.091048
26.329710483551,-0.008628732,-0.1446139,1.09072
26.3393151760101,-0.003132459,-0.1618745,1.090924
26.3495576381683,0.005697334,-0.1743569,1.090692
26.3595707416534,0.006426495,-0.1708487,1.091263
26.3693408966064,-0.001761439,-0.1823055,1.092747
26.3802080154419,0.008823091,-0.194678,1.092623
26.3892753124237,-0.01032708,-0.1907926,1.094784
26.3994026184082,-0.01658232,-0.183624,1.095227
26.409163236618,-0.02311421,-0.1932122,1.096691
26.4197165966034,-0.03816301,-0.1825445,1.096731
26.4294455051422,-0.04565342,-0.1772177,1.097481
26.4396028518677,-0.05326662,-0.1655106,1.098011
26.4493262767792,-0.06111742,-0.1612343,1.098458
26.4592366218567,-0.06202755,-0.1545039,1.098634
26.469221830368,-0.06063737,-0.1403653,1.099052
26.4793508052826,-0.05364968,-0.1298515,1.098494
26.4896535873413,-0.0542142,-0.1262468,1.097912
26.4993131160736,-0.05242862,-0.1332579,1.099763
26.5092732906342,-0.05071493,-0.130686,1.100739
26.5194470882416,-0.03785133,-0.1460017,1.101121
26.530017375946,-0.02611789,-0.1523385,1.10094
26.53919672966,-0.03449314,-0.1759335,1.103647
26.549281835556,-0.03351002,-0.1793582,1.104347
26.5592138767242,-0.03762108,-0.1828246,1.105242
26.5695567131042,-0.03969491,-0.1923825,1.105765
26.5793869495392,-0.03111898,-0.1959218,1.105925
26.5895435810089,-0.01816151,-0.2025143,1.105376
26.599262714386,-0.008327546,-0.2084522,1.105618
26.6093392372131,-0.01088256,-0.224731,1.106318
26.6192607879639,-0.01056191,-0.2395445,1.107085
26.6292717456818,-0.02170515,-0.2452872,1.10855
26.6393687725067,-0.03243715,-0.2248498,1.108788
26.6494703292847,-0.03433674,-0.2096556,1.108682
26.6592502593994,-0.02919648,-0.2056479,1.109186
26.6694247722626,-0.03661252,-0.2267477,1.11055
26.6794259548187,-0.04392461,-0.2362889,1.111881
26.689962387085,-0.04900758,-0.2202549,1.111199
26.7001061439514,-0.05222983,-0.2084788,1.110998
26.7094714641571,-0.0607058,-0.196623,1.112177
26.7192339897156,-0.07614268,-0.2165456,1.114428
26.7299687862396,-0.08083955,-0.2175039,1.115017
26.7394835948944,-0.09450264,-0.2128977,1.116839
26.7492487430573,-0.09689035,-0.1955018,1.116723
26.7593867778778,-0.1004331,-0.1862274,1.117034
26.7691290378571,-0.09696446,-0.1852095,1.117901
26.7792716026306,-0.08935838,-0.1906413,1.117886
26.7893884181976,-0.08781001,-0.2025956,1.11825
26.7992520332336,-0.07790868,-0.2042935,1.119169
26.8096423149109,-0.06541026,-0.2027252,1.118225
26.8192346096039,-0.05526863,-0.197652,1.117498
26.8293945789337,-0.04318493,-0.190487,1.116229
26.8395693302155,-0.03995229,-0.1980448,1.116064
26.8492202758789,-0.03485426,-0.2084485,1.117761
26.8592510223389,-0.02338979,-0.2170648,1.119341
26.8697581291199,-0.02271075,-0.2288551,1.121086
26.8798735141754,-0.01783656,-0.2423878,1.122847
26.8893296718597,-0.0206181,-0.2597817,1.126339
26.8992419242859,-0.003240529,-0.2585884,1.126291
26.9092819690704,0.02250393,-0.2536923,1.126983
26.9192941188812,0.04352871,-0.2231331,1.126581
26.9293785095215,0.05867067,-0.2066752,1.126894
26.9400389194489,0.07704017,-0.199056,1.127026
26.9492797851562,0.0878687,-0.1926372,1.128644
26.9592847824097,0.0906867,-0.1791441,1.128271
26.9694132804871,0.07772657,-0.1765229,1.12712
26.9794726371765,0.07576807,-0.1828995,1.126067
26.9896347522736,0.07445843,-0.1710588,1.125181
26.9991626739502,0.07635869,-0.1612169,1.124565
27.0094623565674,0.07939819,-0.1487231,1.123671
27.0194480419159,0.04516683,-0.1432231,1.124783
27.0300333499908,0.03289317,-0.1358609,1.123793
27.0402021408081,0.003457914,-0.1456977,1.124309
27.0493047237396,-0.02318798,-0.1435415,1.124086
27.0600783824921,-0.02216936,-0.1281245,1.123458
27.0695044994354,-0.02558766,-0.1186423,1.124684
27.0801668167114,-0.01554561,-0.100487,1.124729
27.0892913341522,-0.01559476,-0.0867826,1.127353
27.1000792980194,-0.01311589,-0.09102889,1.126478
27.1091294288635,-0.011719,-0.08610764,1.127169
27.1192290782928,-0.05504828,-0.08463645,1.124669
27.1299066543579,-0.0999043,-0.08716346,1.119512
27.1394460201263,-0.144233,-0.09828158,1.117388
27.1496021747589,-0.166226,-0.1027313,1.115255
27.1593108177185,-0.1835358,-0.119815,1.114588
27.1693844795227,-0.2012063,-0.1443535,1.113382
27.1796081066132,-0.2158491,-0.1635381,1.112527
27.1891956329346,-0.2303907,-0.1806492,1.11438
27.1992642879486,-0.2355858,-0.1883096,1.114799
27.2094221115112,-0.2343813,-0.1968466,1.11506
27.2200300693512,-0.2323424,-0.2088372,1.115616
27.2291631698608,-0.2283223,-0.2181003,1.117259
27.2392237186432,-0.2070529,-0.2538156,1.117945
27.2499351501465,-0.1853015,-0.2490035,1.117071
27.2592270374298,-0.1600443,-0.2400484,1.119422
27.26988697052,-0.1034642,-0.2111076,1.118155
27.2796514034271,-0.09060162,-0.2110532,1.118651
27.2891774177551,-0.1045016,-0.2297817,1.11992
27.2999346256256,-0.09745604,-0.2485486,1.120103
27.3092615604401,-0.09026787,-0.2610623,1.120078
27.3194983005524,-0.07320736,-0.2514208,1.116879
27.3294596672058,-0.05953222,-0.249045,1.1155
27.3391726016998,-0.05428033,-0.2809267,1.115089
27.3498072624207,-0.05977182,-0.2949123,1.117173
27.3593277931213,-0.0638507,-0.2972404,1.11907
27.3691387176514,-0.07915381,-0.2775398,1.119657
27.3793005943298,-0.07584629,-0.2918037,1.119768
27.38951587677,-0.07429349,-0.2969778,1.118438
27.400101184845,-0.06038789,-0.2719533,1.115105
27.4093554019928,-0.04768302,-0.2531043,1.111252
27.4192526340485,-0.05992928,-0.282795,1.113973
27.4292593002319,-0.07698707,-0.2935091,1.116875
27.4396014213562,-0.09596673,-0.3052309,1.119372
27.4497835636139,-0.09699987,-0.2922982,1.119465
27.4594357013702,-0.09936917,-0.3016877,1.120582
27.4692695140839,-0.09502169,-0.3020482,1.119341
27.4800107479095,-0.08810052,-0.2879853,1.116944
27.4892811775208,-0.0717532,-0.2492534,1.113514
27.4994380474091,-0.05963854,-0.2429967,1.112484
27.5093350410461,-0.05107419,-0.232443,1.111326
27.5196099281311,-0.04154301,-0.2247808,1.110128
27.5292835235596,-0.0267398,-0.2098678,1.108463
27.5393583774567,-0.01015398,-0.2004625,1.106634
27.5492289066315,-0.03843395,-0.1963808,1.109781
27.5593414306641,-0.03178635,-0.2010314,1.11146
27.5695188045502,-0.02037871,-0.2029915,1.112344
27.5792009830475,-0.005834073,-0.2289308,1.113305
27.5895154476166,0.01224444,-0.235211,1.111896
27.5996954441071,0.03261323,-0.2303183,1.109522
27.6093964576721,0.04837921,-0.2355365,1.108401
27.6196708679199,0.06031141,-0.2434091,1.108492
27.6292760372162,0.06447254,-0.2516819,1.109512
27.6393396854401,0.06165843,-0.2613213,1.112412
27.6495509147644,0.06091554,-0.2806275,1.114352
27.6593708992004,0.06596877,-0.287958,1.114157
27.6693496704102,0.07765263,-0.2743521,1.111206
27.6798396110535,0.08560868,-0.2747222,1.109714
27.6892027854919,0.08892649,-0.2877312,1.110584
27.6994569301605,0.05445138,-0.3273737,1.115944
27.7091867923737,0.04169357,-0.3458844,1.118085
27.7192442417145,0.04089382,-0.3504209,1.117488
27.7294239997864,0.03705233,-0.3593169,1.117554
27.7396554946899,0.0480983,-0.3439187,1.114131
27.7494928836823,0.0537526,-0.3218632,1.112794
27.759222984314,0.04479867,-0.3257969,1.113407
27.7692692279816,0.03493988,-0.335084,1.114028
27.7794477939606,0.01638196,-0.3421931,1.117368
27.7901735305786,-0.005766088,-0.3477508,1.120091
27.7995872497559,-0.0229861,-0.3499725,1.122532
27.8091788291931,-0.02839307,-0.3400094,1.123901
27.8192749023438,-0.04131177,-0.3428913,1.125862
27.8294956684113,-0.0532561,-0.3410713,1.126871
27.8391616344452,-0.05926442,-0.3373117,1.128019
27.8494646549225,-0.05798104,-0.3262487,1.127322
27.8592903614044,-0.06333932,-0.3236245,1.128193
27.8698470592499,-0.06540909,-0.3233576,1.128033
27.8794152736664,-0.05794235,-0.3117008,1.127958
27.8895621299744,-0.05596192,-0.3083515,1.128702
27.8992431163788,-0.03384484,-0.286533,1.129972
27.9092719554901,-0.003816048,-0.2667866,1.129298
27.9195740222931,0.04066312,-0.24734,1.129559
27.9293177127838,0.0408956,-0.2612635,1.130597
27.9398739337921,0.03477986,-0.2819791,1.130364
27.9493184089661,0.03682236,-0.2995978,1.131868
27.9592893123627,0.05998444,-0.3144692,1.130633
27.9691247940063,0.0520864,-0.3337957,1.129723
27.9792749881744,0.05138045,-0.325436,1.126289
27.9899711608887,0.09701835,-0.3131129,1.124751
27.999655008316,0.1031106,-0.3256224,1.126416
28.0093245506287,0.09832652,-0.3437828,1.126735
28.0193102359772,0.09689871,-0.3584215,1.126586
28.0301077365875,0.103407,-0.3578126,1.127542
28.0391960144043,0.1036221,-0.3710094,1.127211
28.0493633747101,0.09152888,-0.3729343,1.125134
28.0592436790466,0.106324,-0.3674459,1.123834
28.0691163539886,0.1142,-0.3686988,1.123069
28.0797281265259,0.1215515,-0.3746148,1.122312
28.0893728733063,0.1596683,-0.363951,1.125057
28.0996870994568,0.1642407,-0.3419271,1.125924
28.1094274520874,0.1459399,-0.3473438,1.125395
28.119482755661,0.1380179,-0.3461403,1.125948
28.1292498111725,0.139457,-0.3435556,1.127166
28.1394860744476,0.1249774,-0.348603,1.122292
28.1496007442474,0.150555,-0.3068331,1.119466
28.1593713760376,0.1435884,-0.3184434,1.118916
28.1693716049194,0.134752,-0.3834479,1.119355
28.1799378395081,0.1267322,-0.4019782,1.117198
28.1897509098053,0.121873,-0.4094952,1.113387
28.1994969844818,0.1241696,-0.4087086,1.111922
28.2091336250305,0.1371571,-0.4253412,1.112167
28.2194039821625,0.1539102,-0.3837065,1.109523
28.2295105457306,0.153969,-0.3988033,1.110119
28.2401247024536,0.1555787,-0.4334839,1.113128
28.2493124008179,0.1480973,-0.4214419,1.111298
28.2592992782593,0.1698969,-0.4096885,1.110608
28.2695808410645,0.1827015,-0.4201152,1.109813
28.2797079086304,0.1919474,-0.3959153,1.108397
28.2894325256348,0.2233782,-0.3629808,1.107733
28.29944896698,0.223255,-0.3470198,1.107845
28.3095679283142,0.2419772,-0.3471923,1.110546
28.3193418979645,0.2197012,-0.3440394,1.113118
28.3294911384583,0.2164537,-0.341778,1.112176
28.3391630649567,0.2485119,-0.3225807,1.111893
28.3494732379913,0.2641895,-0.3254093,1.112086
28.3592624664307,0.2662547,-0.3060674,1.109808
28.3693337440491,0.2820599,-0.2967732,1.108018
28.379545211792,0.2944516,-0.2783264,1.107567
28.3890945911407,0.2892702,-0.3083057,1.111787
28.3995933532715,0.2810818,-0.2795546,1.108209
28.4092924594879,0.2870067,-0.2597913,1.10687
28.4192996025085,0.294362,-0.2800309,1.108141
28.4295070171356,0.2688089,-0.2977492,1.106214
28.4391870498657,0.2046796,-0.3424018,1.10374
28.4498190879822,0.1653586,-0.3562379,1.101393
28.4595050811768,0.1190579,-0.3835341,1.100078
28.4693505764008,0.05567906,-0.4613222,1.098103
28.4799890518188,0.0184942,-0.5038782,1.094837
28.4891324043274,-0.02533756,-0.5829364,1.090202
28.4993093013763,-0.05338752,-0.6395824,1.087379
28.5092973709106,0,0,0
28.5196034908295,0,0,0
28.5292570590973,0,0,0
28.5395545959473,0,0,0
28.549533367157,0,0,0
28.5594470500946,0,0,0
28.5691833496094,0,0,0
28.5792725086212,0,0,0
28.5895285606384,0,0,0
28.5996465682983,0,0,0
28.6091723442078,0,0,0
28.6193203926086,0,0,0
28.6294939517975,0,0,0
28.6396510601044,0,0,0
28.6492636203766,0,0,0
28.6594142913818,0,0,0
28.6691741943359,0,0,0
28.6792109012604,0,0,0
28.6899185180664,0,0,0
28.7000787258148,0,0,0
28.7098264694214,0,0,0
28.7194187641144,0,0,0
28.729484796524,0,0,0
28.7392337322235,0,0,0
28.7492716312408,0,0,0
28.7595944404602,0,0,0
28.7696671485901,0,0,0
28.7795734405518,0,0,0
28.7892024517059,0,0,0
28.7992753982544,0,0,0
28.8093845844269,0,0,0
28.8197395801544,0,0,0
28.8295395374298,0,0,0
28.8393499851227,0,0,0
28.8500139713287,0,0,0
28.8592371940613,0,0,0
28.8691356182098,0,0,0
28.8802876472473,0,0,0
28.8900396823883,0,0,0
28.8992087841034,0,0,0
28.9095010757446,0,0,0
28.9192714691162,0,0,0
28.9293727874756,0,0,0
28.9395687580109,0,0,0
28.9492223262787,0,0,0
28.9592754840851,0,0,0
28.9695560932159,0,0,0
28.9800901412964,0,0,0
28.9897801876068,0,0,0
28.9993813037872,0,0,0
29.0093965530396,0,0,0
29.0191991329193,0,0,0
29.0293731689453,0,0,0
29.0394661426544,0,0,0
29.0491652488708,0,0,0
29.0593786239624,0,0,0
29.0692591667175,0,0,0
29.079705953598,0,0,0
29.089282989502,0,0,0
29.0994820594788,0,0,0
29.1092712879181,0,0,0
29.120087146759,0,0,0
29.1292455196381,0,0,0
29.1394369602203,0,0,0
29.1495866775513,0,0,0
29.1597943305969,0,0,0
29.169353723526,0,0,0
29.1800587177277,0,0,0
29.1896636486053,0,0,0
29.1993901729584,0,0,0
29.2094926834106,0,0,0
29.2193536758423,0,0,0
29.2294991016388,0,0,0
29.2398748397827,0,0,0
29.2499046325684,0,0,0
29.2595701217651,0,0,0
29.2691979408264,0,0,0
29.279470205307,0,0,0
29.289128780365,0,0,0
29.2998461723328,0,0,0
29.3094770908356,0,0,0
29.3199410438538,0,0,0
29.3292605876923,0,0,0
29.3396291732788,0,0,0
29.3496224880219,0,0,0
29.359386920929,0,0,0
29.369343996048,0,0,0
29.3798749446869,0,0,0
29.3891444206238,0,0,0
29.3992536067963,0,0,0
29.409809589386,0,0,0
29.4194779396057,0,0,0
29.4294180870056,0,0,0
29.4398310184479,0,0,0
29.4497146606445,0,0,0
29.4592220783234,0,0,0
29.469409942627,0,0,0
29.4796252250671,0,0,0
29.489185333252,0,0,0
29.499908208847,0,0,0
29.5096566677094,0,0,0
