time,angvelx,angvely,angvelz
0,0,0,0
0.00992774963378906,0,0,0
0.0205843448638916,0,0,0
0.0302796363830566,0,0,0
0.0400986671447754,0,0,0
0.0502145290374756,0,0,0
0.0604991912841797,0,0,0
0.0700902938842773,0,0,0
0.080794095993042,0,0,0
0.090116024017334,0,0,0
0.100300788879395,0,0,0
0.110130310058594,0,0,0
0.120199918746948,0,0,0
0.130032777786255,0,0,0
0.14007830619812,0,0,0
0.150365114212036,0,0,0
0.160596132278442,0,0,0
0.170307397842407,0,0,0
0.180396795272827,0,0,0
0.1902916431427,0,0,0
0.200618505477905,0,0,0
0.210579395294189,0,0,0
0.220158815383911,0,0,0
0.230758428573608,0,0,0
0.240023136138916,0,0,0
0.2501220703125,0,0,0
0.260827541351318,0,0,0
0.270270824432373,0,0,0
0.280937194824219,0,0,0
0.290510892868042,0,0,0
0.30014443397522,0,0,0
0.310395956039429,0,0,0
0.320399284362793,0,0,0
0.329990386962891,0,0,0
0.340091943740845,0,0,0
0.350733757019043,0,0,0
0.360309839248657,0,0,0
0.370537996292114,0,0,0
0.380065679550171,0,0,0
0.390279769897461,0,0,0
0.400144577026367,0,0,0
0.410297632217407,0,0,0
0.420439481735229,0,0,0
0.430002927780151,0,0,0
0.440130472183228,0,0,0
0.450506210327148,0,0,0
0.459935903549194,0,0,0
0.47053337097168,0,0,0
0.480629682540894,0,0,0
0.490422010421753,0,0,0
0.500062704086304,0,0,0
0.51026177406311,0,0,0
0.520862579345703,0,0,0
0.530060529708862,0,0,0
0.540199756622314,0,0,0
0.550318479537964,0,0,0
0.560044527053833,0,0,0
0.570626258850098,0,0,0
0.580464601516724,0,0,0
0.590139865875244,0,0,0
0.60010290145874,0,0,0
0.610289096832275,0,0,0
0.620206117630005,0,0,0
0.630066871643066,0,0,0
0.640071153640747,0,0,0
0.650204420089722,0,0,0
0.66039776802063,0,0,0
0.670101881027222,0,0,0
0.680038690567017,0,0,0
0.690156221389771,0,0,0
0.700315237045288,0,0,0
0.710025548934937,0,0,0
0.720067024230957,0,0,0
0.730226039886475,0,0,0
0.740852117538452,0,0,0
0.749994993209839,0,0,0
0.760257244110107,0,0,0
0.770660161972046,0,0,0
0.780741691589355,0,0,0
0.790326595306396,0,0,0
0.800523996353149,0,0,0
0.810112714767456,0,0,0
0.819929361343384,0,0,0
0.830007314682007,0,0,0
0.840096950531006,0,0,0
0.850233793258667,0,0,0
0.860770463943481,0,0,0
0.870087862014771,0,0,0
0.880746126174927,0,0,0
0.89004373550415,0,0,0
0.90000057220459,0,0,0
0.910669326782227,0,0,0
0.920270442962646,0,0,0
0.930327177047729,0,0,0
0.939979553222656,0,0,0
0.950159072875977,0,0,0
0.960841417312622,0,0,0
0.97129487991333,0,0,0
0.981401443481445,0,0,0
0.990909337997437,0,0,0
1.00108432769775,0,0,0
1.01106452941895,0,0,0
1.02031922340393,0,0,0
1.03048348426819,0,0,0
1.04002380371094,0,0,0
1.05035471916199,0,0,0
1.06009078025818,0,0,0
1.07010793685913,0,0,0
1.08085107803345,0,0,0
1.09038472175598,0,0,0
1.10003304481506,0,0,0
1.11058378219604,0,0,0
1.12015271186829,0,0,0
1.13074779510498,0,0,0
1.14018392562866,0,0,0
1.15010619163513,0,0,0
1.16029667854309,0,0,0
1.17040824890137,0,0,0
1.17991542816162,0,0,0
1.19021606445312,0,0,0
1.2008650302887,0,0,0
1.21049451828003,0,0,0
1.22024440765381,0,0,0
1.23038816452026,0,0,0
1.24057960510254,0,0,0
1.25031542778015,0,0,0
1.26047563552856,0,0,0
1.27007246017456,0,0,0
1.28028297424316,0,0,0
1.29037761688232,0,0,0
1.29999017715454,0,0,0
1.31057786941528,0,0,0
1.32029724121094,0,0,0
1.33040189743042,0,0,0
1.34003233909607,0,0,0
1.35003924369812,0,0,0
1.36074566841125,0,0,0
1.37042188644409,0,0,0
1.38000297546387,0,0,0
1.39012479782104,0,0,0
1.4002468585968,0,0,0
1.41041707992554,0,0,0
1.42046642303467,0,0,0
1.43040895462036,0,0,0
1.44024229049683,0,0,0
1.45023417472839,0,0,0
1.46024441719055,0,0,0
1.46995759010315,0,0,0
1.48004674911499,0,0,0
1.49023342132568,0,0,0
1.50063228607178,0,0,0
1.51032996177673,0,0,0
1.52003240585327,0,0,0
1.53017067909241,0,0,0
1.54027605056763,0,0,0
1.55017399787903,0,0,0
1.56019330024719,0,0,0
1.57016396522522,0,0,0
1.58034300804138,0,0,0
1.59042453765869,0,0,0
1.60021734237671,0,0,0
1.61077642440796,0,0,0
1.62000203132629,0,0,0
1.63013553619385,0,0,0
1.64042282104492,0,0,0
1.65009379386902,0,0,0
1.66016530990601,0,0,0
1.6703565120697,0,0,0
1.68046498298645,0,0,0
1.6902232170105,0,0,0
1.70027279853821,0,0,0
1.71096467971802,0,0,0
1.72053098678589,0,0,0
1.73062682151794,0,0,0
1.7402446269989,0,0,0
1.75001049041748,0,0,0
1.7606372833252,0,0,0
1.77045559883118,0,0,0
1.78004455566406,0,0,0
1.79071855545044,0,0,0
1.79999351501465,0,0,0
1.81021809577942,0,0,0
1.82029581069946,0,0,0
1.82999801635742,0,0,0
1.84023404121399,0,0,0
1.8502242565155,0,0,0
1.86014318466187,0,0,0
1.87007761001587,0,0,0
1.88025832176208,0,0,0
1.89043045043945,0.01269266,0.09891102,-0.07260511
1.90021371841431,0.01295268,0.1071453,-0.07127668
1.91036105155945,0.02146898,0.1133524,-0.07021675
1.9204318523407,0.02653632,0.1106293,-0.06924795
1.93011093139648,0.03067379,0.1166987,-0.06944574
1.94078707695007,0.02150206,0.1194657,-0.06780583
1.94994926452637,0.02256674,0.120187,-0.06569184
1.96070790290833,0.02285322,0.1303661,-0.06453561
1.97036671638489,0.01908479,0.136574,-0.06300272
1.98058271408081,0.02403485,0.1321863,-0.06364702
1.99013233184814,0.02780942,0.1415265,-0.06354769
2.00022888183594,0.02359068,0.1407653,-0.06315111
2.01047682762146,0.02670414,0.1465059,-0.06228491
2.02087426185608,0.03831681,0.1610211,-0.06244019
2.03076410293579,0.0374641,0.1619546,-0.06243909
2.04015159606934,0.04415292,0.1664964,-0.06062616
2.05018019676208,0.03705123,0.1619046,-0.05987626
2.06023001670837,0.03548191,0.1548963,-0.06030617
2.07062482833862,0.03889541,0.1514833,-0.05985479
2.08051919937134,0.03619139,0.1511295,-0.06057217
2.09065580368042,0.0299579,0.1581147,-0.06117983
2.10027647018433,0.03195124,0.1606041,-0.06087437
2.11004853248596,0.02442282,0.1492656,-0.06101798
2.12022709846497,0.0224364,0.1464356,-0.06133838
2.13085985183716,0.02213077,0.1439688,-0.06175698
2.14003038406372,0.02386524,0.142325,-0.06249344
2.15024042129517,0.02612987,0.1316171,-0.06326881
2.15990900993347,0.0276854,0.1203451,-0.06280676
2.17036867141724,0.03356416,0.1039237,-0.06083749
2.18028450012207,0.04102109,0.1072033,-0.06046832
2.19005751609802,0.03970638,0.08934991,-0.06034718
2.20078945159912,0.05043056,0.07542328,-0.06066774
2.21092367172241,0.05450241,0.0667564,-0.06067118
2.22049593925476,0.05374465,0.04886537,-0.0602257
2.23023796081543,0.05174837,0.03200163,-0.06028488
2.24014163017273,0.05273031,0.01930378,-0.06055075
2.25045847892761,0.04540138,0.007775153,-0.05985584
2.26002764701843,0.04826435,-0.00804689,-0.05962053
2.27031803131104,0.04957826,-0.03041087,-0.05905493
2.28006029129028,0.04970964,-0.04818365,-0.05777683
2.2900550365448,0.05814619,-0.06622656,-0.05604544
2.30019760131836,0.056293,-0.08497676,-0.05427193
2.310378074646,0.06755732,-0.09675941,-0.05417163
2.31999015808105,0.07678141,-0.1169892,-0.05413087
2.33008670806885,0.07990015,-0.1470861,-0.05286088
2.34030866622925,0.08455957,-0.1504686,-0.05213751
2.35090780258179,0.08349903,-0.1699209,-0.0518017
2.36010599136353,0.08786987,-0.1867593,-0.05216866
2.37067270278931,0.09270335,-0.2286312,-0.05223868
2.38014507293701,0.09973907,-0.2464697,-0.05091532
2.39079737663269,0.09911934,-0.2643556,-0.04887093
2.40088367462158,0.1033283,-0.2696641,-0.04878208
2.41051268577576,0.1018513,-0.2761612,-0.04820193
2.42021679878235,0.09569354,-0.3055063,-0.04779136
2.43053340911865,0.09524664,-0.323887,-0.04817082
2.4407217502594,0.0950367,-0.3386973,-0.0482691
2.45055961608887,0.09260149,-0.3389385,-0.04782748
2.46005749702454,0.09550807,-0.3551532,-0.04896989
2.47017788887024,0.09713364,-0.368711,-0.04876469
2.48015570640564,0.1000857,-0.3716804,-0.04839163
2.49032521247864,0.1046053,-0.368452,-0.04768716
2.50028371810913,0.1054644,-0.34129,-0.04354013
2.51029992103577,0.103297,-0.3195885,-0.04214111
2.52095007896423,0.1095131,-0.2965481,-0.04079102
2.53060626983643,0.1115923,-0.2790578,-0.03966405
2.5401816368103,0.1166877,-0.2581195,-0.03801878
2.55029201507568,0.1173342,-0.2373234,-0.03737306
2.55993390083313,0.1183787,-0.2206946,-0.03663286
2.57013702392578,0.1244315,-0.2049261,-0.03618474
2.58080554008484,0.1199873,-0.1857616,-0.03594825
2.59040236473083,0.1279399,-0.1745558,-0.03675078
2.5999903678894,0.1343311,-0.1658426,-0.03724232
2.61006474494934,0.1394022,-0.1618081,-0.03753915
2.62019872665405,0.1533917,-0.1582806,-0.03756718
2.63036704063416,0.1548334,-0.1458632,-0.0363021
2.64002394676208,0.1580767,-0.1435911,-0.03581015
2.65016841888428,0.1557212,-0.1157427,-0.0346461
2.66006731987,0.1580903,-0.1232063,-0.03459765
2.67001008987427,0.1698232,-0.1347105,-0.03512824
2.6803822517395,0.166352,-0.125008,-0.03480333
2.69008326530457,0.1742964,-0.1405481,-0.03542094
2.70029020309448,0.1730457,-0.140887,-0.03511644
2.71043825149536,0.1691519,-0.1344815,-0.03483832
2.72055768966675,0.1709268,-0.1303134,-0.0349136
2.7302405834198,0.2042431,-0.1265795,-0.03496281
2.74084734916687,0.2013158,-0.1195365,-0.03468106
2.7499577999115,0.2171841,-0.129182,-0.03494595
2.7600736618042,0.2260942,-0.1475596,-0.03497558
2.77016091346741,0.2335858,-0.1676969,-0.03428404
2.78019380569458,0.2211546,-0.1716231,-0.03209776
2.79012298583984,0.2045425,-0.1524013,-0.02976471
2.80005049705505,0.1919318,-0.1456254,-0.02734903
2.81030011177063,0.1785958,-0.1318353,-0.02493003
2.82032704353333,0.1690674,-0.1277873,-0.02144878
2.83048272132874,0.1527739,-0.1168973,-0.02060339
2.84067749977112,0.1493507,-0.1371236,-0.02125796
2.85039901733398,0.1353174,-0.1230028,-0.01854813
2.8600287437439,0.1249096,-0.1105695,-0.01835433
2.87036728858948,0.1152245,-0.1057595,-0.01802575
2.87999606132507,0.1052569,-0.09534907,-0.0190643
2.89007353782654,0.1001372,-0.09013648,-0.01915153
2.90014457702637,0.09201597,-0.07683102,-0.01831988
2.91089582443237,0.09108056,-0.06059141,-0.01879256
2.9205310344696,0.09005355,-0.06135583,-0.0203259
2.93017315864563,0.09093785,-0.06786073,-0.02208829
2.94039535522461,0.08595477,-0.05591072,-0.02097087
2.95004844665527,0.08061664,-0.01376261,-0.01960056
2.96021413803101,0.07666796,0.004281309,-0.0180232
2.97037672996521,0.07956517,0.01488635,-0.01633827
2.97995948791504,0.07933086,0.01630731,-0.01660503
2.99008870124817,0.08418924,0.0132764,-0.01690332
3.0002326965332,0.08408732,0.03434112,-0.01662829
3.00995802879333,0.08425997,0.04684076,-0.0144216
3.02058839797974,0.09413789,0.05844097,-0.01286343
3.03018093109131,0.1035687,0.05367085,-0.01251489
3.04021811485291,0.1124102,0.03194812,-0.01476802
3.05042243003845,0.1102672,0.03741316,-0.01400526
3.06011366844177,0.1095649,0.03748646,-0.0136328
3.07071590423584,0.1118392,0.02239347,-0.0144386
3.08037304878235,0.1099065,0.03518847,-0.01545217
3.09005570411682,0.1156885,0.04439411,-0.01450044
3.10017848014832,0.113215,0.04756223,-0.01393072
3.11005163192749,0.1140681,0.04523989,-0.01234355
3.12016010284424,0.1141486,0.05385329,-0.01205709
3.13029646873474,0.1127026,0.05495142,-0.01240531
3.13992023468018,0.1242868,0.04663476,-0.01437408
3.15004086494446,0.1256523,0.03690712,-0.01508306
3.16019439697266,0.1306135,0.01771985,-0.01663681
3.17023539543152,0.1382071,-0.005461107,-0.01899933
3.1803765296936,0.1379704,-0.02056873,-0.0196528
3.19004535675049,0.1487876,-0.02157335,-0.01975212
3.20004391670227,0.1474449,-0.02967506,-0.01881034
3.20998191833496,0.1392593,-0.01961202,-0.016994
3.22060346603394,0.1320581,-0.005057264,-0.01600281
3.23065972328186,0.1262074,0.003691139,-0.01443018
3.23993802070618,0.1236839,0.004740839,-0.01416102
3.24994850158691,0.1261626,-0.00275179,-0.01429327
3.26021838188171,0.1184212,0.01065696,-0.01413128
3.27057838439941,0.1177552,0.01952216,-0.01340084
3.2809157371521,0.1162126,0.0117457,-0.01426666
3.28997325897217,0.1239645,-0.009733415,-0.01593679
3.3001651763916,0.1194747,-0.01282106,-0.0159782
3.31034827232361,0.1142616,-0.01123968,-0.01599785
3.31994199752808,0.1210973,-0.01283189,-0.01577452
3.33023381233215,0.1150033,-0.01471025,-0.01533624
3.34008097648621,0.113166,-0.01750383,-0.01461987
3.35010290145874,0.1109325,-0.01403844,-0.01453036
3.36029171943665,0.1067331,-0.01364417,-0.01416954
3.37043309211731,0.1060484,-0.01411529,-0.01334693
3.3801646232605,0.1060806,-0.01639591,-0.01323983
3.39027285575867,0.1053526,-0.0132605,-0.01214597
3.3999285697937,0.1073263,0.006091496,-0.01260305
3.41007900238037,0.1019461,0.01141628,-0.01223062
3.42025780677795,0.1002786,0.009926588,-0.01131438
3.43035268783569,0.09522004,0.01601044,-0.008855531
3.44014835357666,0.09179117,0.02645696,-0.007943888
3.45040559768677,0.09451151,0.03609897,-0.006802266
3.45995926856995,0.08781786,0.04167188,-0.005159192
3.47030901908875,0.08075811,0.04964109,-0.004699971
3.48031759262085,0.07179498,0.04802473,-0.003774339
3.49045729637146,0.0661664,0.0298924,-0.003801593
3.50007295608521,0.07464419,0.0216104,-0.005601126
3.51024770736694,0.08474924,0.02401623,-0.006522676
3.52045011520386,0.0894663,0.01783077,-0.007679072
3.53028440475464,0.09370334,0.009527616,-0.008967011
3.54067325592041,0.09907409,0.00151162,-0.009538375
3.54993510246277,0.1032876,0.007267532,-0.01031684
3.56001257896423,0.1014986,0.01460153,-0.009426524
3.57067251205444,0.1041204,0.03014381,-0.01003539
3.58028674125671,0.1007555,0.03336522,-0.009398357
3.59002995491028,0.1030028,0.03779156,-0.009104203
3.60017514228821,0.09767623,0.04250115,-0.008964188
3.61038088798523,0.0858795,0.04386691,-0.007362352
3.62007570266724,0.08560187,0.04312329,-0.006438357
3.63035416603088,0.08726896,0.03947644,-0.007217066
3.63996624946594,0.1000322,0.03440068,-0.008468741
3.65028977394104,0.1009615,0.02206528,-0.009784939
3.66086602210999,0.104135,0.006450707,-0.0119324
3.6700394153595,0.1123369,0.0003517992,-0.01351325
3.68006753921509,0.1195827,0.0009935204,-0.01436895
3.69015169143677,0.1223625,0.004212923,-0.01366634
3.70008873939514,0.127077,0.003426704,-0.01341118
3.71032953262329,0.1277602,-0.006092592,-0.01460372
3.72036242485046,0.1387229,-0.02419423,-0.01701192
3.73003339767456,0.1396687,-0.03622866,-0.01798952
3.74025511741638,0.1448188,-0.04964955,-0.01857084
3.75001859664917,0.1417408,-0.04541474,-0.0176129
3.7602162361145,0.1371333,-0.03228143,-0.01717933
3.7708466053009,0.1447845,-0.01864697,-0.01711676
3.78056287765503,0.1387409,-0.00885866,-0.01615456
3.79020071029663,0.1379401,-0.004669818,-0.01542208
3.80033206939697,0.1350257,-0.002050116,-0.01465306
3.81054258346558,0.1318757,0.006289362,-0.01413095
3.82003355026245,0.1232861,0.0286603,-0.01187883
3.83022689819336,0.1173735,0.03621589,-0.01131505
3.84026622772217,0.1234957,0.04546444,-0.01085885
3.85036301612854,0.114561,0.04615513,-0.009340937
3.86058664321899,0.1154189,0.04639838,-0.01014107
3.87039685249329,0.1138225,0.03423635,-0.01137946
3.88001871109009,0.1191629,0.02028029,-0.01329939
3.89020347595215,0.1311998,0.006157873,-0.01575495
3.89992332458496,0.1269296,-0.001778904,-0.01512643
3.910649061203,0.121153,-0.003567537,-0.01483948
3.92015099525452,0.1205065,0.003244516,-0.01225384
3.930340051651,0.1196254,-0.002857412,-0.01116996
3.93995714187622,0.1269092,-0.0127061,-0.01018856
3.95009660720825,0.130635,-0.01283576,-0.01010616
3.96078562736511,0.1482395,-0.01817584,-0.0112085
3.96996259689331,0.1504406,-0.02954917,-0.01215992
3.98011159896851,0.1612466,-0.03898831,-0.01410648
3.99022817611694,0.1684072,-0.05665408,-0.01561444
4.00035715103149,0.1665868,-0.06361379,-0.0160906
4.01006698608398,0.1592883,-0.06178623,-0.01503582
4.02016758918762,0.1505488,-0.05562508,-0.01260191
4.03031325340271,0.1414899,-0.05191951,-0.01062984
4.04004406929016,0.1366338,-0.04693888,-0.008600906
4.05068182945251,0.1321477,-0.05342894,-0.00870774
4.06036782264709,0.126666,-0.06158196,-0.009210389
4.07033705711365,0.1237735,-0.07785623,-0.01032906
4.07999610900879,0.1239274,-0.09209011,-0.010111
4.0902533531189,0.1174342,-0.09801251,-0.009813552
4.10044860839844,0.1144513,-0.0919087,-0.008166724
4.11013770103455,0.1172708,-0.08915754,-0.007037204
4.12066864967346,0.1119995,-0.08226315,-0.006437245
4.13049864768982,0.1114207,-0.07401115,-0.006070078
4.14009547233582,0.1137473,-0.07275496,-0.005616745
4.15022301673889,0.1134005,-0.06637727,-0.005521958
4.16116857528687,0.1258959,-0.04985294,-0.004522806
4.17036700248718,0.117142,-0.04282022,-0.002325482
4.17989444732666,0.1210419,-0.03774219,-0.001909615
4.19002532958984,0.1149529,-0.04807311,-0.000968604
4.20012974739075,0.1118293,-0.05259607,-0.001427756
4.21066164970398,0.1135931,-0.05213227,-0.0007015574
4.2203311920166,0.1113103,-0.04426558,-0.0009318099
4.22995448112488,0.1097803,-0.04113631,-0.000613318
4.23997855186462,0.1095588,-0.0367841,-0.0001172823
4.25070095062256,0.1116391,-0.03285849,0.0002572278
4.2604341506958,0.1148892,-0.04183264,0.002164087
4.2700023651123,0.121554,-0.04781355,0.0003729612
4.28007340431213,0.1197751,-0.0564885,4.034692e-05
4.29030728340149,0.1323516,-0.05180173,-0.0005431796
4.29999423027039,0.1335019,-0.05964207,-0.001350168
4.31019520759583,0.1369424,-0.07333077,-0.003187392
4.32030534744263,0.135574,-0.0886826,-0.004105746
4.33057022094727,0.1274558,-0.0851305,-0.002703521
4.34014678001404,0.1226564,-0.07852948,-0.0007678078
4.35019969940186,0.1157955,-0.07033347,0.001004959
4.35995483398438,0.1073304,-0.06571735,0.00240178
4.37011957168579,0.1105389,-0.05739661,0.003668898
4.38023853302002,0.1027431,-0.05672059,0.004754113
4.39048790931702,0.09734291,-0.05082678,0.00497466
4.39997959136963,0.08867209,-0.04744608,0.005413191
4.41014075279236,0.08382991,-0.04200335,0.005871056
4.42027115821838,0.0897053,-0.03272035,0.006784045
4.43037819862366,0.08425327,-0.02761197,0.007677227
4.44000124931335,0.08148204,-0.02919653,0.007067047
4.45013618469238,0.07840431,-0.02633979,0.007495678
4.46083831787109,0.09205025,-0.02261584,0.006203926
4.46992588043213,0.09441745,-0.02038156,0.006499019
4.48001909255981,0.09175202,-0.02102139,0.005573317
4.49055886268616,0.09047816,-0.03345398,0.005256942
4.50025081634521,0.08424996,-0.03085806,0.005166651
4.51075410842896,0.08265045,-0.03240178,0.006306667
4.52025651931763,0.09122106,-0.02881724,0.008228197
4.53041458129883,0.0931949,-0.03070326,0.008200618
4.54060769081116,0.09515777,-0.04364219,0.00796783
4.5504322052002,0.09954187,-0.04196036,0.008420773
4.56042242050171,0.1045855,-0.04247865,0.008684185
4.57010746002197,0.1064787,-0.05457798,0.007527942
4.58022665977478,0.1094944,-0.06081226,0.007044523
4.58991742134094,0.1104063,-0.07238824,0.007019509
4.60007762908936,0.1097963,-0.08067879,0.006831314
4.61067128181458,0.1084856,-0.07922095,0.007211138
4.62038540840149,0.1077803,-0.0752286,0.007920587
4.6299786567688,0.1071171,-0.074683,0.008433252
4.64024901390076,0.1054999,-0.08518934,0.007932801
4.65038514137268,0.09979222,-0.08750959,0.008382698
4.66059708595276,0.09900878,-0.08287085,0.007994578
4.6707079410553,0.1035461,-0.07241884,0.008478395
4.6801905632019,0.09573934,-0.07323892,0.008938259
4.69037485122681,0.09629507,-0.06901206,0.008973754
4.70020270347595,0.08833776,-0.06885639,0.008626754
4.71056318283081,0.08106916,-0.06708705,0.008620547
4.72021913528442,0.09090658,-0.0511952,0.007608035
4.73024749755859,0.08258993,-0.04888941,0.007464146
4.7404088973999,0.07606453,-0.04695958,0.007041973
4.75007486343384,0.07707939,-0.04082012,0.007116439
4.76029205322266,0.07228497,-0.03684229,0.007276118
4.77042412757874,0.07572268,-0.0312857,0.007884796
4.78058362007141,0.06920426,-0.0323817,0.007700435
4.79068279266357,0.06727835,-0.03740973,0.007379134
4.80035090446472,0.06318882,-0.03603527,0.007364701
4.81015491485596,0.06004563,-0.02841543,0.007151654
4.82010412216187,0.06237613,-0.02136212,0.005626381
4.83023953437805,0.06672341,-0.02586603,0.004082649
4.83999633789062,0.06846268,-0.04239677,0.002694854
4.85015988349915,0.06460942,-0.040507,0.003109063
4.86085844039917,0.06181555,-0.0279687,0.004125169
4.87006902694702,0.06337475,-0.0124018,0.005540039
4.88018918037415,0.06380574,-0.006790409,0.006001844
4.89060878753662,0.05790461,-0.001007629,0.007930143
4.90019202232361,0.05593877,0.005811034,0.008083859
4.91085386276245,0.05789844,0.006839881,0.008006088
4.91998767852783,0.06112864,0.006727406,0.008626194
4.93017959594727,0.05830442,-0.002296353,0.008873571
4.9407913684845,0.06064999,-0.01314791,0.009276757
4.95039033889771,0.05849417,-0.01699304,0.009518799
4.96004462242126,0.06046388,-0.009413209,0.01090398
4.97016572952271,0.06956624,-0.0121361,0.01094113
4.98033094406128,0.07028989,-0.01930968,0.01068718
4.99002814292908,0.06917328,-0.01384172,0.0108649
5.00019860267639,0.0761572,-0.002334401,0.01119736
5.01036357879639,0.08259591,0.003877464,0.01099472
5.02042889595032,0.08664033,0.004829665,0.01104765
5.03009748458862,0.08842067,0.007476958,0.01110599
5.04027104377747,0.08596316,0.003399563,0.01196686
5.04996109008789,0.08779368,0.01136821,0.01327458
5.0606164932251,0.08484047,0.008981531,0.01389092
5.0701744556427,0.08051047,0.01211471,0.01481608
5.08028292655945,0.08109161,0.01631054,0.01476547
5.09012913703918,0.0865754,0.0175284,0.01509666
5.10034489631653,0.08418523,0.0170367,0.01587914
5.11061882972717,0.07745891,0.01411153,0.01602048
5.1206693649292,0.07125571,0.009251322,0.01599318
5.13025903701782,0.0662222,0.005929497,0.01610154
5.1399257183075,0.07091972,0.004728374,0.01646277
5.15014815330505,0.06536587,-0.01147929,0.01619847
5.16042542457581,0.06006511,-0.02018479,0.01636059
5.17015171051025,0.05403768,-0.03614871,0.01666082
5.18072438240051,0.05442109,-0.03332077,0.01726287
5.19030714035034,0.06065197,-0.03754311,0.01612027
5.1999945640564,0.05998888,-0.03451645,0.01731512
5.21022701263428,0.05702591,-0.03676639,0.01815701
5.22041988372803,0.06341035,-0.03933042,0.01741501
5.23054981231689,0.06093313,-0.0435156,0.01739889
5.24017238616943,0.05635158,-0.05263546,0.01821253
5.25034475326538,0.05366538,-0.04696452,0.01806671
5.26002597808838,0.05838286,-0.03460359,0.01881181
5.27026271820068,0.06260114,-0.02139899,0.01977196
5.28023219108582,0.06571838,-0.01294853,0.01951743
5.29084014892578,0.06559633,-0.008875835,0.01980834
5.30007576942444,0.06279881,-0.008661525,0.02027761
5.31024503707886,0.06216688,-0.006593407,0.02033786
5.32052111625671,0.06510276,-0.01684206,0.02025846
5.33055591583252,0.06493938,-0.02252496,0.01998989
5.34031534194946,0.07528327,-0.02546659,0.01909491
5.35033488273621,0.07519913,-0.03401002,0.01891605
5.35992813110352,0.07797104,-0.03376935,0.01870833
5.37004518508911,0.07535734,-0.03608094,0.01844532
5.38080048561096,0.07343605,-0.03191736,0.0186238
5.39008188247681,0.07985643,-0.0254615,0.01948255
5.40033149719238,0.07585739,-0.02039678,0.01990542
5.41037058830261,0.07749253,-0.01165509,0.02070847
5.41992425918579,0.08316284,-0.007252849,0.0209703
5.43005561828613,0.08521406,-0.007155263,0.0213891
5.44029068946838,0.08031179,-0.01067051,0.02165065
5.44999027252197,0.07961277,-0.003181014,0.02133877
5.46025133132935,0.07794272,-0.0001870419,0.02153018
5.47028303146362,0.08708179,-0.0002066378,0.02031334
5.48045015335083,0.08604564,-0.004318596,0.01980906
5.49016237258911,0.08261935,-0.01101928,0.01958521
5.5009868144989,0.08038875,-0.023145,0.01878111
5.50999188423157,0.08366664,-0.02226488,0.01897116
5.52014303207397,0.08921504,-0.02088804,0.01875775
5.53072643280029,0.09025574,-0.01484465,0.01859026
5.53991532325745,0.0881539,-0.01845064,0.01922794
5.55008673667908,0.08536407,-0.02185213,0.01971414
5.56069016456604,0.09379064,-0.02301201,0.01891389
5.57034039497375,0.1012674,-0.02430908,0.0194537
5.58004975318909,0.09534687,-0.0269789,0.01999001
5.59010672569275,0.09311022,-0.0348731,0.01969199
5.60017919540405,0.0989868,-0.0363209,0.01903487
5.60994410514832,0.1068655,-0.03414235,0.01908453
5.62008786201477,0.1112135,-0.03147958,0.01862019
5.63023853302002,0.1107193,-0.03417456,0.01872263
5.63997507095337,0.1129382,-0.03454288,0.01938772
5.65014362335205,0.1094795,-0.04393614,0.02014354
5.66033864021301,0.1118707,-0.04637078,0.02086717
5.67010116577148,0.1139201,-0.05530049,0.02105634
5.68027639389038,0.1133773,-0.06254014,0.01981143
5.69008803367615,0.1111866,-0.06401311,0.01955538
5.70006656646729,0.1135249,-0.07819494,0.0198783
5.71037411689758,0.1142929,-0.0834286,0.01984018
5.71997809410095,0.1166802,-0.09005,0.01952739
5.73029398918152,0.1149743,-0.09283216,0.01924122
5.74096846580505,0.1163934,-0.1097725,0.01983706
5.75007772445679,0.1121435,-0.1073833,0.02067338
5.76025199890137,0.1225846,-0.09678603,0.02010854
5.77006721496582,0.1225615,-0.1047055,0.01984261
5.78021001815796,0.1195627,-0.1013324,0.02115887
5.79028725624084,0.117892,-0.1016042,0.02163132
5.79998445510864,0.1172171,-0.09324496,0.02277656
5.81014227867126,0.1162005,-0.08710544,0.02268063
5.82079362869263,0.1205236,-0.07688931,0.02407548
5.82994151115417,0.117009,-0.07817221,0.02381746
5.84013724327087,0.1154338,-0.07743695,0.02457493
5.85071396827698,0.125746,-0.06261683,0.02424049
5.85993027687073,0.1236638,-0.05876457,0.02481845
5.87008738517761,0.1250263,-0.05527708,0.02530588
5.88024663925171,0.1224067,-0.05471443,0.02578027
5.8903591632843,0.1210858,-0.05230658,0.02562731
5.89998769760132,0.1223143,-0.04587469,0.02524809
5.91021966934204,0.1201254,-0.04076129,0.02502696
5.92034816741943,0.1209216,-0.03963271,0.02488863
5.93008542060852,0.1184728,-0.04690214,0.02482079
5.94077086448669,0.1173595,-0.04543268,0.0252386
5.95001792907715,0.1170152,-0.0538187,0.02448072
5.96021151542664,0.1133186,-0.05556071,0.02380854
5.97031354904175,0.1113037,-0.08432698,0.02371081
5.97996544837952,0.1033094,-0.08647044,0.02440207
5.99023985862732,0.1050145,-0.08572111,0.02402767
6.00044107437134,0.1003729,-0.08413126,0.02353423
6.01010346412659,0.1005109,-0.09184688,0.02347845
6.02036714553833,0.09571466,-0.1093151,0.02360015
6.03005242347717,0.09273041,-0.108369,0.02438662
6.04011535644531,0.09197797,-0.1150211,0.0235945
6.05039215087891,0.09783086,-0.1143293,0.02339226
6.05998826026917,0.09342123,-0.1142787,0.02339104
6.06995964050293,0.08883252,-0.1141472,0.02342921
6.08060121536255,0.08888507,-0.106179,0.02405376
6.09071087837219,0.0779829,-0.1048137,0.02401243
6.09992790222168,0.07418181,-0.1010346,0.02466722
6.11020636558533,0.07628313,-0.09893318,0.02422364
6.12046647071838,0.07113507,-0.09981474,0.02395992
6.13005805015564,0.06605003,-0.103593,0.02535952
6.14002823829651,0.06334613,-0.1003813,0.02481926
6.15028619766235,0.06286644,-0.09612721,0.02416507
6.160071849823,0.06326907,-0.09179056,0.02355325
6.16991877555847,0.06077801,-0.09259611,0.02264905
6.18003273010254,0.05744527,-0.08388776,0.02366895
6.19027209281921,0.0589479,-0.07800159,0.02278314
6.20036315917969,0.07677351,-0.06323174,0.02125802
6.20998454093933,0.07037371,-0.06075719,0.02147805
6.22023439407349,0.06643037,-0.05284257,0.02164287
6.22997331619263,0.05787726,-0.05211841,0.02230682
6.24013233184814,0.05964169,-0.04433543,0.02219674
6.25020146369934,0.05815336,-0.03945842,0.02109313
6.25991272926331,0.05526108,-0.03318401,0.02229717
6.27054405212402,0.05724607,-0.02886311,0.02198353
6.28065800666809,0.06219449,-0.02244437,0.02196292
6.28998875617981,0.05784804,-0.02356312,0.02188263
6.30013632774353,0.05129873,-0.03037945,0.02300475
6.31032562255859,0.04468127,-0.03091801,0.0232048
6.32005095481873,0.04112418,-0.03087791,0.02447861
6.33016729354858,0.05232442,-0.02574342,0.02483327
6.34000039100647,0.05455568,-0.02484341,0.02482673
6.35126900672913,0.05970792,-0.02341856,0.02532233
6.36082816123962,0.06724051,-0.01718793,0.02649972
6.36984252929688,0.07118243,-0.02408053,0.02698893
6.38036704063416,0.07159064,-0.02714998,0.02707781
6.39024448394775,0.07541442,-0.02647112,0.02689593
6.39984941482544,0.08285822,-0.03145976,0.02659742
6.41048836708069,0.08712234,-0.03265959,0.02659066
6.42012238502502,0.09327228,-0.03506698,0.02630516
6.43019318580627,0.1072957,-0.03512216,0.02598086
6.44032955169678,0.1145337,-0.03933699,0.02617818
6.44998097419739,0.1074642,-0.04389937,0.02741793
6.46011352539062,0.09984222,-0.04864887,0.02830993
6.47033500671387,0.08818137,-0.05741477,0.02899951
6.47990322113037,0.08460489,-0.05930737,0.02907219
6.49041533470154,0.08180565,-0.06576214,0.02908095
6.49998378753662,0.07864401,-0.06863083,0.0300795
6.51049661636353,0.07504405,-0.06948251,0.03028833
6.52001094818115,0.075717,-0.07181428,0.02914347
6.53008675575256,0.07757907,-0.07393347,0.02866852
6.53998970985413,0.068804,-0.07984225,0.02855835
6.54996395111084,0.06247358,-0.08794276,0.02875366
6.5605947971344,0.06005033,-0.08039659,0.0286786
6.5702075958252,0.05555861,-0.07756852,0.02922418
6.5799126625061,0.05412417,-0.07428253,0.02857233
6.5900707244873,0.05815037,-0.06936498,0.02923223
6.60033583641052,0.05673191,-0.06731185,0.02848736
6.61015009880066,0.05537475,-0.06424478,0.02731436
6.62071633338928,0.05882195,-0.05660636,0.02672387
6.62998604774475,0.05448473,-0.05663968,0.02609431
6.63988351821899,0.04978342,-0.05373277,0.02606488
6.65022134780884,0.0562868,-0.03728527,0.02622773
6.66038608551025,0.0494905,-0.03192259,0.0260948
6.67013478279114,0.05340998,-0.0286306,0.02671807
6.68010354042053,0.05094551,-0.02753414,0.02685036
6.69036912918091,0.04969586,-0.02682423,0.02670949
6.70053911209106,0.0538777,-0.02170767,0.02759811
6.71000981330872,0.04807691,-0.0241714,0.02783573
6.7201771736145,0.04462458,-0.03639063,0.02831265
6.73083186149597,0.03847641,-0.04589161,0.0286222
6.73992967605591,0.0339736,-0.04679741,0.02920954
6.75009799003601,0.03653743,-0.05687417,0.02877371
6.76027965545654,0.03337426,-0.07002947,0.0277655
6.76997494697571,0.02870619,-0.07119481,0.02803219
6.78039574623108,0.02844835,-0.06675839,0.0276715
6.78998303413391,0.03430308,-0.06650916,0.02729559
6.80017566680908,0.03560435,-0.06902032,0.02736982
6.81047391891479,0.03958276,-0.06577389,0.02768098
6.8200249671936,0.03799658,-0.06697509,0.029626
6.82996439933777,0.03432873,-0.06652754,0.03033875
6.84080338478088,0.03086048,-0.07136323,0.03048451
6.84999442100525,0.03110879,-0.06730665,0.03072112
6.86020064353943,0.03092167,-0.06073264,0.03043335
6.86995410919189,0.0396581,-0.05040936,0.03157578
6.88007164001465,0.03563018,-0.04634953,0.03220084
6.89001536369324,0.03308424,-0.04192938,0.03176036
6.89988803863525,0.04172067,-0.03922774,0.03086252
6.90991449356079,0.03628285,-0.03729802,0.03180395
6.92033100128174,0.04791063,-0.02905999,0.03041864
6.93056559562683,0.04963928,-0.03487191,0.02951177
6.94013476371765,0.05168679,-0.03481764,0.02843415
6.94994878768921,0.05490497,-0.03110976,0.02688267
6.96023964881897,0.06120856,-0.02290767,0.02638645
6.96991467475891,0.05880649,-0.01997264,0.02673143
6.98002505302429,0.0551074,-0.02117457,0.02644289
6.99071002006531,0.04987063,-0.02759067,0.02640122
7.00027465820312,0.0484641,-0.03141569,0.02779701
7.01016736030579,0.05333173,-0.03204754,0.02829983
7.02028465270996,0.05396679,-0.03097708,0.02864818
7.02988505363464,0.05881614,-0.03420021,0.02811963
7.03998851776123,0.06085408,-0.03358185,0.02825258
7.04985618591309,0.06883232,-0.03358723,0.02869019
7.06000399589539,0.07065517,-0.03674039,0.02861027
7.07050442695618,0.07689691,-0.04226074,0.02759177
7.08010816574097,0.08381147,-0.03945884,0.02837572
7.09028792381287,0.0814068,-0.04164892,0.02819183
7.09992146492004,0.08372038,-0.05910237,0.02810021
7.11006784439087,0.08380013,-0.06403613,0.02822429
7.12016654014587,0.09327802,-0.06613632,0.02672454
7.13036584854126,0.09648097,-0.06521896,0.02657747
7.1399405002594,0.1028008,-0.06418423,0.02596842
7.15028476715088,0.1040889,-0.06736139,0.02558973
7.15994238853455,0.1041254,-0.06472477,0.02568436
7.17023372650146,0.1025747,-0.06684292,0.02460697
7.17993569374084,0.09950396,-0.06710043,0.02375824
7.19002103805542,0.09477474,-0.06622921,0.02366386
7.20023965835571,0.08793113,-0.07955074,0.02333248
7.21051859855652,0.08870816,-0.08688206,0.02229095
7.22023987770081,0.08878626,-0.08631936,0.02218352
7.22983908653259,0.08868562,-0.08306582,0.02172139
7.2402651309967,0.08552068,-0.08058813,0.02208934
7.24997639656067,0.0746302,-0.08591077,0.0218703
7.26054239273071,0.06688142,-0.09033822,0.022264
7.2702579498291,0.07679499,-0.08037036,0.02226234
7.28027892112732,0.07692318,-0.07679613,0.02324733
7.29010081291199,0.07777186,-0.07634276,0.02330224
7.30028438568115,0.08486645,-0.06906679,0.02251356
7.3103985786438,0.08536468,-0.06924649,0.02203844
7.32037758827209,0.09608398,-0.06713864,0.02102627
7.33007025718689,0.09868027,-0.06776595,0.02142583
7.34011769294739,0.1034091,-0.06669291,0.02074385
7.35001921653748,0.1054496,-0.07203058,0.02106141
7.36075234413147,0.1057369,-0.07158834,0.02194894
7.37030816078186,0.1103027,-0.0714323,0.02048613
7.38058376312256,0.1153502,-0.07295328,0.02061801
7.39017748832703,0.1192043,-0.07516138,0.0205587
7.40029263496399,0.1298662,-0.07486961,0.01965832
7.41049981117249,0.141066,-0.07224776,0.01969906
7.42009663581848,0.1441143,-0.07827722,0.0187718
7.43017148971558,0.1522151,-0.07819735,0.01773686
7.4399037361145,0.1495386,-0.08947191,0.01776531
7.45001411437988,0.1483278,-0.09049574,0.01694109
7.4601469039917,0.1463404,-0.09413211,0.01668974
7.47001481056213,0.1465733,-0.1105736,0.01655599
7.4800763130188,0.1499722,-0.1121124,0.01701073
7.4899582862854,0.1422257,-0.1155391,0.01794784
7.50027513504028,0.1406023,-0.1197047,0.01691935
7.51055431365967,0.1449778,-0.1175124,0.01659613
7.52014565467834,0.1415313,-0.1199677,0.01686835
7.53018879890442,0.1377635,-0.1298692,0.01624881
7.54078602790833,0.13369,-0.1355839,0.01572128
7.54988169670105,0.1303963,-0.1301896,0.01733421
7.56003046035767,0.1249515,-0.128615,0.01717418
7.57002663612366,0.1231328,-0.1269863,0.01620487
7.58028149604797,0.1229671,-0.1330112,0.0144969
7.59003305435181,0.119699,-0.131496,0.01387075
7.60017538070679,0.1170305,-0.1413253,0.01344607
7.6102888584137,0.1135437,-0.1414472,0.01328597
7.61994647979736,0.1099741,-0.1428604,0.01395541
7.63000154495239,0.1049165,-0.1350933,0.01574687
7.63991975784302,0.1011387,-0.1279024,0.01634001
7.6501989364624,0.1081725,-0.1135575,0.01570469
7.65997052192688,0.1029493,-0.11062,0.01523025
7.67018628120422,0.1040065,-0.1100304,0.0144216
7.67997193336487,0.1021694,-0.108252,0.01416008
7.69022655487061,0.0977862,-0.09549189,0.01418274
7.70022010803223,0.09400884,-0.08455683,0.01538989
7.709876537323,0.09024363,-0.07467151,0.01553722
7.72003030776978,0.09409174,-0.06295581,0.01526024
7.73019599914551,0.1033645,-0.04798293,0.01483971
7.74091076850891,0.1084699,-0.03680426,0.01501307
7.75004553794861,0.1112231,-0.02853988,0.01447009
7.7602276802063,0.1096909,-0.02076175,0.01485121
7.76996278762817,0.1323338,-0.01665902,0.01389473
7.78017973899841,0.1324724,-0.01406523,0.0135431
7.79034328460693,0.1335745,-0.01088311,0.013672
7.80087184906006,0.1320375,-0.01192875,0.01307008
7.81011009216309,0.1365999,-0.007342304,0.01181235
7.82000255584717,0.1330176,-0.006395095,0.01134888
7.83039498329163,0.1377721,-0.01104133,0.01055268
7.83997559547424,0.1472893,-0.01272012,0.01000683
7.85019850730896,0.1407883,-0.01311543,0.01120439
7.85992670059204,0.1489137,-0.008069162,0.01103803
7.87007832527161,0.1386227,-0.02039407,0.01086353
7.88072824478149,0.1298411,-0.03098476,0.01048885
7.89040470123291,0.1231973,-0.03878278,0.0104742
7.90064907073975,0.1204413,-0.04905414,0.0106035
7.91074872016907,0.1146356,-0.0520268,0.01003285
7.91994500160217,0.1133104,-0.04616388,0.01126743
7.93008732795715,0.1078926,-0.04770579,0.010568
7.94022846221924,0.1163008,-0.0443152,0.009745151
7.94987630844116,0.1155927,-0.04810016,0.009181994
7.96025061607361,0.1106047,-0.05283106,0.00889829
7.96989798545837,0.1101582,-0.06448933,0.008265371
7.98063683509827,0.1068175,-0.07382291,0.008440307
7.99031066894531,0.1023387,-0.07274915,0.009090882
8.00005435943604,0.08980718,-0.07419484,0.010382
8.01066541671753,0.08605594,-0.0654625,0.01174024
8.02033042907715,0.09629978,-0.0580822,0.01098864
8.03051233291626,0.09379371,-0.05727833,0.01078658
8.0405867099762,0.08585455,-0.06369158,0.01021988
8.05023694038391,0.08037958,-0.06587029,0.009588489
8.06005549430847,0.07545705,-0.06939767,0.009134981
8.07021713256836,0.06878001,-0.06501198,0.009950805
8.08035349845886,0.06318213,-0.0565707,0.01051357
8.08985233306885,0.05667463,-0.04675012,0.01135779
8.10014700889587,0.06182378,-0.03710434,0.01032863
8.10992503166199,0.06599405,-0.03256928,0.01051347
8.11995792388916,0.05857456,-0.02896445,0.01078582
8.13016033172607,0.05434208,-0.02378748,0.01037652
8.14035320281982,0.0542104,-0.01265234,0.01037238
8.15019869804382,0.05476334,-0.003459354,0.009490144
8.16025471687317,0.05774624,0.0009883092,0.007893262
8.1698853969574,0.05874623,0.01067945,0.007134183
8.18010592460632,0.06223822,0.01275205,0.006332017
8.19007110595703,0.06474732,0.01533065,0.005959664
8.20024394989014,0.06725463,0.02054406,0.005236134
8.2099609375,0.07205794,0.02631552,0.00431795
8.22021412849426,0.07079903,0.02892661,0.004258581
8.23028826713562,0.06311153,0.02360127,0.004205138
8.23993682861328,0.05556272,0.0154654,0.00334109
8.25015807151794,0.04626201,0.001528543,0.003235666
8.2603702545166,0.04088232,-0.00301326,0.003105446
8.27017545700073,0.02882709,-0.009536669,0.00324117
8.28071045875549,0.02268563,-0.01064971,0.004574161
8.28992104530334,0.008755951,-0.008188193,0.004547619
8.30002880096436,0.0005268577,-0.01091867,0.00439232
8.31013178825378,-0.01361368,-0.006555895,0.003986141
8.32037377357483,-0.0239852,-0.01143088,0.005081354
8.33008527755737,-0.0256836,-0.0192942,0.005806178
8.34023833274841,-0.02265494,-0.01473465,0.005921958
8.35001301765442,-0.01732271,-0.02291748,0.007471447
8.36023020744324,-0.01662258,-0.02548641,0.008868385
8.37032341957092,-0.01922972,-0.04298944,0.01080967
8.38002753257751,-0.01000604,-0.04629995,0.01094746
8.39010500907898,0.002495942,-0.0535527,0.01073101
8.40022683143616,0.0005407271,-0.05196829,0.01085445
8.40998125076294,0.001950549,-0.06617311,0.008412133
8.42007994651794,0.002298599,-0.07257693,0.006069056
8.43017363548279,0.01759426,-0.08519649,0.004460067
8.44081354141235,0.02703109,-0.1075885,0.004477351
8.44988942146301,0.03540433,-0.1081119,0.003375327
8.46016383171082,0.03773585,-0.1194168,0.002914774
8.47028708457947,0.04695038,-0.1237914,0.002477997
8.47988891601562,0.05089051,-0.127695,0.002473962
8.49012660980225,0.05229801,-0.123052,0.002984619
8.50030708312988,0.05756365,-0.1169787,0.003273713
8.51006102561951,0.05711885,-0.1041501,0.002635028
8.52005910873413,0.06024186,-0.09945372,0.00342904
8.52991962432861,0.06473102,-0.07917321,0.002313074
8.53998994827271,0.07396643,-0.0759909,0.003355445
8.54995393753052,0.07950678,-0.06878112,0.003866979
8.56043577194214,0.09250381,-0.05793672,0.003898396
8.57002663612366,0.08325044,-0.06083956,0.004707129
8.58025169372559,0.08536728,-0.07666559,0.007473111
8.59015154838562,0.08244565,-0.07141243,0.007404815
8.60021185874939,0.08179249,-0.0753848,0.007004622
8.60994505882263,0.08637147,-0.07828932,0.007235086
8.62005376815796,0.07787995,-0.08383687,0.007528472
8.63019609451294,0.07701734,-0.08992418,0.006672801
8.63995099067688,0.07139044,-0.08680762,0.005943627
8.64983606338501,0.0832509,-0.08150549,0.005695248
8.66003203392029,0.08558709,-0.08390106,0.005266952
8.67031359672546,0.08883601,-0.08979275,0.004878941
8.67992877960205,0.08853553,-0.09576764,0.005279952
8.689857006073,0.08665232,-0.1055902,0.00640151
8.70027542114258,0.08094037,-0.113967,0.006798468
8.70989537239075,0.08115,-0.1178844,0.007379088
8.72019147872925,0.0895069,-0.1158913,0.006313593
8.73022150993347,0.1039911,-0.1090347,0.006215018
8.74084186553955,0.1148237,-0.1065255,0.006711177
8.75020575523376,0.1248753,-0.1048991,0.00629928
8.76005506515503,0.1262611,-0.1061362,0.006530216
8.77026748657227,0.1287696,-0.1046511,0.006459189
8.78036665916443,0.1233625,-0.1016359,0.006753574
8.79008817672729,0.1219746,-0.1025683,0.007573423
8.80050563812256,0.1311801,-0.09502229,0.006785636
8.81012916564941,0.1322331,-0.09090769,0.006804157
8.82038044929504,0.1323462,-0.08363551,0.006527622
8.83059358596802,0.1362287,-0.08459364,0.0066628
8.84039378166199,0.1353474,-0.08766536,0.007435618
8.84994387626648,0.1333963,-0.07983445,0.007206865
8.86020636558533,0.1275675,-0.06406785,0.007368175
8.87097573280334,0.1216493,-0.05805891,0.007679454
8.88003754615784,0.1229419,-0.05532871,0.008315681
8.88985872268677,0.1163021,-0.05484251,0.008373314
8.90032625198364,0.1096739,-0.06498212,0.009135184
8.91026449203491,0.1123983,-0.06819829,0.00863257
8.9200587272644,0.1060943,-0.06796554,0.007374461
8.9302077293396,0.1021524,-0.06341337,0.006831306
8.93987464904785,0.1064742,-0.06817997,0.006238093
8.95000147819519,0.1043022,-0.07126992,0.006667905
8.96019077301025,0.1028626,-0.07283273,0.006811043
8.97082281112671,0.09606803,-0.0799157,0.007010037
8.98004245758057,0.09136388,-0.08605123,0.007402743
8.99006199836731,0.09589639,-0.08671696,0.006387664
9.00046253204346,0.09555854,-0.08899693,0.006400276
9.01007223129272,0.09997295,-0.08759623,0.006288733
9.02070379257202,0.1108689,-0.0826486,0.005466172
9.03000950813293,0.1099182,-0.09001489,0.004761629
9.04008841514587,0.113695,-0.1112186,0.005143959
9.05027604103088,0.117892,-0.1234017,0.006306922
9.06084394454956,0.1148849,-0.1196736,0.007417614
9.07005429267883,0.1253416,-0.1179806,0.006803378
9.08025431632996,0.1242713,-0.1114709,0.006470195
9.09038138389587,0.1233264,-0.1035621,0.006147422
9.10008788108826,0.1244039,-0.1017561,0.0062829
9.11028027534485,0.1207043,-0.101692,0.006566917
9.12014436721802,0.1177591,-0.1000318,0.007514048
9.1300048828125,0.1154603,-0.1030286,0.008841364
9.14062356948853,0.1161474,-0.08942217,0.0084642
9.15029883384705,0.1140442,-0.0848142,0.009091081
9.16042160987854,0.1134691,-0.07459832,0.008722846
9.17008852958679,0.1116673,-0.06707621,0.007915294
9.18064546585083,0.1164307,-0.05846535,0.007819397
9.19026398658752,0.1104359,-0.04353009,0.008136309
9.20041942596436,0.1028665,-0.03430014,0.008974026
9.21010065078735,0.09623677,-0.02326454,0.009843652
9.22029638290405,0.09022745,-0.0153202,0.009492817
9.23063802719116,0.0977993,-0.005580584,0.008930361
9.24011898040771,0.09514102,-0.003145881,0.008063107
9.25023317337036,0.09732758,-0.01063149,0.006857168
9.26019978523254,0.1023567,-0.02210635,0.005572451
9.27061796188354,0.1077574,-0.03447291,0.00380743
9.28005623817444,0.1001354,-0.05226886,0.004120122
9.29010105133057,0.09313543,-0.05399168,0.005952068
9.30026340484619,0.08517992,-0.05284742,0.007035614
9.31050062179565,0.08708025,-0.04229448,0.006843788
9.32063245773315,0.08365745,-0.05013652,0.007173279
9.33024430274963,0.08555517,-0.05849347,0.006772045
9.34007906913757,0.08610435,-0.06811373,0.006345441
9.34999775886536,0.07983515,-0.06641142,0.006411585
9.36065721511841,0.07747736,-0.05665139,0.006002142
9.37028622627258,0.08278172,-0.06067401,0.007033382
9.38090038299561,0.07787324,-0.05274235,0.007120976
9.39005303382874,0.08629569,-0.03975536,0.006266469
9.40013766288757,0.08592887,-0.03251333,0.006756415
9.4106650352478,0.08817036,-0.02033668,0.006241301
9.42013740539551,0.0849276,-0.01848439,0.006339889
9.43008780479431,0.0807318,-0.03572495,0.006382109
9.44000601768494,0.07681379,-0.03603015,0.005622559
9.44993329048157,0.07339752,-0.04342797,0.005147942
9.4606568813324,0.06862645,-0.04846461,0.004795853
9.46990203857422,0.06877663,-0.05181146,0.005038769
9.47991394996643,0.07076303,-0.05047195,0.004959358
9.49008679389954,0.06357759,-0.05045455,0.004780988
9.50013279914856,0.06105749,-0.06647956,0.005527108
9.50996899604797,0.05557315,-0.05190224,0.005939422
9.52011775970459,0.05817427,-0.04101783,0.00489417
9.5300304889679,0.05906804,-0.03577626,0.00502433
9.54006743431091,0.05859152,-0.04111219,0.004381031
9.55017066001892,0.05856446,-0.03502873,0.003583626
9.56035661697388,0.06048322,-0.03158253,0.004069711
9.57007837295532,0.06121669,-0.02178012,0.005347043
9.58014726638794,0.0608011,-0.03074221,0.006766389
9.59010148048401,0.06453462,-0.01078244,0.007673358
9.59991455078125,0.0711374,0.008944224,0.006650647
9.61009883880615,0.07434202,0.01488945,0.006352419
9.62008547782898,0.07633786,0.03837638,0.005366213
9.63020014762878,0.08188342,0.05424048,0.005315521
9.64021301269531,0.0785329,0.0539346,0.0060712
9.65000319480896,0.07762012,0.04918545,0.006175686
9.66008281707764,0.08079252,0.04901673,0.006463422
9.67014336585999,0.08132572,0.04440755,0.006355716
9.68076682090759,0.08622374,0.0352506,0.006594627
9.68999052047729,0.08462024,0.03644768,0.006418976
9.70009303092957,0.08967295,0.02750695,0.00603289
9.71030426025391,0.08805427,0.01587166,0.005881416
9.71987271308899,0.09474079,-0.00233764,0.006111418
9.73007726669312,0.09809808,-0.001650508,0.004603918
9.73995113372803,0.09921477,-0.01353113,0.004033358
9.74989604949951,0.09929821,-0.02635802,0.003405916
9.76072883605957,0.1018872,-0.03504756,0.003541389
9.77017450332642,0.09859252,-0.04999815,0.004147829
9.78085541725159,0.09900358,-0.0603627,0.003855909
9.78986525535583,0.1049392,-0.06478463,0.00423193
9.80017304420471,0.1047462,-0.07937264,0.004443539
9.81074666976929,0.1052438,-0.08234113,0.003620996
9.8204619884491,0.1131151,-0.09921836,0.003519619
9.82996392250061,0.1103942,-0.1165325,0.003507425
9.84009385108948,0.1080919,-0.1264682,0.003026781
9.85021305084229,0.1050238,-0.1411497,0.002378535
9.86015605926514,0.1039789,-0.1384608,0.001691706
9.87020182609558,0.1093,-0.1373939,0.001109713
9.88008213043213,0.1094378,-0.1412224,0.001069069
9.89012885093689,0.1062637,-0.1459187,0.000852648
9.90025067329407,0.1020103,-0.1452997,0.001383576
9.90992879867554,0.09750543,-0.1440105,0.001229598
9.92021751403809,0.09955149,-0.1432022,0.002215319
9.93028688430786,0.1062908,-0.1453145,0.001477318
9.94001603126526,0.1045519,-0.1345802,0.001288458
9.9498918056488,0.1042962,-0.1159725,0.0006164207
9.96099996566772,0.1050958,-0.1096225,0.0003319939
9.97057318687439,0.1018607,-0.1187621,-0.0002664964
9.98023772239685,0.09819362,-0.1117798,-0.001180649
9.98998785018921,0.09462301,-0.113542,-0.000371013
10.0001127719879,0.09024859,-0.1056332,0.0003188234
10.0102980136871,0.08474071,-0.1127078,0.0002140564
10.0207464694977,0.08348545,-0.09815217,-0.0005189276
10.0303299427032,0.08263299,-0.08428485,-0.001221805
10.0401067733765,0.08302778,-0.07651495,-0.001136183
10.0507493019104,0.08401844,-0.05979254,-0.001915474
10.0604603290558,0.08285774,-0.05512315,-0.00199728
10.0706534385681,0.08676379,-0.05897769,-0.001399745
10.080304145813,0.08329071,-0.06425746,-0.0002834147
10.0900733470917,0.08108693,-0.06563719,-5.966687e-05
10.0999364852905,0.08504598,-0.06921507,0.001349203
10.1100692749023,0.08508833,-0.07532633,0.001851614
10.1202685832977,0.08294895,-0.08598029,0.003720469
10.1298913955688,0.08366524,-0.08051818,0.004246958
10.1400921344757,0.09829259,-0.08960527,0.00293101
10.149894952774,0.09786506,-0.09616669,0.002231926
10.1606662273407,0.09402286,-0.09311618,0.001568849
10.1701848506927,0.09554967,-0.09539337,0.002079034
10.1803381443024,0.09458572,-0.1016102,0.001880827
10.1902043819427,0.09185675,-0.09252201,0.001033552
10.200386762619,0.09382288,-0.08266177,0.0001594996
10.2100524902344,0.08921607,-0.07811964,-8.490444e-05
10.2203650474548,0.08416504,-0.06438112,-0.0007089302
10.2300317287445,0.07860501,-0.06125703,0.0005248711
10.2401659488678,0.06867146,-0.05290227,0.001489963
10.2498989105225,0.0673646,-0.03147172,0.001999544
10.2599823474884,0.0646499,-0.01713956,0.001572022
10.2700688838959,0.06633373,-0.005744532,0.0001932075
10.2803030014038,0.07108938,0.01444338,-0.000821732
10.2900469303131,0.06525467,0.02024459,-0.0007698688
10.2999725341797,0.07850608,0.04565196,-0.001892911
10.3101508617401,0.07597964,0.04195288,-9.924676e-06
10.3203423023224,0.07109922,0.04733184,-6.12157e-05
10.3300042152405,0.06814981,0.0481773,-0.0002504511
10.3401501178741,0.05898571,0.0442644,-0.0001231628
10.3502459526062,0.05167209,0.03652569,0.0006208234
10.3609805107117,0.04075186,0.03391679,0.0005829744
10.3700406551361,0.03498281,0.01948383,0.001286534
10.3800971508026,0.03597496,0.009041319,0.001940302
10.3900055885315,0.04322976,-0.007405364,0.002943558
10.4001150131226,0.05059172,-0.0190478,0.004195694
10.410126209259,0.06121071,-0.02652125,0.005700798
10.4202301502228,0.06929859,-0.04628506,0.007493603
10.4300174713135,0.07563961,-0.04532666,0.007050228
10.4400880336761,0.07699817,-0.06432735,0.008333224
10.449976682663,0.08478631,-0.089155,0.00920146
10.4608910083771,0.08942197,-0.0964843,0.009054154
10.4705166816711,0.09190682,-0.1070618,0.009312662
10.4802069664001,0.0914068,-0.1156343,0.01063522
10.4903647899628,0.08849522,-0.1112112,0.0102297
10.4999439716339,0.09082063,-0.115951,0.01015458
10.5100781917572,0.1032294,-0.1211015,0.00846684
10.5202081203461,0.1078049,-0.1228962,0.00837252
10.5300996303558,0.1084042,-0.1314932,0.00902993
10.5400609970093,0.1198303,-0.1335585,0.009470087
10.5502965450287,0.1195308,-0.1229218,0.01025199
10.5599646568298,0.118526,-0.1080433,0.009710553
10.5700433254242,0.1112003,-0.1133455,0.01014938
10.5802767276764,0.1058119,-0.116865,0.009894904
10.5899794101715,0.1037318,-0.1169591,0.01090911
10.6005885601044,0.09987902,-0.1090454,0.0110492
10.6103637218475,0.09406617,-0.1067529,0.01023205
10.6203074455261,0.09990162,-0.0922336,0.009434647
10.6299839019775,0.09430103,-0.08348797,0.009715782
10.6400666236877,0.09585211,-0.06510824,0.009533052
10.6506731510162,0.08707994,-0.0579956,0.01020868
10.6603789329529,0.07508605,-0.04191857,0.01019257
10.6699705123901,0.07163395,-0.02875392,0.01156855
10.6802010536194,0.0667661,-0.01203208,0.01108385
10.6899394989014,0.0616612,-0.002783827,0.01126189
10.6999731063843,0.05762447,0.004288944,0.01151902
10.710280418396,0.0480339,0.004955057,0.01269398
10.7201874256134,0.04076584,0.007404261,0.0130637
10.7302603721619,0.04946585,0.001689289,0.01355976
10.7399191856384,0.05130089,-0.005353665,0.01525029
10.7503218650818,0.06451204,-0.01605423,0.01692201
10.7604746818542,0.0677749,-0.02225513,0.01617504
10.7701416015625,0.06820193,-0.04121346,0.01592444
10.7808389663696,0.07390744,-0.06300485,0.01557696
10.789959192276,0.07701078,-0.07648215,0.01600225
10.800094127655,0.07878099,-0.08272352,0.0170637
10.810201883316,0.08298128,-0.09128365,0.01758076
10.8204066753387,0.08792387,-0.1120062,0.01692384
10.8300652503967,0.09952121,-0.1167002,0.01673973
10.8399369716644,0.1057868,-0.1153051,0.01692904
10.8502676486969,0.1078064,-0.117151,0.01692933
10.8599486351013,0.1132312,-0.112438,0.01758295
10.8701932430267,0.1183768,-0.1050655,0.01807202
10.8799335956573,0.1233004,-0.09755214,0.01813398
10.890109539032,0.1321257,-0.08982578,0.01782797
10.9000837802887,0.139536,-0.08400811,0.01700443
10.9099826812744,0.1365167,-0.08149754,0.01748015
10.9200208187103,0.1396406,-0.07780149,0.01741552
10.9301972389221,0.1367808,-0.07258551,0.01770307
10.9399135112762,0.1414971,-0.0641173,0.0167488
10.9501760005951,0.1371502,-0.05760417,0.01744776
10.9608447551727,0.1301644,-0.05083816,0.01677785
10.9699139595032,0.1261528,-0.04298706,0.0174701
10.9798731803894,0.1264289,-0.03666869,0.01733069
10.9899742603302,0.1226535,-0.03209266,0.0172208
11.0001201629639,0.1256365,-0.02263618,0.01639717
11.0106177330017,0.1183465,-0.0176827,0.01554091
11.020402431488,0.1083189,-0.01634424,0.01576228
11.0301043987274,0.1023291,-0.01826868,0.01588703
11.0402028560638,0.09513472,-0.01773537,0.0164549
11.0499017238617,0.1003279,-0.01688668,0.01608014
11.060072183609,0.09969389,-0.01199154,0.01739501
11.0699338912964,0.09868347,-0.01425099,0.01684563
11.0801904201508,0.09478036,-0.02323344,0.01769586
11.0898430347443,0.08835542,-0.01811306,0.0176372
11.1000771522522,0.09071838,-0.02520106,0.01820252
11.1107366085052,0.09889153,-0.02500164,0.01848595
11.1208832263947,0.1070507,-0.03328085,0.01895264
11.1305110454559,0.1077018,-0.0406075,0.01807588
11.13987159729,0.1073955,-0.05831787,0.01797374
11.1499350070953,0.1141901,-0.06657115,0.01849459
11.1600329875946,0.1183779,-0.07108501,0.01845152
11.1702065467834,0.1278705,-0.06845199,0.01828315
11.1803801059723,0.1294345,-0.06780069,0.01835816
11.1900827884674,0.1314386,-0.06960393,0.0181748
11.200127363205,0.1335663,-0.07600779,0.01955917
11.2102229595184,0.1401518,-0.07708897,0.02036613
11.2199738025665,0.1486205,-0.07429042,0.02015196
11.2299761772156,0.1499622,-0.07517467,0.0191947
11.2399082183838,0.1515702,-0.07349516,0.019214
11.2500367164612,0.1546124,-0.07570465,0.01942344
11.2600779533386,0.1528766,-0.07598372,0.01953883
11.269969701767,0.1493344,-0.07537607,0.02103484
11.2799019813538,0.1569157,-0.07063255,0.02016823
11.2900192737579,0.1548555,-0.06360835,0.02053324
11.3001823425293,0.1577444,-0.04915652,0.01736862
11.3107631206512,0.155665,-0.0358975,0.01637495
11.3202664852142,0.1545096,-0.0332734,0.01696677
11.3299322128296,0.152859,-0.02957347,0.01656239
11.3400666713715,0.1523878,-0.02222506,0.01556317
11.3499510288239,0.1532886,-0.01368103,0.01626786
11.3603892326355,0.1529662,-0.01498539,0.01587762
11.3701131343842,0.1563055,-0.004876997,0.01458535
11.3802320957184,0.1609921,0.008668186,0.01308076
11.3899779319763,0.1647564,0.01293104,0.01221934
11.399974822998,0.1759121,0.009287741,0.01114737
11.4102962017059,0.1749765,0.005502861,0.0114509
11.4204952716827,0.1742976,0.003416067,0.01112296
11.4299485683441,0.1709591,0.008392266,0.01143724
11.4400451183319,0.1787131,0.006669756,0.01303262
11.4500002861023,0.1779698,0.007876621,0.01313059
11.4602892398834,0.1776675,0.002741304,0.01313389
11.4698851108551,0.1785787,-0.008513622,0.01260293
11.4799880981445,0.1692208,-0.01382614,0.01278623
11.490229845047,0.1597707,-0.007052027,0.01176046
11.5000562667847,0.15476,-0.0103039,0.01254683
11.5098919868469,0.1483773,-0.006769924,0.01236695
11.5199062824249,0.1507877,-0.02296236,0.01518708
11.5300698280334,0.1479661,-0.01868944,0.01521608
11.5400102138519,0.1448584,-0.02189798,0.01520231
11.549919128418,0.1486998,-0.03099762,0.01573025
11.5607051849365,0.1517963,-0.04277572,0.01438887
11.5701951980591,0.1465138,-0.06273025,0.01351348
11.5802490711212,0.1387601,-0.06123878,0.01336167
11.5899386405945,0.1354502,-0.06917857,0.01301142
11.6000587940216,0.1419131,-0.07363372,0.01189801
11.6099696159363,0.1443455,-0.08298957,0.01162089
11.6205229759216,0.1453549,-0.08870291,0.01175826
11.6301114559174,0.147659,-0.0939431,0.01284439
11.6399655342102,0.1472791,-0.09231134,0.01291182
11.6501009464264,0.1560841,-0.09725112,0.01486739
11.6606757640839,0.153067,-0.09655559,0.0153441
11.6699211597443,0.1702413,-0.07392116,0.01462905
11.680878162384,0.1651376,-0.07277703,0.01460915
11.6899452209473,0.1613792,-0.07985072,0.01505988
11.6999542713165,0.1617905,-0.08107713,0.01533926
11.7100887298584,0.1582967,-0.08504053,0.01617822
11.7201449871063,0.162286,-0.08245013,0.01643952
11.7301862239838,0.1608085,-0.0755394,0.01658903
11.7398891448975,0.1636238,-0.07649438,0.0159446
11.7507765293121,0.1679191,-0.06675068,0.01493896
11.759902715683,0.1665803,-0.06397473,0.01579455
11.7701945304871,0.1612892,-0.07721334,0.01648435
11.7799479961395,0.1634038,-0.07862606,0.01601982
11.7899034023285,0.1786846,-0.06504706,0.01497899
11.7999932765961,0.1865887,-0.0629343,0.01421666
11.8101487159729,0.1895775,-0.05480372,0.01412049
11.819976568222,0.197901,-0.06761882,0.01610777
11.8303480148315,0.2017615,-0.07300381,0.01345136
11.8399283885956,0.1939934,-0.08650568,0.01100937
11.8503248691559,0.1856648,-0.09339795,0.009324798
11.8599724769592,0.1788049,-0.103603,0.00832224
11.870053768158,0.1617465,-0.1092778,0.008190736
11.8799479007721,0.157407,-0.1115762,0.007924065
11.8900711536407,0.1637804,-0.1100053,0.008683956
11.9002356529236,0.1636678,-0.1046358,0.0087384
11.9108083248138,0.160627,-0.08069067,0.007682483
11.9200322628021,0.165281,-0.07269301,0.006937924
11.9305999279022,0.1595369,-0.07935019,0.006732022
11.940324306488,0.1549016,-0.08402363,0.00608125
11.9499866962433,0.1552518,-0.1045538,0.006041559
11.9601066112518,0.1560445,-0.1085718,0.005428621
11.9703271389008,0.1570622,-0.1192905,0.005362785
11.9809076786041,0.1531959,-0.1241544,0.005355849
11.990109205246,0.1502346,-0.1278136,0.005846939
12.0008985996246,0.1597678,-0.1329568,0.005892299
12.0104804039001,0.1655025,-0.1296145,0.007352163
12.0206301212311,0.1709651,-0.11344,0.005451779
12.0303030014038,0.1821561,-0.1005121,0.005797333
12.039941072464,0.190941,-0.08309897,0.004679964
12.0506174564362,0.1929043,-0.08441968,0.004874402
12.0598397254944,0.1893315,-0.09071039,0.004889664
12.0699217319489,0.1966926,-0.09460998,0.004497355
12.0800223350525,0.1956589,-0.09967106,0.004688227
12.0901384353638,0.1945925,-0.09343967,0.005211282
12.1002893447876,0.2070826,-0.07281496,0.005464392
12.1099874973297,0.2066143,-0.07270333,0.005819179
12.1207060813904,0.2032533,-0.07103062,0.006065669
12.1300220489502,0.1984194,-0.09054423,0.007497212
12.1401307582855,0.1946932,-0.08296538,0.008717838
12.1501500606537,0.2034159,-0.08190349,0.009366469
12.159882068634,0.1982232,-0.07724556,0.0102006
12.1700143814087,0.209307,-0.06979954,0.01174765
12.180082321167,0.2111975,-0.06683924,0.01313802
12.1901164054871,0.2037806,-0.06796423,0.01456568
12.1999456882477,0.2056894,-0.07480054,0.01756488
12.2100908756256,0.2045179,-0.07028382,0.01801361
12.2207024097443,0.2070859,-0.08095728,0.01590917
12.2299489974976,0.2036367,-0.08096738,0.01485174
12.2398974895477,0.2015714,-0.07297281,0.01619946
12.2499577999115,0.2053482,-0.06199848,0.01782908
12.2600500583649,0.1978767,-0.06465361,0.01707333
12.2700583934784,0.200885,-0.06803048,0.01532399
12.279956817627,0.1944902,-0.05859368,0.01374846
12.290093421936,0.2120602,-0.04375006,0.01402932
12.3002345561981,0.2303357,-0.03116979,0.01489874
12.3099884986877,0.2304763,-0.02505409,0.01419174
12.3201467990875,0.2327466,-0.0219041,0.01268337
12.3301198482513,0.2344359,-0.02466603,0.01144009
12.3401947021484,0.2389167,-0.01923174,0.009871593
12.3499028682709,0.2547398,-0.0214395,0.008919686
12.3601355552673,0.2640666,-0.01347365,0.008272059
12.3702571392059,0.2869507,-0.007076079,0.009493744
12.379985332489,0.2855039,-0.0004922743,0.009349876
12.3899214267731,0.276112,-0.007699798,0.009317153
12.4006903171539,0.2665402,-0.03606366,0.009130254
12.4103939533234,0.2601528,-0.05188794,0.009124512
12.4199190139771,0.2572052,-0.07075914,0.009778266
12.4301328659058,0.2511393,-0.08332252,0.009831761
12.4402770996094,0.2432337,-0.09808056,0.009913692
12.4501395225525,0.2414112,-0.1087135,0.009794098
12.4602632522583,0.2297628,-0.1221071,0.01060419
12.470508813858,0.2320814,-0.1040623,0.01152878
12.4802045822144,0.2321588,-0.09725134,0.01202647
12.4899778366089,0.2386339,-0.06807823,0.01178823
12.4999489784241,0.2307707,-0.06955009,0.01195799
12.5100982189178,0.2236996,-0.0732764,0.01204749
12.5199544429779,0.2262419,-0.08183126,0.01297179
12.5300815105438,0.2141445,-0.07463098,0.01298464
12.5399675369263,0.2037156,-0.09491519,0.01272841
12.5502846240997,0.1953657,-0.0990644,0.01139539
12.559986114502,0.1841687,-0.1034863,0.009983378
12.5701642036438,0.1871682,-0.09903584,0.009248227
12.5802783966064,0.187204,-0.07014161,0.008546158
12.5900821685791,0.1875435,-0.05708659,0.009606336
12.6001484394073,0.1924346,-0.04170575,0.009168942
12.6103489398956,0.1957077,-0.03924796,0.01100661
12.6199069023132,0.1919041,-0.04973149,0.01205812
12.6300270557404,0.1801429,-0.06166193,0.0118324
12.6399898529053,0.1734078,-0.08190153,0.0119259
12.6498970985413,0.1665372,-0.1080589,0.0124053
12.6600384712219,0.1514479,-0.110385,0.01224256
12.6707940101624,0.1573164,-0.1161357,0.01271941
12.6799702644348,0.1625822,-0.1086515,0.01404136
12.6901099681854,0.1639006,-0.09915537,0.01392752
12.7001490592957,0.1833261,-0.09773614,0.01293469
12.7106418609619,0.1861251,-0.09880859,0.0127032
12.7207217216492,0.1947607,-0.09257933,0.01287368
12.7300662994385,0.2017218,-0.07820427,0.01393653
12.7399985790253,0.2043659,-0.06287142,0.01352704
12.7502400875092,0.2067587,-0.06853574,0.01418641
12.7599291801453,0.2162834,-0.0406452,0.01236734
12.7701909542084,0.2176646,-0.04222991,0.01249887
12.7802619934082,0.2196167,-0.02081018,0.0119875
12.7903161048889,0.2198837,-0.01183356,0.01234037
12.7999796867371,0.2213972,0.009785781,0.01115574
12.8101840019226,0.2184064,0.02121717,0.01142363
12.8203432559967,0.2145338,0.03162944,0.01175796
12.8300065994263,0.2178469,0.03982084,0.01132273
12.8399331569672,0.2048888,0.04589934,0.009650283
12.8501577377319,0.1942337,0.033509,0.009014282
12.8603456020355,0.1822113,0.02208091,0.008121868
12.8699266910553,0.1645225,0.004016728,0.005914133
12.8799979686737,0.1493664,-0.007903341,0.005768969
12.8900203704834,0.1339625,-0.04360526,0.00558759
12.9001009464264,0.1170049,-0.04481595,0.005320027
12.9099078178406,0.1236773,-0.1024556,0.003534623
12.920179605484,0.1017793,-0.1826206,0.001544847
12.9303779602051,0.07997368,-0.2897238,0.0008321513
12.9399712085724,0.07785127,-0.3537148,0.0008814904
12.9501225948334,0.07205372,-0.4116241,6.673518e-05
12.960597038269,0.06602857,-0.4710414,-0.0007220298
12.9699516296387,0.08277651,-0.5060567,-0.001009122
12.9800395965576,0.08849197,-0.5658056,-0.0002113845
12.989818572998,0.09308861,-0.6038215,-0.0008502499
12.999947309494,0.1098286,-0.644766,-0.0007526192
13.0101680755615,0.1269089,-0.6604929,-0.001023734
13.0208327770233,0.1242701,-0.6957468,-0.0004843714
13.0304980278015,0.1321985,-0.703409,-0.0002614532
13.0401387214661,0.1653093,-0.6995003,-0.0006198193
13.0508289337158,0.174975,-0.7021964,-0.001050851
13.0604302883148,0.184618,-0.6986993,-0.001427105
13.0701050758362,0.1957624,-0.7137783,-0.0007400049
13.0803635120392,0.2058388,-0.7090105,-0.0009656615
13.0899467468262,0.2182139,-0.7055136,0.0004581861
13.1005840301514,0.2158573,-0.7171337,0.0003524499
13.1107215881348,0.2141024,-0.7084354,-0.001035322
13.1199448108673,0.2028945,-0.6920222,-0.001112164
13.1300885677338,0.1929214,-0.6773375,-0.001868413
13.1403436660767,0.1877831,-0.6691071,-0.002010576
13.1499450206757,0.1317971,-0.6792113,0.001314012
13.1602389812469,0.1146138,-0.6884231,0.005427404
13.170414686203,0.1030863,-0.6732087,0.007732202
13.1799981594086,0.08961337,-0.6683949,0.01359891
13.1899919509888,0.07018413,-0.67269,0.01546119
13.200101852417,0.07259839,-0.6719586,0.02036351
13.2106018066406,0.0595259,-0.6866376,0.01975799
13.2206935882568,0.06556387,-0.697251,0.02278273
13.2308297157288,0.05933147,-0.7015074,0.02392327
13.2399427890778,0.06363509,-0.7254247,0.02078329
13.2498979568481,0.08819789,-0.6876336,0.01638448
13.2600588798523,0.08325551,-0.680271,0.01507774
13.2706229686737,0.08746381,-0.6894531,0.01302916
13.2803750038147,0.08454342,-0.6910077,0.01598286
13.2906131744385,0.09739025,-0.7182423,0.01803665
13.3003277778625,0.1410215,-0.7293797,0.02271055
13.31005859375,0.1647739,-0.7299514,0.02111262
13.3202047348022,0.1698415,-0.7488692,0.0203793
13.3299286365509,0.167328,-0.7670948,0.01926789
13.3399107456207,0.1744014,-0.7754213,0.0194224
13.3501703739166,0.1971945,-0.7857845,0.01797615
13.3603408336639,0.2189344,-0.7820534,0.01943665
13.3706307411194,0.2286535,-0.7884386,0.02088983
13.3802537918091,0.2227717,-0.7925646,0.02327335
13.3903815746307,0.2335146,-0.777945,0.0206186
13.4006989002228,0.2402253,-0.7715251,0.01725502
13.4101412296295,0.2352612,-0.7820626,0.01744023
13.4202802181244,0.2423771,-0.8044595,0.01784736
13.4299032688141,0.2434569,-0.8077474,0.01648866
13.4400355815887,0.2436233,-0.8014812,0.01514541
13.4502365589142,0.2153199,-0.8120427,0.01591646
13.459938287735,0.2067108,-0.7968594,0.01713385
13.4705574512482,0.19124,-0.7830292,0.01875339
13.4803035259247,0.2006655,-0.7474385,0.02085289
13.4899702072144,0.189334,-0.7392052,0.02162678
13.5005302429199,0.1931887,-0.7145416,0.02192487
13.5107178688049,0.1850438,-0.6949466,0.02235482
13.5201361179352,0.1738678,-0.695677,0.02467252
13.5308096408844,0.1553181,-0.6950947,0.02272309
13.5401232242584,0.1416182,-0.6887333,0.02228842
13.5503137111664,0.1147817,-0.7101583,0.02616996
13.5599076747894,0.10148,-0.7178483,0.02689988
13.5701515674591,0.09884657,-0.7133176,0.02843602
13.5802626609802,0.1099832,-0.6761218,0.02688367
13.5898716449738,0.1011666,-0.6653391,0.02623098
13.6000435352325,0.0997304,-0.6439996,0.02309414
13.6102449893951,0.1067289,-0.6193778,0.02121749
13.6198997497559,0.1057565,-0.6247654,0.02101969
13.6300647258759,0.1116033,-0.6064689,0.01692095
13.6400513648987,0.1840713,-0.5563973,0.01458512
13.6505033969879,0.1912618,-0.5526095,0.008868583
13.6600658893585,0.1833587,-0.5539997,0.006765494
13.670645236969,0.1896175,-0.563776,0.006742225
13.680287361145,0.2000173,-0.5627436,0.007361428
13.6899132728577,0.1967275,-0.5639043,0.006573001
13.7000110149384,0.1800872,-0.5859807,0.004920394
13.7101540565491,0.1728663,-0.5928633,0.004446206
13.7200152873993,0.1585703,-0.592841,0.002464054
13.7304983139038,0.1483492,-0.5717087,0.001997523
13.739887714386,0.1350699,-0.5846757,0.008157022
13.7501122951508,0.1119613,-0.5927223,0.009311393
13.7603232860565,0.1131152,-0.5611195,0.01017701
13.7700395584106,0.1316297,-0.5116808,0.01111262
13.7807047367096,0.1191825,-0.4913023,0.01086116
13.7899296283722,0.1051493,-0.4978381,0.01089682
13.800094127655,0.08520722,-0.5092412,0.01011478
13.8102586269379,0.06891675,-0.5039141,0.009460582
13.8199217319489,0.0464799,-0.5278137,0.008826227
13.8300580978394,0.03534868,-0.5372993,0.008447274
13.8402395248413,0.01881461,-0.550716,0.008647582
13.8499553203583,-0.001377558,-0.5582843,0.009195373
13.8605580329895,-0.01503087,-0.562988,0.0113906
13.8702044487,-0.001891459,-0.5419214,0.00967542
13.8800208568573,-0.00133375,-0.5365927,0.01014908
13.8900310993195,0.008410309,-0.512055,0.009153997
13.9002056121826,0.01337754,-0.5109995,0.007767349
13.9099550247192,0.02783972,-0.5100338,0.007783148
13.9200422763824,0.03567566,-0.5003906,0.006182234
13.9301400184631,0.03394795,-0.4906594,0.006139174
13.9400334358215,0.03082361,-0.4770336,0.006260764
13.9500722885132,0.04157767,-0.5302464,0.007181579
13.9598817825317,0.03762857,-0.5092352,0.007119315
13.970920085907,0.04483958,-0.5837377,0.008352353
13.9801111221313,0.04715148,-0.6165638,0.009881517
13.9901282787323,0.05671817,-0.6343199,0.01068428
14.0003657341003,0.07122838,-0.6563419,0.01141313
14.0100030899048,0.07852617,-0.6586931,0.01187725
14.0202097892761,0.08293683,-0.6548897,0.01143583
14.0307912826538,0.08822723,-0.6465808,0.01063343
14.0399944782257,0.09048699,-0.6366055,0.01099064
14.0501413345337,0.1039241,-0.6371487,0.01221852
14.0599677562714,0.1065576,-0.6470135,0.01317565
14.0705420970917,0.1042205,-0.6432757,0.0134278
14.0801992416382,0.1000366,-0.6274249,0.0130359
14.0898787975311,0.1036648,-0.6084037,0.01303995
14.0999608039856,0.09628977,-0.5962031,0.01266013
14.1101586818695,0.09487949,-0.5871518,0.01271454
14.1202926635742,0.09087778,-0.5852052,0.01308495
14.1299540996552,0.08548211,-0.5859921,0.0137309
14.1400461196899,0.08725995,-0.5838529,0.01452052
14.1501615047455,0.09617293,-0.6014445,0.01611905
14.1603767871857,0.09250325,-0.5824968,0.01597156
14.170113325119,0.09300439,-0.5817253,0.01635453
14.1802327632904,0.09443821,-0.5787742,0.01752646
14.1899473667145,0.09191794,-0.5566564,0.0175361
14.2001633644104,0.0916748,-0.5490718,0.01822872
14.2098376750946,0.09245517,-0.5439693,0.0188133
14.2199766635895,0.09261389,-0.5330135,0.01854655
14.2302334308624,0.09003548,-0.5122135,0.01820861
14.2399299144745,0.09518985,-0.4957642,0.01863753
14.2501146793365,0.09553125,-0.4872704,0.01885236
14.2602486610413,0.1020479,-0.4567111,0.01935292
14.2699575424194,0.1049826,-0.4436142,0.01973957
14.2800781726837,0.1098619,-0.4270111,0.01990962
14.290766954422,0.1196032,-0.4164622,0.02029366
14.3000674247742,0.1288135,-0.4125107,0.02136621
14.3102238178253,0.1250051,-0.3975198,0.02143938
14.3208918571472,0.1382837,-0.4048536,0.0223419
14.3300604820251,0.1429937,-0.4163603,0.02289672
14.3402783870697,0.1462133,-0.4205874,0.02363644
14.3498733043671,0.1546552,-0.4423401,0.02414786
14.3605008125305,0.1647011,-0.4373764,0.02439185
14.3701128959656,0.1753118,-0.4454708,0.02450538
14.3802933692932,0.1757168,-0.453422,0.02436683
14.3901062011719,0.1826303,-0.4583087,0.02256601
14.400116443634,0.1870471,-0.4656845,0.02212946
14.4099998474121,0.1957218,-0.4698434,0.02159664
14.4201312065125,0.2020378,-0.4853456,0.020859
14.4301767349243,0.2054539,-0.485562,0.02067079
14.4400107860565,0.2081309,-0.4877003,0.02241284
14.4500663280487,0.2010925,-0.508756,0.02418658
14.4599440097809,0.1997979,-0.4947369,0.02443724
14.4701766967773,0.2087669,-0.5190035,0.02765624
14.4807615280151,0.199063,-0.5152601,0.02765851
14.4899230003357,0.1970487,-0.5207366,0.02876072
14.5000801086426,0.1922165,-0.5162506,0.02929782
14.5107707977295,0.1946009,-0.5136389,0.03070036
14.5203430652618,0.189598,-0.5308152,0.0320639
14.5300788879395,0.183539,-0.5269283,0.03265022
14.540116071701,0.1742516,-0.5216204,0.0331173
14.5499277114868,0.1686279,-0.5271303,0.03455748
14.5599925518036,0.1674954,-0.5271745,0.03634359
14.5702168941498,0.1641879,-0.5083762,0.03731459
14.5803532600403,0.1515943,-0.5076633,0.03839286
14.5900573730469,0.1473867,-0.4847554,0.03844243
14.6001234054565,0.1512064,-0.4819674,0.03910022
14.6103322505951,0.148856,-0.4798357,0.03921507
14.6198344230652,0.1570687,-0.4618801,0.03988891
14.6300132274628,0.1568117,-0.450743,0.04022548
14.6399371623993,0.1549276,-0.4549855,0.04108584
14.6499266624451,0.1534238,-0.4475061,0.04182696
14.6604177951813,0.1506929,-0.4305373,0.04191941
14.6706101894379,0.156593,-0.4276386,0.04220363
14.6801295280457,0.158092,-0.434496,0.04284729
14.6899411678314,0.1609692,-0.4251805,0.04246004
14.6998794078827,0.1685972,-0.4546488,0.04402992
14.7101888656616,0.1694782,-0.4552727,0.04411643
14.7202787399292,0.1739234,-0.4703875,0.04543116
14.730635881424,0.1685852,-0.4756586,0.04689528
14.7399163246155,0.1699693,-0.4625429,0.0466977
14.7508361339569,0.1633554,-0.4820875,0.04900152
14.7599420547485,0.1667856,-0.4894592,0.04980534
14.7698972225189,0.1685209,-0.4958149,0.05038666
14.7799341678619,0.1763889,-0.5103769,0.0520712
14.7902355194092,0.1826929,-0.5125481,0.05255818
14.8001537322998,0.1793485,-0.5374802,0.05440944
14.8109087944031,0.1776852,-0.5549219,0.0555414
14.8199853897095,0.1675429,-0.5892767,0.0556254
14.8300631046295,0.1612589,-0.5864024,0.05517492
14.8401737213135,0.1624165,-0.5634568,0.05460181
14.8499076366425,0.1611222,-0.571571,0.05517027
14.8601505756378,0.1519905,-0.5777127,0.05492962
14.8698937892914,0.1569982,-0.6091957,0.05630169
14.880574464798,0.1510819,-0.6151112,0.05663726
14.8898227214813,0.1451878,-0.6284015,0.05672717
14.9004936218262,0.1455923,-0.6176585,0.0573268
14.9100370407104,0.1517731,-0.6094157,0.05712008
14.9201431274414,0.1576994,-0.5962409,0.05607317
14.9303197860718,0.1675099,-0.5761855,0.05556989
14.9398837089539,0.17217,-0.5775013,0.05656154
14.9501338005066,0.1757848,-0.567974,0.05625428
14.9601857662201,0.1702555,-0.5550261,0.05629499
14.9699237346649,0.1720207,-0.5729846,0.05820546
14.9800729751587,0.1848858,-0.5614015,0.05947311
14.9899098873138,0.1791277,-0.5588808,0.06104187
15.0004515647888,0.1892627,-0.5649799,0.06136815
15.0102326869965,0.1875799,-0.5762538,0.06228492
15.0199763774872,0.1824851,-0.5818203,0.06262958
15.0301108360291,0.1662744,-0.599167,0.06214464
15.0399513244629,0.1604408,-0.5980819,0.06237778
15.0500822067261,0.1595502,-0.6113939,0.06333334
15.0602231025696,0.1520799,-0.6206984,0.06406026
15.0703132152557,0.1483111,-0.6271701,0.06405015
15.079950094223,0.1485104,-0.6257241,0.06435333
15.0900943279266,0.1531095,-0.648281,0.06556606
15.1002910137177,0.1489513,-0.6490859,0.06576595
15.1099452972412,0.1395427,-0.6449169,0.06542698
15.1200759410858,0.1285711,-0.6280012,0.06453232
15.1302194595337,0.1246784,-0.6189297,0.06469812
15.1400587558746,0.1287877,-0.6045282,0.06503636
15.1501245498657,0.1433089,-0.5915548,0.06604619
15.160338640213,0.1556447,-0.5672968,0.06614967
15.1699073314667,0.1621097,-0.5695703,0.06686742
15.1799561977386,0.1686284,-0.5459051,0.0671731
15.189936876297,0.1719483,-0.5321681,0.06716302
15.2007684707642,0.1637668,-0.5365039,0.06669086
15.2099668979645,0.1604754,-0.5423269,0.06624281
15.2205274105072,0.1528262,-0.5653774,0.06568684
15.2301797866821,0.1444178,-0.5644275,0.06454182
15.2400200366974,0.1379828,-0.5673279,0.06157045
15.2502281665802,0.1448137,-0.5828342,0.06212265
15.2599465847015,0.1455928,-0.577371,0.06105073
15.2702803611755,0.1438263,-0.583708,0.06001684
15.2806212902069,0.1407798,-0.5880176,0.05936722
15.2899301052094,0.1464465,-0.5924973,0.06051071
15.3000154495239,0.1514855,-0.6060199,0.06170871
15.3107347488403,0.1511015,-0.606497,0.06233884
15.3200790882111,0.1595669,-0.6286491,0.06436744
15.3299880027771,0.1542976,-0.62894,0.06429487
15.3399312496185,0.1505896,-0.6296567,0.06455989
15.3500468730927,0.1516269,-0.6388561,0.06539901
15.3601276874542,0.1441954,-0.6390942,0.06549024
15.3703546524048,0.1447289,-0.646069,0.0659938
15.379958152771,0.149083,-0.639997,0.06626917
15.3901011943817,0.1525213,-0.6247455,0.06658606
15.4001135826111,0.1597313,-0.6200852,0.06604707
15.410106420517,0.1655526,-0.5864795,0.06491968
15.4205279350281,0.1622922,-0.5842799,0.06511585
15.4302010536194,0.1576769,-0.5647036,0.06423289
15.4402306079865,0.1522343,-0.5529202,0.0633648
15.450345993042,0.1528722,-0.5598702,0.06349903
15.4599375724792,0.149371,-0.5547881,0.06349556
15.4700937271118,0.1492222,-0.5400161,0.05918859
15.4803967475891,0.1501753,-0.5302391,0.05814788
15.4899885654449,0.148355,-0.5392624,0.0572657
15.5004801750183,0.1410197,-0.5663515,0.05656024
15.5101752281189,0.1418418,-0.5722213,0.05712887
15.5207984447479,0.1482919,-0.5503166,0.05834343
15.5299699306488,0.1444773,-0.5441022,0.05922085
15.5398681163788,0.1416257,-0.5484174,0.06109596
15.5501661300659,0.1359389,-0.5242349,0.06159822
15.5599601268768,0.1348154,-0.5184297,0.06354287
15.5701656341553,0.1329435,-0.5245883,0.0660621
15.5803186893463,0.1302211,-0.515193,0.06644809
15.5899696350098,0.1285292,-0.5033704,0.06720418
15.5999813079834,0.1409491,-0.4983166,0.06761927
15.6101567745209,0.1433948,-0.483393,0.06659861
15.6203444004059,0.1394744,-0.4719687,0.06635085
15.6301922798157,0.1609603,-0.4812303,0.06747787
15.6400790214539,0.1633065,-0.4878253,0.06765881
15.6499321460724,0.1624597,-0.5029133,0.06718819
15.6600458621979,0.1698137,-0.5113202,0.06825433
15.6701431274414,0.169732,-0.5361398,0.06901519
15.6803398132324,0.1665172,-0.5458738,0.06919537
15.689936876297,0.1647671,-0.5589575,0.06779545
15.7002737522125,0.1632318,-0.5652248,0.06687811
15.7099030017853,0.1532858,-0.5686242,0.06624705
15.7200627326965,0.1340841,-0.5646302,0.06505559
15.7306411266327,0.1228889,-0.5459042,0.06453851
15.7398433685303,0.1153925,-0.5234475,0.06291176
15.7499971389771,0.1134159,-0.5117298,0.06298706
15.7600917816162,0.1112197,-0.488788,0.06216259
15.7702145576477,0.1066818,-0.4835796,0.06096819
15.7804162502289,0.1020057,-0.4697418,0.06081191
15.790055513382,0.09758857,-0.4462258,0.06083503
15.800283908844,0.1004497,-0.476605,0.06319845
15.8099317550659,0.099567,-0.4737964,0.06376012
15.8201553821564,0.1069753,-0.4989197,0.06527928
15.8300442695618,0.1012221,-0.5025364,0.06553951
15.8400681018829,0.09742579,-0.5060652,0.06519864
15.8503744602203,0.09914012,-0.5100781,0.06500553
15.85999584198,0.09671681,-0.5227802,0.06464755
15.8701829910278,0.1006829,-0.539583,0.06474166
15.8801591396332,0.108075,-0.5507464,0.06488219
15.8902616500854,0.1026425,-0.5312659,0.06444952
15.8999247550964,0.1063191,-0.525028,0.06464534
15.9106805324554,0.1156914,-0.5555299,0.06513711
15.9202737808228,0.1315277,-0.5791582,0.06378578
15.9299509525299,0.1384556,-0.5913946,0.06219634
15.939868927002,0.1533108,-0.6205679,0.06068426
15.9499819278717,0.1627404,-0.6225253,0.05866462
15.9599854946136,0.1804104,-0.6415374,0.05843108
15.9701509475708,0.185888,-0.6785228,0.05898526
15.9801442623138,0.1952925,-0.7271945,0.05962138
15.9900078773499,0.2090936,-0.754698,0.06087874
16.00026679039,0.2140185,-0.7827488,0.06099872
16.0099947452545,0.2141578,-0.8045713,0.06131326
16.019942522049,0.2181298,-0.8340187,0.0609722
16.0301268100739,0.2150415,-0.8325663,0.0604008
16.040002822876,0.2154815,-0.8511726,0.06143061
16.0501642227173,0.2124607,-0.8504401,0.06173528
16.0599646568298,0.2103711,-0.8246348,0.06052119
16.0700504779816,0.2080383,-0.7970849,0.0597606
16.0807580947876,0.2120069,-0.7820825,0.0598999
16.0900962352753,0.2074154,-0.7661585,0.05939066
16.1000411510468,0.222618,-0.7614853,0.06015685
16.1106927394867,0.2243064,-0.7398071,0.06015857
16.1203310489655,0.2239318,-0.7229866,0.05917855
16.1300840377808,0.2320339,-0.6617726,0.05787058
16.1398668289185,0.2354033,-0.608936,0.05806424
16.1503264904022,0.2545026,-0.5667615,0.05801269
16.1599540710449,0.2547941,-0.5292047,0.05810883
16.1701121330261,0.2559502,-0.5048026,0.05766135
16.1800711154938,0.2576146,-0.4627302,0.05621622
16.1898798942566,0.2482285,-0.4481879,0.05643071
16.1999294757843,0.2519169,-0.4227652,0.0557127
16.2100789546967,0.2471295,-0.411473,0.05622464
16.2200572490692,0.2468219,-0.432507,0.05802624
16.2299318313599,0.2474739,-0.4178573,0.05839234
16.2402250766754,0.2489509,-0.3977059,0.05768921
16.2502915859222,0.2528469,-0.3966641,0.05851834
16.260648727417,0.2512964,-0.4047111,0.05871113
16.2699415683746,0.2431237,-0.428023,0.05823177
16.2799890041351,0.2356533,-0.4338344,0.05817669
16.2898855209351,0.2303616,-0.440305,0.05804476
16.3000249862671,0.2207963,-0.482848,0.0594692
16.31010389328,0.2141961,-0.504746,0.0602598
16.3208720684052,0.2058545,-0.5376955,0.06087038
16.3299441337585,0.1922141,-0.5596488,0.06043719
16.3401274681091,0.1947482,-0.667025,0.06428509
16.349862575531,0.2006424,-0.7345459,0.06826092
16.3600296974182,0.1967856,-0.7982239,0.07063689
16.3701362609863,0.197873,-0.836963,0.07102593
16.3807873725891,0.2054227,-0.8872988,0.07205399
16.3900547027588,0.2097053,-0.9102346,0.07239691
16.4005711078644,0.2076347,-0.9298888,0.07381546
16.4101715087891,0.1992535,-0.9404588,0.07412194
16.4201378822327,0.1924778,-0.9637335,0.07562219
16.4300718307495,0.1930013,-0.9700391,0.07523054
16.4403400421143,0.1965534,-0.9787979,0.07592595
16.4498550891876,0.1863474,-0.9722373,0.07525311
16.460636138916,0.1771198,-0.9498738,0.07499946
16.469877243042,0.1755098,-0.9484864,0.07465594
16.4800179004669,0.1747562,-0.9135532,0.07283682
16.4899826049805,0.1713735,-0.8766899,0.07223972
16.5001854896545,0.1723352,-0.8394258,0.07223892
16.5099313259125,0.1634805,-0.7962145,0.07039702
16.5200843811035,0.1642875,-0.7737646,0.06993192
16.5302567481995,0.1636247,-0.7694328,0.06896428
16.5399460792542,0.1664096,-0.7495447,0.06852308
16.5500605106354,0.1660004,-0.764291,0.06772611
16.5604085922241,0.1621033,-0.760469,0.06838853
16.5700039863586,0.1696745,-0.7483936,0.06800016
16.5806775093079,0.1664454,-0.7494556,0.0668602
16.5900294780731,0.1618147,-0.7481662,0.06673325
16.6004025936127,0.1667708,-0.7437414,0.06889099
16.610166311264,0.1588598,-0.7117491,0.06858411
16.6203792095184,0.1615782,-0.6857622,0.06871542
16.6299743652344,0.168887,-0.6615765,0.0691841
16.6398668289185,0.1681337,-0.6166186,0.06806295
16.6504888534546,0.166534,-0.584111,0.06668942
16.6601676940918,0.1603893,-0.5483069,0.06524301
16.670774936676,0.1598066,-0.5173665,0.06326777
16.6800141334534,0.1589267,-0.5180669,0.06333371
16.6901218891144,0.163227,-0.4771557,0.06226756
16.700275182724,0.170865,-0.4683419,0.06206172
16.7099103927612,0.1732422,-0.4491873,0.06028339
16.7202861309052,0.1755822,-0.449715,0.06068804
16.7299506664276,0.1738043,-0.443538,0.06073649
16.7399516105652,0.170172,-0.4417397,0.06060122
16.7498736381531,0.1733945,-0.471799,0.06171791
16.7600979804993,0.1685626,-0.4685941,0.06151804
16.7702553272247,0.166687,-0.4760936,0.06169489
16.7799563407898,0.1666383,-0.4816403,0.0610983
16.7903316020966,0.1665262,-0.4709182,0.06068228
16.8002002239227,0.1705343,-0.4764193,0.06143193
16.81014752388,0.1769865,-0.4889373,0.06179264
16.8200948238373,0.1800975,-0.5030748,0.06280518
16.8307273387909,0.1856633,-0.5131785,0.06239746
16.8401694297791,0.1879461,-0.511019,0.06199135
16.8501830101013,0.19226,-0.5269067,0.06233105
16.8604080677032,0.1906202,-0.5345471,0.06264548
16.869993686676,0.1865015,-0.5373716,0.06348282
16.8803195953369,0.1809468,-0.515902,0.06286908
16.890275478363,0.1843056,-0.4845932,0.0624508
16.9007503986359,0.187798,-0.4716437,0.06071893
16.910076379776,0.19588,-0.4574376,0.05970869
16.9207277297974,0.1999698,-0.4619251,0.05951919
16.9300317764282,0.1986333,-0.450453,0.05855246
16.9398756027222,0.2001726,-0.4491172,0.05793065
16.9498710632324,0.2028286,-0.4580361,0.05745748
16.9600975513458,0.2008354,-0.4442446,0.0562117
16.9701306819916,0.2024242,-0.4662433,0.0569049
16.9802858829498,0.1975864,-0.4698988,0.05684257
16.9900887012482,0.1949063,-0.4917221,0.05829457
16.9999721050262,0.1860697,-0.4857719,0.05815564
17.0099501609802,0.1870512,-0.4751236,0.05717057
17.0203604698181,0.1856849,-0.485002,0.05758915
17.0300288200378,0.1934688,-0.4693201,0.05686363
17.040168762207,0.1917893,-0.464275,0.05638724
17.0499827861786,0.1891316,-0.4781574,0.05598948
17.0599448680878,0.1836329,-0.4822768,0.05467806
17.069953918457,0.1795104,-0.5194124,0.05609607
17.080099105835,0.1783249,-0.5916898,0.0577654
17.09015583992,0.1724572,-0.6432161,0.05947245
17.1007783412933,0.1701995,-0.6958673,0.06079943
17.1099441051483,0.1689802,-0.7262838,0.06152992
17.1207752227783,0.1738693,-0.7798675,0.06355613
17.1301329135895,0.1738321,-0.8011079,0.06446837
17.1402163505554,0.1702691,-0.8156738,0.06479534
17.1499712467194,0.169617,-0.8444114,0.0655917
17.1602227687836,0.1759748,-0.8458644,0.06663851
17.1707367897034,0.1774914,-0.8764606,0.06782927
17.1799380779266,0.1760721,-0.8865201,0.06871762
17.1898827552795,0.180731,-0.8970265,0.06892537
17.2003343105316,0.1674821,-0.9079741,0.06920945
17.2099912166595,0.1668515,-0.9064797,0.06881359
17.220139503479,0.1599989,-0.8884298,0.06836268
17.2302293777466,0.1660316,-0.8972191,0.06911941
17.2400493621826,0.1603834,-0.8802408,0.06889033
17.2501213550568,0.1562363,-0.8854887,0.06889695
17.2604558467865,0.1437091,-0.8893106,0.06861424
17.270534992218,0.1461967,-0.8769364,0.06831385
17.2802090644836,0.137068,-0.8469531,0.06799053
17.2899181842804,0.1421245,-0.7995967,0.06625301
17.3001918792725,0.1429096,-0.7554564,0.06484529
17.3098876476288,0.1369395,-0.70388,0.06322293
17.3204827308655,0.1418554,-0.6755765,0.06409021
17.3301236629486,0.1393742,-0.6614199,0.06509301
17.3399300575256,0.1332551,-0.6457285,0.06552405
17.3498814105988,0.1291992,-0.6591923,0.06678125
17.3599798679352,0.1288418,-0.6432559,0.06760805
17.3700094223022,0.1263972,-0.6240812,0.06723051
17.3801863193512,0.1240398,-0.6139275,0.06773567
17.3899540901184,0.1159368,-0.60351,0.06779373
17.4004781246185,0.1111195,-0.5988186,0.06752172
17.4100966453552,0.1090774,-0.5882089,0.06694868
17.4203035831451,0.1153683,-0.5996776,0.06709746
17.4299747943878,0.1167409,-0.5980802,0.06709296
17.4402837753296,0.1217375,-0.6035604,0.06710065
17.4498801231384,0.1300555,-0.5992357,0.06718447
17.4608790874481,0.1437173,-0.605857,0.06634167
17.4703130722046,0.1478606,-0.6019067,0.06588066
17.4799098968506,0.1614559,-0.6013721,0.06462841
17.4901247024536,0.1592371,-0.6026633,0.06416763
17.5003659725189,0.1655567,-0.6213244,0.06491587
17.5099534988403,0.1660235,-0.6305695,0.0650105
17.5199429988861,0.1679894,-0.6487355,0.06503642
17.5301949977875,0.1722143,-0.6629574,0.0657221
17.5399453639984,0.1742583,-0.6601068,0.06521858
17.5499851703644,0.1797375,-0.6707188,0.06570993
17.5600700378418,0.1841803,-0.6494576,0.06429964
17.5702078342438,0.1869605,-0.6387287,0.06394462
17.580352306366,0.1898549,-0.6268421,0.06299754
17.5899591445923,0.1945551,-0.6232995,0.06277432
17.6000740528107,0.1943461,-0.6352813,0.06303002
17.610643863678,0.1873551,-0.6393021,0.06374442
17.6199276447296,0.1903403,-0.6612067,0.06537032
17.6300942897797,0.1912057,-0.6529635,0.0647829
17.6402118206024,0.1942409,-0.663812,0.06558754
17.650007724762,0.1915449,-0.6726192,0.06654566
17.660213470459,0.195374,-0.67888,0.06769231
17.6701953411102,0.2001162,-0.6832567,0.06888002
17.6798903942108,0.1963674,-0.6783444,0.0688495
17.6900217533112,0.2018908,-0.6772341,0.06873488
17.7003407478333,0.2099305,-0.683665,0.06917158
17.7099192142487,0.2042275,-0.6796924,0.06858131
17.7201056480408,0.2031288,-0.6735091,0.06832206
17.7298946380615,0.2034115,-0.6677715,0.06766193
17.7399752140045,0.1997157,-0.6692303,0.066479
17.7499961853027,0.2024644,-0.6987423,0.06629309
17.7599244117737,0.2043268,-0.6953533,0.06563966
17.7702207565308,0.2222057,-0.7101988,0.06617026
17.780029296875,0.2328707,-0.7025797,0.06476132
17.7900915145874,0.2355297,-0.7020034,0.06468249
17.8002173900604,0.2438644,-0.6969028,0.06347081
17.8101184368134,0.2551437,-0.6918672,0.06314386
17.8201153278351,0.2605089,-0.6954284,0.06319578
17.8298985958099,0.262365,-0.6811241,0.06266571
17.8399658203125,0.2566939,-0.6584251,0.0620795
17.8503074645996,0.2523616,-0.6511703,0.06134414
17.8599193096161,0.2454583,-0.6329749,0.06145382
17.8708624839783,0.2556514,-0.6434332,0.06262395
17.8799760341644,0.2534352,-0.6465886,0.06429724
17.8900525569916,0.2617841,-0.6359605,0.06598005
17.9004180431366,0.2696106,-0.6403493,0.06710509
17.9101989269257,0.270607,-0.6316144,0.06710519
17.9200022220612,0.2753215,-0.6253149,0.06766
17.9308457374573,0.2766814,-0.6065978,0.06712216
17.9400534629822,0.2754917,-0.6016342,0.06785276
17.950040102005,0.2793112,-0.58846,0.06723571
17.9601216316223,0.2789512,-0.5739155,0.06695788
17.969940662384,0.2852909,-0.571942,0.06680734
17.9806022644043,0.2861003,-0.5578823,0.06582442
17.990091085434,0.2851783,-0.5526356,0.06594072
17.9999372959137,0.288983,-0.558661,0.0660477
18.0101156234741,0.286801,-0.5542619,0.06608005
18.0202128887177,0.2759679,-0.561257,0.06627075
18.029878616333,0.2745011,-0.5544807,0.06617253
18.039932012558,0.2752196,-0.5511173,0.06632838
18.0500822067261,0.2821054,-0.5487122,0.06636003
18.0602765083313,0.2719707,-0.5473909,0.06555638
18.0699553489685,0.2818834,-0.5528212,0.06512355
18.0800399780273,0.2709858,-0.5269809,0.06457149
18.0901935100555,0.2652944,-0.5085987,0.06442924
18.0999593734741,0.2584139,-0.5478037,0.06633452
18.1101453304291,0.2532578,-0.5608392,0.06764654
18.1201329231262,0.2532577,-0.5653343,0.06842819
18.1303858757019,0.2666196,-0.5758728,0.06851742
18.1399285793304,0.2620671,-0.5829085,0.06877986
18.1502165794373,0.2648695,-0.5916421,0.06918066
18.1599006652832,0.2609068,-0.5922875,0.06910472
18.1700413227081,0.2581314,-0.5993843,0.06856133
18.1802322864532,0.2500906,-0.59385,0.0681577
18.1898772716522,0.2452772,-0.5913514,0.06821039
18.2000167369843,0.2402474,-0.5971592,0.06910715
18.2106547355652,0.2332192,-0.5849492,0.06919396
18.2203345298767,0.2201696,-0.5695289,0.06961726
18.2299523353577,0.2095239,-0.5517376,0.07095449
18.2401492595673,0.1968113,-0.5338863,0.07130516
18.2507874965668,0.1861181,-0.5156241,0.07101472
18.25998711586,0.1928109,-0.5235328,0.0713452
18.2701208591461,0.1897865,-0.5234573,0.07290131
18.2802002429962,0.1827361,-0.518551,0.07358699
18.2899475097656,0.1890337,-0.5180849,0.07271958
18.3000910282135,0.194828,-0.5389711,0.07098933
18.3102600574493,0.1971256,-0.5414374,0.06919887
18.3199057579041,0.2059225,-0.5454865,0.06770742
18.3301272392273,0.207471,-0.535417,0.06724613
18.3401494026184,0.2037634,-0.5202841,0.06589701
18.3498992919922,0.2084285,-0.4979097,0.06457444
18.3600780963898,0.2026392,-0.5062966,0.06395561
18.3699765205383,0.1926258,-0.5374815,0.06406905
18.379869222641,0.1784361,-0.5505595,0.06358829
18.3900036811829,0.1697555,-0.5544578,0.06232932
18.4008092880249,0.1691345,-0.568626,0.06188131
18.409875869751,0.1692068,-0.5686111,0.06093486
18.4200441837311,0.1671463,-0.5630636,0.06035582
18.4298462867737,0.1699436,-0.5647345,0.06072438
18.4402332305908,0.1703788,-0.5530165,0.06062011
18.4499480724335,0.168216,-0.5543519,0.06002934
18.4600148200989,0.1639211,-0.5473607,0.0586539
18.4701654911041,0.1598392,-0.5519121,0.05816421
18.4804339408875,0.1631804,-0.5519911,0.05919774
18.4900796413422,0.1638929,-0.5578863,0.05876633
18.500105381012,0.1677851,-0.5710425,0.05935009
18.5098955631256,0.1723055,-0.5677514,0.05972952
18.5207052230835,0.1858001,-0.5696583,0.06038503
18.5301561355591,0.1871773,-0.5676252,0.06055425
18.5399827957153,0.1923669,-0.5613363,0.06107952
18.5503008365631,0.201497,-0.5695472,0.06181044
18.5599341392517,0.2029574,-0.576492,0.06182911
18.5699133872986,0.1973328,-0.5956348,0.06131389
18.580225944519,0.1959754,-0.6012101,0.06108255
18.5899069309235,0.1972621,-0.6000949,0.0610818
18.60000872612,0.2098477,-0.6051099,0.06157792
18.6102323532104,0.2203063,-0.5928979,0.06054511
18.6203405857086,0.2320978,-0.6016529,0.0626103
18.6299679279327,0.2306637,-0.5968912,0.06197979
18.6401128768921,0.226685,-0.5895853,0.06196141
18.6502470970154,0.2299561,-0.597376,0.06159145
18.6599326133728,0.2281027,-0.5741678,0.06075313
18.6701476573944,0.2376117,-0.5765075,0.06121572
18.6802425384521,0.2339556,-0.5593584,0.0605925
18.6900455951691,0.2355932,-0.5575202,0.06069201
18.700071811676,0.2322685,-0.5454251,0.05972816
18.7101888656616,0.2285725,-0.5330104,0.05797866
18.7204880714417,0.2169631,-0.5557684,0.05884534
18.7300341129303,0.2066279,-0.572794,0.06112282
18.7399785518646,0.2008457,-0.5928472,0.06585423
18.7499194145203,0.1992014,-0.6264231,0.0675073
18.7598798274994,0.197951,-0.6332321,0.06850416
18.7701342105865,0.1946066,-0.642435,0.0675704
18.7803542613983,0.184716,-0.6223378,0.0653992
18.7900147438049,0.1760651,-0.6135142,0.06462292
18.800017118454,0.1690883,-0.618087,0.06328364
18.8103284835815,0.174387,-0.5892044,0.06058096
18.8199203014374,0.1844688,-0.5993086,0.0600877
18.830233335495,0.1792392,-0.6027424,0.05919943
18.8408143520355,0.1820879,-0.5827542,0.05836995
18.8499672412872,0.1919799,-0.6050504,0.05937438
18.8606631755829,0.1892597,-0.5933771,0.05955067
18.8703062534332,0.195463,-0.6190401,0.06115468
18.8799679279327,0.1955276,-0.6019242,0.06106244
18.8899335861206,0.1966392,-0.6032003,0.0615527
18.9007649421692,0.2017587,-0.6039857,0.06132085
18.9102416038513,0.2032693,-0.5790328,0.05951524
18.9199793338776,0.2011761,-0.5714527,0.05952935
18.9305596351624,0.2139772,-0.592513,0.0614206
18.9402034282684,0.218843,-0.5945448,0.06171309
18.9504909515381,0.2217396,-0.5919577,0.061805
18.9607388973236,0.2209024,-0.5914479,0.06067258
18.9699356555939,0.2337647,-0.6016251,0.06074028
18.9802758693695,0.2348868,-0.5958214,0.06033528
18.9899587631226,0.2318408,-0.6164418,0.06182852
19.0006194114685,0.2307795,-0.6494069,0.06350173
19.0103652477264,0.2328466,-0.6560766,0.06454289
19.0200452804565,0.2382886,-0.6752313,0.06529641
19.0302515029907,0.2388636,-0.672384,0.06494904
19.0400068759918,0.234874,-0.6711543,0.06492433
19.0500450134277,0.2597372,-0.6474179,0.06411619
19.0599589347839,0.2588799,-0.6382672,0.06440949
19.0699641704559,0.2522148,-0.6321907,0.06411923
19.0799458026886,0.2486533,-0.6157563,0.06383126
19.0900614261627,0.2448298,-0.5886229,0.06328882
19.1007609367371,0.2466018,-0.5544748,0.06408961
19.110089302063,0.2451042,-0.5384182,0.06422644
19.1207821369171,0.2411252,-0.5301427,0.0656853
19.1299159526825,0.2385803,-0.507993,0.0655451
19.1401100158691,0.2356476,-0.5145775,0.06740683
19.1501569747925,0.2216519,-0.5319858,0.06999956
19.1607654094696,0.218323,-0.5377817,0.07194214
19.1699664592743,0.2201327,-0.532439,0.07226867
19.1800532341003,0.2233566,-0.54664,0.07340997
19.1901278495789,0.2240553,-0.5440497,0.07367233
19.1999981403351,0.2261834,-0.557909,0.0745749
19.2098791599274,0.2165308,-0.5683956,0.0748046
19.2203524112701,0.2040971,-0.5739113,0.0760325
19.2299506664276,0.2006997,-0.5623342,0.07543012
19.2402265071869,0.1928846,-0.5583113,0.07603216
19.2502281665802,0.1924649,-0.5734074,0.07470097
19.2599523067474,0.1898881,-0.5785941,0.0738784
19.2699525356293,0.1920335,-0.580643,0.07313325
19.2802631855011,0.1930329,-0.5891206,0.07189307
19.2901885509491,0.1904184,-0.5928926,0.07221168
19.2999286651611,0.1933866,-0.6060014,0.07296471
19.309906244278,0.1892551,-0.6115409,0.07228306
19.3202183246613,0.1808963,-0.5971856,0.07186598
19.330019235611,0.1752023,-0.5991373,0.07288443
19.3402132987976,0.1746891,-0.5890658,0.07235735
19.3500051498413,0.1773919,-0.5974298,0.07178786
19.3600578308105,0.1744083,-0.5904855,0.07147209
19.3699948787689,0.1801958,-0.5879723,0.07223409
19.379905462265,0.1871554,-0.5984665,0.07227407
19.3902962207794,0.1858861,-0.5965454,0.07259168
19.3998732566833,0.1923911,-0.596604,0.07370634
19.4099073410034,0.2006275,-0.589261,0.07363359
19.4200232028961,0.1998283,-0.6012763,0.07353316
19.4299125671387,0.1949502,-0.6045586,0.07368358
19.440160036087,0.1938422,-0.5924768,0.07347433
19.4499611854553,0.2011769,-0.5946124,0.07182181
19.4599623680115,0.2109116,-0.5831175,0.06939103
19.4701502323151,0.2102411,-0.5970268,0.06828678
19.4802286624908,0.2059513,-0.5970268,0.06714235
19.4900190830231,0.2047717,-0.5970088,0.06544153
19.5000281333923,0.203386,-0.6052877,0.06568742
19.5101952552795,0.2033113,-0.6020573,0.06432311
19.5202186107635,0.2085291,-0.6108809,0.06471515
19.5306971073151,0.2160442,-0.6007652,0.06450234
19.5400738716125,0.2168188,-0.6017081,0.06495617
19.5500061511993,0.2136091,-0.6087712,0.06515653
19.5601782798767,0.208532,-0.5963247,0.06554224
19.5701727867126,0.206389,-0.5870232,0.06734157
19.5801453590393,0.1989462,-0.5893331,0.06832553
19.589940071106,0.1922206,-0.5886067,0.06815589
19.600870847702,0.1912458,-0.5892328,0.06831349
19.6099855899811,0.1894722,-0.5837451,0.0681035
19.6202480792999,0.1898898,-0.5872726,0.06816034
19.6302418708801,0.1851602,-0.5838798,0.06789728
19.6399729251862,0.179716,-0.5725542,0.06744511
19.6501078605652,0.1808351,-0.558871,0.06882776
19.6600222587585,0.1769809,-0.5504374,0.06799909
19.6703822612762,0.1769055,-0.5420433,0.06919788
19.6803665161133,0.1666234,-0.5141567,0.06878653
19.6900837421417,0.1693005,-0.5102257,0.06953736
19.7001786231995,0.1634043,-0.521319,0.06951746
19.7099511623383,0.156937,-0.5261894,0.069014
19.7202525138855,0.1581626,-0.5421924,0.06885841
19.7300307750702,0.1554076,-0.5499458,0.06902348
19.7401783466339,0.1518463,-0.550195,0.06873023
19.7499012947083,0.164901,-0.5437074,0.06989221
19.7599823474884,0.1659088,-0.5366275,0.07012495
19.7701470851898,0.1687368,-0.5386592,0.07040148
19.7802672386169,0.1643277,-0.5243852,0.06981245
19.7899203300476,0.1696646,-0.5259253,0.07090596
19.800411939621,0.174814,-0.528994,0.07222704
19.8099493980408,0.1761796,-0.5327402,0.07264223
19.8198990821838,0.1865713,-0.5553393,0.0713283
19.8308200836182,0.1852487,-0.5612931,0.0705305
19.8401374816895,0.1880703,-0.5689582,0.06972457
19.8501713275909,0.1942874,-0.5866318,0.0693286
19.8603727817535,0.1937815,-0.5893591,0.06872921
19.8701002597809,0.197186,-0.5963501,0.06821065
19.8799848556519,0.1958878,-0.5943106,0.06798131
19.8901097774506,0.1962711,-0.5855357,0.06775184
19.9002211093903,0.2005712,-0.579435,0.06771683
19.9099149703979,0.1956941,-0.5815011,0.0678223
19.9207904338837,0.1982567,-0.5861802,0.06859667
19.9300031661987,0.1900488,-0.5801153,0.06996471
19.9403698444366,0.1792698,-0.5755925,0.07024112
19.9508163928986,0.1756197,-0.5777938,0.07173518
19.9604816436768,0.1727284,-0.5696328,0.07184508
19.970089673996,0.1806225,-0.5680082,0.07114797
19.9802842140198,0.1737343,-0.5630913,0.07139075
19.9899249076843,0.1915866,-0.5560193,0.06965023
19.9999787807465,0.1924022,-0.5604697,0.07025409
20.0100953578949,0.1914722,-0.5622653,0.06990982
20.0202090740204,0.1899249,-0.563222,0.06964646
20.0299327373505,0.1863753,-0.5836201,0.06922317
20.0399374961853,0.1788833,-0.5808916,0.06778524
20.0502607822418,0.1758385,-0.5972491,0.06749623
20.0599007606506,0.1762786,-0.6011083,0.06703866
20.0700654983521,0.1804426,-0.6157382,0.06662993
20.0803172588348,0.1767279,-0.6123035,0.06641952
20.0899896621704,0.1874504,-0.6064189,0.06628142
20.1001467704773,0.1904369,-0.6186236,0.06663276
20.1098413467407,0.1879725,-0.6202345,0.06636508
20.1204109191895,0.1901508,-0.6225058,0.06618319
20.1299204826355,0.1864709,-0.611232,0.06562041
20.1400122642517,0.1886495,-0.6212913,0.06561241
20.1499128341675,0.1874224,-0.6297783,0.06524822
20.16002202034,0.185475,-0.6267745,0.06427887
20.1702220439911,0.1819415,-0.6245809,0.06460149
20.1803998947144,0.1793863,-0.6237127,0.06494178
20.1901133060455,0.1856529,-0.6200241,0.06550426
20.1998910903931,0.1900329,-0.6303922,0.06537978
20.2102403640747,0.1866325,-0.6287827,0.06522036
20.2202820777893,0.1972858,-0.6309056,0.06561431
20.2299358844757,0.1974061,-0.6308991,0.06566439
20.240070104599,0.1955847,-0.6198181,0.06525188
20.2503488063812,0.1925277,-0.6222483,0.06544652
20.2599472999573,0.1881295,-0.6196721,0.06551035
20.2701594829559,0.1863794,-0.6187459,0.06636287
20.280268907547,0.1781772,-0.6055368,0.06647781
20.2899823188782,0.1789256,-0.5907901,0.06656611
20.2999043464661,0.1762472,-0.5753933,0.06704297
20.3106935024261,0.1798833,-0.5707167,0.06717091
20.3203132152557,0.1849761,-0.5705498,0.06662629
20.3299472332001,0.1818514,-0.5735957,0.06598199
20.3402557373047,0.1807137,-0.5713732,0.065253
20.3500323295593,0.1844549,-0.5735599,0.06450501
20.3603875637054,0.184364,-0.5661865,0.06377702
20.3699254989624,0.1884878,-0.5812174,0.06349158
20.3799843788147,0.1849077,-0.5859253,0.06321321
20.3901495933533,0.1829926,-0.5831745,0.06244044
20.400247335434,0.1843371,-0.5974404,0.06146559
20.4099078178406,0.1819417,-0.6007479,0.06102115
20.4200131893158,0.1908673,-0.6098093,0.06019573
20.4302155971527,0.1877732,-0.6055174,0.05939938
20.4400463104248,0.188301,-0.6025752,0.05881304
20.450781583786,0.1844292,-0.5880587,0.05999412
20.4599356651306,0.1927762,-0.5860043,0.06090159
20.4702224731445,0.1955156,-0.5688177,0.06061693
20.4801599979401,0.1892249,-0.5574943,0.06261313
20.4900188446045,0.1818743,-0.5513641,0.06455473
20.5004241466522,0.1782198,-0.5626363,0.06543582
20.5099947452545,0.173896,-0.5576019,0.06468162
20.5203402042389,0.1684801,-0.5475103,0.06476482
20.5300030708313,0.1660595,-0.5497951,0.06404459
20.5400569438934,0.1603833,-0.5543315,0.06355035
20.5500380992889,0.1571538,-0.572232,0.0624765
20.5603220462799,0.1638223,-0.5695562,0.06174815
20.569979429245,0.1654174,-0.5705269,0.06143398
20.5801763534546,0.1637388,-0.5864806,0.05892554
20.5900092124939,0.1561822,-0.5918395,0.05833856
20.600301027298,0.1554211,-0.6010868,0.05734464
20.6100380420685,0.1474072,-0.6060168,0.05712629
20.6199059486389,0.1408232,-0.6269588,0.0568708
20.6302418708801,0.1394955,-0.6172938,0.05629145
20.6399528980255,0.139848,-0.6079726,0.05586926
20.6501181125641,0.1361885,-0.6047324,0.05565168
20.660756111145,0.1425849,-0.6074437,0.05505908
20.6704072952271,0.142655,-0.6114352,0.055182
20.6799342632294,0.143234,-0.6071193,0.0544186
20.6901226043701,0.144229,-0.6015834,0.05410415
20.7004384994507,0.145722,-0.6042505,0.05361288
20.7105057239532,0.1487177,-0.5951114,0.05286587
20.7199807167053,0.1624701,-0.5994861,0.05247529
20.7300782203674,0.1643454,-0.5929863,0.05163215
20.7398881912231,0.162487,-0.5774875,0.05100258
20.750097990036,0.1698902,-0.5796466,0.05220225
20.7602360248566,0.1730638,-0.5569662,0.05188333
20.7703592777252,0.1840003,-0.5503277,0.05363682
20.7801554203033,0.1939251,-0.5377823,0.05355056
20.7898654937744,0.1913995,-0.5376209,0.0535536
20.8003392219543,0.1925103,-0.5500853,0.0527593
20.810033082962,0.1908831,-0.5492637,0.05253869
20.8201775550842,0.1898292,-0.565456,0.05133506
20.830815076828,0.1853643,-0.5599689,0.04945775
20.8401818275452,0.1831982,-0.5546407,0.05024097
20.8499777317047,0.1917949,-0.5578586,0.04975061
20.8601129055023,0.1863044,-0.5505524,0.05128909
20.8698592185974,0.1939814,-0.5388347,0.05048989
20.8799245357513,0.1933456,-0.5414618,0.05113203
20.8901722431183,0.1929795,-0.5389448,0.05126755
20.900069475174,0.1900126,-0.5425268,0.05219749
20.9099767208099,0.1807883,-0.5445674,0.05224257
20.920138835907,0.1744729,-0.5695876,0.05191291
20.9302575588226,0.1688141,-0.575689,0.05136798
20.9401059150696,0.1656859,-0.5640496,0.05079146
20.9503374099731,0.1634364,-0.5694652,0.05124692
20.9600069522858,0.1571872,-0.5641663,0.05181652
20.9698755741119,0.153611,-0.5553461,0.05212922
20.9803512096405,0.1524182,-0.5620687,0.05186197
20.989949464798,0.1579742,-0.5511623,0.05090431
21.0004007816315,0.1561095,-0.5494263,0.0516083
21.0104796886444,0.1511991,-0.5460662,0.05289853
21.0200109481812,0.1493247,-0.5507286,0.05401303
21.0307476520538,0.1505117,-0.5397679,0.05445703
21.0403821468353,0.1475956,-0.5391945,0.05452782
21.0501501560211,0.141876,-0.5613356,0.05437322
21.0602252483368,0.1368255,-0.5661322,0.05330895
21.0698702335358,0.1367514,-0.5750033,0.05199486
21.0805892944336,0.137824,-0.5957749,0.0504673
21.0903952121735,0.1357419,-0.6001762,0.04915735
21.1003470420837,0.1377066,-0.6170834,0.04844976
21.1099424362183,0.1436222,-0.6155511,0.04758593
21.1200137138367,0.1458345,-0.6091306,0.0476746
21.1301617622375,0.1386662,-0.5865523,0.04713974
21.1400923728943,0.1375912,-0.5904292,0.04787531
21.1499669551849,0.1429211,-0.5983557,0.05052158
21.1605002880096,0.1479591,-0.5966191,0.05185976
21.1701505184174,0.1524012,-0.6038008,0.05103732
21.1801242828369,0.1586418,-0.5976963,0.05166031
21.1900382041931,0.1637713,-0.5929189,0.0523501
21.2003321647644,0.1698883,-0.6039256,0.05243574
21.2100918292999,0.1807915,-0.5925854,0.05072446
21.2199921607971,0.1836414,-0.603442,0.04918926
21.2298321723938,0.1911163,-0.6039051,0.04738022
21.2401134967804,0.1990591,-0.6006725,0.04705016
21.2501294612885,0.2120227,-0.6047038,0.04578216
21.2602622509003,0.2204857,-0.5915856,0.04628861
21.2704331874847,0.2292636,-0.5939104,0.04699156
21.280054807663,0.2416064,-0.5848372,0.04618466
21.2906744480133,0.2442347,-0.5835331,0.04506683
21.300395488739,0.2475188,-0.5963391,0.04394361
21.310250043869,0.2476443,-0.5953084,0.04288659
21.3199620246887,0.25321,-0.6062087,0.0423582
21.3299782276154,0.2582233,-0.6004813,0.04156617
21.3399910926819,0.2482409,-0.6009043,0.04093143
21.3501994609833,0.24545,-0.5813053,0.04162131
21.3603246212006,0.2396996,-0.5595019,0.04207912
21.3700878620148,0.2509738,-0.5517125,0.04185125
21.3802587985992,0.2441853,-0.5527663,0.04233663
21.3901748657227,0.2317508,-0.5522039,0.04245657
21.4000780582428,0.2285284,-0.5530836,0.04281456
21.4102990627289,0.2155096,-0.5570214,0.04290868
21.4198877811432,0.2023577,-0.5758438,0.04310731
21.4301292896271,0.1843578,-0.567946,0.04280807
21.4400181770325,0.1690431,-0.5681555,0.0425681
21.4500229358673,0.1614444,-0.5691526,0.04259003
21.4601781368256,0.1517878,-0.5517112,0.04386945
21.470020532608,0.1449035,-0.5577638,0.04597392
21.4799959659576,0.1353842,-0.5528503,0.04620404
21.489901304245,0.130816,-0.5480121,0.04630326
21.5003550052643,0.1303766,-0.5554512,0.04704086
21.5099971294403,0.1234503,-0.5534576,0.0478181
21.5206217765808,0.1339048,-0.546246,0.04726559
21.5307552814484,0.1293028,-0.5326254,0.04738586
21.540016412735,0.134423,-0.5282882,0.04740239
21.5502779483795,0.1332811,-0.5341974,0.04720819
21.5604515075684,0.139614,-0.5286115,0.04716716
21.5701365470886,0.1326081,-0.5048174,0.04686705
21.5803592205048,0.1400116,-0.5106052,0.04637153
21.5901212692261,0.161545,-0.5238422,0.04539837
21.6000559329987,0.170196,-0.5672505,0.04381808
21.6108520030975,0.1892155,-0.5940537,0.04275877
21.6203079223633,0.2007076,-0.6019267,0.04183498
21.6300210952759,0.2085383,-0.6152093,0.04124846
21.6400198936462,0.215928,-0.624219,0.04033631
21.6499691009521,0.2293235,-0.6407561,0.03980403
21.6601667404175,0.2421699,-0.6315066,0.03916487
21.6698758602142,0.2444628,-0.6418127,0.03940464
21.6805951595306,0.2452177,-0.6308407,0.03982111
21.6901376247406,0.2526645,-0.6083454,0.04177642
21.7003209590912,0.254634,-0.5867534,0.04346432
21.7101240158081,0.2519275,-0.56484,0.04418579
21.7201821804047,0.2512879,-0.5453333,0.04448454
21.7298481464386,0.2565168,-0.5337337,0.0449276
21.7399785518646,0.2473267,-0.5211239,0.04609706
21.7501578330994,0.2317933,-0.5132867,0.04607636
21.7609050273895,0.2199049,-0.5106149,0.04601165
21.7699480056763,0.2171959,-0.5114574,0.04737558
21.7802469730377,0.2143462,-0.496291,0.04715972
21.7900459766388,0.1950636,-0.4930804,0.04789005
21.8002471923828,0.1890499,-0.495662,0.04633976
21.8099682331085,0.18212,-0.4871675,0.04716569
21.8199901580811,0.1718738,-0.4921494,0.04804486
21.8300807476044,0.159775,-0.4719068,0.04669506
21.8401353359222,0.1597808,-0.4854537,0.04619277
21.8499867916107,0.157947,-0.5071025,0.04561853
21.8601765632629,0.1494895,-0.5181673,0.04444885
21.8698337078094,0.1513852,-0.5488496,0.04393507
21.880001783371,0.1547405,-0.5553566,0.04329962
21.8901851177216,0.1534968,-0.5640278,0.04296355
21.9002401828766,0.1579258,-0.5842651,0.04243878
21.9098963737488,0.1589868,-0.5933293,0.04202937
21.9201865196228,0.168442,-0.6079043,0.0410235
21.9301769733429,0.1749356,-0.6125693,0.04039067
21.9400069713593,0.1784469,-0.620243,0.04022255
21.9505703449249,0.1844029,-0.6411723,0.04084116
21.9601247310638,0.1880841,-0.6403899,0.04039866
21.9698350429535,0.1989216,-0.6537353,0.04083996
21.9798893928528,0.2074898,-0.6485927,0.04065277
21.9899754524231,0.2090162,-0.6382015,0.04070568
21.9999458789825,0.2132516,-0.6454987,0.04095478
22.0099518299103,0.2198545,-0.6435978,0.04097802
22.0201163291931,0.2139573,-0.6194575,0.0406706
22.0300540924072,0.2240422,-0.6250191,0.04079462
22.0400891304016,0.2340483,-0.6150494,0.04066105
22.0501410961151,0.2352205,-0.6082673,0.04048176
22.0602486133575,0.2347772,-0.6104349,0.04060968
22.0698745250702,0.2344826,-0.6116936,0.04097532
22.080005645752,0.2390999,-0.5961266,0.04148572
22.0900101661682,0.2306608,-0.5912942,0.0419228
22.1003572940826,0.2304171,-0.5860444,0.04198469
22.1099514961243,0.2246286,-0.5714415,0.04218548
22.1200888156891,0.2240657,-0.5787416,0.04198859
22.1307232379913,0.2164312,-0.5696893,0.04213801
22.1399760246277,0.2139112,-0.5663081,0.04217228
22.1500933170319,0.2175137,-0.5644642,0.04235765
22.1602008342743,0.218897,-0.5502648,0.04247124
22.1698384284973,0.2163232,-0.5565102,0.04304525
22.1804642677307,0.2083675,-0.5469873,0.04284031
22.1900551319122,0.2011247,-0.5338597,0.04396606
22.2003788948059,0.1955768,-0.5123613,0.04477941
22.2100207805634,0.1853755,-0.4865537,0.04464369
22.2200591564178,0.1971639,-0.5343856,0.0451908
22.230217218399,0.1996347,-0.5204596,0.04521513
22.2399938106537,0.1940378,-0.514312,0.04646785
22.2507240772247,0.1988464,-0.5133932,0.04726471
22.2602798938751,0.1916864,-0.5127187,0.04625959
22.2699217796326,0.1859958,-0.5037281,0.04565721
22.2806470394135,0.1784717,-0.5098479,0.04751642
22.2899174690247,0.1754824,-0.5100547,0.04793739
22.3003098964691,0.1820159,-0.5173937,0.04973277
22.3100733757019,0.1766841,-0.5072192,0.05040485
22.3205242156982,0.1880392,-0.5165466,0.05295964
22.3300440311432,0.1863922,-0.5106642,0.05218912
22.3402979373932,0.1825303,-0.5104802,0.05145862
22.3499867916107,0.1924718,-0.5320095,0.04923993
22.3599417209625,0.2050412,-0.526809,0.04818797
22.3701298236847,0.2077837,-0.5222712,0.04742904
22.3802378177643,0.2118611,-0.5171784,0.04680001
22.3899116516113,0.2094026,-0.5268126,0.0465852
22.4001226425171,0.2133837,-0.5426358,0.04616912
22.410343170166,0.214992,-0.52942,0.04624762
22.4204490184784,0.2174936,-0.527095,0.0471066
22.4300625324249,0.2274607,-0.5177608,0.04780839
22.4400265216827,0.2251436,-0.5199184,0.04838573
22.4499011039734,0.2353373,-0.520656,0.0494761
22.4600570201874,0.2352436,-0.5126472,0.04994712
22.4701154232025,0.2458618,-0.5196182,0.0507763
22.4802672863007,0.2471529,-0.5144891,0.04993651
22.4899513721466,0.238757,-0.5258384,0.0499489
22.5000925064087,0.2366779,-0.550707,0.0495218
22.5102107524872,0.2332558,-0.5591367,0.04964332
22.5199272632599,0.2296862,-0.5782396,0.04970286
22.5301234722137,0.227085,-0.5816877,0.04898808
22.5399563312531,0.2220594,-0.5878127,0.04926441
22.5499088764191,0.2227205,-0.5998425,0.04931328
22.560106754303,0.2188909,-0.5994066,0.0493581
22.5701541900635,0.2187033,-0.6051039,0.04929308
22.5804483890533,0.2170313,-0.5955406,0.04923198
22.5900330543518,0.2112032,-0.5829542,0.04960036
22.6001498699188,0.2006892,-0.5600578,0.04928662
22.610524892807,0.197648,-0.5722607,0.05064962
22.6199502944946,0.2024797,-0.5963516,0.05207116
22.6304750442505,0.1993881,-0.596602,0.05237264
22.6404452323914,0.1959229,-0.6004327,0.0527673
22.64985871315,0.1957408,-0.6049833,0.05446158
22.6599745750427,0.1923303,-0.5909967,0.05476149
22.6701140403748,0.1983544,-0.5855344,0.05659688
22.6801519393921,0.1970471,-0.589453,0.05607136
22.6899557113647,0.194558,-0.5872404,0.05575583
22.6999835968018,0.1943785,-0.6002334,0.055188
22.7102539539337,0.1939502,-0.5966275,0.05480075
22.7200038433075,0.1950164,-0.6073381,0.0538814
22.7301769256592,0.1938706,-0.602892,0.05361926
22.7400453090668,0.2022788,-0.5958869,0.05343805
22.7502098083496,0.20923,-0.600665,0.05349163
22.7603595256805,0.2128648,-0.5910155,0.05302101
22.7700219154358,0.2139529,-0.5931246,0.05289296
22.7801246643066,0.2141343,-0.5826554,0.05316287
22.7900116443634,0.2577967,-0.6723599,0.05456626
22.8004117012024,0.2579687,-0.6642993,0.05637349
22.8100671768188,0.2623256,-0.6517576,0.05767345
22.8200006484985,0.2590494,-0.6464014,0.05840524
22.8298351764679,0.2646718,-0.6492246,0.05813832
22.8402645587921,0.2571245,-0.6441369,0.05782187
22.850090265274,0.2501328,-0.6384357,0.0583919
22.8604159355164,0.2454137,-0.6323681,0.05871998
22.8699541091919,0.2616379,-0.6367709,0.05803303
22.8801467418671,0.2596787,-0.6344469,0.0580869
22.8903188705444,0.2587431,-0.6275038,0.05756002
22.8999590873718,0.2626156,-0.6359842,0.05855121
22.9102349281311,0.2586773,-0.6163744,0.06047419
22.9203543663025,0.2623842,-0.6160257,0.05999569
22.9300467967987,0.257149,-0.6063806,0.05947515
22.9399812221527,0.248595,-0.6026461,0.05940261
22.9499673843384,0.2448611,-0.6010255,0.05981906
22.9602174758911,0.2360322,-0.5930672,0.05974139
22.9704661369324,0.2334509,-0.593153,0.05911084
22.9805748462677,0.225453,-0.5840522,0.05921431
22.989944934845,0.2199759,-0.5721156,0.05885492
22.9998769760132,0.2218952,-0.5574019,0.05987566
23.0102806091309,0.2148742,-0.5350946,0.06052903
23.0203106403351,0.2213651,-0.5087653,0.06100153
23.0299055576324,0.2173265,-0.4878258,0.06190962
23.0400216579437,0.2092227,-0.4846398,0.0621377
23.0502438545227,0.1977208,-0.4824238,0.06369521
23.0600950717926,0.1917021,-0.4661809,0.06479748
23.0702037811279,0.1893195,-0.4606007,0.06405405
23.080334186554,0.1867425,-0.4620783,0.06375449
23.0900259017944,0.1814689,-0.4514352,0.06295203
23.1006107330322,0.1724886,-0.4490102,0.06505942
23.1103310585022,0.1667704,-0.4446425,0.06584271
23.1199667453766,0.1818083,-0.4387362,0.06533913
23.1302149295807,0.1789466,-0.4371615,0.06474869
23.1400203704834,0.1753057,-0.4366681,0.06416906
23.1499590873718,0.1748202,-0.445056,0.06423451
23.1600825786591,0.1676545,-0.4407797,0.0656656
23.1701173782349,0.1788238,-0.4287927,0.06615376
23.1799833774567,0.1674495,-0.4305035,0.06734431
23.1899740695953,0.1560488,-0.4301555,0.06750859
23.200270652771,0.1491092,-0.444042,0.06819697
23.2100505828857,0.1472819,-0.4487457,0.06777162
23.2200882434845,0.1506066,-0.4690904,0.06750146
23.2298350334167,0.1506858,-0.4784129,0.06742857
23.2401378154755,0.1485927,-0.4802951,0.06724878
23.2512786388397,0.151739,-0.4733222,0.06884266
23.2600531578064,0.1494827,-0.4622422,0.06819532
23.2713260650635,0.1518791,-0.4659192,0.06860866
23.2799396514893,0.154115,-0.4642997,0.06863314
23.2900252342224,0.1475,-0.4713334,0.0678745
23.3008162975311,0.1447092,-0.4906038,0.06817581
23.3102748394012,0.1462877,-0.4820399,0.06924712
23.3198952674866,0.1536197,-0.4746626,0.07003979
23.3300888538361,0.1442488,-0.4653595,0.0695841
23.3400535583496,0.1425333,-0.4607992,0.06994716
23.3498604297638,0.1496942,-0.4796125,0.0691883
23.3601593971252,0.1438931,-0.4808447,0.06816156
23.3703217506409,0.1417927,-0.5029534,0.0680674
23.3799872398376,0.1374683,-0.5105321,0.06787679
23.3900220394135,0.142197,-0.502209,0.06817564
23.4003200531006,0.1465507,-0.4997883,0.0695227
23.4100873470306,0.1503216,-0.4908982,0.07006726
23.420273065567,0.1664947,-0.4992459,0.06942306
23.4298510551453,0.1642262,-0.5058102,0.06900275
23.4400231838226,0.1617636,-0.4985149,0.07079247
23.4499335289001,0.1616297,-0.5144402,0.07086059
23.4606876373291,0.1542803,-0.5111936,0.06982921
23.4700031280518,0.156021,-0.5299096,0.07035644
23.4805991649628,0.150819,-0.5374175,0.0702475
23.4899172782898,0.1468489,-0.5381005,0.06966828
23.4999542236328,0.1461255,-0.5563248,0.06892381
23.510082244873,0.1413893,-0.5608761,0.0690721
23.5201687812805,0.1433425,-0.55182,0.07050852
23.5300235748291,0.1453258,-0.5583373,0.07087976
23.5400211811066,0.1408994,-0.5569358,0.0702212
23.5499677658081,0.1424073,-0.5753732,0.07065759
23.5601785182953,0.1475443,-0.5803494,0.07139242
23.5699102878571,0.145703,-0.6026008,0.07281902
23.5799975395203,0.1407076,-0.6205049,0.07297612
23.5900864601135,0.1378234,-0.6223005,0.07308779
23.6003587245941,0.1446159,-0.6112557,0.07221341
23.6099586486816,0.1388311,-0.616434,0.0731446
23.6201224327087,0.1281995,-0.6335884,0.07288082
23.6302683353424,0.126581,-0.6303198,0.07334793
23.640022277832,0.1229045,-0.6336371,0.07412639
23.6506407260895,0.12586,-0.6395088,0.07563608
23.6599848270416,0.127139,-0.631479,0.07509795
23.6701753139496,0.1381574,-0.6623735,0.07433784
23.6803405284882,0.1423681,-0.6810541,0.07438182
23.6901302337646,0.1422404,-0.6908915,0.07390959
23.7002015113831,0.1460184,-0.7124611,0.07373431
23.709831237793,0.1433587,-0.7090091,0.07584486
23.719966173172,0.1465289,-0.7040015,0.07731096
23.7298405170441,0.1464343,-0.6971921,0.07777943
23.74010181427,0.1451932,-0.7019253,0.07748508
23.7500977516174,0.1450386,-0.7221171,0.07740746
23.7602212429047,0.1380185,-0.7247322,0.07718805
23.7699439525604,0.1299449,-0.7463614,0.07734768
23.7800765037537,0.125109,-0.7498452,0.07701909
23.7899923324585,0.1216457,-0.7506832,0.07718618
23.7999017238617,0.1310715,-0.7343142,0.07876461
23.8106572628021,0.1260286,-0.7233922,0.07783439
23.820240020752,0.1188758,-0.7294483,0.07895623
23.8299734592438,0.1135012,-0.7249498,0.07844029
23.8401210308075,0.1047136,-0.7109539,0.07797005
23.8502547740936,0.09754816,-0.7189087,0.07922903
23.859935760498,0.102471,-0.7076871,0.07809595
23.8703856468201,0.107527,-0.7081133,0.07753036
23.8799381256104,0.1009254,-0.6917802,0.07745746
23.8902959823608,0.1003831,-0.6885912,0.07712089
23.9000787734985,0.09532177,-0.7061027,0.07761204
23.9105472564697,0.09289451,-0.6983379,0.07747623
23.9208245277405,0.09805731,-0.7031121,0.07703775
23.9300699234009,0.1012697,-0.6959316,0.07774266
23.9403491020203,0.1030552,-0.6861193,0.07795253
23.9500136375427,0.1015639,-0.6841964,0.07870095
23.9600818157196,0.0999636,-0.6638029,0.07930826
23.9702129364014,0.1025932,-0.6701115,0.07936344
23.9803371429443,0.09907555,-0.6537764,0.08031786
23.9900462627411,0.09878724,-0.6361578,0.08110021
24.0001320838928,0.09209178,-0.6428952,0.08026516
24.0102212429047,0.09992496,-0.6408715,0.0805553
24.020268201828,0.1083328,-0.6454791,0.08077264
24.0299656391144,0.1160175,-0.6454753,0.08004057
24.0401313304901,0.1227728,-0.6454877,0.07991746
24.0498926639557,0.1245789,-0.6383854,0.08045333
24.0600683689117,0.1296572,-0.629977,0.08098967
24.0701174736023,0.1423476,-0.6307782,0.08153915
24.0804693698883,0.1481334,-0.6208643,0.08147403
24.0903697013855,0.1506097,-0.6229128,0.08100032
24.1002402305603,0.1481304,-0.6244637,0.08037329
24.1106011867523,0.1485757,-0.615189,0.08014645
24.120682477951,0.1520326,-0.627727,0.07977576
24.1302137374878,0.1489404,-0.6134182,0.08022517
24.1400260925293,0.1503848,-0.5882105,0.07972034
24.1500096321106,0.1510041,-0.5402975,0.07926267
24.1600036621094,0.1443688,-0.4905872,0.07744798
24.17009806633,0.1423567,-0.4034646,0.07526699
24.1802506446838,0.1431351,-0.32127,0.07377043
24.1901118755341,0.1388332,-0.2290161,0.07214132
24.2001066207886,0.1285364,-0.1074539,0.07212889
24.2099177837372,0.1191224,-0.005275507,0.07092225
24.220454454422,0.1058951,0.102326,0.07075855
24.2300646305084,0.09487833,0.1593306,0.06998197
24.2400798797607,0.0809704,0.2336728,0.0695866
24.2503554821014,0.06368429,0.3218865,0.07180578
24.2608420848846,0.04694064,0.3805519,0.07282685
24.2704701423645,0.03117815,0.4135608,0.07391372
24.2801058292389,0.01472657,0.4434648,0.07375675
24.290301322937,0.006617333,0.4413935,0.07271048
24.2999956607819,-0.003899374,0.4129793,0.07391252
24.3101272583008,-0.009545209,0.3822012,0.07292806
24.320775270462,-0.00816342,0.2961644,0.07053105
24.3299691677094,-0.01351321,0.2363826,0.07020262
24.3401038646698,-0.01385692,0.1675441,0.06916459
24.3498792648315,-0.01342178,0.04746423,0.06789443
24.359940290451,-0.004598958,-0.0370727,0.06765189
24.3701319694519,0.00874367,-0.1582253,0.06736562
24.3808290958405,0.01862206,-0.2434968,0.06702209
24.3900392055511,0.03196229,-0.3291732,0.06654433
24.4001297950745,0.05483961,-0.4303439,0.06495994
24.4103405475616,0.07066307,-0.5151554,0.06391928
24.4200193881989,0.09424841,-0.5883413,0.06415734
24.4307239055634,0.1112139,-0.6398322,0.06556705
24.4402198791504,0.1264726,-0.685324,0.06460068
24.4500529766083,0.1447669,-0.7421114,0.06400342
24.4602394104004,0.1698209,-0.799028,0.0638193
24.4699966907501,0.1928293,-0.8287667,0.06318366
24.4801940917969,0.1941317,-0.8334511,0.06254952
24.490049123764,0.1967149,-0.8406491,0.06222781
24.5000517368317,0.2074862,-0.8549073,0.06315646
24.5102536678314,0.2050726,-0.8574376,0.06316806
24.5203745365143,0.2088606,-0.8548383,0.06355581
24.5301508903503,0.2009314,-0.8324132,0.06231901
24.5402185916901,0.1938438,-0.8074138,0.06115113
24.5500166416168,0.1831158,-0.775528,0.05939512
24.5602123737335,0.1698453,-0.7371078,0.05853633
24.571236371994,0.1534153,-0.6774337,0.05684611
24.5800883769989,0.1395287,-0.6306494,0.0560936
24.5899949073792,0.1197448,-0.5728173,0.05612336
24.5999929904938,0.09443033,-0.490173,0.05552749
24.6099741458893,0.07570541,-0.4082761,0.05522955
24.6202185153961,0.05306648,-0.292037,0.05409717
24.629953622818,0.03616375,-0.2078208,0.05328663
24.6399536132812,0.02312,-0.1152499,0.052962
24.6500623226166,0.01633686,0.007308901,0.05216511
24.6602523326874,0.006430752,0.09735898,0.05308693
24.6699776649475,0.004276696,0.1791418,0.05324597
24.6803374290466,-0.003874907,0.2509984,0.05435927
24.6900010108948,-0.007094341,0.3217536,0.05314613
24.7000930309296,-0.01778387,0.3763548,0.05269486
24.7098934650421,-0.005949278,0.4140395,0.05157294
24.7201611995697,0.001635172,0.4759912,0.04942063
24.7303898334503,0.001794241,0.5128193,0.04752116
24.7398972511292,-0.00421989,0.550759,0.04684952
24.7500510215759,0.01523579,0.5389234,0.04317207
24.75989985466,0.01402082,0.5539484,0.0422521
24.7700455188751,0.02499274,0.5359631,0.0385449
24.7802064418793,0.02942446,0.5181287,0.03439833
24.7902410030365,0.03029548,0.5122595,0.03192542
24.8000152111053,0.03347009,0.4784927,0.02830291
24.8104395866394,0.02633803,0.4635948,0.02626307
24.8201191425323,0.0168527,0.4535865,0.02728355
24.8307635784149,-0.00116294,0.4484814,0.0285514
24.8400609493256,-0.009272529,0.4448732,0.02782182
24.8502025604248,-0.01640256,0.4203935,0.02968579
24.860289812088,-0.0346441,0.392394,0.02995067
24.8703904151917,-0.04263851,0.338259,0.0275713
24.8800220489502,-0.04912417,0.2950678,0.02602899
24.8901669979095,-0.0576055,0.2606147,0.02518209
24.9002723693848,-0.06535141,0.2384092,0.0251202
24.9103980064392,-0.07337139,0.2266177,0.02567941
24.9202234745026,-0.07412175,0.192475,0.02623171
24.929890871048,-0.07502976,0.1629255,0.02675241
24.9399795532227,-0.07885031,0.1389636,0.02757458
24.9502005577087,-0.07212356,0.1010609,0.02784779
24.9608569145203,-0.06643414,0.08754686,0.02644618
24.9700047969818,-0.04914352,0.06774964,0.0250972
24.9799733161926,-0.04454405,0.06075153,0.0247729
24.9899880886078,-0.01646222,0.0433524,0.02194904
24.9999098777771,0.003953378,0.009499647,0.01902179
25.0105888843536,0.02153066,-0.008557344,0.01689579
25.0206565856934,0.045403,-0.0310171,0.01462068
25.0298616886139,0.06638983,-0.03870871,0.0129489
25.0399904251099,0.08713505,-0.03752833,0.0115928
25.0502400398254,0.1023591,-0.03674799,0.01007622
25.0609345436096,0.1214175,-0.02527958,0.008893592
25.0700597763062,0.1438566,-0.01850916,0.006403003
25.0806560516357,0.1575827,0.006906479,0.00364687
25.0902924537659,0.1720103,0.02359855,0.001963985
25.1003203392029,0.1797462,0.05221258,0.001890492
25.1098899841309,0.181746,0.07607075,0.002883898
25.1204216480255,0.1734989,0.09744279,0.001992434
25.1300587654114,0.1647885,0.114935,0.00141464
25.1401481628418,0.1537301,0.1386931,0.001747381
25.1499435901642,0.1447719,0.1942863,0.001898227
25.1600778102875,0.1323044,0.2323478,0.00256588
25.170747756958,0.1150024,0.2695844,0.003288517
25.1803517341614,0.1003985,0.3055069,0.003451502
25.19011759758,0.08365875,0.3381393,0.002431589
25.2001712322235,0.06677737,0.3399199,0.000406358
25.2099604606628,0.04701983,0.3396225,-0.001661811
25.2200169563293,0.02586998,0.3263917,-0.004215062
25.2302370071411,0.008931474,0.3260106,-0.00560015
25.239892244339,-0.01462583,0.3367082,-0.005903371
25.2501337528229,-0.03751424,0.349562,-0.006395982
25.2602903842926,-0.05605837,0.3713223,-0.005571926
25.2700810432434,-0.07401429,0.3727066,-0.006170402
25.2798829078674,-0.08965495,0.3816161,-0.006535464
25.2900974750519,-0.1025396,0.4035967,-0.004963743
25.3000586032867,0,0,0
25.3098990917206,0,0,0
25.3200445175171,0,0,0
25.329968214035,0,0,0
25.3402242660522,0,0,0
25.3502442836761,0,0,0
25.3601703643799,0,0,0
25.3700861930847,0,0,0
25.380270242691,0,0,0
25.3899710178375,0,0,0
25.3999669551849,0,0,0
25.4101848602295,0,0,0
25.4199485778809,0,0,0
25.4301190376282,0,0,0
25.4399969577789,0,0,0
25.4498903751373,0,0,0
25.4606609344482,0,0,0
25.470231294632,0,0,0
25.4809863567352,0,0,0
25.4901914596558,0,0,0
25.5001502037048,0,0,0
25.5100119113922,0,0,0
25.5199630260468,0,0,0
25.5302205085754,0,0,0
25.5401194095612,0,0,0
25.5500867366791,0,0,0
25.5603303909302,0,0,0
25.5702748298645,0,0,0
25.5798909664154,0,0,0
25.5900018215179,0,0,0
25.6001682281494,0,0,0
25.6098997592926,0,0,0
25.6200623512268,0,0,0
25.630597114563,0,0,0
25.6401360034943,0,0,0
25.64998960495,0,0,0
25.6601638793945,0,0,0
25.6703109741211,0,0,0
25.680047750473,0,0,0
25.6903848648071,0,0,0
25.7001824378967,0,0,0
25.7099213600159,0,0,0
25.7205009460449,0,0,0
25.7301943302155,0,0,0
25.7399456501007,0,0,0
25.7501797676086,0,0,0
25.7601668834686,0,0,0
25.7701296806335,0,0,0
25.780256986618,0,0,0
25.7901737689972,0,0,0
25.8002669811249,0,0,0
25.809832572937,0,0,0
25.8199512958527,0,0,0
25.8298783302307,0,0,0
25.8400452136993,0,0,0
25.8503067493439,0,0,0
25.8606731891632,0,0,0
25.8708369731903,0,0,0
25.8802034854889,0,0,0
25.8899619579315,0,0,0
25.9000072479248,0,0,0
25.9102344512939,0,0,0
25.9199705123901,0,0,0
25.9301652908325,0,0,0
25.9403131008148,0,0,0
25.9499621391296,0,0,0
25.9602386951447,0,0,0
25.9698963165283,0,0,0
25.9799370765686,0,0,0
25.9906506538391,0,0,0
25.9998798370361,0,0,0
26.010627746582,0,0,0
26.020327091217,0,0,0
26.0299813747406,0,0,0
26.0401260852814,0,0,0
26.0500755310059,0,0,0
26.0599627494812,0,0,0
26.069979429245,0,0,0
26.0801348686218,0,0,0
26.0900087356567,0,0,0
26.0999357700348,0,0,0
26.1099088191986,0,0,0
26.1203866004944,0,0,0
26.1300740242004,0,0,0
26.1404142379761,0,0,0
26.1502239704132,0,0,0
26.1599230766296,0,0,0
26.1698133945465,0,0,0
26.180116891861,0,0,0
26.1902945041656,0,0,0
26.1999113559723,0,0,0
26.2100310325623,0,0,0
26.2200043201447,0,0,0
26.2302179336548,0,0,0
26.2400798797607,0,0,0
26.2500121593475,0,0,0
26.2601847648621,0,0,0
26.2701280117035,0,0,0
26.27996301651,0,0,0
26.2900712490082,0,0,0
