time,rollrate,pitchrate,yawrate,accx,accy,accz,thrust1,thrust2,thrust3,thrust4
0,-0.00213623046875,-0.001068115234375,-0.003204345703125,-0.208740234375,0.02197265625,9.90966796875,0.000152587890625,0.000152587890625,0.000152587890625,0.000152587890625
0.0105938911437988,-0.001068115234375,0,-0.003204345703125,-0.20050048828125,0.025634765625,9.89959716796875,0.000152587890625,0.000152587890625,0.000152587890625,0.000152587890625
0.02109694480896,0,-0.00213623046875,-0.0042724609375,-0.2032470703125,0.02655029296875,9.90692138671875,0.000152587890625,0.000152587890625,0.000152587890625,0.000152587890625
0.0308845043182373,-0.001068115234375,-0.001068115234375,-0.003204345703125,-0.21881103515625,0.03387451171875,9.9298095703125,0.000152587890625,0.000152587890625,0.000152587890625,0.000152587890625
0.0398623943328857,0,0.001068115234375,-0.00213623046875,-0.21240234375,0.0347900390625,9.9298095703125,0.000152587890625,0.000152587890625,0.000152587890625,0.000152587890625
0.0504946708679199,0,0.001068115234375,-0.00213623046875,-0.2069091796875,0.02838134765625,9.91790771484375,0.000152587890625,0.000152587890625,0.000152587890625,0.000152587890625
0.059941291809082,0,0.001068115234375,-0.00213623046875,-0.20782470703125,0.02105712890625,9.91058349609375,0.000152587890625,0.000152587890625,0.000152587890625,0.000152587890625
0.0699946880340576,0,0,-0.00213623046875,-0.20416259765625,0.02105712890625,9.90509033203125,0.000152587890625,0.000152587890625,0.000152587890625,0.000152587890625
0.0813963413238525,-0.001068115234375,0.001068115234375,-0.003204345703125,-0.1995849609375,0.0164794921875,9.91424560546875,0.000152587890625,0.000152587890625,0.000152587890625,0.000152587890625
0.0911204814910889,-0.001068115234375,0.00213623046875,-0.00213623046875,-0.20965576171875,0.0128173828125,9.89959716796875,0.000152587890625,0.000152587890625,0.000152587890625,0.000152587890625
0.0999925136566162,-0.001068115234375,0.001068115234375,-0.00213623046875,-0.21331787109375,0.01556396484375,9.90234375,0.000152587890625,0.000152587890625,0.000152587890625,0.000152587890625
0.109891891479492,-0.00213623046875,-0.001068115234375,-0.00213623046875,-0.205078125,0.02197265625,9.9298095703125,0.000152587890625,0.000152587890625,0.000152587890625,0.000152587890625
0.12057089805603,-0.00213623046875,0,-0.003204345703125,-0.20599365234375,0.0238037109375,9.9298095703125,0.000152587890625,0.000152587890625,0.000152587890625,0.000152587890625
0.131136178970337,-0.001068115234375,-0.001068115234375,-0.003204345703125,-0.2105712890625,0.02838134765625,9.927978515625,0.000152587890625,0.000152587890625,0.000152587890625,0.000152587890625
0.141089677810669,-0.001068115234375,0,-0.003204345703125,-0.21240234375,0.03204345703125,9.949951171875,0.000152587890625,0.000152587890625,0.000152587890625,0.000152587890625
0.150947093963623,-0.001068115234375,-0.001068115234375,-0.003204345703125,-0.208740234375,0.02838134765625,9.913330078125,0.000152587890625,0.000152587890625,0.000152587890625,0.000152587890625
0.162007570266724,-0.001068115234375,0.001068115234375,-0.003204345703125,-0.2142333984375,0.02471923828125,9.8858642578125,0.000152587890625,0.000152587890625,0.000152587890625,0.000152587890625
0.169876337051392,-0.00213623046875,0,-0.00213623046875,-0.20965576171875,0.02197265625,9.9188232421875,0.000152587890625,0.000152587890625,0.000152587890625,0.000152587890625
0.18099570274353,-0.00213623046875,0.001068115234375,-0.00213623046875,-0.2032470703125,0.029296875,9.9114990234375,0.000152587890625,0.000152587890625,0.000152587890625,0.000152587890625
0.190232038497925,-0.00213623046875,0.001068115234375,-0.00213623046875,-0.21697998046875,0.02838134765625,9.90325927734375,0.000152587890625,0.000152587890625,0.000152587890625,0.000152587890625
0.199851036071777,0,0,-0.003204345703125,-0.22979736328125,0.02197265625,9.92523193359375,0.000152587890625,0.000152587890625,0.000152587890625,0.000152587890625
0.210271596908569,0,0,-0.00213623046875,-0.22064208984375,0.02471923828125,9.92431640625,0.000152587890625,0.000152587890625,0.000152587890625,0.000152587890625
0.219895362854004,-0.00213623046875,0.001068115234375,-0.003204345703125,-0.208740234375,0.029296875,9.927978515625,0.000152587890625,0.000152587890625,0.000152587890625,0.000152587890625
0.230930328369141,-0.00213623046875,0.001068115234375,-0.003204345703125,-0.205078125,0.03204345703125,9.9407958984375,0.000152587890625,0.000152587890625,0.000152587890625,0.000152587890625
0.240380048751831,-0.00213623046875,0.001068115234375,-0.00213623046875,-0.205078125,0.02655029296875,9.9407958984375,0.000152587890625,0.000152587890625,0.000152587890625,0.000152587890625
0.25115180015564,-0.001068115234375,0.00213623046875,-0.00213623046875,-0.19866943359375,0.02655029296875,9.91241455078125,0.000152587890625,0.000152587890625,0.000152587890625,0.000152587890625
0.261184453964233,-0.001068115234375,0,-0.003204345703125,-0.2069091796875,0.02288818359375,9.90234375,0.000152587890625,0.000152587890625,0.000152587890625,0.000152587890625
0.270817279815674,-0.001068115234375,0.001068115234375,-0.0042724609375,-0.20782470703125,0.0164794921875,9.89776611328125,0.000152587890625,0.000152587890625,0.000152587890625,0.000152587890625
0.28036093711853,-0.001068115234375,0.001068115234375,-0.00213623046875,-0.19866943359375,0.0164794921875,9.9114990234375,0.000152587890625,0.000152587890625,0.000152587890625,0.000152587890625
0.292961835861206,-0.00213623046875,0.001068115234375,-0.003204345703125,-0.19866943359375,0.0238037109375,9.9371337890625,0.000152587890625,0.000152587890625,0.000152587890625,0.000152587890625
0.303063631057739,-0.00213623046875,0.001068115234375,-0.003204345703125,-0.20050048828125,0.02838134765625,9.931640625,0.000152587890625,0.000152587890625,0.000152587890625,0.000152587890625
0.316040992736816,-0.00213623046875,0.001068115234375,-0.003204345703125,-0.2032470703125,0.03387451171875,9.942626953125,0.000152587890625,0.000152587890625,0.000152587890625,0.000152587890625
0.334818363189697,-0.001068115234375,0,-0.003204345703125,-0.201416015625,0.03570556640625,9.9298095703125,0.000152587890625,0.000152587890625,0.000152587890625,0.000152587890625
0.336889982223511,0,-0.001068115234375,-0.003204345703125,-0.20782470703125,0.02655029296875,9.90692138671875,0.000152587890625,0.000152587890625,0.000152587890625,0.000152587890625
0.34294319152832,0,-0.001068115234375,-0.003204345703125,-0.20965576171875,0.02471923828125,9.91790771484375,0.000152587890625,0.000152587890625,0.000152587890625,0.000152587890625
0.354088306427002,0,0,-0.003204345703125,-0.20599365234375,0.025634765625,9.9188232421875,0.000152587890625,0.000152587890625,0.000152587890625,0.000152587890625
0.362914085388184,-0.001068115234375,0.001068115234375,-0.003204345703125,-0.21148681640625,0.0274658203125,9.89776611328125,0.000152587890625,0.000152587890625,0.000152587890625,0.000152587890625
0.372980833053589,0,0,-0.003204345703125,-0.21240234375,0.02197265625,9.906005859375,0.000152587890625,0.000152587890625,0.000152587890625,0.000152587890625
0.393887281417847,-0.001068115234375,0.001068115234375,-0.00213623046875,-0.201416015625,0.025634765625,9.9298095703125,0.000152587890625,0.000152587890625,0.000152587890625,0.000152587890625
0.402995586395264,0,0.001068115234375,-0.00213623046875,-0.208740234375,0.0274658203125,9.9481201171875,0.000152587890625,0.000152587890625,0.000152587890625,0.000152587890625
0.413470029830933,-0.001068115234375,0,-0.00213623046875,-0.20965576171875,0.0311279296875,9.927978515625,0.000152587890625,0.000152587890625,0.000152587890625,0.000152587890625
0.423797130584717,-0.00213623046875,0.001068115234375,-0.003204345703125,-0.201416015625,0.02655029296875,9.8931884765625,0.000152587890625,0.000152587890625,0.000152587890625,0.000152587890625
0.434712886810303,-0.001068115234375,0.001068115234375,-0.003204345703125,-0.20233154296875,0.01922607421875,9.90692138671875,0.000152587890625,0.000152587890625,0.000152587890625,0.000152587890625
0.44050145149231,-0.001068115234375,0,-0.003204345703125,-0.2069091796875,0.0201416015625,9.91241455078125,0.000152587890625,0.000152587890625,0.000152587890625,0.000152587890625
0.45420503616333,-0.00213623046875,0.001068115234375,-0.00213623046875,-0.20416259765625,0.025634765625,9.9169921875,0.000152587890625,0.000152587890625,0.000152587890625,0.000152587890625
0.461155414581299,-0.001068115234375,0,-0.00213623046875,-0.2032470703125,0.02471923828125,9.90509033203125,0.000152587890625,0.000152587890625,0.000152587890625,0.000152587890625
0.474273443222046,-0.00213623046875,0,-0.003204345703125,-0.20782470703125,0.0238037109375,9.9114990234375,0.000152587890625,0.000152587890625,0.000152587890625,0.000152587890625
0.48150634765625,-0.00213623046875,0,-0.003204345703125,-0.20599365234375,0.02288818359375,9.92889404296875,0.000152587890625,0.000152587890625,0.000152587890625,0.000152587890625
0.494280099868774,-0.001068115234375,0.001068115234375,-0.003204345703125,-0.1995849609375,0.0164794921875,9.94537353515625,0.000152587890625,0.000152587890625,0.000152587890625,0.000152587890625
0.501667499542236,0,0,-0.00213623046875,-0.20416259765625,0.02105712890625,9.94903564453125,0.000152587890625,0.000152587890625,0.000152587890625,0.000152587890625
0.515170574188232,-0.00213623046875,0.001068115234375,-0.003204345703125,-0.20782470703125,0.02838134765625,9.913330078125,0.000152587890625,0.000152587890625,0.000152587890625,0.000152587890625
0.522883892059326,-0.001068115234375,0.001068115234375,-0.003204345703125,-0.20782470703125,0.025634765625,9.906005859375,0.000152587890625,0.000152587890625,0.000152587890625,0.000152587890625
0.534871816635132,0,0,-0.003204345703125,-0.2069091796875,0.018310546875,9.90875244140625,0.000152587890625,0.000152587890625,0.000152587890625,0.000152587890625
0.542787075042725,0,0.001068115234375,-0.003204345703125,-0.205078125,0.018310546875,9.913330078125,0.000152587890625,0.000152587890625,0.000152587890625,0.000152587890625
0.563066959381104,0,0,-0.0042724609375,-0.20233154296875,0.0201416015625,9.93072509765625,0.000152587890625,0.000152587890625,0.000152587890625,0.000152587890625
0.574452638626099,-0.001068115234375,0,-0.00213623046875,-0.208740234375,0.0164794921875,9.93072509765625,0.000152587890625,0.000152587890625,0.000152587890625,0.000152587890625
0.583017587661743,-0.00213623046875,0.001068115234375,-0.00213623046875,-0.2032470703125,0.0164794921875,9.91424560546875,0.000152587890625,0.000152587890625,0.000152587890625,0.000152587890625
0.595084428787231,-0.001068115234375,0.001068115234375,-0.001068115234375,-0.1959228515625,0.01556396484375,9.93438720703125,0.000152587890625,0.000152587890625,0.000152587890625,0.000152587890625
0.603862524032593,-0.00213623046875,0,-0.001068115234375,-0.20233154296875,0.01373291015625,9.935302734375,0.000152587890625,0.000152587890625,0.000152587890625,0.000152587890625
0.613869428634644,-0.001068115234375,0.001068115234375,-0.003204345703125,-0.21240234375,0.02105712890625,9.9169921875,0.000152587890625,0.000152587890625,0.000152587890625,0.000152587890625
0.624121189117432,-0.001068115234375,0.00213623046875,-0.00213623046875,-0.20965576171875,0.02838134765625,9.90234375,0.000152587890625,0.000152587890625,0.000152587890625,0.000152587890625
0.636438608169556,-0.001068115234375,0.001068115234375,-0.003204345703125,-0.1995849609375,0.02838134765625,9.90692138671875,0.000152587890625,0.000152587890625,0.000152587890625,0.000152587890625
0.643037080764771,-0.001068115234375,0.001068115234375,-0.003204345703125,-0.19775390625,0.02105712890625,9.9261474609375,0.000152587890625,0.000152587890625,0.000152587890625,0.000152587890625
0.653869152069092,-0.001068115234375,0.001068115234375,-0.00213623046875,-0.201416015625,0.02105712890625,9.931640625,0.000152587890625,0.000152587890625,0.000152587890625,0.000152587890625
0.663798332214355,-0.001068115234375,0,-0.00213623046875,-0.2105712890625,0.025634765625,9.93804931640625,0.000152587890625,0.000152587890625,0.000152587890625,0.000152587890625
0.673827648162842,-0.00213623046875,-0.001068115234375,-0.00213623046875,-0.21514892578125,0.0238037109375,9.9261474609375,0.000152587890625,0.000152587890625,0.000152587890625,0.000152587890625
0.685349225997925,-0.00213623046875,-0.001068115234375,-0.003204345703125,-0.2197265625,0.025634765625,9.91607666015625,0.000152587890625,0.000152587890625,0.000152587890625,0.000152587890625
0.693033456802368,-0.001068115234375,-0.00213623046875,-0.003204345703125,-0.20782470703125,0.03021240234375,9.92156982421875,0.000152587890625,0.000152587890625,0.000152587890625,0.000152587890625
0.705088376998901,-0.001068115234375,-0.001068115234375,-0.003204345703125,-0.20050048828125,0.0274658203125,9.91424560546875,0.000152587890625,0.000152587890625,0.000152587890625,0.000152587890625
0.713554859161377,-0.00213623046875,0,-0.003204345703125,-0.2069091796875,0.0201416015625,9.90692138671875,0.000152587890625,0.000152587890625,0.000152587890625,0.000152587890625
0.723142385482788,-0.00213623046875,-0.001068115234375,-0.00213623046875,-0.2142333984375,0.02655029296875,9.88861083984375,0.000152587890625,0.000152587890625,0.000152587890625,0.000152587890625
0.737385034561157,0,-0.001068115234375,-0.003204345703125,-0.21148681640625,0.029296875,9.898681640625,0.000152587890625,0.000152587890625,0.000152587890625,0.000152587890625
0.743277072906494,0,0,-0.003204345703125,-0.2069091796875,0.02471923828125,9.92156982421875,0.000152587890625,0.000152587890625,0.000152587890625,0.000152587890625
0.755895614624023,-0.001068115234375,0.001068115234375,-0.003204345703125,-0.20416259765625,0.0238037109375,9.92431640625,0.000152587890625,0.000152587890625,0.000152587890625,0.000152587890625
0.763834714889526,-0.001068115234375,0,-0.00213623046875,-0.20416259765625,0.02471923828125,9.92340087890625,0.000152587890625,0.000152587890625,0.000152587890625,0.000152587890625
0.774016380310059,-0.00213623046875,0.001068115234375,-0.00213623046875,-0.20599365234375,0.025634765625,9.920654296875,0.000152587890625,0.000152587890625,0.000152587890625,0.000152587890625
0.783845186233521,-0.001068115234375,0.001068115234375,-0.003204345703125,-0.2105712890625,0.02471923828125,9.9151611328125,0.000152587890625,0.000152587890625,0.000152587890625,0.000152587890625
0.794954299926758,-0.001068115234375,0.00213623046875,-0.003204345703125,-0.21148681640625,0.025634765625,9.906005859375,0.000152587890625,0.000152587890625,0.000152587890625,0.000152587890625
0.804048299789429,-0.001068115234375,0.001068115234375,-0.00213623046875,-0.20050048828125,0.02838134765625,9.91790771484375,0.000152587890625,0.000152587890625,0.000152587890625,0.000152587890625
0.814906597137451,-0.00213623046875,0.001068115234375,-0.00213623046875,-0.19683837890625,0.02838134765625,9.9169921875,0.000152587890625,0.000152587890625,0.000152587890625,0.000152587890625
0.824832916259766,-0.001068115234375,0.001068115234375,-0.001068115234375,-0.20599365234375,0.02471923828125,9.90142822265625,0.000152587890625,0.000152587890625,0.000152587890625,0.000152587890625
0.833792448043823,-0.001068115234375,0.001068115234375,-0.003204345703125,-0.2142333984375,0.02655029296875,9.9041748046875,0.000152587890625,0.000152587890625,0.000152587890625,0.000152587890625
0.84020209312439,0,0,-0.003204345703125,-0.21148681640625,0.0238037109375,9.9169921875,0.000152587890625,0.000152587890625,0.000152587890625,0.000152587890625
0.854986429214478,-0.001068115234375,0,-0.003204345703125,-0.20965576171875,0.02288818359375,9.93072509765625,0.000152587890625,0.000152587890625,0.000152587890625,0.000152587890625
0.86490273475647,-0.001068115234375,0,-0.003204345703125,-0.205078125,0.025634765625,9.92523193359375,0.000152587890625,0.000152587890625,0.000152587890625,0.000152587890625
0.874828815460205,-0.001068115234375,-0.001068115234375,-0.003204345703125,-0.201416015625,0.02838134765625,9.92706298828125,0.000152587890625,0.000152587890625,0.000152587890625,0.000152587890625
0.883883714675903,0,-0.00213623046875,-0.003204345703125,-0.2032470703125,0.03204345703125,9.9151611328125,0.000152587890625,0.000152587890625,0.000152587890625,0.000152587890625
0.894075870513916,-0.001068115234375,-0.00213623046875,-0.003204345703125,-0.20233154296875,0.029296875,9.90234375,0.000152587890625,0.000152587890625,0.000152587890625,0.000152587890625
0.90500283241272,-0.001068115234375,-0.001068115234375,-0.00213623046875,-0.20416259765625,0.02655029296875,9.91058349609375,0.000152587890625,0.000152587890625,0.000152587890625,0.000152587890625
0.91385817527771,-0.00213623046875,0,-0.00213623046875,-0.201416015625,0.02288818359375,9.91424560546875,0.000152587890625,0.000152587890625,0.000152587890625,0.000152587890625
0.924244403839111,-0.00213623046875,0,-0.003204345703125,-0.201416015625,0.02471923828125,9.92431640625,0.000152587890625,0.000152587890625,0.000152587890625,0.000152587890625
0.930948734283447,-0.00213623046875,0,-0.003204345703125,-0.20965576171875,0.02655029296875,9.9298095703125,0.000152587890625,0.000152587890625,0.000152587890625,0.000152587890625
0.939817905426025,-0.00213623046875,0.001068115234375,-0.00213623046875,-0.2197265625,0.02655029296875,9.93072509765625,0.000152587890625,0.000152587890625,0.000152587890625,0.000152587890625
0.951312303543091,-0.001068115234375,0,-0.003204345703125,-0.2105712890625,0.0238037109375,9.92706298828125,0.000152587890625,0.000152587890625,0.000152587890625,0.000152587890625
0.961246490478516,-0.001068115234375,-0.001068115234375,-0.003204345703125,-0.20416259765625,0.02197265625,9.91424560546875,0.000152587890625,0.000152587890625,0.000152587890625,0.000152587890625
0.971167802810669,-0.00213623046875,0.001068115234375,-0.003204345703125,-0.20965576171875,0.01922607421875,9.91790771484375,0.000152587890625,0.000152587890625,0.000152587890625,0.000152587890625
0.982588291168213,-0.00213623046875,0.001068115234375,-0.003204345703125,-0.21240234375,0.01739501953125,9.913330078125,0.000152587890625,0.000152587890625,0.000152587890625,0.000152587890625
0.99007773399353,0,0.001068115234375,-0.00213623046875,-0.208740234375,0.0146484375,9.89776611328125,0.000152587890625,0.000152587890625,0.000152587890625,0.000152587890625
1.00018429756165,-0.001068115234375,0.001068115234375,-0.003204345703125,-0.20782470703125,0.01373291015625,9.90875244140625,0.000152587890625,0.000152587890625,0.000152587890625,0.000152587890625
1.01093888282776,-0.00213623046875,0.001068115234375,-0.003204345703125,-0.208740234375,0.01739501953125,9.9169921875,0.000152587890625,0.000152587890625,0.000152587890625,0.000152587890625
1.01985597610474,-0.00213623046875,0.001068115234375,-0.003204345703125,-0.208740234375,0.0164794921875,9.9261474609375,0.000152587890625,0.000152587890625,0.000152587890625,0.000152587890625
1.02990245819092,-0.00213623046875,0,-0.003204345703125,-0.20599365234375,0.01922607421875,9.920654296875,0.000152587890625,0.000152587890625,0.000152587890625,0.000152587890625
1.03995800018311,-0.00213623046875,0.001068115234375,-0.00213623046875,-0.2105712890625,0.018310546875,9.92340087890625,0.000152587890625,0.000152587890625,0.000152587890625,0.000152587890625
1.05108141899109,0,-0.001068115234375,-0.00213623046875,-0.20782470703125,0.02197265625,9.92889404296875,0.000152587890625,0.000152587890625,0.000152587890625,0.000152587890625
1.06980919837952,-0.00213623046875,0,-0.00213623046875,-0.21148681640625,0.0146484375,9.91058349609375,0.000152587890625,0.000152587890625,0.000152587890625,0.000152587890625
1.08028960227966,-0.001068115234375,-0.001068115234375,-0.003204345703125,-0.20599365234375,0.018310546875,9.92431640625,0.000152587890625,0.000152587890625,0.000152587890625,0.000152587890625
1.08996176719666,-0.00213623046875,0,-0.003204345703125,-0.2069091796875,0.02197265625,9.90325927734375,0.000152587890625,0.000152587890625,0.000152587890625,0.000152587890625
1.10110449790955,-0.001068115234375,0,-0.003204345703125,-0.21148681640625,0.0238037109375,9.906005859375,0.000152587890625,0.000152587890625,0.000152587890625,0.000152587890625
1.11222958564758,-0.00213623046875,0,-0.003204345703125,-0.2142333984375,0.025634765625,9.94903564453125,0.000152587890625,0.000152587890625,0.000152587890625,0.000152587890625
1.12085199356079,-0.00213623046875,-0.001068115234375,-0.00213623046875,-0.2032470703125,0.02838134765625,9.94171142578125,0.000152587890625,0.000152587890625,0.000152587890625,0.000152587890625
1.13040399551392,-0.00213623046875,0.001068115234375,-0.00213623046875,-0.19866943359375,0.0274658203125,9.92156982421875,0.000152587890625,0.000152587890625,0.000152587890625,0.000152587890625
1.14006376266479,-0.00213623046875,0,-0.00213623046875,-0.20599365234375,0.02471923828125,9.93988037109375,0.000152587890625,0.000152587890625,0.000152587890625,0.000152587890625
1.14985847473145,-0.00213623046875,0.001068115234375,-0.00213623046875,-0.208740234375,0.02288818359375,9.9224853515625,0.000152587890625,0.000152587890625,0.000152587890625,0.000152587890625
1.16098427772522,-0.001068115234375,0.00213623046875,-0.00213623046875,-0.1995849609375,0.02838134765625,9.89593505859375,0.000152587890625,0.000152587890625,0.000152587890625,0.000152587890625
1.17072916030884,-0.001068115234375,0.00213623046875,-0.00213623046875,-0.19866943359375,0.025634765625,9.9041748046875,0.000152587890625,0.000152587890625,0.000152587890625,0.000152587890625
1.18282055854797,-0.001068115234375,0.001068115234375,-0.003204345703125,-0.208740234375,0.02655029296875,9.92889404296875,0.000152587890625,0.000152587890625,0.000152587890625,0.000152587890625
1.18987345695496,-0.001068115234375,-0.001068115234375,-0.00213623046875,-0.208740234375,0.03021240234375,9.92523193359375,0.000152587890625,0.000152587890625,0.000152587890625,0.000152587890625
1.20084404945374,-0.001068115234375,0,-0.003204345703125,-0.21240234375,0.025634765625,9.91424560546875,0.000152587890625,0.000152587890625,0.000152587890625,0.000152587890625
1.21123504638672,-0.001068115234375,0,-0.00213623046875,-0.2142333984375,0.02197265625,9.9334716796875,0.000152587890625,0.000152587890625,0.000152587890625,0.000152587890625
1.22191047668457,0,0,-0.00213623046875,-0.21240234375,0.0274658203125,9.9462890625,0.000152587890625,0.000152587890625,0.000152587890625,0.000152587890625
1.23003363609314,-0.001068115234375,0,-0.00213623046875,-0.20233154296875,0.0274658203125,9.92889404296875,0.000152587890625,0.000152587890625,0.000152587890625,0.000152587890625
1.24069881439209,-0.001068115234375,0.001068115234375,-0.00213623046875,-0.19775390625,0.025634765625,9.913330078125,0.000152587890625,0.000152587890625,0.000152587890625,0.000152587890625
1.25086045265198,-0.001068115234375,0,-0.00213623046875,-0.20599365234375,0.02471923828125,9.92340087890625,0.000152587890625,0.000152587890625,0.000152587890625,0.000152587890625
1.26086282730103,0,-0.00213623046875,-0.00213623046875,-0.20965576171875,0.025634765625,9.90234375,0.000152587890625,0.000152587890625,0.000152587890625,0.000152587890625
1.27008199691772,-0.001068115234375,-0.001068115234375,-0.003204345703125,-0.2069091796875,0.025634765625,9.88677978515625,0.000152587890625,0.000152587890625,0.000152587890625,0.000152587890625
1.28096318244934,-0.00213623046875,0,-0.003204345703125,-0.20965576171875,0.02655029296875,9.93621826171875,0.000152587890625,0.000152587890625,0.000152587890625,0.000152587890625
1.29152417182922,-0.001068115234375,0,-0.00213623046875,-0.21331787109375,0.0311279296875,9.94537353515625,0.000152587890625,0.000152587890625,0.000152587890625,0.000152587890625
1.30084800720215,-0.001068115234375,0.001068115234375,-0.003204345703125,-0.21148681640625,0.025634765625,9.91607666015625,0.000152587890625,0.000152587890625,0.000152587890625,0.000152587890625
1.31113576889038,-0.00213623046875,0.001068115234375,-0.00213623046875,-0.205078125,0.01739501953125,9.93072509765625,0.000152587890625,0.000152587890625,0.000152587890625,0.000152587890625
1.32541370391846,-0.001068115234375,0,-0.001068115234375,-0.20416259765625,0.0164794921875,9.94537353515625,0.000152587890625,0.000152587890625,0.000152587890625,0.000152587890625
1.33089804649353,0,0.001068115234375,-0.00213623046875,-0.20233154296875,0.02288818359375,9.9078369140625,0.000152587890625,0.000152587890625,0.000152587890625,0.000152587890625
1.34020757675171,-0.001068115234375,0.001068115234375,-0.00213623046875,-0.20782470703125,0.02838134765625,9.90325927734375,0.000152587890625,0.000152587890625,0.000152587890625,0.000152587890625
1.35100531578064,-0.001068115234375,0.001068115234375,-0.003204345703125,-0.208740234375,0.02288818359375,9.9261474609375,0.000152587890625,0.000152587890625,0.000152587890625,0.000152587890625
1.35980367660522,-0.001068115234375,0,-0.00213623046875,-0.21148681640625,0.0238037109375,9.9005126953125,0.000152587890625,0.000152587890625,0.000152587890625,0.000152587890625
1.37081432342529,-0.00213623046875,0.001068115234375,-0.00213623046875,-0.1995849609375,0.0238037109375,9.89593505859375,0.000152587890625,0.000152587890625,0.000152587890625,0.000152587890625
1.38000845909119,-0.001068115234375,0,-0.003204345703125,-0.1995849609375,0.018310546875,9.94171142578125,0.000152587890625,0.000152587890625,0.000152587890625,0.000152587890625
1.39441084861755,-0.001068115234375,0.001068115234375,-0.003204345703125,-0.205078125,0.018310546875,9.9462890625,0.000152587890625,0.000152587890625,0.000152587890625,0.000152587890625
1.40000414848328,-0.001068115234375,0.001068115234375,-0.003204345703125,-0.20050048828125,0.0201416015625,9.92340087890625,0.000152587890625,0.000152587890625,0.000152587890625,0.000152587890625
1.41499304771423,-0.001068115234375,0,-0.0042724609375,-0.18951416015625,0.01922607421875,9.91973876953125,0.000152587890625,0.000152587890625,0.000152587890625,0.000152587890625
1.42205357551575,-0.001068115234375,0,-0.003204345703125,-0.1959228515625,0.01739501953125,9.93255615234375,0.000152587890625,0.000152587890625,0.000152587890625,0.000152587890625
1.43516063690186,-0.001068115234375,0,-0.00213623046875,-0.1995849609375,0.0274658203125,9.906005859375,0.000152587890625,0.000152587890625,0.000152587890625,0.000152587890625
1.44228410720825,0,0,-0.00213623046875,-0.1995849609375,0.03204345703125,9.8968505859375,0.000152587890625,0.000152587890625,0.000152587890625,0.000152587890625
1.45217943191528,-0.001068115234375,0,-0.003204345703125,-0.21148681640625,0.02838134765625,9.927978515625,0.000152587890625,0.000152587890625,0.000152587890625,0.000152587890625
1.46200323104858,-0.001068115234375,0,-0.003204345703125,-0.21331787109375,0.025634765625,9.9261474609375,0.000152587890625,0.000152587890625,0.000152587890625,0.000152587890625
1.47311401367188,-0.001068115234375,0.00213623046875,-0.003204345703125,-0.20965576171875,0.02197265625,9.90509033203125,0.000152587890625,0.000152587890625,0.000152587890625,0.000152587890625
1.4822051525116,0,0.00213623046875,-0.00213623046875,-0.20416259765625,0.02288818359375,9.920654296875,0.000152587890625,0.000152587890625,0.000152587890625,0.000152587890625
1.49184536933899,-0.001068115234375,0.00213623046875,-0.00213623046875,-0.21148681640625,0.025634765625,9.964599609375,0.000152587890625,0.000152587890625,0.000152587890625,0.000152587890625
1.50289607048035,-0.00213623046875,0.00213623046875,-0.003204345703125,-0.21240234375,0.025634765625,9.920654296875,0.000152587890625,0.000152587890625,0.000152587890625,0.000152587890625
1.51187086105347,-0.001068115234375,0.00213623046875,-0.003204345703125,-0.20965576171875,0.025634765625,9.88494873046875,0.000152587890625,0.000152587890625,0.000152587890625,0.000152587890625
1.52188038825989,-0.001068115234375,0.001068115234375,-0.003204345703125,-0.20782470703125,0.02197265625,9.91058349609375,0.000152587890625,0.000152587890625,0.000152587890625,0.000152587890625
1.53212332725525,-0.00213623046875,0,-0.003204345703125,-0.20965576171875,0.018310546875,9.9188232421875,0.000152587890625,0.000152587890625,0.000152587890625,0.000152587890625
1.54293775558472,-0.003204345703125,0.001068115234375,-0.003204345703125,-0.20233154296875,0.02197265625,9.90234375,0.000152587890625,0.000152587890625,0.000152587890625,0.000152587890625
1.55297470092773,-0.00213623046875,0,-0.00213623046875,-0.1995849609375,0.02288818359375,9.920654296875,0.000152587890625,0.000152587890625,0.000152587890625,0.000152587890625
1.56107878684998,-0.001068115234375,0,-0.00213623046875,-0.20416259765625,0.02197265625,9.93621826171875,0.000152587890625,0.000152587890625,0.000152587890625,0.000152587890625
1.57182955741882,0,0,-0.003204345703125,-0.21148681640625,0.03021240234375,9.90692138671875,0.000152587890625,0.000152587890625,0.000152587890625,0.000152587890625
1.58114814758301,0,0,-0.00213623046875,-0.2069091796875,0.03387451171875,9.920654296875,0.000152587890625,0.000152587890625,0.000152587890625,0.000152587890625
1.59302759170532,-0.001068115234375,-0.001068115234375,-0.00213623046875,-0.2032470703125,0.03204345703125,9.95452880859375,0.000152587890625,0.000152587890625,0.000152587890625,0.000152587890625
1.59989261627197,0,-0.001068115234375,-0.00213623046875,-0.20416259765625,0.0274658203125,9.931640625,0.000152587890625,0.000152587890625,0.000152587890625,0.000152587890625
1.61181473731995,-0.001068115234375,-0.001068115234375,-0.003204345703125,-0.19683837890625,0.02655029296875,9.9041748046875,0.000152587890625,0.000152587890625,0.000152587890625,0.000152587890625
1.63181185722351,-0.001068115234375,0,-0.003204345703125,-0.208740234375,0.018310546875,9.91241455078125,0.000152587890625,0.000152587890625,0.000152587890625,0.000152587890625
1.64256191253662,-0.001068115234375,0.001068115234375,-0.003204345703125,-0.208740234375,0.03021240234375,9.91058349609375,0.000152587890625,0.000152587890625,0.000152587890625,0.000152587890625
1.65326976776123,-0.001068115234375,0.00213623046875,-0.003204345703125,-0.19683837890625,0.0311279296875,9.9298095703125,0.000152587890625,0.000152587890625,0.000152587890625,0.000152587890625
1.6618058681488,0,0.001068115234375,-0.003204345703125,-0.19775390625,0.02838134765625,9.935302734375,0.000152587890625,0.000152587890625,0.000152587890625,0.000152587890625
1.67186379432678,-0.00213623046875,0.001068115234375,-0.00213623046875,-0.20599365234375,0.0201416015625,9.9298095703125,0.000152587890625,0.000152587890625,0.000152587890625,0.000152587890625
1.68204879760742,-0.001068115234375,0.001068115234375,-0.001068115234375,-0.2032470703125,0.01556396484375,9.92889404296875,0.000152587890625,0.000152587890625,0.000152587890625,0.000152587890625
1.69390439987183,-0.001068115234375,0.001068115234375,-0.00213623046875,-0.1995849609375,0.01556396484375,9.92156982421875,0.000152587890625,0.000152587890625,0.000152587890625,0.000152587890625
1.7039635181427,-0.001068115234375,0,-0.003204345703125,-0.19866943359375,0.0238037109375,9.920654296875,0.000152587890625,0.000152587890625,0.000152587890625,0.000152587890625
1.71230578422546,-0.001068115234375,0,-0.00213623046875,-0.19866943359375,0.0274658203125,9.90509033203125,0.000152587890625,0.000152587890625,0.000152587890625,0.000152587890625
1.72577452659607,-0.001068115234375,0,-0.003204345703125,-0.20050048828125,0.01922607421875,9.906005859375,0.000152587890625,0.000152587890625,0.000152587890625,0.000152587890625
1.73388004302979,-0.001068115234375,0.001068115234375,-0.0042724609375,-0.20416259765625,0.01556396484375,9.927978515625,0.000152587890625,0.000152587890625,0.000152587890625,0.000152587890625
1.74234294891357,0,0,-0.003204345703125,-0.208740234375,0.0201416015625,9.92889404296875,0.000152587890625,0.000152587890625,0.000152587890625,0.000152587890625
1.75297093391418,0,0,-0.003204345703125,-0.20599365234375,0.02197265625,9.94354248046875,0.000152587890625,0.000152587890625,0.000152587890625,0.000152587890625
1.76213502883911,-0.001068115234375,-0.001068115234375,-0.003204345703125,-0.20050048828125,0.01739501953125,9.94171142578125,0.000152587890625,0.000152587890625,0.000152587890625,0.000152587890625
1.77212023735046,-0.00213623046875,-0.001068115234375,-0.00213623046875,-0.201416015625,0.01739501953125,9.92523193359375,0.000152587890625,0.000152587890625,0.000152587890625,0.000152587890625
1.78380060195923,-0.00213623046875,0.001068115234375,-0.00213623046875,-0.2032470703125,0.01922607421875,9.9151611328125,0.000152587890625,0.000152587890625,0.000152587890625,0.000152587890625
1.79593539237976,0,0,-0.00213623046875,-0.19866943359375,0.01922607421875,9.92889404296875,0.000152587890625,0.000152587890625,0.000152587890625,0.000152587890625
1.80212020874023,0,0,-0.00213623046875,-0.20416259765625,0.01922607421875,9.9151611328125,0.000152587890625,0.000152587890625,0.000152587890625,0.000152587890625
1.81187272071838,-0.001068115234375,0.001068115234375,-0.003204345703125,-0.21148681640625,0.02838134765625,9.90875244140625,0.000152587890625,0.000152587890625,0.000152587890625,0.000152587890625
1.8301420211792,-0.001068115234375,0.001068115234375,-0.00213623046875,-0.21331787109375,0.0311279296875,9.92340087890625,0.000152587890625,0.000152587890625,0.000152587890625,0.000152587890625
1.83196663856506,0,-0.001068115234375,-0.003204345703125,-0.21240234375,0.02838134765625,9.9188232421875,0.000152587890625,0.000152587890625,0.000152587890625,0.000152587890625
1.84290242195129,-0.001068115234375,-0.001068115234375,-0.0042724609375,-0.2105712890625,0.02288818359375,9.9298095703125,0.000152587890625,0.000152587890625,0.000152587890625,0.000152587890625
1.85286450386047,-0.001068115234375,0,-0.003204345703125,-0.20233154296875,0.02655029296875,9.95269775390625,0.000152587890625,0.000152587890625,0.000152587890625,0.000152587890625
1.86288261413574,-0.00213623046875,0,-0.00213623046875,-0.19775390625,0.029296875,9.94720458984375,0.000152587890625,0.000152587890625,0.000152587890625,0.000152587890625
1.87380051612854,-0.00213623046875,0.001068115234375,-0.00213623046875,-0.201416015625,0.02105712890625,9.92156982421875,0.000152587890625,0.000152587890625,0.000152587890625,0.000152587890625
1.88297128677368,-0.001068115234375,0.001068115234375,-0.003204345703125,-0.20050048828125,0.01373291015625,9.9114990234375,0.000152587890625,0.000152587890625,0.000152587890625,0.000152587890625
1.89301776885986,-0.001068115234375,-0.001068115234375,-0.003204345703125,-0.194091796875,0.018310546875,9.927978515625,0.000152587890625,0.000152587890625,0.000152587890625,0.000152587890625
1.90284442901611,-0.001068115234375,0,-0.00213623046875,-0.1959228515625,0.02288818359375,9.91424560546875,0.000152587890625,0.000152587890625,0.000152587890625,0.000152587890625
1.91223549842834,0,0,-0.00213623046875,-0.20599365234375,0.029296875,9.91241455078125,0.000152587890625,0.000152587890625,0.000152587890625,0.000152587890625
1.92097663879395,0,0,-0.003204345703125,-0.20599365234375,0.0274658203125,9.93255615234375,0.000152587890625,0.000152587890625,0.000152587890625,0.000152587890625
1.93003368377686,-0.00213623046875,-0.001068115234375,-0.00213623046875,-0.20050048828125,0.02471923828125,9.93896484375,0.000152587890625,0.000152587890625,0.000152587890625,0.000152587890625
1.94179153442383,-0.00213623046875,0,-0.00213623046875,-0.20782470703125,0.0201416015625,9.91973876953125,0.000152587890625,0.000152587890625,0.000152587890625,0.000152587890625
1.95308423042297,0,0,-0.003204345703125,-0.21240234375,0.02288818359375,9.92706298828125,0.000152587890625,0.000152587890625,0.000152587890625,0.000152587890625
1.96282815933228,-0.001068115234375,0,-0.00213623046875,-0.208740234375,0.03387451171875,9.9371337890625,0.000152587890625,0.000152587890625,0.000152587890625,0.000152587890625
1.97296667098999,-0.001068115234375,0,-0.003204345703125,-0.208740234375,0.03204345703125,9.9005126953125,0.000152587890625,0.000152587890625,0.000152587890625,0.000152587890625
1.98300075531006,-0.00213623046875,0,-0.00213623046875,-0.2069091796875,0.029296875,9.89593505859375,0.000152587890625,0.000152587890625,0.000152587890625,0.000152587890625
1.9949643611908,-0.00213623046875,0.001068115234375,-0.00213623046875,-0.20416259765625,0.03021240234375,9.91424560546875,0.000152587890625,0.000152587890625,0.000152587890625,0.000152587890625
2.00094246864319,-0.001068115234375,0.001068115234375,-0.003204345703125,-0.20050048828125,0.03204345703125,9.90966796875,0.000152587890625,0.000152587890625,0.000152587890625,0.000152587890625
2.01217532157898,-0.001068115234375,0.00213623046875,-0.00213623046875,-0.2069091796875,0.0201416015625,9.9114990234375,0.000152587890625,0.000152587890625,0.000152587890625,0.000152587890625
2.02181053161621,-0.00213623046875,0,-0.003204345703125,-0.21148681640625,0.02105712890625,9.935302734375,0.000152587890625,0.000152587890625,0.000152587890625,0.000152587890625
2.03058338165283,0,0,-0.00213623046875,-0.20599365234375,0.025634765625,9.935302734375,0.000152587890625,0.000152587890625,0.000152587890625,0.000152587890625
2.03983640670776,0,0,-0.00213623046875,-0.2069091796875,0.0201416015625,9.9114990234375,0.000152587890625,0.000152587890625,0.000152587890625,0.000152587890625
2.09276676177979,-0.001068115234375,0,-0.00213623046875,-0.2069091796875,0.010986328125,9.89776611328125,0.000152587890625,0.000152587890625,0.000152587890625,0.000152587890625
2.09291768074036,-0.00213623046875,0.001068115234375,-0.003204345703125,-0.208740234375,0.0128173828125,9.91790771484375,0.000152587890625,0.000152587890625,0.000152587890625,0.000152587890625
2.09381771087646,-0.001068115234375,0,-0.00213623046875,-0.21240234375,0.0238037109375,9.91241455078125,0.000152587890625,0.000152587890625,0.000152587890625,0.000152587890625
2.09568357467651,-0.001068115234375,0,-0.003204345703125,-0.21240234375,0.0274658203125,9.898681640625,0.000152587890625,0.000152587890625,0.000152587890625,0.000152587890625
2.09678292274475,-0.00213623046875,0,-0.003204345703125,-0.21331787109375,0.025634765625,9.90692138671875,0.000152587890625,0.000152587890625,0.000152587890625,0.000152587890625
2.10376596450806,-0.001068115234375,-0.00213623046875,-0.00213623046875,-0.208740234375,0.025634765625,9.92706298828125,0.000152587890625,0.000152587890625,0.000152587890625,0.000152587890625
2.11014986038208,0,-0.00213623046875,-0.00213623046875,-0.2069091796875,0.0238037109375,9.9224853515625,0.000152587890625,0.000152587890625,0.000152587890625,0.000152587890625
2.12075185775757,-0.001068115234375,0.001068115234375,-0.003204345703125,-0.21148681640625,0.02471923828125,9.93255615234375,0.000152587890625,0.000152587890625,0.000152587890625,0.000152587890625
2.1298463344574,-0.001068115234375,0.001068115234375,-0.00213623046875,-0.20782470703125,0.03570556640625,9.94903564453125,0.000152587890625,0.000152587890625,0.000152587890625,0.000152587890625
2.15290498733521,0,0,-0.00213623046875,-0.20233154296875,0.025634765625,9.89227294921875,0.000152587890625,0.000152587890625,0.000152587890625,0.000152587890625
2.16131329536438,-0.001068115234375,0.001068115234375,-0.00213623046875,-0.19775390625,0.02471923828125,9.92156982421875,0.000152587890625,0.000152587890625,0.000152587890625,0.000152587890625
2.17108964920044,-0.00213623046875,0.001068115234375,-0.003204345703125,-0.201416015625,0.0274658203125,9.9169921875,0.000152587890625,0.000152587890625,0.000152587890625,0.000152587890625
2.18111324310303,-0.001068115234375,0.001068115234375,-0.003204345703125,-0.208740234375,0.029296875,9.9005126953125,0.000152587890625,0.000152587890625,0.000152587890625,0.000152587890625
2.18993997573853,-0.00213623046875,0.00213623046875,-0.003204345703125,-0.208740234375,0.02288818359375,9.920654296875,0.000152587890625,0.000152587890625,0.000152587890625,0.000152587890625
2.21031546592712,-0.001068115234375,0,-0.0042724609375,-0.1904296875,0.01739501953125,9.9151611328125,0.000152587890625,0.000152587890625,0.000152587890625,0.000152587890625
2.22247767448425,-0.001068115234375,0,-0.003204345703125,-0.1885986328125,0.01556396484375,9.927978515625,0.000152587890625,0.000152587890625,0.000152587890625,0.000152587890625
2.24985361099243,-0.001068115234375,0,-0.003204345703125,-0.2032470703125,0.0201416015625,9.9078369140625,0.000152587890625,0.000152587890625,0.000152587890625,0.000152587890625
2.25987124443054,-0.00213623046875,0.001068115234375,-0.003204345703125,-0.20416259765625,0.01190185546875,9.91241455078125,0.000152587890625,0.000152587890625,0.000152587890625,0.000152587890625
2.27018046379089,-0.001068115234375,0.001068115234375,-0.00213623046875,-0.19866943359375,0.01007080078125,9.92340087890625,0.000152587890625,0.000152587890625,0.000152587890625,0.000152587890625
2.27992367744446,-0.001068115234375,0,-0.00213623046875,-0.2069091796875,0.01556396484375,9.920654296875,0.000152587890625,0.000152587890625,0.000152587890625,0.000152587890625
2.29083061218262,-0.001068115234375,0,-0.00213623046875,-0.216064453125,0.0164794921875,9.9151611328125,0.000152587890625,0.000152587890625,0.000152587890625,0.000152587890625
2.29981851577759,-0.001068115234375,0,-0.003204345703125,-0.21697998046875,0.0146484375,9.93255615234375,0.000152587890625,0.000152587890625,0.000152587890625,0.000152587890625
2.31014752388,0,0,-0.003204345703125,-0.216064453125,0.02105712890625,9.927978515625,0.000152587890625,0.000152587890625,0.000152587890625,0.000152587890625
2.33900451660156,-0.001068115234375,0,-0.003204345703125,-0.21148681640625,0.02838134765625,9.93255615234375,0.000152587890625,0.000152587890625,0.000152587890625,0.000152587890625
2.34105014801025,-0.001068115234375,0,-0.003204345703125,-0.20233154296875,0.03021240234375,9.93438720703125,0.000152587890625,0.000152587890625,0.000152587890625,0.000152587890625
2.35081720352173,-0.001068115234375,0,-0.00213623046875,-0.1995849609375,0.03021240234375,9.91607666015625,0.000152587890625,0.000152587890625,0.000152587890625,0.000152587890625
2.37127494812012,-0.00213623046875,0.001068115234375,-0.00213623046875,-0.19866943359375,0.02471923828125,9.9334716796875,0.000152587890625,0.000152587890625,0.000152587890625,0.000152587890625
2.38095545768738,-0.001068115234375,0,-0.003204345703125,-0.2032470703125,0.02471923828125,9.93804931640625,0.000152587890625,0.000152587890625,0.000152587890625,0.000152587890625
2.39111137390137,-0.001068115234375,0.001068115234375,-0.003204345703125,-0.2197265625,0.0274658203125,9.9298095703125,0.000152587890625,0.000152587890625,0.000152587890625,0.000152587890625
2.40035390853882,-0.00213623046875,0.001068115234375,-0.003204345703125,-0.223388671875,0.032958984375,9.935302734375,0.000152587890625,0.000152587890625,0.000152587890625,0.000152587890625
2.41002702713013,0,0,-0.00213623046875,-0.21240234375,0.02838134765625,9.9334716796875,0.000152587890625,0.000152587890625,0.000152587890625,0.000152587890625
2.41999340057373,-0.00213623046875,0,-0.003204345703125,-0.21148681640625,0.02655029296875,9.91607666015625,0.000152587890625,0.000152587890625,0.000152587890625,0.000152587890625
2.42980456352234,-0.001068115234375,0.001068115234375,-0.003204345703125,-0.21240234375,0.0311279296875,9.91973876953125,0.000152587890625,0.000152587890625,0.000152587890625,0.000152587890625
2.44089651107788,0,0.001068115234375,-0.003204345703125,-0.2069091796875,0.025634765625,9.93072509765625,0.000152587890625,0.000152587890625,0.000152587890625,0.000152587890625
2.45318746566772,-0.001068115234375,0.001068115234375,-0.003204345703125,-0.205078125,0.018310546875,9.90325927734375,0.000152587890625,0.000152587890625,0.000152587890625,0.000152587890625
2.46029305458069,-0.003204345703125,0,-0.003204345703125,-0.20416259765625,0.01739501953125,9.9188232421875,0.000152587890625,0.000152587890625,0.000152587890625,0.000152587890625
2.4698052406311,-0.003204345703125,-0.001068115234375,-0.003204345703125,-0.1995849609375,0.01556396484375,9.93896484375,0.000152587890625,0.000152587890625,0.000152587890625,0.000152587890625
2.47977328300476,-0.001068115234375,-0.00213623046875,-0.00213623046875,-0.2032470703125,0.018310546875,9.93896484375,0.000152587890625,0.000152587890625,0.000152587890625,0.000152587890625
2.49011826515198,-0.00213623046875,-0.001068115234375,-0.001068115234375,-0.21240234375,0.02197265625,9.9334716796875,0.000152587890625,0.000152587890625,0.000152587890625,0.000152587890625
2.51397848129272,-0.001068115234375,0,-0.0042724609375,-0.19500732421875,0.029296875,9.91058349609375,0.000152587890625,0.000152587890625,0.000152587890625,0.000152587890625
2.52247071266174,-0.001068115234375,-0.00213623046875,-0.003204345703125,-0.1922607421875,0.0238037109375,9.91241455078125,0.000152587890625,0.000152587890625,0.000152587890625,0.000152587890625
2.53338479995728,-0.001068115234375,-0.001068115234375,-0.003204345703125,-0.19866943359375,0.018310546875,9.92156982421875,0.000152587890625,0.000152587890625,0.000152587890625,0.000152587890625
2.5418107509613,0,0,-0.003204345703125,-0.19866943359375,0.01556396484375,9.91058349609375,0.000152587890625,0.000152587890625,0.000152587890625,0.000152587890625
2.55384254455566,-0.001068115234375,0,-0.00213623046875,-0.19683837890625,0.0201416015625,9.91607666015625,0.000152587890625,0.000152587890625,0.000152587890625,0.000152587890625
2.56209921836853,-0.001068115234375,-0.001068115234375,-0.00213623046875,-0.208740234375,0.02105712890625,9.9188232421875,0.000152587890625,0.000152587890625,0.000152587890625,0.000152587890625
2.57193470001221,-0.001068115234375,0.001068115234375,-0.003204345703125,-0.21148681640625,0.02197265625,9.92156982421875,0.000152587890625,0.000152587890625,0.000152587890625,0.000152587890625
2.58248162269592,-0.00213623046875,0,-0.003204345703125,-0.20233154296875,0.02471923828125,9.931640625,0.000152587890625,0.000152587890625,0.000152587890625,0.000152587890625
2.60177969932556,-0.001068115234375,0.00213623046875,-0.003204345703125,-0.2069091796875,0.02105712890625,9.9151611328125,0.000152587890625,0.000152587890625,0.000152587890625,0.000152587890625
2.61280941963196,-0.001068115234375,0,-0.003204345703125,-0.205078125,0.02471923828125,9.90692138671875,0.000152587890625,0.000152587890625,0.000152587890625,0.000152587890625
2.62198615074158,-0.00213623046875,0,-0.003204345703125,-0.201416015625,0.025634765625,9.8931884765625,0.000152587890625,0.000152587890625,0.000152587890625,0.000152587890625
2.63098454475403,-0.001068115234375,0,-0.00213623046875,-0.20050048828125,0.02288818359375,9.90325927734375,0.000152587890625,0.000152587890625,0.000152587890625,0.000152587890625
2.64200925827026,-0.00213623046875,-0.001068115234375,-0.00213623046875,-0.20416259765625,0.0238037109375,9.9334716796875,0.000152587890625,0.000152587890625,0.000152587890625,0.000152587890625
2.65194916725159,-0.00213623046875,-0.001068115234375,-0.00213623046875,-0.205078125,0.03204345703125,9.92889404296875,0.000152587890625,0.000152587890625,0.000152587890625,0.000152587890625
2.6598494052887,-0.00213623046875,0,-0.003204345703125,-0.20965576171875,0.0347900390625,9.913330078125,0.000152587890625,0.000152587890625,0.000152587890625,0.000152587890625
2.67084956169128,-0.001068115234375,-0.001068115234375,-0.003204345703125,-0.216064453125,0.02838134765625,9.92156982421875,0.000152587890625,0.000152587890625,0.000152587890625,0.000152587890625
2.68101596832275,-0.001068115234375,0,-0.003204345703125,-0.21331787109375,0.02471923828125,9.9224853515625,0.000152587890625,0.000152587890625,0.000152587890625,0.000152587890625
2.69236779212952,-0.00213623046875,0,-0.00213623046875,-0.2032470703125,0.0238037109375,9.91241455078125,0.000152587890625,0.000152587890625,0.000152587890625,0.000152587890625
2.70000076293945,-0.001068115234375,0,-0.003204345703125,-0.20599365234375,0.0238037109375,9.91973876953125,0.000152587890625,0.000152587890625,0.000152587890625,0.000152587890625
2.71182179450989,-0.001068115234375,0,-0.003204345703125,-0.2142333984375,0.02471923828125,9.913330078125,0.000152587890625,0.000152587890625,0.000152587890625,0.000152587890625
2.72084593772888,-0.00213623046875,0,-0.003204345703125,-0.2069091796875,0.0274658203125,9.90325927734375,0.000152587890625,0.000152587890625,0.000152587890625,0.000152587890625
2.73182201385498,-0.001068115234375,0,-0.00213623046875,-0.2069091796875,0.032958984375,9.91973876953125,0.000152587890625,0.000152587890625,0.000152587890625,0.000152587890625
2.74235129356384,-0.00213623046875,0.001068115234375,-0.00213623046875,-0.20782470703125,0.03387451171875,9.9609375,0.000152587890625,0.000152587890625,0.000152587890625,0.000152587890625
2.75199198722839,-0.00213623046875,0.00213623046875,-0.003204345703125,-0.2069091796875,0.03570556640625,9.96551513671875,0.000152587890625,0.000152587890625,0.000152587890625,0.000152587890625
2.76190495491028,-0.001068115234375,0.003204345703125,-0.00213623046875,-0.20233154296875,0.03204345703125,9.9444580078125,0.000152587890625,0.000152587890625,0.000152587890625,0.000152587890625
2.77182674407959,0,0.001068115234375,-0.003204345703125,-0.201416015625,0.029296875,9.94720458984375,0.000152587890625,0.000152587890625,0.000152587890625,0.000152587890625
2.78187823295593,-0.00213623046875,-0.001068115234375,-0.003204345703125,-0.19866943359375,0.02655029296875,9.927978515625,0.000152587890625,0.000152587890625,0.000152587890625,0.000152587890625
2.80233383178711,-0.001068115234375,0.001068115234375,-0.003204345703125,-0.1995849609375,0.025634765625,9.88311767578125,0.000152587890625,0.000152587890625,0.000152587890625,0.000152587890625
2.81304121017456,-0.001068115234375,0.001068115234375,-0.003204345703125,-0.20599365234375,0.029296875,9.91058349609375,0.000152587890625,0.000152587890625,0.000152587890625,0.000152587890625
2.84106659889221,0,-0.001068115234375,-0.00213623046875,-0.186767578125,0.02471923828125,9.91241455078125,0.000152587890625,0.000152587890625,0.000152587890625,0.000152587890625
2.84186124801636,0,0,-0.00213623046875,-0.1885986328125,0.02105712890625,9.95361328125,0.000152587890625,0.000152587890625,0.000152587890625,0.000152587890625
2.85228371620178,-0.00213623046875,0.001068115234375,-0.00213623046875,-0.1922607421875,0.02288818359375,9.964599609375,0.000152587890625,0.000152587890625,0.000152587890625,0.000152587890625
2.86483478546143,-0.001068115234375,0,-0.00213623046875,-0.19775390625,0.02655029296875,9.9334716796875,0.000152587890625,0.000152587890625,0.000152587890625,0.000152587890625
2.87820601463318,-0.001068115234375,0,-0.003204345703125,-0.2032470703125,0.025634765625,9.920654296875,0.000152587890625,0.000152587890625,0.000152587890625,0.000152587890625
2.88180804252625,-0.001068115234375,0.001068115234375,-0.0042724609375,-0.20782470703125,0.03204345703125,9.9169921875,0.000152587890625,0.000152587890625,0.000152587890625,0.000152587890625
2.89321231842041,-0.001068115234375,0,-0.003204345703125,-0.20416259765625,0.0421142578125,9.89501953125,0.000152587890625,0.000152587890625,0.000152587890625,0.000152587890625
2.902095079422,-0.001068115234375,0,-0.00213623046875,-0.2032470703125,0.03936767578125,9.89044189453125,0.000152587890625,0.000152587890625,0.000152587890625,0.000152587890625
2.91487288475037,-0.001068115234375,0.001068115234375,-0.00213623046875,-0.21240234375,0.0311279296875,9.93072509765625,0.000152587890625,0.000152587890625,0.000152587890625,0.000152587890625
2.93052840232849,0,0.001068115234375,-0.003204345703125,-0.21331787109375,0.025634765625,9.931640625,0.000152587890625,0.000152587890625,0.000152587890625,0.000152587890625
2.94022750854492,0,0.001068115234375,-0.00213623046875,-0.20965576171875,0.01922607421875,9.93988037109375,0.000152587890625,0.000152587890625,0.000152587890625,0.000152587890625
2.95048117637634,-0.001068115234375,0,-0.00213623046875,-0.20599365234375,0.01739501953125,9.9554443359375,0.000152587890625,0.000152587890625,0.000152587890625,0.000152587890625
2.96086931228638,0,0.001068115234375,-0.003204345703125,-0.1995849609375,0.0201416015625,9.93438720703125,0.000152587890625,0.000152587890625,0.000152587890625,0.000152587890625
2.97080397605896,0,0.001068115234375,-0.00213623046875,-0.19866943359375,0.018310546875,9.913330078125,0.000152587890625,0.000152587890625,0.000152587890625,0.000152587890625
3.03110861778259,-0.001068115234375,0,-0.003204345703125,-0.20416259765625,0.032958984375,9.9114990234375,0.000152587890625,0.000152587890625,0.000152587890625,0.000152587890625
3.04129123687744,-0.001068115234375,0,-0.00213623046875,-0.20599365234375,0.029296875,9.9041748046875,0.000152587890625,0.000152587890625,0.000152587890625,0.000152587890625
3.05315852165222,-0.001068115234375,-0.001068115234375,-0.003204345703125,-0.21514892578125,0.02288818359375,9.92431640625,0.000152587890625,0.000152587890625,0.000152587890625,0.000152587890625
3.061448097229,-0.00213623046875,0,-0.003204345703125,-0.22064208984375,0.03204345703125,9.92340087890625,0.000152587890625,0.000152587890625,0.000152587890625,0.000152587890625
3.07313752174377,0,0,-0.00213623046875,-0.21514892578125,0.03204345703125,9.90509033203125,0.000152587890625,0.000152587890625,0.000152587890625,0.000152587890625
3.08106398582458,0,0.001068115234375,-0.00213623046875,-0.21148681640625,0.0238037109375,9.91241455078125,0.000152587890625,0.000152587890625,0.000152587890625,0.000152587890625
3.1019458770752,-0.001068115234375,0,-0.003204345703125,-0.20965576171875,0.029296875,9.92340087890625,0.000152587890625,0.000152587890625,0.000152587890625,0.000152587890625
3.11103677749634,-0.001068115234375,0.001068115234375,-0.003204345703125,-0.208740234375,0.0274658203125,9.91058349609375,0.000152587890625,0.000152587890625,0.000152587890625,0.000152587890625
3.12155938148499,-0.00213623046875,0.00213623046875,-0.00213623046875,-0.21240234375,0.025634765625,9.93896484375,0.000152587890625,0.000152587890625,0.000152587890625,0.000152587890625
3.13098120689392,-0.001068115234375,0,-0.00213623046875,-0.21148681640625,0.025634765625,9.92889404296875,0.000152587890625,0.000152587890625,0.000152587890625,0.000152587890625
3.14029788970947,-0.001068115234375,0,-0.003204345703125,-0.20599365234375,0.0274658203125,9.89044189453125,0.000152587890625,0.000152587890625,0.000152587890625,0.000152587890625
3.15094065666199,0,0.001068115234375,-0.00213623046875,-0.20050048828125,0.029296875,9.90509033203125,0.000152587890625,0.000152587890625,0.000152587890625,0.000152587890625
3.16121077537537,0.001068115234375,0,-0.00213623046875,-0.20050048828125,0.0274658203125,9.92706298828125,0.000152587890625,0.000152587890625,0.000152587890625,0.000152587890625
3.17118859291077,-0.001068115234375,-0.00213623046875,-0.003204345703125,-0.20233154296875,0.03021240234375,9.898681640625,0.000152587890625,0.000152587890625,0.000152587890625,0.000152587890625
3.18098855018616,-0.001068115234375,0,-0.00213623046875,-0.20965576171875,0.029296875,9.89776611328125,0.000152587890625,0.000152587890625,0.000152587890625,0.000152587890625
3.19087648391724,-0.001068115234375,-0.001068115234375,-0.00213623046875,-0.21240234375,0.029296875,9.931640625,0.000152587890625,0.000152587890625,0.000152587890625,0.000152587890625
3.20086431503296,0,0,-0.003204345703125,-0.20782470703125,0.03204345703125,9.91424560546875,0.000152587890625,0.000152587890625,0.000152587890625,0.000152587890625
3.21105551719666,-0.001068115234375,0,-0.0042724609375,-0.20233154296875,0.02655029296875,9.91424560546875,0.000152587890625,0.000152587890625,0.000152587890625,0.000152587890625
3.22207140922546,-0.00213623046875,0,-0.003204345703125,-0.2032470703125,0.025634765625,9.95086669921875,0.000152587890625,0.000152587890625,0.000152587890625,0.000152587890625
3.23111772537231,-0.001068115234375,0,-0.003204345703125,-0.20416259765625,0.025634765625,9.92340087890625,0.000152587890625,0.000152587890625,0.000152587890625,0.000152587890625
3.24249410629272,-0.001068115234375,0,-0.003204345703125,-0.205078125,0.0238037109375,9.88861083984375,0.000152587890625,0.000152587890625,0.000152587890625,0.000152587890625
3.25113534927368,-0.001068115234375,0,-0.003204345703125,-0.2032470703125,0.0201416015625,9.89227294921875,0.000152587890625,0.000152587890625,0.000152587890625,0.000152587890625
3.26104545593262,-0.00213623046875,0.001068115234375,-0.00213623046875,-0.2032470703125,0.0274658203125,9.90692138671875,0.000152587890625,0.000152587890625,0.000152587890625,0.000152587890625
3.27152371406555,-0.001068115234375,0.001068115234375,-0.00213623046875,-0.20233154296875,0.0311279296875,9.91241455078125,0.000152587890625,0.000152587890625,0.000152587890625,0.000152587890625
3.28132581710815,-0.001068115234375,0.00213623046875,-0.0042724609375,-0.2032470703125,0.0238037109375,9.91790771484375,0.000152587890625,0.000152587890625,0.000152587890625,0.000152587890625
3.29103398323059,-0.00213623046875,0,-0.003204345703125,-0.20416259765625,0.025634765625,9.92706298828125,0.000152587890625,0.000152587890625,0.000152587890625,0.000152587890625
3.30097723007202,-0.001068115234375,0,-0.003204345703125,-0.208740234375,0.02655029296875,9.931640625,0.000152587890625,0.000152587890625,0.000152587890625,0.000152587890625
3.31208372116089,-0.001068115234375,0,-0.003204345703125,-0.2142333984375,0.0274658203125,9.93255615234375,0.000152587890625,0.000152587890625,0.000152587890625,0.000152587890625
3.3209228515625,-0.00213623046875,0.001068115234375,-0.003204345703125,-0.21514892578125,0.02471923828125,9.92340087890625,0.000152587890625,0.000152587890625,0.000152587890625,0.000152587890625
3.3350875377655,-0.00213623046875,0,-0.00213623046875,-0.21240234375,0.02655029296875,9.9078369140625,0.000152587890625,0.000152587890625,0.000152587890625,0.000152587890625
3.34899663925171,-0.003204345703125,0.001068115234375,-0.00213623046875,-0.2142333984375,0.03387451171875,9.90875244140625,0.000152587890625,0.000152587890625,0.000152587890625,0.000152587890625
3.35092878341675,-0.001068115234375,0,-0.00213623046875,-0.21881103515625,0.03021240234375,9.898681640625,0.000152587890625,0.000152587890625,0.000152587890625,0.000152587890625
3.3613646030426,0,-0.00213623046875,-0.00213623046875,-0.21331787109375,0.02197265625,9.927978515625,0.000152587890625,0.000152587890625,0.000152587890625,0.000152587890625
3.37105059623718,0,-0.001068115234375,-0.003204345703125,-0.19866943359375,0.02471923828125,9.949951171875,0.000152587890625,0.000152587890625,0.000152587890625,0.000152587890625
3.3810453414917,-0.001068115234375,0,-0.00213623046875,-0.19683837890625,0.025634765625,9.9444580078125,0.000152587890625,0.000152587890625,0.000152587890625,0.000152587890625
3.39084553718567,-0.001068115234375,0.001068115234375,-0.00213623046875,-0.2032470703125,0.0238037109375,9.93896484375,0.000152587890625,0.000152587890625,0.000152587890625,0.000152587890625
3.4008195400238,0,0,-0.00213623046875,-0.20599365234375,0.02288818359375,9.93255615234375,0.000152587890625,0.000152587890625,0.000152587890625,0.000152587890625
3.41106009483337,-0.001068115234375,0,-0.00213623046875,-0.20050048828125,0.03204345703125,9.89593505859375,0.000152587890625,0.000152587890625,0.000152587890625,0.000152587890625
3.4208128452301,-0.00213623046875,0,-0.00213623046875,-0.19683837890625,0.03204345703125,9.89959716796875,0.000152587890625,0.000152587890625,0.000152587890625,0.000152587890625
3.43202519416809,-0.001068115234375,0.001068115234375,-0.003204345703125,-0.20233154296875,0.0274658203125,9.9188232421875,0.000152587890625,0.000152587890625,0.000152587890625,0.000152587890625
3.4408130645752,-0.00213623046875,0.001068115234375,-0.0042724609375,-0.20782470703125,0.0311279296875,9.91241455078125,0.000152587890625,0.000152587890625,0.000152587890625,0.000152587890625
3.453049659729,-0.00213623046875,0.00213623046875,-0.003204345703125,-0.2069091796875,0.02655029296875,9.9151611328125,0.000152587890625,0.000152587890625,0.000152587890625,0.000152587890625
3.46120715141296,-0.00213623046875,0,-0.003204345703125,-0.20050048828125,0.02105712890625,9.9407958984375,0.000152587890625,0.000152587890625,0.000152587890625,0.000152587890625
3.47111701965332,0,0,-0.003204345703125,-0.19866943359375,0.0238037109375,9.93072509765625,0.000152587890625,0.000152587890625,0.000152587890625,0.000152587890625
3.49112391471863,-0.00213623046875,0,-0.003204345703125,-0.2069091796875,0.0238037109375,9.927978515625,0.000152587890625,0.000152587890625,0.000152587890625,0.000152587890625
3.51299858093262,-0.001068115234375,0.001068115234375,-0.0042724609375,-0.21881103515625,0.03204345703125,9.9151611328125,0.000152587890625,0.000152587890625,0.000152587890625,0.000152587890625
3.52126932144165,-0.00213623046875,0,-0.003204345703125,-0.22064208984375,0.02838134765625,9.93804931640625,0.000152587890625,0.000152587890625,0.000152587890625,0.000152587890625
3.53101682662964,-0.001068115234375,0,-0.003204345703125,-0.21148681640625,0.02471923828125,9.927978515625,0.000152587890625,0.000152587890625,0.000152587890625,0.000152587890625
3.54118490219116,-0.001068115234375,0,-0.003204345703125,-0.21331787109375,0.02288818359375,9.920654296875,0.000152587890625,0.000152587890625,0.000152587890625,0.000152587890625
3.55234742164612,-0.00213623046875,-0.001068115234375,-0.003204345703125,-0.2197265625,0.02288818359375,9.93621826171875,0.000152587890625,0.000152587890625,0.000152587890625,0.000152587890625
3.56033754348755,-0.001068115234375,0,-0.00213623046875,-0.2197265625,0.01556396484375,9.91424560546875,0.000152587890625,0.000152587890625,0.000152587890625,0.000152587890625
3.57136344909668,-0.00213623046875,0,-0.003204345703125,-0.2142333984375,0.018310546875,9.92431640625,0.000152587890625,0.000152587890625,0.000152587890625,0.000152587890625
3.58401131629944,-0.00213623046875,0,-0.003204345703125,-0.205078125,0.01373291015625,9.9407958984375,0.000152587890625,0.000152587890625,0.000152587890625,0.000152587890625
3.59291553497314,-0.001068115234375,0,-0.003204345703125,-0.2178955078125,0.01556396484375,9.91058349609375,0.000152587890625,0.000152587890625,0.000152587890625,0.000152587890625
3.60107612609863,-0.001068115234375,0,-0.003204345703125,-0.2142333984375,0.01739501953125,9.90692138671875,0.000152587890625,0.000152587890625,0.000152587890625,0.000152587890625
3.62097477912903,-0.001068115234375,0,-0.00213623046875,-0.20599365234375,0.02105712890625,9.89959716796875,0.000152587890625,0.000152587890625,0.000152587890625,0.000152587890625
3.6350576877594,-0.00213623046875,0,-0.003204345703125,-0.20782470703125,0.025634765625,9.92889404296875,0.000152587890625,0.000152587890625,0.000152587890625,0.000152587890625
3.64308500289917,0,0,-0.00213623046875,-0.20050048828125,0.025634765625,9.92706298828125,0.000152587890625,0.000152587890625,0.000152587890625,0.000152587890625
3.65208649635315,-0.001068115234375,0.001068115234375,-0.00213623046875,-0.205078125,0.02105712890625,9.9151611328125,0.000152587890625,0.000152587890625,0.000152587890625,0.000152587890625
3.6619770526886,-0.001068115234375,0.00213623046875,-0.00213623046875,-0.20965576171875,0.02197265625,9.93621826171875,0.000152587890625,0.000152587890625,0.000152587890625,0.000152587890625
3.67214155197144,-0.003204345703125,0.00213623046875,-0.003204345703125,-0.208740234375,0.02197265625,9.92431640625,0.000152587890625,0.000152587890625,0.000152587890625,0.000152587890625
3.682537317276,-0.00213623046875,0.001068115234375,-0.003204345703125,-0.20416259765625,0.0201416015625,9.89227294921875,0.000152587890625,0.000152587890625,0.000152587890625,0.000152587890625
3.69220066070557,-0.001068115234375,0,-0.003204345703125,-0.20050048828125,0.02105712890625,9.92431640625,0.000152587890625,0.000152587890625,0.000152587890625,0.000152587890625
3.70300817489624,-0.001068115234375,0,-0.003204345703125,-0.19866943359375,0.0274658203125,9.90509033203125,0.000152587890625,0.000152587890625,0.000152587890625,0.000152587890625
3.71203446388245,0,0,-0.00213623046875,-0.201416015625,0.02838134765625,9.8858642578125,0.000152587890625,0.000152587890625,0.000152587890625,0.000152587890625
3.72203707695007,-0.001068115234375,-0.00213623046875,-0.00213623046875,-0.205078125,0.0274658203125,9.90966796875,0.000152587890625,0.000152587890625,0.000152587890625,0.000152587890625
3.73226261138916,-0.00213623046875,-0.001068115234375,-0.00213623046875,-0.205078125,0.029296875,9.931640625,0.000152587890625,0.000152587890625,0.000152587890625,0.000152587890625
3.74197030067444,-0.001068115234375,0,-0.003204345703125,-0.201416015625,0.02838134765625,9.92340087890625,0.000152587890625,0.000152587890625,0.000152587890625,0.000152587890625
3.75241637229919,-0.001068115234375,0,-0.00213623046875,-0.2069091796875,0.02471923828125,9.9334716796875,0.000152587890625,0.000152587890625,0.000152587890625,0.000152587890625
3.76183867454529,-0.001068115234375,0,-0.00213623046875,-0.21240234375,0.02288818359375,9.92431640625,0.000152587890625,0.000152587890625,0.000152587890625,0.000152587890625
3.77198028564453,-0.001068115234375,0,-0.003204345703125,-0.20965576171875,0.02655029296875,9.88128662109375,0.000152587890625,0.000152587890625,0.000152587890625,0.000152587890625
3.78096652030945,-0.00213623046875,0.001068115234375,-0.003204345703125,-0.20599365234375,0.02838134765625,9.88677978515625,0.000152587890625,0.000152587890625,0.000152587890625,0.000152587890625
3.79105639457703,-0.001068115234375,0.001068115234375,-0.00213623046875,-0.20782470703125,0.02655029296875,9.91424560546875,0.000152587890625,0.000152587890625,0.000152587890625,0.000152587890625
3.80065536499023,-0.001068115234375,0.001068115234375,-0.00213623046875,-0.2142333984375,0.03204345703125,9.90875244140625,0.000152587890625,0.000152587890625,0.000152587890625,0.000152587890625
3.81188058853149,-0.001068115234375,0.001068115234375,-0.003204345703125,-0.20599365234375,0.02838134765625,9.9078369140625,0.000152587890625,0.000152587890625,0.000152587890625,0.000152587890625
3.82282710075378,-0.001068115234375,0.001068115234375,-0.00213623046875,-0.20233154296875,0.0238037109375,9.91424560546875,0.000152587890625,0.000152587890625,0.000152587890625,0.000152587890625
3.83581328392029,0,0.001068115234375,-0.003204345703125,-0.20233154296875,0.02197265625,9.93438720703125,0.000152587890625,0.000152587890625,0.000152587890625,0.000152587890625
3.87220025062561,-0.001068115234375,-0.001068115234375,-0.003204345703125,-0.201416015625,0.02288818359375,9.88861083984375,0.000152587890625,0.000152587890625,0.000152587890625,0.000152587890625
3.88237333297729,0,0.001068115234375,-0.003204345703125,-0.19775390625,0.029296875,9.87579345703125,0.000152587890625,0.000152587890625,0.000152587890625,0.000152587890625
3.89215421676636,-0.001068115234375,0.00213623046875,-0.00213623046875,-0.208740234375,0.02838134765625,9.89776611328125,0.000152587890625,0.000152587890625,0.000152587890625,0.000152587890625
3.90297555923462,-0.00213623046875,-0.001068115234375,-0.00213623046875,-0.22064208984375,0.02471923828125,9.9298095703125,0.000152587890625,0.000152587890625,0.000152587890625,0.000152587890625
3.91256618499756,-0.00213623046875,-0.001068115234375,-0.00213623046875,-0.21240234375,0.03204345703125,9.9078369140625,0.000152587890625,0.000152587890625,0.000152587890625,0.000152587890625
3.92306160926819,0,0,-0.00213623046875,-0.20782470703125,0.02838134765625,9.90142822265625,0.000152587890625,0.000152587890625,0.000152587890625,0.000152587890625
3.93195676803589,0,0.001068115234375,-0.003204345703125,-0.2105712890625,0.01556396484375,9.931640625,0.000152587890625,0.000152587890625,0.000152587890625,0.000152587890625
3.94254684448242,-0.00213623046875,0,-0.003204345703125,-0.205078125,0.0164794921875,9.9188232421875,0.000152587890625,0.000152587890625,0.000152587890625,0.000152587890625
3.95205140113831,-0.001068115234375,0.001068115234375,-0.003204345703125,-0.20416259765625,0.0201416015625,9.8968505859375,0.000152587890625,0.000152587890625,0.000152587890625,0.000152587890625
3.96183514595032,-0.00213623046875,0.00213623046875,-0.003204345703125,-0.21240234375,0.01922607421875,9.90692138671875,0.000152587890625,0.000152587890625,0.000152587890625,0.000152587890625
3.97205638885498,-0.00213623046875,0.00213623046875,-0.0042724609375,-0.20965576171875,0.0201416015625,9.90234375,0.000152587890625,0.000152587890625,0.000152587890625,0.000152587890625
3.98215103149414,-0.001068115234375,0.001068115234375,-0.003204345703125,-0.2069091796875,0.03021240234375,9.88128662109375,0.000152587890625,0.000152587890625,0.000152587890625,0.000152587890625
3.99198126792908,-0.001068115234375,0.001068115234375,-0.003204345703125,-0.20782470703125,0.029296875,9.9114990234375,0.000152587890625,0.000152587890625,0.000152587890625,0.000152587890625
4.00203895568848,-0.00213623046875,0.001068115234375,-0.003204345703125,-0.20965576171875,0.03662109375,9.9462890625,0.000152587890625,0.000152587890625,0.000152587890625,0.000152587890625
4.01186656951904,-0.00213623046875,0.001068115234375,-0.003204345703125,-0.201416015625,0.0347900390625,9.93255615234375,0.000152587890625,0.000152587890625,0.000152587890625,0.000152587890625
4.02285075187683,-0.001068115234375,0.001068115234375,-0.003204345703125,-0.205078125,0.03021240234375,9.9151611328125,0.000152587890625,0.000152587890625,0.000152587890625,0.000152587890625
4.0318911075592,-0.001068115234375,0.001068115234375,-0.003204345703125,-0.2105712890625,0.02471923828125,9.906005859375,0.000152587890625,0.000152587890625,0.000152587890625,0.000152587890625
4.04208517074585,-0.001068115234375,-0.001068115234375,-0.003204345703125,-0.20416259765625,0.02105712890625,9.9078369140625,0.000152587890625,0.000152587890625,0.000152587890625,0.000152587890625
4.05208992958069,-0.00213623046875,0.001068115234375,-0.003204345703125,-0.1959228515625,0.018310546875,9.90234375,0.000152587890625,0.000152587890625,0.000152587890625,0.000152587890625
4.06408905982971,-0.00213623046875,0.00213623046875,-0.00213623046875,-0.19866943359375,0.025634765625,9.89776611328125,0.000152587890625,0.000152587890625,0.000152587890625,0.000152587890625
4.07300424575806,-0.001068115234375,0.001068115234375,-0.003204345703125,-0.20050048828125,0.02838134765625,9.89227294921875,0.000152587890625,0.000152587890625,0.000152587890625,0.000152587890625
4.10935258865356,-0.001068115234375,0.001068115234375,-0.003204345703125,-0.201416015625,0.0201416015625,9.90325927734375,0.000152587890625,0.000152587890625,0.000152587890625,0.000152587890625
4.10949540138245,-0.00213623046875,0.001068115234375,-0.003204345703125,-0.201416015625,0.01556396484375,9.92523193359375,0.000152587890625,0.000152587890625,0.000152587890625,0.000152587890625
4.12003064155579,-0.001068115234375,-0.001068115234375,-0.0042724609375,-0.19683837890625,0.02105712890625,9.931640625,0.000152587890625,0.000152587890625,0.000152587890625,0.000152587890625
4.12196636199951,-0.001068115234375,-0.00213623046875,-0.003204345703125,-0.201416015625,0.02105712890625,9.91790771484375,0.000152587890625,0.000152587890625,0.000152587890625,0.000152587890625
4.13198852539062,-0.001068115234375,0,-0.00213623046875,-0.21148681640625,0.01556396484375,9.90142822265625,0.000152587890625,0.000152587890625,0.000152587890625,0.000152587890625
4.14257311820984,-0.001068115234375,0,-0.003204345703125,-0.2105712890625,0.01556396484375,9.90142822265625,0.000152587890625,0.000152587890625,0.000152587890625,0.000152587890625
4.15223240852356,0,0.001068115234375,-0.003204345703125,-0.201416015625,0.0164794921875,9.8895263671875,0.000152587890625,0.000152587890625,0.000152587890625,0.000152587890625
4.16181135177612,-0.001068115234375,0,-0.00213623046875,-0.205078125,0.0146484375,9.89959716796875,0.000152587890625,0.000152587890625,0.000152587890625,0.000152587890625
4.17181348800659,-0.001068115234375,0,-0.00213623046875,-0.20782470703125,0.01007080078125,9.906005859375,0.000152587890625,0.000152587890625,0.000152587890625,0.000152587890625
4.18001127243042,-0.001068115234375,-0.001068115234375,-0.00213623046875,-0.205078125,0.0128173828125,9.89959716796875,0.000152587890625,0.000152587890625,0.000152587890625,0.000152587890625
4.19231247901917,-0.001068115234375,0.001068115234375,-0.003204345703125,-0.20050048828125,0.01556396484375,9.9114990234375,0.000152587890625,0.000152587890625,0.000152587890625,0.000152587890625
4.20222020149231,-0.001068115234375,0,-0.00213623046875,-0.20599365234375,0.02105712890625,9.94720458984375,0.000152587890625,0.000152587890625,0.000152587890625,0.000152587890625
4.21183466911316,-0.001068115234375,0,-0.00213623046875,-0.20965576171875,0.02197265625,9.93072509765625,0.000152587890625,0.000152587890625,0.000152587890625,0.000152587890625
4.22208285331726,0,0.001068115234375,-0.003204345703125,-0.2069091796875,0.02105712890625,9.90325927734375,0.000152587890625,0.000152587890625,0.000152587890625,0.000152587890625
4.23193979263306,-0.001068115234375,0.001068115234375,-0.003204345703125,-0.2069091796875,0.02471923828125,9.90142822265625,0.000152587890625,0.000152587890625,0.000152587890625,0.000152587890625
4.242840051651,-0.001068115234375,0.001068115234375,-0.003204345703125,-0.201416015625,0.025634765625,9.884033203125,0.000152587890625,0.000152587890625,0.000152587890625,0.000152587890625
4.25307130813599,-0.001068115234375,0,-0.003204345703125,-0.1995849609375,0.02197265625,9.88861083984375,0.000152587890625,0.000152587890625,0.000152587890625,0.000152587890625
4.26232433319092,-0.00213623046875,0,-0.00213623046875,-0.2032470703125,0.0201416015625,9.90692138671875,0.000152587890625,0.000152587890625,0.000152587890625,0.000152587890625
4.27256727218628,-0.00213623046875,-0.001068115234375,-0.003204345703125,-0.20782470703125,0.02197265625,9.9078369140625,0.000152587890625,0.000152587890625,0.000152587890625,0.000152587890625
4.2820987701416,-0.001068115234375,-0.001068115234375,-0.003204345703125,-0.20782470703125,0.02655029296875,9.92340087890625,0.000152587890625,0.000152587890625,0.000152587890625,0.000152587890625
4.29245448112488,-0.001068115234375,0,-0.00213623046875,-0.20599365234375,0.02655029296875,9.9188232421875,0.000152587890625,0.000152587890625,0.000152587890625,0.000152587890625
4.30253887176514,-0.00213623046875,0.001068115234375,-0.00213623046875,-0.2105712890625,0.02288818359375,9.92156982421875,0.000152587890625,0.000152587890625,0.000152587890625,0.000152587890625
4.31203532218933,-0.001068115234375,-0.001068115234375,-0.00213623046875,-0.20782470703125,0.0146484375,9.9169921875,0.000152587890625,0.000152587890625,0.000152587890625,0.000152587890625
4.32395219802856,0,-0.001068115234375,-0.003204345703125,-0.20965576171875,0.01007080078125,9.898681640625,0.000152587890625,0.000152587890625,0.000152587890625,0.000152587890625
4.33390092849731,-0.001068115234375,0.001068115234375,-0.00213623046875,-0.20965576171875,0.0164794921875,9.90142822265625,0.000152587890625,0.000152587890625,0.000152587890625,0.000152587890625
4.34298348426819,-0.001068115234375,0,-0.003204345703125,-0.21240234375,0.01922607421875,9.9078369140625,0.000152587890625,0.000152587890625,0.000152587890625,0.000152587890625
4.35703754425049,0,0,-0.003204345703125,-0.205078125,0.0201416015625,9.89776611328125,0.000152587890625,0.000152587890625,0.000152587890625,0.000152587890625
4.36296939849854,-0.001068115234375,0.001068115234375,-0.003204345703125,-0.20233154296875,0.018310546875,9.9114990234375,0.000152587890625,0.000152587890625,0.000152587890625,0.000152587890625
4.37256026268005,-0.001068115234375,0.00213623046875,-0.003204345703125,-0.20965576171875,0.01922607421875,9.9371337890625,0.000152587890625,0.000152587890625,0.000152587890625,0.000152587890625
4.38192844390869,-0.001068115234375,0.001068115234375,-0.00213623046875,-0.2069091796875,0.02655029296875,9.920654296875,0.000152587890625,0.000152587890625,0.000152587890625,0.000152587890625
4.39285469055176,0,0.001068115234375,-0.0042724609375,-0.20599365234375,0.0238037109375,9.8968505859375,0.000152587890625,0.000152587890625,0.000152587890625,0.000152587890625
4.4004430770874,-0.00213623046875,0,-0.003204345703125,-0.20965576171875,0.01739501953125,9.9114990234375,0.000152587890625,0.000152587890625,0.000152587890625,0.000152587890625
4.41433668136597,-0.001068115234375,-0.001068115234375,-0.00213623046875,-0.20599365234375,0.0164794921875,9.9114990234375,0.000152587890625,0.000152587890625,0.000152587890625,0.000152587890625
4.41981339454651,0,0,-0.001068115234375,-0.1959228515625,0.0238037109375,9.898681640625,0.000152587890625,0.000152587890625,0.000152587890625,0.000152587890625
4.43988084793091,-0.001068115234375,0,-0.00213623046875,-0.20416259765625,0.029296875,9.91424560546875,0.000152587890625,0.000152587890625,0.000152587890625,0.000152587890625
4.45003533363342,0,0,-0.003204345703125,-0.2032470703125,0.02655029296875,9.92340087890625,0.000152587890625,0.000152587890625,0.000152587890625,0.000152587890625
4.46000981330872,-0.001068115234375,-0.001068115234375,-0.003204345703125,-0.19683837890625,0.02471923828125,9.9224853515625,0.000152587890625,0.000152587890625,0.000152587890625,0.000152587890625
4.48005485534668,-0.001068115234375,0.001068115234375,-0.00213623046875,-0.201416015625,0.032958984375,9.93255615234375,0.000152587890625,0.000152587890625,0.000152587890625,0.000152587890625
4.49129056930542,-0.001068115234375,0,-0.003204345703125,-0.19866943359375,0.03021240234375,9.91424560546875,0.000152587890625,0.000152587890625,0.000152587890625,0.000152587890625
4.49995303153992,-0.001068115234375,0.001068115234375,-0.003204345703125,-0.20416259765625,0.02197265625,9.88311767578125,0.000152587890625,0.000152587890625,0.000152587890625,0.000152587890625
4.51009011268616,-0.001068115234375,0.001068115234375,-0.003204345703125,-0.20782470703125,0.018310546875,9.90509033203125,0.000152587890625,0.000152587890625,0.000152587890625,0.000152587890625
4.52009391784668,-0.00213623046875,0,-0.003204345703125,-0.20965576171875,0.02838134765625,9.92340087890625,0.000152587890625,0.000152587890625,0.000152587890625,0.000152587890625
4.53048801422119,-0.00213623046875,0.001068115234375,-0.003204345703125,-0.21240234375,0.032958984375,9.90325927734375,0.000152587890625,0.000152587890625,0.000152587890625,0.000152587890625
4.67050814628601,0,-0.001068115234375,-0.003204345703125,-0.20233154296875,0.02105712890625,9.898681640625,0.000152587890625,0.000152587890625,0.000152587890625,0.000152587890625
4.69202852249146,-0.001068115234375,0,-0.003204345703125,-0.201416015625,0.01373291015625,9.9151611328125,0.000152587890625,0.000152587890625,0.000152587890625,0.000152587890625
4.73516321182251,-0.00213623046875,0.001068115234375,-0.003204345703125,-0.205078125,0.032958984375,9.92431640625,0.000152587890625,0.000152587890625,0.000152587890625,0.000152587890625
4.76208233833313,-0.001068115234375,0,-0.003204345703125,-0.20599365234375,0.02838134765625,9.898681640625,0.000152587890625,0.000152587890625,0.000152587890625,0.000152587890625
4.77208280563354,-0.001068115234375,-0.001068115234375,-0.003204345703125,-0.2032470703125,0.02288818359375,9.87579345703125,0.000152587890625,0.000152587890625,0.000152587890625,0.000152587890625
4.78199005126953,-0.001068115234375,-0.00213623046875,-0.003204345703125,-0.1959228515625,0.025634765625,9.89959716796875,0.000152587890625,0.000152587890625,0.000152587890625,0.000152587890625
4.80187845230103,0,0,-0.003204345703125,-0.201416015625,0.0311279296875,9.89227294921875,0.000152587890625,0.000152587890625,0.000152587890625,0.000152587890625
4.81183862686157,0,-0.001068115234375,-0.00213623046875,-0.20233154296875,0.02838134765625,9.898681640625,0.000152587890625,0.000152587890625,0.000152587890625,0.000152587890625
4.82238459587097,-0.00213623046875,-0.001068115234375,-0.003204345703125,-0.19500732421875,0.02655029296875,9.927978515625,0.000152587890625,0.000152587890625,0.000152587890625,0.000152587890625
4.83294606208801,-0.00213623046875,0,-0.003204345703125,-0.19317626953125,0.02655029296875,9.91973876953125,0.000152587890625,0.000152587890625,0.000152587890625,0.000152587890625
4.84186124801636,-0.001068115234375,0.001068115234375,-0.003204345703125,-0.2032470703125,0.029296875,9.91058349609375,0.000152587890625,0.000152587890625,0.000152587890625,0.000152587890625
4.86112904548645,-0.001068115234375,0,-0.003204345703125,-0.205078125,0.0311279296875,9.92340087890625,0.000152587890625,0.000152587890625,0.000152587890625,0.000152587890625
4.86206817626953,-0.00213623046875,0,-0.003204345703125,-0.20965576171875,0.02471923828125,9.89593505859375,0.000152587890625,0.000152587890625,0.000152587890625,0.000152587890625
4.87333130836487,-0.001068115234375,0.001068115234375,-0.003204345703125,-0.2197265625,0.02288818359375,9.88494873046875,0.000152587890625,0.000152587890625,0.000152587890625,0.000152587890625
4.87985110282898,-0.001068115234375,0.001068115234375,-0.003204345703125,-0.21697998046875,0.02105712890625,9.8931884765625,0.000152587890625,0.000152587890625,0.000152587890625,0.000152587890625
4.91508650779724,-0.001068115234375,0.00213623046875,-0.0042724609375,-0.20965576171875,0.03204345703125,9.9078369140625,0.000152587890625,0.000152587890625,0.000152587890625,0.000152587890625
5.10283422470093,0,0.00213623046875,-0.003204345703125,-0.20416259765625,0.01556396484375,9.92340087890625,0.000152587890625,0.000152587890625,0.000152587890625,0.000152587890625
5.15255212783813,-0.001068115234375,0,-0.003204345703125,-0.20965576171875,0.025634765625,9.9114990234375,0.000152587890625,0.000152587890625,0.000152587890625,0.000152587890625
5.1930992603302,-0.00213623046875,0.001068115234375,-0.003204345703125,-0.205078125,0.03021240234375,9.913330078125,0.000152587890625,0.000152587890625,0.000152587890625,0.000152587890625
5.20401263237,-0.00213623046875,0,-0.003204345703125,-0.1995849609375,0.02655029296875,9.92340087890625,0.000152587890625,0.000152587890625,0.000152587890625,0.000152587890625
5.22504758834839,-0.001068115234375,0.00213623046875,-0.003204345703125,-0.1995849609375,0.0238037109375,9.91973876953125,0.000152587890625,0.000152587890625,0.000152587890625,0.000152587890625
5.29311871528625,-0.001068115234375,0,-0.003204345703125,-0.21331787109375,0.025634765625,9.93072509765625,0.000152587890625,0.000152587890625,0.000152587890625,0.000152587890625
5.30717802047729,0,0,-0.003204345703125,-0.21331787109375,0.02471923828125,9.9188232421875,0.000152587890625,0.000152587890625,0.000152587890625,0.000152587890625
5.32705187797546,-0.00213623046875,0,-0.003204345703125,-0.216064453125,0.01922607421875,9.91790771484375,0.000152587890625,0.000152587890625,0.000152587890625,0.000152587890625
5.34541153907776,0,0,-0.003204345703125,-0.208740234375,0.0201416015625,9.8895263671875,0.000152587890625,0.000152587890625,0.000152587890625,0.000152587890625
5.41292881965637,-0.001068115234375,0.001068115234375,-0.003204345703125,-0.2178955078125,0.0091552734375,9.89044189453125,0.000152587890625,0.000152587890625,0.000152587890625,0.000152587890625
5.4429988861084,-0.00213623046875,0.00213623046875,-0.003204345703125,-0.205078125,0.02471923828125,9.89501953125,0.000152587890625,0.000152587890625,0.000152587890625,0.000152587890625
5.57993197441101,-0.001068115234375,0.001068115234375,-0.003204345703125,-0.20599365234375,0.0274658203125,9.89593505859375,0.000152587890625,0.000152587890625,0.000152587890625,0.000152587890625
5.59093737602234,-0.00213623046875,0.00213623046875,-0.00213623046875,-0.2069091796875,0.032958984375,9.891357421875,0.000152587890625,0.000152587890625,0.000152587890625,0.000152587890625
5.60292530059814,-0.00213623046875,0.00213623046875,-0.003204345703125,-0.20965576171875,0.03021240234375,9.8931884765625,0.000152587890625,0.000152587890625,0.000152587890625,0.000152587890625
5.61111736297607,-0.00213623046875,0.001068115234375,-0.00213623046875,-0.21148681640625,0.02197265625,9.88311767578125,0.000152587890625,0.000152587890625,0.000152587890625,0.000152587890625
5.62095165252686,0,0,-0.00213623046875,-0.20599365234375,0.01739501953125,9.88311767578125,0.000152587890625,0.000152587890625,0.000152587890625,0.000152587890625
5.62995386123657,0,0,-0.00213623046875,-0.20233154296875,0.02288818359375,9.92706298828125,0.000152587890625,0.000152587890625,0.000152587890625,0.000152587890625
5.63998579978943,-0.00213623046875,0,-0.003204345703125,-0.20965576171875,0.025634765625,9.913330078125,0.000152587890625,0.000152587890625,0.000152587890625,0.000152587890625
5.65097141265869,-0.00213623046875,0,-0.003204345703125,-0.21697998046875,0.02655029296875,9.8895263671875,0.000152587890625,0.000152587890625,0.000152587890625,0.000152587890625
5.65997123718262,-0.001068115234375,0,-0.003204345703125,-0.21240234375,0.02197265625,9.9151611328125,0.000152587890625,0.000152587890625,0.000152587890625,0.000152587890625
5.67000651359558,0,0.001068115234375,-0.00213623046875,-0.20599365234375,0.0201416015625,9.91058349609375,0.000152587890625,0.000152587890625,0.000152587890625,0.000152587890625
5.67996168136597,0,0.001068115234375,-0.00213623046875,-0.21331787109375,0.018310546875,9.8931884765625,0.000152587890625,0.000152587890625,0.000152587890625,0.000152587890625
5.70012879371643,-0.001068115234375,0,-0.003204345703125,-0.20782470703125,0.025634765625,9.89410400390625,0.000152587890625,0.000152587890625,0.000152587890625,0.000152587890625
5.74007749557495,-0.001068115234375,-0.001068115234375,-0.0042724609375,-0.2105712890625,0.02471923828125,9.91790771484375,0.000152587890625,0.000152587890625,0.000152587890625,0.000152587890625
5.75038957595825,-0.001068115234375,0.001068115234375,-0.003204345703125,-0.21697998046875,0.02288818359375,9.9078369140625,0.000152587890625,0.000152587890625,0.000152587890625,0.000152587890625
5.75989723205566,-0.00213623046875,0,-0.003204345703125,-0.21240234375,0.010986328125,9.8931884765625,0.000152587890625,0.000152587890625,0.000152587890625,0.000152587890625
5.77201533317566,-0.001068115234375,0,-0.00213623046875,-0.20416259765625,0.0146484375,9.89776611328125,0.000152587890625,0.000152587890625,0.000152587890625,0.000152587890625
5.78294205665588,-0.001068115234375,0.001068115234375,-0.00213623046875,-0.20416259765625,0.02288818359375,9.8931884765625,0.000152587890625,0.000152587890625,0.000152587890625,0.000152587890625
5.79004526138306,-0.001068115234375,0.001068115234375,-0.001068115234375,-0.21331787109375,0.03204345703125,9.89593505859375,0.000152587890625,0.000152587890625,0.000152587890625,0.000152587890625
5.80176734924316,-0.001068115234375,0.001068115234375,-0.00213623046875,-0.2142333984375,0.02838134765625,9.9005126953125,0.000152587890625,0.000152587890625,0.000152587890625,0.000152587890625
5.80996346473694,-0.001068115234375,0,-0.003204345703125,-0.208740234375,0.0238037109375,9.90692138671875,0.000152587890625,0.000152587890625,0.000152587890625,0.000152587890625
5.82296824455261,-0.001068115234375,0,-0.003204345703125,-0.205078125,0.01739501953125,9.90875244140625,0.000152587890625,0.000152587890625,0.000152587890625,0.000152587890625
5.84030437469482,-0.00213623046875,0.001068115234375,-0.003204345703125,-0.205078125,0.02288818359375,9.927978515625,0.000152587890625,0.000152587890625,0.000152587890625,0.000152587890625
5.85190677642822,0,0.001068115234375,-0.003204345703125,-0.2032470703125,0.02655029296875,9.87396240234375,0.000152587890625,0.000152587890625,0.000152587890625,0.000152587890625
5.86206245422363,-0.001068115234375,0.001068115234375,-0.003204345703125,-0.2032470703125,0.01922607421875,9.89501953125,0.000152587890625,0.000152587890625,0.000152587890625,0.000152587890625
5.88276815414429,-0.001068115234375,0,-0.0042724609375,-0.201416015625,0.018310546875,9.88677978515625,0.000152587890625,0.000152587890625,0.000152587890625,0.000152587890625
5.89305853843689,0,0,-0.003204345703125,-0.1995849609375,0.02197265625,9.91058349609375,0.000152587890625,0.000152587890625,0.000152587890625,0.000152587890625
5.92206883430481,-0.001068115234375,0,-0.00213623046875,-0.19866943359375,0.01739501953125,9.90234375,0.000152587890625,0.000152587890625,0.000152587890625,0.000152587890625
5.9328875541687,-0.001068115234375,-0.001068115234375,-0.00213623046875,-0.20233154296875,0.02105712890625,9.927978515625,0.000152587890625,0.000152587890625,0.000152587890625,0.000152587890625
5.94193649291992,-0.001068115234375,-0.001068115234375,-0.00213623046875,-0.2032470703125,0.02105712890625,9.90325927734375,0.000152587890625,0.000152587890625,0.000152587890625,0.000152587890625
5.95194220542908,-0.001068115234375,0,-0.003204345703125,-0.19683837890625,0.02288818359375,9.8822021484375,0.000152587890625,0.000152587890625,0.000152587890625,0.000152587890625
5.96191573143005,-0.001068115234375,0.001068115234375,-0.003204345703125,-0.205078125,0.02655029296875,9.89227294921875,0.000152587890625,0.000152587890625,0.000152587890625,0.000152587890625
5.97203516960144,-0.001068115234375,0.001068115234375,-0.003204345703125,-0.20965576171875,0.0274658203125,9.89410400390625,0.000152587890625,0.000152587890625,0.000152587890625,0.000152587890625
5.98094439506531,-0.00213623046875,0.00213623046875,-0.003204345703125,-0.2032470703125,0.02655029296875,9.90234375,0.000152587890625,0.000152587890625,0.000152587890625,0.000152587890625
5.99510073661804,-0.001068115234375,0.001068115234375,-0.003204345703125,-0.20233154296875,0.0201416015625,9.92889404296875,0.000152587890625,0.000152587890625,0.000152587890625,0.000152587890625
6.00296950340271,-0.001068115234375,0.00213623046875,-0.003204345703125,-0.21331787109375,0.02471923828125,9.93438720703125,0.000152587890625,0.000152587890625,0.000152587890625,0.000152587890625
6.01011323928833,-0.001068115234375,0.001068115234375,-0.003204345703125,-0.21331787109375,0.0311279296875,9.9224853515625,0.000152587890625,0.000152587890625,0.000152587890625,0.000152587890625
6.02194046974182,-0.001068115234375,0,-0.003204345703125,-0.205078125,0.0311279296875,9.90325927734375,0.000152587890625,0.000152587890625,0.000152587890625,0.000152587890625
6.0329647064209,-0.001068115234375,-0.001068115234375,-0.00213623046875,-0.20233154296875,0.02471923828125,9.906005859375,0.000152587890625,0.000152587890625,0.000152587890625,0.000152587890625
6.04307270050049,-0.001068115234375,0,-0.003204345703125,-0.19866943359375,0.02838134765625,9.9188232421875,0.000152587890625,0.000152587890625,0.000152587890625,0.000152587890625
6.051917552948,-0.001068115234375,0,-0.0042724609375,-0.20050048828125,0.03387451171875,9.9078369140625,0.000152587890625,0.000152587890625,0.000152587890625,0.000152587890625
6.05992150306702,0,0.001068115234375,-0.003204345703125,-0.2069091796875,0.03204345703125,9.8858642578125,0.000152587890625,0.000152587890625,0.000152587890625,0.000152587890625
6.07188510894775,-0.001068115234375,0,-0.003204345703125,-0.2178955078125,0.02288818359375,9.91058349609375,0.000152587890625,0.000152587890625,0.000152587890625,0.000152587890625
6.08197546005249,-0.001068115234375,-0.00213623046875,-0.003204345703125,-0.2105712890625,0.02288818359375,9.927978515625,0.000152587890625,0.000152587890625,0.000152587890625,0.000152587890625
6.10212850570679,-0.001068115234375,0,-0.00213623046875,-0.20416259765625,0.0201416015625,9.942626953125,0.000152587890625,0.000152587890625,0.000152587890625,0.000152587890625
6.11180520057678,-0.001068115234375,0,-0.00213623046875,-0.20599365234375,0.0311279296875,9.9188232421875,0.000152587890625,0.000152587890625,0.000152587890625,0.000152587890625
6.12188911437988,0,0,-0.00213623046875,-0.20599365234375,0.025634765625,9.8748779296875,0.000152587890625,0.000152587890625,0.000152587890625,0.000152587890625
6.13233399391174,-0.001068115234375,0,-0.003204345703125,-0.2032470703125,0.0201416015625,9.89776611328125,0.000152587890625,0.000152587890625,0.000152587890625,0.000152587890625
6.14204883575439,-0.00213623046875,0.001068115234375,-0.00213623046875,-0.20233154296875,0.02471923828125,9.90875244140625,0.000152587890625,0.000152587890625,0.000152587890625,0.000152587890625
6.15305089950562,-0.001068115234375,0.001068115234375,-0.001068115234375,-0.20233154296875,0.03387451171875,9.884033203125,0.000152587890625,0.000152587890625,0.000152587890625,0.000152587890625
6.16295695304871,0,0,-0.003204345703125,-0.2069091796875,0.0274658203125,9.9005126953125,0.000152587890625,0.000152587890625,0.000152587890625,0.000152587890625
6.18209290504456,-0.00213623046875,0.00213623046875,-0.003204345703125,-0.21697998046875,0.02105712890625,9.9078369140625,0.000152587890625,0.000152587890625,0.000152587890625,0.000152587890625
6.19222593307495,-0.001068115234375,0.001068115234375,-0.003204345703125,-0.2032470703125,0.018310546875,9.920654296875,0.000152587890625,0.000152587890625,0.000152587890625,0.000152587890625
6.20215106010437,-0.001068115234375,0.001068115234375,-0.003204345703125,-0.20050048828125,0.02105712890625,9.9371337890625,0.000152587890625,0.000152587890625,0.000152587890625,0.000152587890625
6.21195030212402,-0.00213623046875,0.001068115234375,-0.00213623046875,-0.205078125,0.03204345703125,9.91241455078125,0.000152587890625,0.000152587890625,0.000152587890625,0.000152587890625
6.22198462486267,0,0.001068115234375,-0.00213623046875,-0.205078125,0.03021240234375,9.89227294921875,0.000152587890625,0.000152587890625,0.000152587890625,0.000152587890625
6.23200678825378,0,0,-0.00213623046875,-0.19866943359375,0.02288818359375,9.88677978515625,0.000152587890625,0.000152587890625,0.000152587890625,0.000152587890625
6.24239230155945,-0.003204345703125,0.001068115234375,-0.00213623046875,-0.20050048828125,0.01739501953125,9.88861083984375,0.000152587890625,0.000152587890625,0.000152587890625,0.000152587890625
6.25203132629395,-0.00213623046875,-0.001068115234375,-0.00213623046875,-0.1995849609375,0.0274658203125,9.8931884765625,0.000152587890625,0.000152587890625,0.000152587890625,0.000152587890625
6.26202797889709,0,0,-0.003204345703125,-0.20050048828125,0.0347900390625,9.906005859375,0.000152587890625,0.000152587890625,0.000152587890625,0.000152587890625
6.27204537391663,-0.001068115234375,0.001068115234375,-0.0042724609375,-0.201416015625,0.02197265625,9.91241455078125,0.000152587890625,0.000152587890625,0.000152587890625,0.000152587890625
6.28383088111877,-0.001068115234375,0,-0.003204345703125,-0.2032470703125,0.01739501953125,9.91241455078125,0.000152587890625,0.000152587890625,0.000152587890625,0.000152587890625
6.29198575019836,0,-0.00213623046875,-0.00213623046875,-0.2032470703125,0.018310546875,9.90234375,0.000152587890625,0.000152587890625,0.000152587890625,0.000152587890625
6.30180764198303,0,0,-0.00213623046875,-0.201416015625,0.01922607421875,9.89410400390625,0.000152587890625,0.000152587890625,0.000152587890625,0.000152587890625
6.31045603752136,-0.001068115234375,0.001068115234375,-0.00213623046875,-0.20782470703125,0.02288818359375,9.90325927734375,0.000152587890625,0.000152587890625,0.000152587890625,0.000152587890625
6.33196401596069,-0.001068115234375,0.001068115234375,-0.003204345703125,-0.20782470703125,0.032958984375,9.8675537109375,0.000152587890625,0.000152587890625,0.000152587890625,0.000152587890625
6.34000182151794,-0.001068115234375,0,-0.003204345703125,-0.20599365234375,0.025634765625,9.9005126953125,0.000152587890625,0.000152587890625,0.000152587890625,0.000152587890625
6.35298800468445,-0.001068115234375,0,-0.00213623046875,-0.201416015625,0.02471923828125,9.91790771484375,0.000152587890625,0.000152587890625,0.000152587890625,0.000152587890625
6.36195206642151,-0.001068115234375,0,-0.001068115234375,-0.19775390625,0.03570556640625,9.91241455078125,0.000152587890625,0.000152587890625,0.000152587890625,0.000152587890625
6.37597393989563,-0.001068115234375,0.001068115234375,-0.003204345703125,-0.20233154296875,0.02838134765625,9.92431640625,0.000152587890625,0.000152587890625,0.000152587890625,0.000152587890625
6.38256072998047,-0.003204345703125,0.001068115234375,-0.003204345703125,-0.20416259765625,0.02105712890625,9.9224853515625,0.000152587890625,0.000152587890625,0.000152587890625,0.000152587890625
6.39200305938721,-0.00213623046875,0.001068115234375,-0.003204345703125,-0.205078125,0.0146484375,9.8931884765625,0.000152587890625,0.000152587890625,0.000152587890625,0.000152587890625
6.4119827747345,-0.00213623046875,-0.001068115234375,-0.00213623046875,-0.208740234375,0.018310546875,9.90509033203125,0.000152587890625,0.000152587890625,0.000152587890625,0.000152587890625
6.42295598983765,-0.001068115234375,-0.001068115234375,-0.003204345703125,-0.2069091796875,0.02655029296875,9.88494873046875,0.000152587890625,0.000152587890625,0.000152587890625,0.000152587890625
6.43217754364014,-0.00213623046875,0.00213623046875,-0.003204345703125,-0.21148681640625,0.03387451171875,9.88494873046875,0.000152587890625,0.000152587890625,0.000152587890625,0.000152587890625
6.45299029350281,-0.001068115234375,0,-0.003204345703125,-0.20599365234375,0.0311279296875,9.90692138671875,0.000152587890625,0.000152587890625,0.000152587890625,0.000152587890625
6.46197152137756,0,0,-0.00213623046875,-0.19683837890625,0.02655029296875,9.91607666015625,0.000152587890625,0.000152587890625,0.000152587890625,0.000152587890625
6.47194623947144,-0.00213623046875,0,-0.003204345703125,-0.194091796875,0.01922607421875,9.91241455078125,0.000152587890625,0.000152587890625,0.000152587890625,0.000152587890625
6.48480701446533,-0.00213623046875,0.001068115234375,-0.003204345703125,-0.1959228515625,0.01922607421875,9.9005126953125,0.000152587890625,0.000152587890625,0.000152587890625,0.000152587890625
6.50205230712891,-0.001068115234375,0,-0.00213623046875,-0.205078125,0.02288818359375,9.88861083984375,0.40130615234375,0.3961181640625,0.400848388671875,0.3961181640625
6.52183413505554,-0.00213623046875,0.001068115234375,0.0042724609375,-0.18768310546875,0.0054931640625,9.91790771484375,0.393829345703125,0.404205322265625,0.392303466796875,0.404052734375
6.53198266029358,-0.00213623046875,-0.001068115234375,0.016021728515625,-0.1373291015625,-0.00640869140625,9.90875244140625,0.3790283203125,0.4180908203125,0.3778076171875,0.419464111328125
6.5401873588562,0.00213623046875,-0.009613037109375,-0.013885498046875,-0.0787353515625,0.04486083984375,10.0003051757812,0.411834716796875,0.3802490234375,0.418701171875,0.383453369140625
6.55290412902832,0.007476806640625,0.0128173828125,-0.009613037109375,-0.11077880859375,0.08148193359375,9.847412109375,0.41168212890625,0.393524169921875,0.40863037109375,0.380401611328125
6.55985450744629,0.01068115234375,0.022430419921875,0.003204345703125,-0.15106201171875,0.00091552734375,9.949951171875,0.397796630859375,0.41290283203125,0.391082763671875,0.3924560546875
6.57132530212402,0.018157958984375,0.030975341796875,0.003204345703125,-0.333251953125,0.040283203125,9.9755859375,0.397796630859375,0.4180908203125,0.390472412109375,0.38787841796875
6.58307075500488,0.003204345703125,-0.007476806640625,0.04486083984375,-0.27008056640625,-0.05126953125,9.74945068359375,0.338592529296875,0.454254150390625,0.345458984375,0.456085205078125
6.59001493453979,0.011749267578125,0.0042724609375,0.0128173828125,-0.076904296875,-0.18585205078125,9.87030029296875,0.3790283203125,0.420989990234375,0.383453369140625,0.4107666015625
6.60008025169373,0.003204345703125,-0.016021728515625,-0.042724609375,-0.09613037109375,-0.30120849609375,9.97833251953125,0.444793701171875,0.342864990234375,0.456695556640625,0.35003662109375
6.61007261276245,-0.005340576171875,0.009613037109375,-0.05126953125,-0.19866943359375,-0.24993896484375,10.1275634765625,0.466461181640625,0.336761474609375,0.45745849609375,0.33355712890625
6.62187671661377,-0.00640869140625,0.003204345703125,0.045928955078125,-0.1556396484375,0.223388671875,10.140380859375,0.3436279296875,0.4559326171875,0.3375244140625,0.4571533203125
6.63100647926331,0,-0.01922607421875,0.08758544921875,-0.33233642578125,0.0933837890625,10.198974609375,0.283355712890625,0.502777099609375,0.294647216796875,0.513458251953125
6.64026188850403,-0.011749267578125,0.022430419921875,0.005340576171875,-0.35797119140625,-0.1007080078125,10.1339721679688,0.401763916015625,0.409088134765625,0.381317138671875,0.402069091796875
6.65017819404602,-0.007476806640625,0.026702880859375,-0.118560791015625,-0.362548828125,-0.14923095703125,9.96917724609375,0.556640625,0.2569580078125,0.53619384765625,0.244598388671875
6.66001462936401,0.0042724609375,0.003204345703125,-0.105743408203125,-0.54840087890625,0.05126953125,10.0112915039062,0.52947998046875,0.269622802734375,0.5303955078125,0.264739990234375
6.66997790336609,-0.01922607421875,-0.01495361328125,0.124969482421875,-0.6298828125,0.41748046875,9.85015869140625,0.243377685546875,0.544891357421875,0.241241455078125,0.56488037109375
6.68115401268005,-0.028839111328125,0.05340576171875,0.186920166015625,-0.11444091796875,0.48614501953125,9.90142822265625,0.189361572265625,0.639801025390625,0.139923095703125,0.62530517578125
6.71200346946716,-0.039520263671875,-0.022430419921875,-0.122833251953125,-0.7379150390625,0.02105712890625,10.48828125,0.557098388671875,0.22705078125,0.546875,0.26336669921875
6.71980857849121,-0.020294189453125,0.016021728515625,0.1153564453125,-0.4888916015625,0.16387939453125,10.1101684570312,0.26458740234375,0.542755126953125,0.24261474609375,0.54443359375
6.73079895973206,-0.00213623046875,0.0555419921875,0.2349853515625,-0.22247314453125,0.13458251953125,10.067138671875,0.121002197265625,0.70953369140625,0.08636474609375,0.677337646484375
6.74119806289673,0.01922607421875,-0.1025390625,-0.007476806640625,-0.4962158203125,0.3936767578125,9.83642578125,0.370025634765625,0.3656005859375,0.44342041015625,0.415191650390625
6.7503514289856,0.048065185546875,0.0469970703125,-0.20294189453125,-0.5328369140625,-0.0933837890625,10.0717163085938,0.651702880859375,0.173797607421875,0.652618408203125,0.11627197265625
6.76093077659607,-0.009613037109375,-0.068359375,-0.212554931640625,-0.31036376953125,-0.10528564453125,10.01953125,0.64605712890625,0.110626220703125,0.680389404296875,0.157318115234375
6.76981234550476,0.03631591796875,0.084381103515625,0.110015869140625,-0.00091552734375,-0.68756103515625,10.24658203125,0.275726318359375,0.572509765625,0.24627685546875,0.499725341796875
6.78082418441772,-0.028839111328125,-0.04486083984375,0.240325927734375,-0.05859375,-0.49713134765625,9.9114990234375,0.091705322265625,0.67840576171875,0.102386474609375,0.72174072265625
6.79098176956177,0.0128173828125,0.018157958984375,0.088653564453125,0.54107666015625,-0.09796142578125,9.715576171875,0.28900146484375,0.519256591796875,0.28594970703125,0.50018310546875
6.80046558380127,0.00640869140625,0.0384521484375,-0.193328857421875,0.4156494140625,-0.04669189453125,9.986572265625,0.648345947265625,0.171966552734375,0.6298828125,0.144195556640625
6.81147646903992,-0.018157958984375,0.005340576171875,-0.23284912109375,0.2947998046875,-0.47607421875,10.030517578125,0.69610595703125,0.104827880859375,0.681610107421875,0.1116943359375
6.82011866569519,-0.0128173828125,0.067291259765625,0.005340576171875,0.04852294921875,-0.43304443359375,10.3802490234375,0.414886474609375,0.4229736328125,0.366973876953125,0.389404296875
6.83017706871033,0.00213623046875,-0.056610107421875,0.244598388671875,0.40008544921875,-0.78643798828125,10.272216796875,0.0738525390625,0.689849853515625,0.10955810546875,0.720977783203125
6.84097909927368,0.013885498046875,0.107879638671875,0.1580810546875,0.531005859375,-0.48248291015625,10.2630615234375,0.229339599609375,0.632781982421875,0.172271728515625,0.559844970703125
6.85095286369324,-0.018157958984375,-0.082244873046875,-0.131378173828125,-0.1611328125,-0.12908935546875,10.13671875,0.543670654296875,0.20477294921875,0.581817626953125,0.264129638671875
6.86201524734497,0.0341796875,0.071563720703125,-0.304412841796875,-0.6756591796875,0.41748046875,10.3948974609375,0.7891845703125,0.050811767578125,0.767822265625,0.000152587890625
6.86998987197876,-0.01922607421875,-0.082244873046875,-0.08758544921875,-0.48980712890625,0.36529541015625,10.7180786132812,0.48828125,0.259857177734375,0.525665283203125,0.3204345703125
6.88517498970032,-0.0128173828125,0.07476806640625,0.289459228515625,-0.9027099609375,-0.60882568359375,10.810546875,0.0628662109375,0.779571533203125,0.009613037109375,0.742340087890625
6.89120602607727,-0.020294189453125,-0.067291259765625,0.32257080078125,-0.56121826171875,-0.42938232421875,10.1101684570312,0.000152587890625,0.776214599609375,0.009765625,0.82763671875
6.91111898422241,0.013885498046875,0.001068115234375,-0.3973388671875,0.384521484375,0.00091552734375,10.10009765625,0.890350341796875,0.000152587890625,0.8978271484375,0.000152587890625
6.92113995552063,0.00213623046875,-0.007476806640625,-0.364227294921875,0.41656494140625,-0.72784423828125,9.8895263671875,0.849761962890625,0.000152587890625,0.85540771484375,0.000152587890625
6.9308819770813,-0.037384033203125,0.042724609375,0.09185791015625,-0.0531005859375,-0.6500244140625,10.3829956054688,0.306854248046875,0.516204833984375,0.258636474609375,0.51239013671875
6.94030356407166,-0.043792724609375,-0.04058837890625,0.46356201171875,0.23895263671875,-0.27923583984375,10.05615234375,0.000152587890625,0.95306396484375,0.000152587890625,1.00311279296875
6.95131134986877,-0.00213623046875,0.088653564453125,0.4315185546875,0.05950927734375,-0.13641357421875,10.1138305664062,0.000152587890625,0.9637451171875,0.000152587890625,0.9124755859375
6.96003913879395,-0.024566650390625,-0.068359375,-0.111083984375,-0.46051025390625,0.29571533203125,10.3033447265625,0.524444580078125,0.232086181640625,0.550384521484375,0.2874755859375
6.97149109840393,0.07049560546875,-0.042724609375,-0.526580810546875,-0.780029296875,0.17578125,10.0753784179688,1.02203369140625,0.000152587890625,1.09054565429688,0.000152587890625
6.98139977455139,0.008544921875,0.028839111328125,-0.396270751953125,-0.281982421875,0.0750732421875,10.46630859375,0.89874267578125,0.000152587890625,0.8868408203125,0.000152587890625
7.01101064682007,0.01495361328125,-0.02777099609375,0.402679443359375,-0.38177490234375,0.5804443359375,10.07080078125,0.000152587890625,0.89874267578125,0.000152587890625,0.9051513671875
7.02305674552917,0.02777099609375,-0.018157958984375,-0.131378173828125,-0.04852294921875,0.501708984375,10.30517578125,0.548095703125,0.238189697265625,0.576019287109375,0.23193359375
7.03197550773621,0.011749267578125,0.016021728515625,-0.49560546875,0.09429931640625,-0.018310546875,9.9627685546875,2.09793090820312,1.04019165039062,2.14813232421875,1.08993530273438
7.04101490974426,0.009613037109375,-0.03631591796875,-0.391998291015625,0.17486572265625,0.11077880859375,10.30517578125,1.95709228515625,1.15280151367188,2.04055786132812,1.240234375
7.05134463310242,0.0128173828125,0.009613037109375,0.03204345703125,-0.3057861328125,-0.27923583984375,10.6375122070312,1.43951416015625,1.69754028320312,1.49826049804688,1.75521850585938
7.06296420097351,-0.0213623046875,0.039520263671875,0.238189697265625,-0.66192626953125,-0.4962158203125,10.2749633789062,1.2176513671875,1.95465087890625,1.23245239257812,2.0318603515625
7.07298707962036,0.030975341796875,-0.0213623046875,0.204010009765625,-0.27740478515625,-0.99884033203125,9.8529052734375,1.22650146484375,1.90963745117188,1.30935668945312,1.990966796875
7.08209753036499,0.033111572265625,0.037384033203125,0.025634765625,-0.48065185546875,-0.92376708984375,10.6201171875,1.47308349609375,1.70867919921875,1.52938842773438,1.75094604492188
7.12788867950439,-0.018157958984375,0.05767822265625,0.067291259765625,3.58245849609375,1.24420166015625,9.17449951171875,1.4453125,1.74911499023438,1.4642333984375,1.81671142578125
7.14199090003967,0.086517333984375,0.295867919921875,0.07904052734375,7.4725341796875,-2.60101318359375,11.05224609375,1.48086547851562,1.87240600585938,1.42532348632812,1.7413330078125
7.15125894546509,0.033111572265625,0.0726318359375,-0.020294189453125,2.069091796875,-2.40875244140625,12.1417236328125,1.5576171875,1.663818359375,1.605224609375,1.7034912109375
7.16282844543457,-0.048065185546875,-0.086517333984375,-0.11962890625,-0.3973388671875,1.45751953125,10.645751953125,1.66122436523438,1.46530151367188,1.759033203125,1.66534423828125
7.17077445983887,-0.01922607421875,0.1409912109375,-0.142059326171875,2.0196533203125,4.5281982421875,10.3656005859375,1.74957275390625,1.51336669921875,1.72882080078125,1.55914306640625
7.18135261535645,-0.0341796875,0.206146240234375,-0.105743408203125,4.7882080078125,8.06671142578125,8.6444091796875,1.73141479492188,1.57211303710938,1.66152954101562,1.59378051757812
7.19187831878662,0.167694091796875,0.11749267578125,-0.054473876953125,5.65338134765625,4.36248779296875,8.82659912109375,1.58294677734375,1.67434692382812,1.688232421875,1.62200927734375
7.20101571083069,-0.025634765625,0.076904296875,-0.007476806640625,0.44036865234375,0.55206298828125,9.62860107421875,1.57928466796875,1.67083740234375,1.585693359375,1.75308227539062
7.21199417114258,0.037384033203125,0.16021728515625,0.041656494140625,-1.2652587890625,-0.6793212890625,10.9121704101562,1.524658203125,1.7755126953125,1.5185546875,1.77032470703125
7.22399163246155,0.122833251953125,-0.0555419921875,0.13458251953125,-8.2379150390625,-3.6785888671875,10.902099609375,1.318359375,1.85745239257812,1.49368286132812,1.9281005859375
7.2402491569519,-0.05126953125,0.370635986328125,-0.086517333984375,-3.87176513671875,0.85784912109375,11.7709350585938,1.77383422851562,1.65939331054688,1.59881591796875,1.5814208984375
7.25306630134583,-0.042724609375,0.274505615234375,-0.0341796875,-1.1627197265625,4.2095947265625,12.4310302734375,1.67953491210938,1.70608520507812,1.56448364257812,1.6705322265625
7.26123833656311,-0.075836181640625,0.199737548828125,-0.180511474609375,3.99078369140625,2.05718994140625,10.01953125,1.85287475585938,1.4947509765625,1.76223754882812,1.51962280273438
7.27103519439697,0.037384033203125,0.40802001953125,-0.073699951171875,7.58514404296875,-1.190185546875,10.17333984375,1.75018310546875,1.73202514648438,1.60003662109375,1.5631103515625
7.28199505805969,0.07904052734375,0.186920166015625,-0.093994140625,0.93475341796875,-3.64288330078125,10.43701171875,1.69692993164062,1.65298461914062,1.70364379882812,1.59164428710938
7.29303860664368,0.0128173828125,0.133514404296875,-0.10040283203125,-0.69305419921875,-3.01116943359375,11.3983154296875,1.71524047851562,1.61239624023438,1.70654296875,1.617431640625
7.3208019733429,-0.253143310546875,0.379180908203125,-0.068359375,-1.2506103515625,-0.1263427734375,11.3067626953125,1.84661865234375,1.651611328125,1.50726318359375,1.6619873046875
7.33177995681763,0.056610107421875,0.1837158203125,-0.075836181640625,-1.7742919921875,2.449951171875,10.8316040039062,1.71096801757812,1.68106079101562,1.6650390625,1.61361694335938
7.34084820747375,0.037384033203125,0.035247802734375,0.041656494140625,-7.29034423828125,-0.6536865234375,11.6812133789062,1.53244018554688,1.781005859375,1.54876708984375,1.81243896484375
7.35110330581665,-0.06622314453125,0.2093505859375,-0.112152099609375,-5.94085693359375,-1.22589111328125,12.802734375,1.81320190429688,1.61285400390625,1.65496826171875,1.59774780273438
7.36139988899231,0.142059326171875,0.37811279296875,0.13458251953125,-2.303466796875,-4.77813720703125,13.5214233398438,1.50634765625,2.04299926757812,1.35101318359375,1.78131103515625
7.37173700332642,-0.12176513671875,0.46142578125,0.114288330078125,3.17779541015625,-3.57330322265625,12.6992797851562,1.63421630859375,1.96395874023438,1.27197265625,1.81167602539062
7.38742709159851,0.01495361328125,0.25421142578125,0.05126953125,5.41168212890625,-0.267333984375,9.38690185546875,1.61285400390625,1.8701171875,1.44927978515625,1.75125122070312
7.39196491241455,-0.05340576171875,0.189056396484375,0.1153564453125,-0.28656005859375,0.00274658203125,9.69635009765625,1.53701782226562,1.91268920898438,1.3677978515625,1.86355590820312
7.40170860290527,-0.10040283203125,0.133514404296875,-0.18798828125,-2.66510009765625,0.4302978515625,10.3005981445312,1.92489624023438,1.51275634765625,1.73828125,1.5032958984375
7.41197729110718,0.035247802734375,-0.0811767578125,-0.3546142578125,-8.22235107421875,-2.86285400390625,10.5917358398438,2.03567504882812,1.28250122070312,2.04681396484375,1.3128662109375
7.42209815979004,-0.092926025390625,0.2392578125,-0.169830322265625,-6.61834716796875,-4.771728515625,11.982421875,1.94808959960938,1.57302856445312,1.67587280273438,1.47842407226562
7.43112301826477,-0.067291259765625,0.330047607421875,-0.165557861328125,-0.7672119140625,2.18536376953125,13.3758544921875,1.96197509765625,1.61346435546875,1.65130615234375,1.44866943359375
7.44123888015747,0.076904296875,0.72845458984375,-0.09185791015625,3.20343017578125,0.94757080078125,12.5180053710938,1.9525146484375,1.87164306640625,1.4794921875,1.36947631835938
7.45204210281372,-0.0469970703125,0.51483154296875,-0.04058837890625,5.69549560546875,4.50439453125,12.1902465820312,1.86920166015625,1.83364868164062,1.4349365234375,1.53457641601562
7.46099066734314,0.11749267578125,0.315093994140625,0.065155029296875,3.31787109375,0.5072021484375,10.7235717773438,1.63528442382812,1.95816040039062,1.400146484375,1.6748046875
7.4709734916687,0.01068115234375,0.1025390625,0.212554931640625,1.7303466796875,-1.11602783203125,11.3937377929688,1.4324951171875,2.0501708984375,1.23641967773438,1.94290161132812
7.48227834701538,-0.00640869140625,-0.028839111328125,0.0982666015625,-5.08941650390625,-3.48724365234375,11.63818359375,1.54190063476562,1.86203002929688,1.41494750976562,1.84295654296875
7.4929347038269,-0.1922607421875,0.14312744140625,-0.148468017578125,-6.71173095703125,-5.42266845703125,9.28253173828125,1.9622802734375,1.55380249023438,1.60934448242188,1.53030395507812
7.5009925365448,0.0341796875,0.118560791015625,-0.261688232421875,0.33599853515625,1.11602783203125,10.4736328125,2.03216552734375,1.47674560546875,1.81854248046875,1.32492065429688
7.52280139923096,0.039520263671875,0.270233154296875,-0.29266357421875,1.61041259765625,0.54931640625,13.0865478515625,2.13409423828125,1.49612426757812,1.7919921875,1.21978759765625
7.53255105018616,0.033111572265625,0.01922607421875,0.00213623046875,2.706298828125,3.3306884765625,13.1405639648438,1.700439453125,1.787109375,1.49200439453125,1.6571044921875
7.55107593536377,0.008544921875,-0.265960693359375,0.144195556640625,2.362060546875,0.1556396484375,10.986328125,1.45248413085938,1.88003540039062,1.378173828125,1.90750122070312
7.56303000450134,0.162353515625,-0.485992431640625,0.1025390625,1.38427734375,-2.30072021484375,10.6109619140625,1.39266967773438,1.80831909179688,1.54266357421875,1.87469482421875
7.57414793968201,-0.005340576171875,-0.639801025390625,0.001068115234375,-3.07891845703125,-4.48883056640625,10.1467895507812,1.527099609375,1.58920288085938,1.65725708007812,1.83914184570312
7.58225393295288,-0.0469970703125,-0.2734375,-0.24139404296875,1.41448974609375,-1.28265380859375,9.87213134765625,1.95846557617188,1.38717651367188,1.832275390625,1.43478393554688
7.59198117256165,0.069427490234375,-0.555419921875,-0.23712158203125,1.8365478515625,3.7811279296875,11.356201171875,1.83853149414062,1.34857177734375,1.939697265625,1.48834228515625
7.60096573829651,0.257415771484375,-0.479583740234375,-0.223236083984375,-3.2501220703125,-0.1171875,13.7722778320312,1.78817749023438,1.44561767578125,1.95037841796875,1.42135620117188
7.61195039749146,0.030975341796875,-0.4229736328125,0.0811767578125,-3.96240234375,-4.1070556640625,13.828125,1.49124145507812,1.77886962890625,1.48574829101562,1.84967041015625
7.62105393409729,-0.011749267578125,-0.42083740234375,-0.013885498046875,-2.51312255859375,-0.99884033203125,12.4493408203125,1.62689208984375,1.64474487304688,1.58950805664062,1.741943359375
7.63299512863159,0.103607177734375,-0.550079345703125,0.093994140625,3.90472412109375,3.34991455078125,10.0634765625,1.41738891601562,1.77383422851562,1.52755737304688,1.88125610351562
7.64217805862427,0.01922607421875,-0.413360595703125,-0.071563720703125,5.12237548828125,1.959228515625,10.9185791015625,1.690673828125,1.56753540039062,1.68121337890625,1.66366577148438
7.65104460716248,-0.030975341796875,-0.39093017578125,-0.08331298828125,2.3126220703125,-3.7481689453125,12.4969482421875,1.72348022460938,1.53518676757812,1.68487548828125,1.65969848632812
7.66198325157166,-0.05767822265625,-0.550079345703125,-0.15167236328125,1.07940673828125,-3.3966064453125,11.31591796875,1.76513671875,1.38427734375,1.81427001953125,1.6387939453125
7.67294859886169,-0.165557861328125,-0.640869140625,-0.162353515625,-0.72784423828125,-0.27923583984375,10.7968139648438,1.77825927734375,1.29440307617188,1.83456420898438,1.69525146484375
7.68210434913635,-0.067291259765625,-0.560760498046875,-0.10467529296875,-3.2135009765625,-0.556640625,9.935302734375,1.69906616210938,1.42059326171875,1.768798828125,1.71401977539062
7.6918773651123,-0.09613037109375,-0.2093505859375,-0.251007080078125,-4.0869140625,1.68731689453125,10.3656005859375,1.99142456054688,1.32720947265625,1.84478759765625,1.43997192382812
7.70204520225525,0.0640869140625,-0.092926025390625,-0.071563720703125,-1.212158203125,1.98760986328125,11.3983154296875,1.7474365234375,1.62216186523438,1.64505004882812,1.59103393554688
7.71413230895996,-0.0726318359375,-0.342864990234375,0.13885498046875,-1.417236328125,3.350830078125,10.2301025390625,1.44882202148438,1.7706298828125,1.41632080078125,1.97006225585938
7.72184634208679,0.146331787109375,-0.3076171875,0.09613037109375,3.83148193359375,5.145263671875,9.19647216796875,1.441650390625,1.78802490234375,1.531982421875,1.8438720703125
7.73092317581177,0.263824462890625,-0.3802490234375,0.197601318359375,-2.30712890625,-2.88299560546875,11.2344360351562,1.25732421875,1.9244384765625,1.46331787109375,1.962890625
7.7438383102417,0.01922607421875,-0.116424560546875,-0.028839111328125,-5.9564208984375,-3.87725830078125,11.1822509765625,1.69113159179688,1.64016723632812,1.5924072265625,1.68594360351562
7.75181174278259,0.00213623046875,-0.2435302734375,-0.129241943359375,-1.0748291015625,0.3955078125,10.99365234375,1.78741455078125,1.46621704101562,1.74758911132812,1.60903930664062
7.76108169555664,0.07049560546875,0.103607177734375,-0.161285400390625,3.13018798828125,-0.05218505859375,10.8544921875,1.9110107421875,1.55014038085938,1.7059326171875,1.44317626953125
7.77187561988831,0.033111572265625,-0.013885498046875,-0.167694091796875,4.48974609375,-0.0970458984375,9.6185302734375,1.89468383789062,1.48895263671875,1.74301147460938,1.48681640625
7.79399800300598,-0.01708984375,0.07476806640625,-0.10040283203125,-6.72271728515625,-1.7340087890625,12.9263305664062,1.8463134765625,1.57470703125,1.6290283203125,1.5643310546875
7.80181097984314,-0.024566650390625,-0.1239013671875,0.011749267578125,-9.92431640625,-2.8546142578125,13.5369873046875,1.65618896484375,1.65603637695312,1.53350830078125,1.76620483398438
7.81182408332825,-0.007476806640625,-0.345001220703125,0.145263671875,-16.160888671875,-3.44970703125,12.8750610351562,1.41677856445312,1.76254272460938,1.43890380859375,1.99371337890625
7.82281470298767,-0.039520263671875,-0.0299072265625,0.080108642578125,-10.4470825195312,-4.31396484375,10.9103393554688,1.60736083984375,1.767578125,1.41342163085938,1.82907104492188
7.83074998855591,-0.16876220703125,-0.1751708984375,-0.07049560546875,-5.723876953125,-1.5087890625,11.0311889648438,1.7913818359375,1.49658203125,1.60659790039062,1.72225952148438
7.84192848205566,-0.01708984375,-0.205078125,-0.244598388671875,-6.2933349609375,1.4263916015625,9.96826171875,1.95465087890625,1.31500244140625,1.8780517578125,1.46896362304688
7.86212754249573,0.093994140625,-0.037384033203125,-0.1580810546875,-4.837646484375,4.09423828125,12.6388549804688,1.87103271484375,1.49658203125,1.75155639648438,1.5093994140625
7.8727855682373,0.050201416015625,0.29266357421875,-0.101470947265625,-2.578125,2.70355224609375,12.176513671875,1.90963745117188,1.65115356445312,1.57379150390625,1.49398803710938
7.88181638717651,0.196533203125,0.0384521484375,0.122833251953125,-1.40350341796875,1.5966796875,10.9487915039062,1.51046752929688,1.89910888671875,1.41281127929688,1.80618286132812
7.89272713661194,0.270233154296875,0.139923095703125,0.076904296875,2.296142578125,0.43304443359375,9.94354248046875,1.57562255859375,1.89453125,1.461181640625,1.69723510742188
7.90171670913696,0.128173828125,0.1025390625,0.246734619140625,0.8184814453125,-3.22357177734375,9.68536376953125,1.4166259765625,2.0550537109375,1.19033813476562,1.95632934570312
7.91204190254211,0.13885498046875,-0.088653564453125,-0.005340576171875,-2.1405029296875,-4.6051025390625,11.495361328125,1.66946411132812,1.68655395507812,1.57058715820312,1.68609619140625
7.92139220237732,0.114288330078125,-0.048065185546875,-0.01495361328125,-1.5216064453125,-3.06884765625,11.9064331054688,1.69281005859375,1.6741943359375,1.57699584960938,1.6656494140625
7.93177318572998,0.069427490234375,-0.159149169921875,-0.111083984375,-3.658447265625,1.1224365234375,12.4676513671875,1.79275512695312,1.50787353515625,1.71600341796875,1.593017578125
7.9413685798645,0.210418701171875,0.090789794921875,-0.3631591796875,0.1263427734375,0.728759765625,11.0385131835938,2.13516235351562,1.3079833984375,2.00836181640625,1.1572265625
7.95182871818542,0.2392578125,0.0213623046875,-0.251007080078125,-0.8404541015625,1.8695068359375,10.9780883789062,1.9622802734375,1.431884765625,1.9097900390625,1.304931640625
7.96107816696167,0.214691162109375,-0.145263671875,-0.12176513671875,-3.46710205078125,-0.24810791015625,10.4132080078125,1.759033203125,1.53472900390625,1.79733276367188,1.51870727539062
7.97183871269226,0.229644775390625,-0.13458251953125,0.01708984375,-1.051025390625,-0.11993408203125,11.0943603515625,1.58096313476562,1.7236328125,1.62857055664062,1.67404174804688
7.98183226585388,0.24139404296875,-0.325775146484375,0.1837158203125,-3.43505859375,-1.36505126953125,10.675048828125,1.30661010742188,1.87713623046875,1.49307250976562,1.93191528320312
7.99198746681213,0.152740478515625,-0.0897216796875,0.086517333984375,0.4852294921875,-2.471923828125,9.1168212890625,1.52740478515625,1.79718017578125,1.51763916015625,1.76651000976562
8.00079393386841,0.1153564453125,-0.23712158203125,0.02349853515625,0.28656005859375,-0.85418701171875,8.9886474609375,1.56265258789062,1.66488647460938,1.6424560546875,1.74362182617188
8.01182293891907,0.17730712890625,-0.351409912109375,-0.180511474609375,-2.22381591796875,-0.977783203125,9.1259765625,1.756591796875,1.39404296875,1.95358276367188,1.50772094726562
8.02126169204712,0.016021728515625,-0.214691162109375,-0.154876708984375,-1.67633056640625,1.62322998046875,10.6539916992188,1.81137084960938,1.41998291015625,1.83563232421875,1.54647827148438
8.03218746185303,0.135650634765625,-0.218963623046875,-0.137786865234375,-3.44696044921875,1.7303466796875,10.8819580078125,1.74850463867188,1.47293090820312,1.8597412109375,1.53335571289062
8.04297041893005,0.116424560546875,-0.15167236328125,0.011749267578125,-3.24005126953125,1.4373779296875,9.78515625,1.57958984375,1.67221069335938,1.64993286132812,1.71096801757812
8.05230307579041,0.1153564453125,-0.10894775390625,-0.0341796875,-1.6497802734375,1.73858642578125,10.0369262695312,1.64901733398438,1.62948608398438,1.69387817382812,1.64337158203125
8.06094431877136,0.1409912109375,-0.2606201171875,-0.022430419921875,-1.1846923828125,-0.02655029296875,10.0149536132812,1.58248901367188,1.61056518554688,1.72836303710938,1.69601440429688
8.07181024551392,-0.11962890625,-0.13031005859375,0.09185791015625,2.05352783203125,0.21331787109375,9.58648681640625,1.55242919921875,1.71188354492188,1.47506713867188,1.87973022460938
8.08181762695312,-0.0726318359375,-0.013885498046875,0.142059326171875,4.08050537109375,2.4810791015625,8.53363037109375,1.50070190429688,1.81121826171875,1.40960693359375,1.903076171875
8.09448575973511,0.07049560546875,-0.161285400390625,0.105743408203125,-2.823486328125,-2.080078125,9.76593017578125,1.45523071289062,1.7596435546875,1.55075073242188,1.86141967773438
8.10193228721619,-0.10040283203125,-0.31402587890625,-0.011749267578125,-5.66162109375,-3.7481689453125,11.0028076171875,1.60903930664062,1.5106201171875,1.69830322265625,1.81472778320312
8.11181616783142,-0.04913330078125,-0.082244873046875,-0.16448974609375,-3.67767333984375,-3.8031005859375,11.3772583007812,1.8524169921875,1.40609741210938,1.83395385742188,1.54098510742188
8.13281321525574,-0.08544921875,0.21148681640625,-0.409088134765625,-2.0599365234375,3.26385498046875,9.9444580078125,2.2540283203125,1.17263793945312,2.047119140625,1.16363525390625
8.14270281791687,-0.013885498046875,0.16021728515625,-0.0640869140625,-1.97296142578125,2.3382568359375,10.6521606445312,1.78619384765625,1.60247802734375,1.65924072265625,1.5924072265625
8.15352916717529,-0.009613037109375,0.114288330078125,0.0469970703125,-3.687744140625,0.56121826171875,12.4273681640625,1.63543701171875,1.7205810546875,1.5399169921875,1.749267578125
8.16192054748535,-0.01708984375,-0.007476806640625,0.03204345703125,-5.98846435546875,-1.62872314453125,11.49169921875,1.61972045898438,1.66351318359375,1.59286499023438,1.76910400390625
8.17281126976013,-0.09185791015625,0.137786865234375,0.01708984375,-1.89971923828125,-2.95623779296875,10.484619140625,1.71722412109375,1.67343139648438,1.53106689453125,1.73233032226562
8.18280410766602,-0.011749267578125,0.02777099609375,0.01495361328125,-0.9320068359375,-0.8367919921875,11.231689453125,1.66244506835938,1.66275024414062,1.59011840820312,1.7388916015625
8.19280743598938,-0.076904296875,0.033111572265625,0.0213623046875,1.2744140625,0.48614501953125,8.73870849609375,1.67526245117188,1.65084838867188,1.56524658203125,1.76498413085938
8.20085859298706,0.0042724609375,0.231781005859375,-0.007476806640625,4.0228271484375,2.41607666015625,9.57916259765625,1.7529296875,1.7047119140625,1.56265258789062,1.64337158203125
8.21199607849121,0.03204345703125,0.095062255859375,-0.1837158203125,2.19268798828125,-1.0693359375,9.23126220703125,1.9195556640625,1.44912719726562,1.837158203125,1.4593505859375
8.23227620124817,-0.003204345703125,0.248870849609375,-0.124969482421875,2.14874267578125,-2.26593017578125,9.97833251953125,1.903076171875,1.55563354492188,1.71371459960938,1.50375366210938
8.24167943000793,0.003204345703125,0.152740478515625,-0.0299072265625,2.7264404296875,-1.33575439453125,9.37042236328125,1.75369262695312,1.64779663085938,1.62506103515625,1.6497802734375
8.25176739692688,0.112152099609375,-0.02777099609375,0.09185791015625,0.61065673828125,1.7669677734375,8.67828369140625,1.5191650390625,1.77764892578125,1.561279296875,1.8218994140625
8.26176404953003,0.01495361328125,0.150604248046875,-0.013885498046875,-0.38909912109375,1.336669921875,8.6279296875,1.73248291015625,1.669921875,1.61590576171875,1.6705322265625
8.27084040641785,-0.0384521484375,-0.018157958984375,0.024566650390625,-1.600341796875,0.11444091796875,9.510498046875,1.65664672851562,1.65374755859375,1.59774780273438,1.78955078125
8.28186941146851,-0.110015869140625,-0.144195556640625,-0.007476806640625,-3.28765869140625,-2.40234375,8.70941162109375,1.6827392578125,1.55960083007812,1.64993286132812,1.80938720703125
8.29400515556335,-0.17303466796875,0.042724609375,0.018157958984375,0.72784423828125,-0.3021240234375,9.049072265625,1.73141479492188,1.63589477539062,1.53488159179688,1.80267333984375
8.30096626281738,-0.127105712890625,0.171966552734375,-0.099334716796875,0.37628173828125,4.19952392578125,9.2596435546875,1.90353393554688,1.54159545898438,1.65695190429688,1.602783203125
8.31176280975342,-0.0299072265625,0.176239013671875,-0.11749267578125,3.1988525390625,2.625732421875,8.8128662109375,1.91055297851562,1.56448364257812,1.69342041015625,1.54678344726562
8.32173252105713,-0.110015869140625,0.0469970703125,0.01708984375,1.92535400390625,3.29681396484375,10.1834106445312,1.73233032226562,1.66824340820312,1.53717041015625,1.7822265625
8.33173704147339,0.048065185546875,0.024566650390625,-0.0299072265625,-0.57861328125,-0.28289794921875,9.91241455078125,1.74072265625,1.65313720703125,1.64901733398438,1.68014526367188
8.34097170829773,-0.07476806640625,0.06622314453125,-0.025634765625,-2.4114990234375,-1.754150390625,9.89044189453125,1.7822265625,1.630859375,1.6033935546875,1.70806884765625
8.35206460952759,0.08758544921875,0.22216796875,0.039520263671875,2.55615234375,-2.99652099609375,9.35211181640625,1.69540405273438,1.80740356445312,1.5325927734375,1.69784545898438
8.37091183662415,-0.086517333984375,0.06622314453125,-0.001068115234375,3.9971923828125,0.6317138671875,9.9554443359375,1.75186157226562,1.6558837890625,1.58859252929688,1.74407958984375
8.38091826438904,0.01495361328125,-0.0811767578125,-0.111083984375,0.443115234375,-1.142578125,10.8425903320312,1.81838989257812,1.50863647460938,1.79916381835938,1.622314453125
8.39567923545837,0.01068115234375,-0.1324462890625,-0.067291259765625,-5.49957275390625,-2.3272705078125,10.7620239257812,1.75064086914062,1.54571533203125,1.75918579101562,1.69281005859375
8.40223956108093,0.084381103515625,0.068359375,-0.097198486328125,-5.3045654296875,-2.68890380859375,10.631103515625,1.81976318359375,1.590576171875,1.76467895507812,1.57577514648438
8.41228413581848,0.042724609375,0.04058837890625,-0.128173828125,-4.332275390625,-0.8917236328125,10.4434204101562,1.86538696289062,1.53427124023438,1.80389404296875,1.5606689453125
8.42218661308289,0.03204345703125,0.07904052734375,-0.09613037109375,-0.9246826171875,0.7196044921875,10.0460815429688,1.84799194335938,1.59210205078125,1.74026489257812,1.59423828125
8.4317843914032,-0.0128173828125,-0.07049560546875,0.186920166015625,-3.116455078125,2.3822021484375,9.16351318359375,1.46316528320312,1.89056396484375,1.41952514648438,2.00454711914062
8.44083023071289,0.00213623046875,0.077972412109375,-0.07904052734375,1.26983642578125,1.33758544921875,9.45648193359375,1.83395385742188,1.60888671875,1.71401977539062,1.62246704101562
8.45290994644165,0.022430419921875,-0.148468017578125,0.15380859375,-1.24603271484375,-2.3583984375,9.752197265625,1.473388671875,1.83853149414062,1.49673461914062,1.97799682617188
8.46194100379944,-0.06622314453125,-0.069427490234375,0.03631591796875,-1.83380126953125,-3.39385986328125,10.2676391601562,1.67129516601562,1.69021606445312,1.5960693359375,1.83212280273438
8.47199630737305,0.003204345703125,0.1580810546875,0.01495361328125,3.3380126953125,-3.0908203125,10.3189086914062,1.7462158203125,1.75186157226562,1.575927734375,1.7156982421875
8.48237681388855,-0.01922607421875,0.144195556640625,-0.338592529296875,2.07366943359375,-2.11395263671875,9.76959228515625,2.1923828125,1.30386352539062,2.01812744140625,1.2847900390625
8.49284315109253,-0.009613037109375,0.13671875,-0.213623046875,1.4263916015625,-1.8768310546875,11.25732421875,2.02987670898438,1.46194458007812,1.86874389648438,1.44271850585938
8.50073194503784,-0.082244873046875,-0.05126953125,0.208282470703125,-2.45819091796875,-0.20782470703125,11.6107177734375,1.4727783203125,1.91146850585938,1.38397216796875,2.04696655273438
8.51188611984253,0.112152099609375,0.189056396484375,0.02777099609375,1.541748046875,-0.7745361328125,10.0241088867188,1.71340942382812,1.81869506835938,1.59469604492188,1.69219970703125
8.52185583114624,0.0555419921875,-0.084381103515625,0.31829833984375,-1.09130859375,0.091552734375,8.76434326171875,1.28829956054688,2.08358764648438,1.30203247070312,2.15545654296875
8.53191018104553,-0.15167236328125,-0.16448974609375,-0.05340576171875,-2.7777099609375,0.74249267578125,8.54736328125,1.78497314453125,1.52877807617188,1.73202514648438,1.7852783203125
8.5418016910553,-0.022430419921875,-0.07904052734375,-0.043792724609375,-0.43670654296875,0.589599609375,10.1925659179688,1.76010131835938,1.60369873046875,1.73995971679688,1.73187255859375
8.55555272102356,-0.033111572265625,0.05126953125,-0.186920166015625,-1.54632568359375,0.73516845703125,9.4775390625,1.98394775390625,1.46484375,1.87881469726562,1.5191650390625
8.56112480163574,-0.086517333984375,0.00213623046875,-0.10894775390625,-3.09539794921875,0.42938232421875,9.532470703125,1.8896484375,1.5283203125,1.78863525390625,1.6448974609375
8.57181906700134,-0.06195068359375,-0.0299072265625,-0.208282470703125,-0.849609375,-0.2178955078125,9.8455810546875,1.9952392578125,1.3995361328125,1.93603515625,1.52481079101562
8.58309769630432,0.107879638671875,0.381317138671875,-0.0469970703125,3.99261474609375,0.11993408203125,10.264892578125,1.86447143554688,1.77597045898438,1.66213989257812,1.55288696289062
8.5910279750824,0.11322021484375,0.24139404296875,-0.06622314453125,1.182861328125,0.670166015625,10.374755859375,1.8463134765625,1.707763671875,1.7425537109375,1.57150268554688
8.60177659988403,0.1239013671875,0.0555419921875,0.04486083984375,1.39801025390625,-2.62939453125,9.63592529296875,1.6485595703125,1.79458618164062,1.661376953125,1.76376342773438
8.61098742485046,0.075836181640625,-0.07049560546875,0.289459228515625,-2.71820068359375,-4.18304443359375,10.1678466796875,1.31729125976562,2.05398559570312,1.39129638671875,2.12081909179688
8.62012839317322,0.018157958984375,-0.18157958984375,0.05767822265625,-4.35882568359375,-3.27392578125,9.74212646484375,1.59103393554688,1.7132568359375,1.69708251953125,1.88186645507812
8.63378119468689,-0.1580810546875,-0.1068115234375,0.04486083984375,-0.19134521484375,0.60791015625,10.1174926757812,1.69281005859375,1.67724609375,1.6302490234375,1.89346313476562
8.64100003242493,-0.08331298828125,0.163421630859375,-0.065155029296875,1.6204833984375,1.611328125,8.85772705078125,1.88827514648438,1.64398193359375,1.70867919921875,1.65267944335938
8.64999341964722,-0.107879638671875,-0.122833251953125,-0.060882568359375,-2.977294921875,1.1370849609375,9.964599609375,1.80770874023438,1.55502319335938,1.77322387695312,1.75704956054688
8.67034435272217,-0.04486083984375,0.18157958984375,-0.007476806640625,-0.44219970703125,-1.78802490234375,11.5447998046875,1.81854248046875,1.73553466796875,1.63177490234375,1.71493530273438
8.67976903915405,0.05767822265625,0.229644775390625,-0.009613037109375,2.37945556640625,0.1922607421875,11.466064453125,1.80694580078125,1.7816162109375,1.64627075195312,1.67556762695312
8.69074487686157,-0.07904052734375,0.05767822265625,0.146331787109375,2.0269775390625,2.39501953125,10.001220703125,1.6021728515625,1.88278198242188,1.46286010742188,1.96258544921875
8.70053863525391,0.048065185546875,0.04058837890625,0.02777099609375,3.05328369140625,1.85577392578125,8.9739990234375,1.70578002929688,1.76620483398438,1.65817260742188,1.78253173828125
8.71133828163147,0.13885498046875,-0.120697021484375,0.13671875,-1.6827392578125,-2.662353515625,10.7986450195312,1.49276733398438,1.87789916992188,1.60385131835938,1.94534301757812
8.72014832496643,-0.124969482421875,0.063018798828125,-0.00213623046875,-1.365966796875,-2.7740478515625,11.1520385742188,1.79840087890625,1.680908203125,1.64535522460938,1.7974853515625
8.72986102104187,-0.18798828125,-0.127105712890625,0.133514404296875,-1.3092041015625,0.010986328125,10.8251953125,1.58905029296875,1.77322387695312,1.514892578125,2.04574584960938
8.74010825157166,-0.1666259765625,0.14739990234375,-0.210418701171875,2.13226318359375,2.142333984375,10.6521606445312,2.09457397460938,1.43661499023438,1.88095092773438,1.5228271484375
8.76976752281189,-0.011749267578125,0.18157958984375,-0.042724609375,-2.71728515625,2.05902099609375,11.2234497070312,1.85333251953125,1.70364379882812,1.70852661132812,1.67739868164062
8.78061532974243,0.018157958984375,0.199737548828125,-0.127105712890625,-0.57403564453125,0.1190185546875,12.2259521484375,1.96304321289062,1.61788940429688,1.80709838867188,1.56036376953125
8.7897777557373,0.05767822265625,0.20721435546875,0.095062255859375,3.34991455078125,2.08099365234375,12.0053100585938,1.676025390625,1.90933227539062,1.53839111328125,1.82464599609375
8.79985404014587,0.01708984375,0.056610107421875,0.19012451171875,0.479736328125,1.20391845703125,11.4102172851562,1.52999877929688,1.982421875,1.43875122070312,2.00515747070312
8.81127548217773,0.103607177734375,0.162353515625,0.1409912109375,1.93450927734375,-1.12060546875,11.268310546875,1.60064697265625,1.97662353515625,1.49383544921875,1.88919067382812
8.81975197792053,0.07476806640625,-0.227508544921875,0.11962890625,-2.15240478515625,-1.30462646484375,11.6006469726562,1.51779174804688,1.82571411132812,1.62872314453125,1.9879150390625
8.85017848014832,-0.082244873046875,0.218963623046875,-0.052337646484375,0.3204345703125,-1.03271484375,10.1943969726562,1.91940307617188,1.69998168945312,1.65863037109375,1.69021606445312
8.86256384849548,-0.056610107421875,-0.00640869140625,-0.162353515625,-1.9830322265625,3.0377197265625,10.4891967773438,1.99005126953125,1.507568359375,1.86248779296875,1.61376953125
8.88019275665283,-0.0384521484375,0.065155029296875,-0.186920166015625,-0.77728271484375,0.8294677734375,11.74072265625,2.04498291015625,1.51016235351562,1.8707275390625,1.55181884765625
8.88979744911194,0.213623046875,0.300140380859375,0.08544921875,0.66192626953125,-1.1260986328125,12.030029296875,1.69998168945312,1.99676513671875,1.53472900390625,1.74636840820312
8.90421152114868,-0.03204345703125,0.111083984375,0.221099853515625,1.3494873046875,1.59027099609375,11.092529296875,1.53976440429688,2.0330810546875,1.3525390625,2.05001831054688
8.91035056114197,0.024566650390625,0.0384521484375,0.133514404296875,3.68682861328125,0.12542724609375,10.45166015625,1.607666015625,1.91207885742188,1.51092529296875,1.95266723632812
8.91975736618042,0.039520263671875,-0.084381103515625,0.07049560546875,2.01507568359375,0.08148193359375,10.1614379882812,1.6461181640625,1.79931640625,1.63558959960938,1.9061279296875
8.93982768058777,-0.244598388671875,-0.0128173828125,0.04058837890625,-3.09814453125,-2.65228271484375,10.2685546875,1.785888671875,1.69403076171875,1.57211303710938,1.93130493164062
8.95024943351746,-0.103607177734375,-0.22003173828125,-0.039520263671875,-4.66827392578125,1.63421630859375,9.38507080078125,1.77627563476562,1.5692138671875,1.78924560546875,1.85409545898438
8.9601137638092,-0.114288330078125,-0.068359375,-0.18157958984375,-1.78985595703125,3.50921630859375,8.98040771484375,2.00332641601562,1.43386840820312,1.91787719726562,1.63375854492188
8.97074961662292,0.0726318359375,-0.03631591796875,-0.12176513671875,-2.35931396484375,4.97406005859375,10.726318359375,1.87667846679688,1.5740966796875,1.89346313476562,1.64382934570312
8.97981834411621,0.11322021484375,0.171966552734375,-0.088653564453125,-1.768798828125,6.69158935546875,10.7913208007812,1.88507080078125,1.68746948242188,1.80953979492188,1.61148071289062
8.98991394042969,0.039520263671875,0.23284912109375,0.069427490234375,1.67724609375,6.55975341796875,9.95635986328125,1.72866821289062,1.8798828125,1.57073974609375,1.812744140625
8.99977397918701,0.229644775390625,0.1751708984375,0.045928955078125,3.8800048828125,2.6605224609375,10.2639770507812,1.6845703125,1.89697265625,1.66885375976562,1.74240112304688
9.01047015190125,0.191192626953125,-0.101470947265625,0.227508544921875,2.61749267578125,-0.318603515625,10.5130004882812,1.39251708984375,2.03475952148438,1.50802612304688,2.06222534179688
9.02996373176575,-0.13458251953125,-0.105743408203125,0.065155029296875,1.46209716796875,0.01007080078125,9.2779541015625,1.69479370117188,1.7364501953125,1.60079956054688,1.95587158203125
9.03999733924866,-0.068359375,-0.1153564453125,-0.12603759765625,0.5804443359375,1.00982666015625,8.12713623046875,1.90399169921875,1.51290893554688,1.85791015625,1.69342041015625
9.04976725578308,-0.225372314453125,-0.204010009765625,-0.090789794921875,-1.6680908203125,1.66900634765625,8.4246826171875,1.88125610351562,1.47552490234375,1.79702758789062,1.806640625
9.06004881858826,-0.1751708984375,-0.435791015625,-0.199737548828125,-7.825927734375,0.7781982421875,9.48944091796875,1.93466186523438,1.28341674804688,2.01690673828125,1.72515869140625
9.06977605819702,-0.456085205078125,0.045928955078125,-0.118560791015625,-7.42584228515625,0.12542724609375,9.4207763671875,2.059326171875,1.44317626953125,1.683349609375,1.7578125
9.08083415031433,-0.2691650390625,0.274505615234375,-0.274505615234375,-5.25054931640625,1.0052490234375,9.4482421875,2.2686767578125,1.3665771484375,1.8572998046875,1.42974853515625
9.08993077278137,-0.2349853515625,0.29693603515625,-0.111083984375,-1.87408447265625,3.29132080078125,11.2774658203125,2.06039428710938,1.58706665039062,1.65603637695312,1.61865234375
9.10181427001953,-0.04913330078125,0.105743408203125,0.099334716796875,-3.6566162109375,0.25634765625,10.6704711914062,1.68777465820312,1.8426513671875,1.49551391601562,1.88751220703125
9.10972237586975,0.179443359375,0.264892578125,0.2777099609375,0.47607421875,-3.08807373046875,10.7574462890625,1.44546508789062,2.18276977539062,1.27044677734375,1.99020385742188
9.11984777450562,0.174102783203125,0.212554931640625,0.16021728515625,-0.0128173828125,-5.37872314453125,11.4898681640625,1.58096313476562,2.02178955078125,1.42120361328125,1.85699462890625
9.12975716590881,-0.067291259765625,0.18585205078125,0.19012451171875,1.43646240234375,-4.78546142578125,10.7977294921875,1.60476684570312,1.9769287109375,1.31439208984375,1.968994140625
9.14078187942505,0.144195556640625,-0.08544921875,-0.128173828125,0.0311279296875,-4.8175048828125,9.74853515625,1.85226440429688,1.55868530273438,1.8585205078125,1.58294677734375
9.15043163299561,0.128173828125,-0.135650634765625,-0.037384033203125,2.36297607421875,-2.3052978515625,10.5780029296875,1.72500610351562,1.64901733398438,1.76025390625,1.71096801757812
9.15974283218384,-0.03204345703125,0.0897216796875,-0.037384033203125,3.46710205078125,1.644287109375,12.6132202148438,1.83609008789062,1.66519165039062,1.64749145507812,1.68380737304688
9.17073440551758,0.110015869140625,-0.103607177734375,0.060882568359375,-1.25152587890625,1.96380615234375,12.821044921875,1.6119384765625,1.76742553710938,1.63055419921875,1.8170166015625
9.17979383468628,-0.076904296875,-0.233917236328125,0.073699951171875,-6.04156494140625,1.30096435546875,12.2653198242188,1.60919189453125,1.68960571289062,1.59255981445312,1.92306518554688
9.19466209411621,-0.124969482421875,-0.1837158203125,-0.060882568359375,-4.71588134765625,0.65826416015625,11.678466796875,1.80496215820312,1.52313232421875,1.72698974609375,1.748046875
9.20173716545105,0.1239013671875,0.105743408203125,-0.174102783203125,-1.12060546875,-1.600341796875,11.2765502929688,1.95693969726562,1.54434204101562,1.85623168945312,1.44577026367188
9.21054315567017,0.075836181640625,0.193328857421875,-0.208282470703125,3.1439208984375,2.29156494140625,10.3958129882812,2.04147338867188,1.51901245117188,1.85195922851562,1.38442993164062
9.22113800048828,0.05126953125,-0.050201416015625,-0.214691162109375,-4.28375244140625,-0.17669677734375,11.4340209960938,1.9842529296875,1.43142700195312,1.9158935546875,1.44302368164062
9.23166298866272,0.013885498046875,0.24993896484375,-0.25421142578125,0.999755859375,2.3272705078125,10.030517578125,2.1343994140625,1.46163940429688,1.8658447265625,1.31271362304688
9.23974537849426,0.19012451171875,-0.003204345703125,0.18585205078125,6.2310791015625,3.64471435546875,10.2484130859375,1.45217895507812,1.97784423828125,1.44424438476562,1.88201904296875
9.24973797798157,0.092926025390625,-0.08331298828125,0.35675048828125,7.53753662109375,2.59368896484375,8.748779296875,1.243896484375,2.13851928710938,1.22634887695312,2.14767456054688
9.25984215736389,-0.0299072265625,-0.347137451171875,0.242462158203125,1.5582275390625,1.70928955078125,9.6368408203125,1.33346557617188,1.87240600585938,1.41616821289062,2.11929321289062
9.27186942100525,-0.1495361328125,-0.013885498046875,-0.169830322265625,-1.35406494140625,0.1739501953125,10.9213256835938,1.98760986328125,1.41632080078125,1.79412841796875,1.53839111328125
9.28005838394165,0.041656494140625,-0.27557373046875,-0.10894775390625,-3.58062744140625,0.552978515625,11.7837524414062,1.7706298828125,1.4666748046875,1.85302734375,1.63589477539062
9.28981876373291,-0.2349853515625,0.2008056640625,-0.208282470703125,-1.2158203125,0.186767578125,9.89776611328125,2.11929321289062,1.39358520507812,1.75277709960938,1.45660400390625
9.300856590271,-0.131378173828125,-0.082244873046875,-0.25848388671875,-0.34881591796875,1.17645263671875,9.35943603515625,2.06314086914062,1.27166748046875,1.9366455078125,1.44439697265625
9.30978393554688,0.065155029296875,-0.255279541015625,-0.27130126953125,-6.4434814453125,-2.98370361328125,9.2376708984375,1.96609497070312,1.2567138671875,2.06268310546875,1.4239501953125
9.32175040245056,-0.022430419921875,0.261688232421875,0.005340576171875,-0.5438232421875,-2.940673828125,9.3511962890625,1.80404663085938,1.73538208007812,1.5362548828125,1.63223266601562
9.32985520362854,0.08758544921875,0.048065185546875,0.240325927734375,-0.0201416015625,-4.49249267578125,10.1284790039062,1.41265869140625,1.99905395507812,1.33804321289062,1.95816040039062
9.34007143974304,-0.071563720703125,-0.0213623046875,0.39306640625,2.75390625,-3.93585205078125,8.3917236328125,1.24588012695312,2.1209716796875,1.1187744140625,2.2137451171875
9.34979200363159,-0.161285400390625,-0.334320068359375,0.263824462890625,4.62066650390625,-0.8843994140625,8.9227294921875,1.33880615234375,1.83700561523438,1.34780883789062,2.16995239257812
9.35980176925659,-0.201873779296875,0.0042724609375,-0.19012451171875,4.7735595703125,-0.16845703125,9.15435791015625,2.01385498046875,1.35223388671875,1.79885864257812,1.51046752929688
9.36981678009033,0.024566650390625,-0.236053466796875,-0.182647705078125,-0.2252197265625,0.13641357421875,10.59814453125,1.86111450195312,1.35498046875,1.92947387695312,1.52755737304688
9.41006541252136,-0.05340576171875,-0.008544921875,-0.101470947265625,2.581787109375,7.50274658203125,10.99365234375,1.85348510742188,1.49398803710938,1.7327880859375,1.5753173828125
9.41025161743164,0.039520263671875,0.47637939453125,-0.001068115234375,4.95941162109375,5.2899169921875,10.9561157226562,1.84600830078125,1.79428100585938,1.48269653320312,1.529541015625
9.42029595375061,0.148468017578125,0.071563720703125,0.0042724609375,2.81158447265625,-0.09429931640625,11.4404296875,1.68670654296875,1.70745849609375,1.62322998046875,1.62399291992188
9.43020629882812,0.065155029296875,0.107879638671875,0.13458251953125,-3.482666015625,-1.63330078125,9.62677001953125,1.56112670898438,1.856689453125,1.41937255859375,1.79779052734375
9.44035148620605,0.01495361328125,-0.22857666015625,0.315093994140625,-6.3153076171875,-2.55889892578125,9.67529296875,1.24832153320312,1.97189331054688,1.27029418945312,2.1356201171875
9.45155596733093,0.112152099609375,-0.124969482421875,0.11749267578125,-5.48126220703125,-1.42547607421875,10.7510375976562,1.50070190429688,1.78985595703125,1.50848388671875,1.824951171875
9.4629340171814,0.08544921875,-0.165557861328125,0.0128173828125,-4.30023193359375,0.399169921875,11.3470458984375,1.62734985351562,1.63787841796875,1.64398193359375,1.7144775390625
9.47038841247559,-0.01922607421875,-0.10467529296875,-0.451812744140625,-4.93194580078125,3.00567626953125,11.6372680664062,2.25311279296875,1.03851318359375,2.18246459960938,1.14028930664062
9.47990036010742,0.165557861328125,-0.11962890625,-0.3460693359375,-4.4073486328125,-1.39434814453125,9.85198974609375,2.0556640625,1.21749877929688,2.11593627929688,1.21963500976562
9.48979425430298,0.171966552734375,-0.182647705078125,-0.206146240234375,-4.58953857421875,-2.41424560546875,11.6290283203125,1.85623168945312,1.37405395507812,1.96563720703125,1.40670776367188
9.49981904029846,0.214691162109375,0.27557373046875,0.088653564453125,-0.44769287109375,-2.471923828125,11.0980224609375,1.61224365234375,1.88888549804688,1.47445678710938,1.6259765625
9.50995135307312,0.080108642578125,0.186920166015625,0.131378173828125,6.22467041015625,1.2176513671875,11.5960693359375,1.56845092773438,1.87469482421875,1.40869140625,1.74270629882812
9.52017140388489,0.042724609375,-0.199737548828125,0.09185791015625,2.6715087890625,5.64697265625,10.242919921875,1.512451171875,1.69876098632812,1.56326293945312,1.820068359375
9.53440427780151,0.01708984375,-0.069427490234375,-0.01922607421875,0.08514404296875,1.845703125,10.4754638671875,1.69692993164062,1.588134765625,1.66030883789062,1.646728515625
9.53982400894165,-0.01068115234375,-0.1708984375,-0.033111572265625,-2.1551513671875,-0.10986328125,10.5404663085938,1.6864013671875,1.531982421875,1.70196533203125,1.666259765625
9.57286381721497,-0.028839111328125,-0.1239013671875,-0.084381103515625,-0.46875,6.58447265625,9.16351318359375,1.76239013671875,1.46881103515625,1.75338745117188,1.591796875
9.57982659339905,-0.03204345703125,0.037384033203125,-0.042724609375,0.54473876953125,3.31695556640625,7.76824951171875,1.76040649414062,1.5673828125,1.65313720703125,1.59530639648438
9.59397912025452,0.088653564453125,0.00213623046875,0.075836181640625,-1.4923095703125,-3.44970703125,7.8424072265625,1.56158447265625,1.74057006835938,1.551513671875,1.7169189453125
9.60005164146423,0.01068115234375,-0.210418701171875,0.043792724609375,-4.22882080078125,-4.55841064453125,7.66387939453125,1.56219482421875,1.60797119140625,1.627197265625,1.77169799804688
9.609783411026,-0.0640869140625,-0.148468017578125,0.0811767578125,-2.1478271484375,-3.31146240234375,9.37774658203125,1.55319213867188,1.651611328125,1.53717041015625,1.82174682617188
9.63603234291077,-0.048065185546875,-0.171966552734375,-0.1495361328125,-2.78228759765625,1.23321533203125,9.41162109375,1.82754516601562,1.36184692382812,1.83197021484375,1.52633666992188
9.65294981002808,-0.00213623046875,0.052337646484375,-0.246734619140625,-4.39910888671875,-2.581787109375,8.99139404296875,2.00363159179688,1.3238525390625,1.90353393554688,1.32308959960938
9.67285084724426,-0.084381103515625,0.0897216796875,0.0982666015625,-3.43780517578125,-0.4376220703125,10.4635620117188,1.61895751953125,1.73858642578125,1.43218994140625,1.76666259765625
9.68375492095947,-0.06195068359375,-0.011749267578125,0.244598388671875,-2.97271728515625,-1.17919921875,9.61761474609375,1.40029907226562,1.8939208984375,1.28646850585938,1.9732666015625
9.69684100151062,-0.09613037109375,-0.16448974609375,0.231781005859375,-2.4554443359375,-1.14166259765625,9.02618408203125,1.3800048828125,1.82174682617188,1.3348388671875,2.01431274414062
9.7050142288208,-0.093994140625,-0.03631591796875,-0.005340576171875,-2.0635986328125,1.94915771484375,8.73779296875,1.71951293945312,1.56753540039062,1.58843994140625,1.67709350585938
9.72300863265991,0.043792724609375,-0.0640869140625,-0.12176513671875,-4.969482421875,0.70587158203125,11.6180419921875,1.81991577148438,1.45919799804688,1.77581787109375,1.49429321289062
9.73273181915283,0.01708984375,0.285186767578125,-0.19012451171875,-1.2908935546875,-1.81182861328125,11.3314819335938,2.01873779296875,1.47369384765625,1.74545288085938,1.30828857421875
9.73983883857727,0.120697021484375,0.0384521484375,-0.159149169921875,-2.8546142578125,-1.02996826171875,11.2857055664062,1.87515258789062,1.468505859375,1.81167602539062,1.39068603515625
9.75369930267334,0.174102783203125,-0.124969482421875,-0.007476806640625,-4.40277099609375,-2.369384765625,10.1742553710938,1.62017822265625,1.62277221679688,1.69036865234375,1.61361694335938
9.77303767204285,0.05767822265625,-0.067291259765625,0.13885498046875,-2.24395751953125,-1.75140380859375,7.7618408203125,1.49169921875,1.7926025390625,1.45294189453125,1.8096923828125
9.77986621856689,0.016021728515625,0.19866943359375,-0.148468017578125,0.9942626953125,-0.40557861328125,7.06146240234375,1.94076538085938,1.50192260742188,1.72103881835938,1.37985229492188
9.79378247261047,-0.107879638671875,-0.0982666015625,-0.0213623046875,-1.39068603515625,1.6607666015625,7.36083984375,1.72805786132812,1.53350830078125,1.61300659179688,1.66671752929688
9.79903078079224,0.042724609375,-0.060882568359375,-0.1409912109375,-1.2615966796875,-0.34515380859375,8.65631103515625,1.84371948242188,1.435546875,1.80068969726562,1.46530151367188
9.81273937225342,0.04058837890625,0.186920166015625,-0.10894775390625,-1.67999267578125,0.71685791015625,10.6622314453125,1.87713623046875,1.55075073242188,1.68838500976562,1.42745971679688
9.81978011131287,0.0811767578125,0.052337646484375,-0.159149169921875,-2.55340576171875,0.604248046875,11.3131713867188,1.88674926757812,1.45950317382812,1.80633544921875,1.395263671875
9.84004139900208,0.1068115234375,-0.09185791015625,0.180511474609375,0.2947998046875,-1.25701904296875,9.5452880859375,1.40731811523438,1.851806640625,1.43280029296875,1.85333251953125
9.85616874694824,0.024566650390625,-0.2093505859375,0.11322021484375,1.43829345703125,0.772705078125,9.33013916015625,1.47613525390625,1.70242309570312,1.5325927734375,1.83670043945312
9.86101651191711,-0.068359375,-0.1922607421875,0.077972412109375,1.45477294921875,2.41058349609375,9.957275390625,1.55364990234375,1.63528442382812,1.54388427734375,1.81488037109375
9.87372851371765,-0.075836181640625,-0.23284912109375,0.05126953125,0.435791015625,0.86334228515625,9.6368408203125,1.57333374023438,1.58889770507812,1.58950805664062,1.79351806640625
9.88143634796143,-0.246734619140625,-0.240325927734375,-0.112152099609375,-0.8111572265625,4.6600341796875,8.60137939453125,1.82403564453125,1.3323974609375,1.74560546875,1.64169311523438
9.91509532928467,0.199737548828125,0.009613037109375,-0.069427490234375,1.48223876953125,-0.6829833984375,11.3552856445312,1.71035766601562,1.5936279296875,1.75491333007812,1.490478515625
9.91999769210815,0.042724609375,-0.097198486328125,0.105743408203125,1.197509765625,-3.446044921875,11.0440063476562,1.50421142578125,1.7315673828125,1.5252685546875,1.79046630859375
9.92981696128845,0.22857666015625,-0.477447509765625,0.287322998046875,-4.105224609375,-2.34649658203125,10.4974365234375,1.10397338867188,1.90902709960938,1.47064208984375,2.06787109375
9.94008660316467,0.037384033203125,-0.075836181640625,0.1580810546875,-2.332763671875,-3.15582275390625,9.06005859375,1.44134521484375,1.80633544921875,1.45675659179688,1.84738159179688
9.94982647895813,-0.056610107421875,0.0640869140625,-0.039520263671875,2.354736328125,-0.377197265625,7.79388427734375,1.7584228515625,1.57318115234375,1.63299560546875,1.58706665039062
9.9699113368988,0.191192626953125,0.06195068359375,-0.124969482421875,1.22314453125,2.23663330078125,9.73480224609375,1.78863525390625,1.54144287109375,1.81243896484375,1.41464233398438
9.9821400642395,0.056610107421875,-0.105743408203125,-0.14312744140625,-4.281005859375,2.1588134765625,11.1337280273438,1.80709838867188,1.43524169921875,1.83883666992188,1.48086547851562
9.98989295959473,0.161285400390625,0.167694091796875,-0.0469970703125,-2.94708251953125,0.523681640625,12.5967407226562,1.7352294921875,1.6693115234375,1.669921875,1.48590087890625
9.99973320960999,0.02349853515625,0.0042724609375,0.020294189453125,-0.465087890625,-0.24261474609375,11.3516235351562,1.63803100585938,1.65420532226562,1.60476684570312,1.66732788085938
10.0106563568115,-0.071563720703125,-0.0042724609375,0.052337646484375,2.56256103515625,1.50787353515625,10.6027221679688,1.6241455078125,1.66244506835938,1.53945922851562,1.73828125
10.0217628479004,0.069427490234375,0.14739990234375,0.214691162109375,4.79827880859375,-0.47607421875,8.95751953125,1.42440795898438,1.95037841796875,1.33453369140625,1.85501098632812
10.0300102233887,-0.05126953125,-0.043792724609375,0.0555419921875,0.6500244140625,-1.7742919921875,8.6663818359375,1.59927368164062,1.6546630859375,1.56524658203125,1.74758911132812
10.0401220321655,-0.154876708984375,0.0341796875,-0.043792724609375,0.56671142578125,-1.6351318359375,8.79730224609375,1.77810668945312,1.52435302734375,1.63360595703125,1.6339111328125
10.0497286319733,-0.0555419921875,0.01708984375,-0.0726318359375,1.717529296875,-0.14556884765625,9.11956787109375,1.77963256835938,1.51229858398438,1.705322265625,1.57272338867188
10.0999283790588,-0.008544921875,0.20721435546875,0.0469970703125,6.2823486328125,-1.63330078125,9.95819091796875,1.6815185546875,1.73049926757812,1.50970458984375,1.64260864257812
10.1114869117737,-0.184783935546875,-0.01708984375,-0.112152099609375,0.12542724609375,-0.4925537109375,9.38507080078125,1.86996459960938,1.41143798828125,1.72088623046875,1.56661987304688
10.1299436092377,-0.003204345703125,0.088653564453125,0.2349853515625,-0.48614501953125,0.06317138671875,10.213623046875,1.41265869140625,1.93191528320312,1.307373046875,1.91482543945312
10.1409294605255,-0.045928955078125,-0.054473876953125,0.003204345703125,-4.3414306640625,0.63262939453125,11.0678100585938,1.67312622070312,1.57806396484375,1.6314697265625,1.68975830078125
10.1503169536591,-0.088653564453125,-0.180511474609375,0.0299072265625,-2.84271240234375,0.17578125,12.3385620117188,1.61575317382812,1.56143188476562,1.62277221679688,1.77703857421875
10.170102596283,0.07476806640625,-0.13031005859375,0.111083984375,-1.204833984375,1.7926025390625,9.5782470703125,1.48284912109375,1.7266845703125,1.5570068359375,1.8121337890625
10.1842260360718,0.0128173828125,-0.178375244140625,0.23284912109375,-5.47210693359375,-0.05584716796875,10.94970703125,1.33316040039062,1.842041015625,1.40380859375,1.99905395507812
10.1958589553833,-0.033111572265625,0.01922607421875,-0.206146240234375,-4.92462158203125,-0.10894775390625,10.11474609375,1.95663452148438,1.3385009765625,1.87957763671875,1.40151977539062
10.2146942615509,0.07904052734375,-0.0042724609375,-0.212554931640625,0.29296875,2.138671875,11.2838745117188,1.92306518554688,1.35467529296875,1.93466186523438,1.36795043945312
10.2238030433655,0.135650634765625,0.27984619140625,-0.0897216796875,1.556396484375,1.94549560546875,9.66064453125,1.84036254882812,1.61041259765625,1.71371459960938,1.422119140625
10.2341287136078,0.090789794921875,0.14739990234375,0.00640869140625,-0.1336669921875,0.32958984375,9.927978515625,1.69464111328125,1.67648315429688,1.62033081054688,1.5936279296875
10.2440671920776,0.20294189453125,0.3546142578125,0.02349853515625,3.0194091796875,-1.65069580078125,10.8526611328125,1.70135498046875,1.7938232421875,1.57012939453125,1.51962280273438
10.2542052268982,0.131378173828125,0.050201416015625,0.29052734375,0.9375,-2.362060546875,11.1282348632812,1.29791259765625,2.01644897460938,1.30691528320312,1.96151733398438
10.2612063884735,-0.0299072265625,0.050201416015625,0.025634765625,-0.03021240234375,0.1483154296875,11.253662109375,1.67449951171875,1.64215087890625,1.590576171875,1.6729736328125
10.2745170593262,0.01495361328125,0.25421142578125,-0.097198486328125,2.7484130859375,2.67242431640625,9.80987548828125,1.87728881835938,1.563720703125,1.69479370117188,1.44607543945312
10.2799611091614,-0.037384033203125,0.11749267578125,-0.146331787109375,0.96588134765625,3.73443603515625,9.5635986328125,1.9183349609375,1.45187377929688,1.78024291992188,1.43524169921875
10.303017616272,0.0042724609375,0.041656494140625,0.0341796875,-0.26824951171875,2.83905029296875,11.136474609375,1.66336059570312,1.67800903320312,1.5869140625,1.66152954101562
10.3129866123199,0.042724609375,0.137786865234375,0.068359375,-0.4449462890625,-1.109619140625,10.3289794921875,1.63711547851562,1.75949096679688,1.5277099609375,1.663818359375
10.3206467628479,0.009613037109375,0.133514404296875,0.1025390625,0.39093017578125,-2.9095458984375,10.1486206054688,1.60598754882812,1.79367065429688,1.4727783203125,1.72271728515625
10.3334496021271,-0.11962890625,-0.15594482421875,-0.003204345703125,-0.39642333984375,-1.68182373046875,9.1534423828125,1.69082641601562,1.53518676757812,1.65435791015625,1.71493530273438
10.344030380249,-0.075836181640625,-0.15167236328125,0.0384521484375,0.93017578125,-2.1258544921875,9.114990234375,1.62582397460938,1.60049438476562,1.61605834960938,1.75201416015625
10.3549857139587,-0.092926025390625,-0.105743408203125,0.018157958984375,-0.8514404296875,-0.99609375,10.147705078125,1.6729736328125,1.58493041992188,1.62002563476562,1.71829223632812
10.3609063625336,-0.050201416015625,0.0384521484375,-0.137786865234375,-1.60308837890625,-1.04644775390625,10.279541015625,1.9000244140625,1.44699096679688,1.78436279296875,1.46392822265625
10.3739674091339,-0.09185791015625,0.14312744140625,-0.127105712890625,-0.02197265625,-0.43121337890625,10.8901977539062,1.92947387695312,1.4801025390625,1.72698974609375,1.45858764648438
10.3834278583527,-0.01922607421875,-0.0640869140625,-0.0640869140625,1.47491455078125,1.34490966796875,10.704345703125,1.77139282226562,1.52069091796875,1.7333984375,1.57302856445312
10.3948791027069,-0.0555419921875,-0.063018798828125,-0.01495361328125,0.6024169921875,2.24853515625,10.7839965820312,1.71783447265625,1.56478881835938,1.66702270507812,1.650390625
10.4201102256775,-0.11962890625,-0.018157958984375,0.14739990234375,-3.6859130859375,-0.1226806640625,9.686279296875,1.54769897460938,1.756591796875,1.4373779296875,1.86477661132812
10.423154592514,-0.163421630859375,-0.139923095703125,0.068359375,-1.19293212890625,-0.90179443359375,9.8309326171875,1.62017822265625,1.60568237304688,1.56265258789062,1.8218994140625
10.4333074092865,-0.01708984375,-0.08544921875,-0.0982666015625,0.79559326171875,2.874755859375,9.3548583984375,1.80130004882812,1.45721435546875,1.79977416992188,1.5521240234375
10.4408087730408,-0.16021728515625,-0.10894775390625,-0.092926025390625,-0.08331298828125,5.33111572265625,10.059814453125,1.82861328125,1.41464233398438,1.75674438476562,1.60964965820312
10.4530425071716,-0.058746337890625,0.042724609375,-0.162353515625,-1.45294189453125,4.09423828125,10.9918212890625,1.9354248046875,1.40640258789062,1.82525634765625,1.44424438476562
10.4600439071655,0.124969482421875,0.154876708984375,0.0299072265625,0.80657958984375,2.3712158203125,11.6693115234375,1.67373657226562,1.73614501953125,1.60415649414062,1.59393310546875
10.4700157642365,0.11962890625,0.0128173828125,0.035247802734375,1.175537109375,-0.34149169921875,11.2747192382812,1.62918090820312,1.6973876953125,1.63375854492188,1.64764404296875
10.4801526069641,-0.08331298828125,0.056610107421875,0.206146240234375,0.3570556640625,1.717529296875,10.45166015625,1.48910522460938,1.86325073242188,1.34613037109375,1.90948486328125
10.4902617931366,0.042724609375,0.035247802734375,0.107879638671875,0.53192138671875,-0.60333251953125,9.98748779296875,1.56982421875,1.77078247070312,1.50772094726562,1.75018310546875
10.5099637508392,-0.144195556640625,-0.103607177734375,-0.016021728515625,-0.2362060546875,-0.1629638671875,10.8233642578125,1.73583984375,1.52008056640625,1.64474487304688,1.69235229492188
10.5204119682312,-0.022430419921875,0.13458251953125,-0.178375244140625,2.10296630859375,2.1514892578125,10.0991821289062,1.97036743164062,1.42471313476562,1.81411743164062,1.38137817382812
10.5311069488525,-0.07049560546875,0.0811767578125,-0.129241943359375,-0.2874755859375,2.23480224609375,9.77325439453125,1.90948486328125,1.44912719726562,1.75567626953125,1.474609375
10.5400912761688,-0.07476806640625,0.097198486328125,-0.154876708984375,-2.23846435546875,1.4227294921875,9.78973388671875,1.94351196289062,1.4178466796875,1.78359985351562,1.436767578125
10.5499911308289,0.005340576171875,-0.092926025390625,-0.118560791015625,-3.28399658203125,-0.12542724609375,9.0545654296875,1.81640625,1.41983032226562,1.82144165039062,1.5185546875
10.5599195957184,-0.02777099609375,0.045928955078125,0,-0.09613037109375,-3.0029296875,9.290771484375,1.71844482421875,1.59774780273438,1.61941528320312,1.63360595703125
10.5712549686432,-0.042724609375,-0.00213623046875,0.2093505859375,0.523681640625,-1.87225341796875,9.73480224609375,1.44454956054688,1.84234619140625,1.36703491210938,1.91116333007812
10.5803360939026,0.008544921875,-0.00213623046875,0.097198486328125,-0.3314208984375,-3.93402099609375,10.3472900390625,1.56967163085938,1.71737670898438,1.52252197265625,1.75537109375
10.5920333862305,0.03204345703125,-0.16021728515625,0.0128173828125,-2.2467041015625,-2.6751708984375,10.491943359375,1.61392211914062,1.56753540039062,1.6827392578125,1.690673828125
10.5999867916107,-0.08758544921875,0.059814453125,0,-1.08856201171875,-0.8697509765625,10.7135009765625,1.73294067382812,1.57928466796875,1.59194946289062,1.64840698242188
10.6116394996643,0.01922607421875,0.11749267578125,0.0640869140625,0.7928466796875,-2.44537353515625,11.1859130859375,1.6375732421875,1.70883178710938,1.52450561523438,1.67678833007812
10.6205837726593,0.001068115234375,0.17303466796875,-0.01068115234375,-0.37353515625,-1.5509033203125,10.8297729492188,1.7510986328125,1.63040161132812,1.59255981445312,1.56890869140625
10.6320562362671,-0.12603759765625,0.18585205078125,-0.097198486328125,-0.5987548828125,1.16455078125,11.0971069335938,1.90460205078125,1.49139404296875,1.65634155273438,1.48818969726562
10.6399972438812,0.075836181640625,-0.033111572265625,-0.054473876953125,-1.76788330078125,-0.78277587890625,9.78424072265625,1.72470092773438,1.53778076171875,1.727294921875,1.54922485351562
10.6529502868652,0.058746337890625,-0.05767822265625,-0.068359375,-5.006103515625,-1.91802978515625,8.89801025390625,1.741943359375,1.50543212890625,1.74636840820312,1.5460205078125
10.6601512432098,0.06622314453125,0.131378173828125,-0.01495361328125,-2.97271728515625,-1.812744140625,9.1534423828125,1.72500610351562,1.63040161132812,1.62368774414062,1.55746459960938
10.6719930171967,0.025634765625,-0.013885498046875,0.16448974609375,-4.47509765625,-2.314453125,10.7171630859375,1.47216796875,1.79855346679688,1.4324951171875,1.8341064453125
10.6819171905518,-0.163421630859375,-0.045928955078125,0.02349853515625,-2.64129638671875,-1.21124267578125,11.4523315429688,1.69448852539062,1.5576171875,1.5606689453125,1.72225952148438
10.69193983078,-0.052337646484375,-0.088653564453125,-0.059814453125,-2.464599609375,1.24786376953125,10.1211547851562,1.75537109375,1.47262573242188,1.70684814453125,1.59927368164062
10.6999349594116,-0.071563720703125,0.1025390625,-0.02777099609375,-1.812744140625,1.673583984375,11.0165405273438,1.78192138671875,1.56219482421875,1.60247802734375,1.58920288085938
10.7119467258453,-0.101470947265625,0.052337646484375,-0.041656494140625,1.0601806640625,0.3515625,11.868896484375,1.7926025390625,1.52175903320312,1.62765502929688,1.59225463867188
10.7320272922516,0.011749267578125,-0.011749267578125,0.0726318359375,2.54150390625,1.37603759765625,9.91790771484375,1.600341796875,1.68228149414062,1.53366088867188,1.71951293945312
10.7402944564819,0.075836181640625,-0.052337646484375,0.067291259765625,0.60882568359375,0.2197265625,10.3042602539062,1.57730102539062,1.67953491210938,1.57012939453125,1.70883178710938
10.7528936862946,-0.129241943359375,-0.111083984375,0.0897216796875,-3.83331298828125,-2.8948974609375,9.61212158203125,1.59225463867188,1.6290283203125,1.49765014648438,1.82159423828125
10.7599747180939,-0.0341796875,-0.127105712890625,-0.225372314453125,-1.51519775390625,-3.3343505859375,10.0552368164062,1.9561767578125,1.25778198242188,1.9244384765625,1.4013671875
10.772873878479,0.008544921875,-0.133514404296875,-0.076904296875,-2.2265625,-1.89422607421875,10.535888671875,1.75750732421875,1.45462036132812,1.7547607421875,1.57760620117188
10.7807621955872,0.13458251953125,0.1239013671875,-0.0726318359375,-1.75872802734375,1.0198974609375,10.6192016601562,1.79336547851562,1.57867431640625,1.70913696289062,1.46255493164062
10.7919239997864,0.097198486328125,0.233917236328125,0.016021728515625,-1.6680908203125,1.812744140625,10.4315185546875,1.73019409179688,1.70928955078125,1.553955078125,1.55029296875
10.801586151123,0.15594482421875,-0.042724609375,0.073699951171875,-0.11627197265625,1.52435302734375,9.94537353515625,1.56143188476562,1.72027587890625,1.57913208007812,1.68685913085938
10.8120090961456,0.161285400390625,-0.148468017578125,0.193328857421875,-3.11737060546875,-2.841796875,10.3106689453125,1.37908935546875,1.84371948242188,1.45980834960938,1.86431884765625
10.8248150348663,-0.07049560546875,0.071563720703125,0.2008056640625,-1.6094970703125,-4.78729248046875,9.7796630859375,1.50543212890625,1.84814453125,1.314697265625,1.87850952148438
10.834810256958,-0.1068115234375,0.261688232421875,0.063018798828125,1.63787841796875,1.6900634765625,8.0950927734375,1.74423217773438,1.72515869140625,1.41799926757812,1.66122436523438
10.8438675403595,-0.02349853515625,-0.00640869140625,-0.131378173828125,-1.30462646484375,3.50372314453125,9.02435302734375,1.88919067382812,1.42974853515625,1.76483154296875,1.46865844726562
10.8500137329102,-0.120697021484375,-0.005340576171875,-0.35888671875,-2.215576171875,2.9461669921875,10.2264404296875,2.20565795898438,1.1181640625,2.01705932617188,1.2115478515625
10.8622410297394,0.093994140625,-0.065155029296875,-0.07049560546875,-4.2498779296875,-0.28106689453125,11.224365234375,1.7645263671875,1.52969360351562,1.7352294921875,1.52618408203125
10.872120141983,0.06622314453125,0.184783935546875,-0.009613037109375,-3.7445068359375,-2.8125,11.68212890625,1.78054809570312,1.67678833007812,1.57424926757812,1.529541015625
10.8810434341431,0.2178955078125,0.131378173828125,0.133514404296875,-1.0382080078125,-3.08074951171875,10.7830810546875,1.53961181640625,1.88674926757812,1.45889282226562,1.6796875
10.8920984268188,0.154876708984375,-0.359954833984375,0.165557861328125,-2.010498046875,-2.999267578125,10.0579833984375,1.36993408203125,1.75613403320312,1.54800415039062,1.89193725585938
10.9222340583801,-0.028839111328125,-0.265960693359375,0.04913330078125,-3.87359619140625,-0.64544677734375,10.1275634765625,1.60247802734375,1.58554077148438,1.6131591796875,1.77337646484375
10.9241774082184,0.01708984375,-0.180511474609375,-0.111083984375,-7.3187255859375,0.15838623046875,11.2490844726562,1.81640625,1.4263916015625,1.80374145507812,1.53457641601562
10.9319386482239,-0.018157958984375,0.080108642578125,-0.230712890625,-3.5174560546875,-0.64544677734375,9.5452880859375,2.054443359375,1.34140014648438,1.86981201171875,1.31851196289062
10.9399299621582,0.112152099609375,-0.2093505859375,-0.1239013671875,-3.07159423828125,-0.2142333984375,9.6148681640625,1.79351806640625,1.42608642578125,1.86447143554688,1.50253295898438
10.9519510269165,0.054473876953125,-0.0213623046875,-0.084381103515625,-0.59234619140625,-1.26434326171875,9.290771484375,1.82052612304688,1.50863647460938,1.74819946289062,1.51565551757812
10.9591641426086,0.071563720703125,-0.054473876953125,0.0982666015625,-1.307373046875,-2.5543212890625,9.49676513671875,1.57455444335938,1.73675537109375,1.53350830078125,1.74972534179688
10.9719414710999,0.084381103515625,-0.174102783203125,0.07904052734375,-2.19085693359375,-3.5870361328125,9.459228515625,1.56112670898438,1.68014526367188,1.60186767578125,1.75689697265625
10.9791514873505,0.01495361328125,-0.148468017578125,0.148468017578125,-2.04620361328125,-4.0264892578125,9.6624755859375,1.5020751953125,1.74697875976562,1.48773193359375,1.864013671875
10.9999525547028,0.01922607421875,-0.0469970703125,-0.118560791015625,-6.02874755859375,-4.332275390625,11.978759765625,1.86370849609375,1.44439697265625,1.79412841796875,1.500244140625
11.0130186080933,0.0128173828125,0.065155029296875,-0.13458251953125,-2.4737548828125,-3.4735107421875,10.4910278320312,1.92047119140625,1.4544677734375,1.78375244140625,1.44912719726562
11.022341966629,-0.101470947265625,-0.028839111328125,-0.135650634765625,0.1318359375,6.9927978515625,9.67987060546875,1.92794799804688,1.39312744140625,1.78085327148438,1.51168823242188
11.0297558307648,0.068359375,0.018157958984375,-0.06195068359375,-0.40374755859375,8.98590087890625,9.613037109375,1.7974853515625,1.54754638671875,1.72698974609375,1.54159545898438
11.040935754776,0.03204345703125,0.1495361328125,0.02349853515625,1.1865234375,4.01641845703125,9.9261474609375,1.74102783203125,1.68289184570312,1.56936645507812,1.62033081054688
11.049370765686,0.037384033203125,-0.02777099609375,0.0555419921875,-1.0986328125,-0.09521484375,11.2161254882812,1.64260864257812,1.67144775390625,1.58660888671875,1.7144775390625
11.0617651939392,0.022430419921875,-0.063018798828125,0.026702880859375,-0.98052978515625,-1.263427734375,9.75128173828125,1.67312622070312,1.62033081054688,1.6290283203125,1.69281005859375
11.0699317455292,0.001068115234375,-0.24993896484375,0.103607177734375,-4.0594482421875,-4.27734375,11.3589477539062,1.52908325195312,1.65908813476562,1.58111572265625,1.8505859375
11.0798132419586,-0.001068115234375,0.0726318359375,0.01495361328125,-3.93951416015625,-3.51104736328125,11.2014770507812,1.7376708984375,1.6424560546875,1.5960693359375,1.64306640625
11.0893244743347,0.0128173828125,0.076904296875,-0.1025390625,-1.39434814453125,0.33599853515625,9.0435791015625,1.88400268554688,1.50604248046875,1.74392700195312,1.49002075195312
11.1011126041412,0.022430419921875,-0.122833251953125,-0.333251953125,-5.068359375,1.58203125,9.4757080078125,2.10693359375,1.16180419921875,2.09243774414062,1.2579345703125
11.1099474430084,0.3460693359375,0.152740478515625,0.024566650390625,-0.728759765625,-1.70379638671875,10.2529907226562,1.6552734375,1.7999267578125,1.6546630859375,1.51626586914062
11.1201810836792,0.011749267578125,-0.013885498046875,0.240325927734375,-4.7259521484375,-1.21307373046875,11.3186645507812,1.43508911132812,1.92153930664062,1.3372802734375,1.93313598632812
11.1302535533905,0.0897216796875,0.0384521484375,0.13031005859375,-3.88641357421875,0.16021728515625,11.8240356445312,1.56295776367188,1.82464599609375,1.48269653320312,1.75689697265625
11.1399576663971,0.06622314453125,-0.0042724609375,0.024566650390625,-1.65985107421875,-0.13641357421875,9.98565673828125,1.69296264648438,1.67633056640625,1.62033081054688,1.64382934570312
11.1491558551788,-0.060882568359375,-0.1239013671875,-0.101470947265625,2.30255126953125,1.47674560546875,10.8352661132812,1.85806274414062,1.45111083984375,1.77261352539062,1.55487060546875
11.1608383655548,-0.00213623046875,0.01068115234375,-0.045928955078125,2.05718994140625,1.1260986328125,10.4855346679688,1.81060791015625,1.57852172851562,1.683349609375,1.56478881835938
11.1700356006622,-0.08331298828125,-0.069427490234375,-0.088653564453125,-4.79644775390625,0.9136962890625,11.19873046875,1.86492919921875,1.48040771484375,1.732177734375,1.5582275390625
11.1801507472992,0.01495361328125,0.001068115234375,-0.082244873046875,-4.9273681640625,1.33392333984375,10.7730102539062,1.84783935546875,1.53961181640625,1.73263549804688,1.51580810546875
11.190083026886,0.07049560546875,-0.02349853515625,-0.04486083984375,-3.8983154296875,1.7779541015625,9.913330078125,1.77871704101562,1.59576416015625,1.7120361328125,1.55487060546875
11.1999776363373,0.082244873046875,0.033111572265625,-0.179443359375,-2.2467041015625,0.509033203125,9.28802490234375,1.96044921875,1.44805908203125,1.86676025390625,1.36611938476562
11.2099800109863,0.12603759765625,0.20294189453125,-0.059814453125,4.2938232421875,-2.30712890625,8.85498046875,1.846923828125,1.66091918945312,1.685791015625,1.4532470703125
11.2218804359436,-0.054473876953125,-0.08544921875,0.144195556640625,3.32244873046875,-1.10687255859375,8.70574951171875,1.56051635742188,1.77459716796875,1.46347045898438,1.84829711914062
11.2310156822205,-0.018157958984375,-0.026702880859375,-0.152740478515625,5.8612060546875,1.7431640625,9.91790771484375,1.93450927734375,1.43814086914062,1.8304443359375,1.44851684570312
11.2402079105377,-0.05767822265625,-0.001068115234375,0,4.43756103515625,2.89215087890625,9.44000244140625,1.76254272460938,1.6217041015625,1.62399291992188,1.64337158203125
11.2508721351624,-0.142059326171875,0.157012939453125,-0.073699951171875,4.599609375,6.6448974609375,7.7398681640625,1.92398071289062,1.55548095703125,1.64260864257812,1.52877807617188
11.2618086338043,0.028839111328125,-0.01922607421875,0.06622314453125,4.4622802734375,5.91339111328125,6.24755859375,1.64886474609375,1.72943115234375,1.57669067382812,1.70150756835938
11.2697575092316,0.026702880859375,-0.17730712890625,0.071563720703125,-1.2286376953125,1.62139892578125,8.69476318359375,1.593017578125,1.69052124023438,1.61834716796875,1.7584228515625
11.2800664901733,0.152740478515625,-0.1153564453125,0.16021728515625,2.07183837890625,-0.78826904296875,8.32122802734375,1.46331787109375,1.8585205078125,1.5264892578125,1.81198120117188
11.2902238368988,-0.035247802734375,-0.325775146484375,0.086517333984375,-0.23162841796875,-1.9207763671875,7.12554931640625,1.54647827148438,1.64520263671875,1.62704467773438,1.8408203125
11.3002915382385,-0.024566650390625,-0.244598388671875,0.013885498046875,1.9097900390625,-2.325439453125,8.0126953125,1.65557861328125,1.5838623046875,1.69570922851562,1.72607421875
11.3104515075684,0.167694091796875,0.01495361328125,-0.097198486328125,7.07244873046875,-3.68865966796875,8.682861328125,1.81381225585938,1.58050537109375,1.81442260742188,1.45263671875
11.3211388587952,-0.063018798828125,-0.29266357421875,-0.184783935546875,2.89215087890625,1.541748046875,9.54986572265625,1.89971923828125,1.30645751953125,1.95098876953125,1.50466918945312
11.3309788703918,0.01068115234375,-0.06195068359375,-0.1837158203125,2.8326416015625,3.603515625,10.5862426757812,1.94183349609375,1.39907836914062,1.90353393554688,1.41830444335938
11.3404035568237,0.142059326171875,-0.10894775390625,0.107879638671875,-1.77703857421875,-0.58685302734375,10.7061767578125,1.52175903320312,1.78375244140625,1.59423828125,1.76849365234375
11.3499267101288,0.12176513671875,0.128173828125,0.0897216796875,-1.78253173828125,-0.27923583984375,10.3701782226562,1.61834716796875,1.82357788085938,1.5435791015625,1.68197631835938
11.3599145412445,0.0982666015625,-0.024566650390625,0.124969482421875,1.78619384765625,0.19866943359375,9.70916748046875,1.53564453125,1.8170166015625,1.54403686523438,1.7755126953125
11.3710658550262,-0.139923095703125,-0.16448974609375,0.0299072265625,-0.53558349609375,2.4005126953125,10.155029296875,1.68350219726562,1.58462524414062,1.63360595703125,1.77047729492188
11.3819887638092,0.133514404296875,-0.180511474609375,0.11322021484375,-3.343505859375,-0.5712890625,10.0341796875,1.49169921875,1.76528930664062,1.61788940429688,1.80145263671875
11.3898153305054,0.033111572265625,-0.152740478515625,0.022430419921875,-6.3885498046875,-3.69598388671875,10.6594848632812,1.63894653320312,1.62704467773438,1.69784545898438,1.71173095703125
11.4107437133789,0.073699951171875,-0.009613037109375,0.082244873046875,2.00958251953125,-1.8402099609375,9.79522705078125,1.59378051757812,1.7529296875,1.59393310546875,1.73782348632812
11.4229869842529,-0.063018798828125,0.054473876953125,0.13031005859375,2.39776611328125,-0.59234619140625,9.8016357421875,1.59500122070312,1.78985595703125,1.47445678710938,1.81930541992188
11.4408974647522,-0.06622314453125,-0.15380859375,-0.11962890625,-2.67425537109375,-4.1729736328125,11.1392211914062,1.84585571289062,1.419677734375,1.84921264648438,1.56478881835938
11.460866689682,-0.0469970703125,-0.229644775390625,0.124969482421875,-1.89056396484375,-6.5093994140625,10.7455444335938,1.50833129882812,1.70989990234375,1.575927734375,1.88140869140625
11.4697375297546,-0.24139404296875,0.07904052734375,-0.059814453125,-2.22930908203125,-2.99102783203125,10.162353515625,1.89437866210938,1.50650024414062,1.65512084960938,1.62109375
11.4821803569794,-0.225372314453125,0.0128173828125,-0.118560791015625,-4.36431884765625,-1.31378173828125,9.708251953125,1.94259643554688,1.41876220703125,1.75201416015625,1.56356811523438
11.4933085441589,-0.1922607421875,0.16021728515625,-0.259552001953125,2.07916259765625,2.14599609375,8.07952880859375,2.15789794921875,1.28921508789062,1.89651489257812,1.33575439453125
11.4999964237213,-0.116424560546875,-0.09613037109375,-0.152740478515625,0.772705078125,7.1978759765625,9.39605712890625,1.92901611328125,1.36978149414062,1.85882568359375,1.52496337890625
11.5116574764252,-0.07904052734375,-0.090789794921875,0.12176513671875,-1.2322998046875,6.339111328125,11.24267578125,1.57608032226562,1.724853515625,1.52511596679688,1.85348510742188
11.5199754238129,-0.1153564453125,0.218963623046875,0.14739990234375,-2.2613525390625,3.26568603515625,10.9872436523438,1.64932250976562,1.8359375,1.38717651367188,1.80450439453125
11.5329556465149,0.145263671875,0.40802001953125,0.1666259765625,2.816162109375,-4.44854736328125,10.1724243164062,1.60873413085938,1.99447631835938,1.38046264648438,1.69570922851562
11.5409281253815,0.148468017578125,0.035247802734375,0.248870849609375,5.17181396484375,-4.775390625,7.9742431640625,1.39328002929688,1.98684692382812,1.38839721679688,1.9085693359375
11.5529496669769,-0.0128173828125,-0.15380859375,0.244598388671875,1.2982177734375,-3.980712890625,9.0765380859375,1.390380859375,1.8756103515625,1.400146484375,2.00927734375
11.5600130558014,0.011749267578125,-0.04913330078125,-0.069427490234375,-0.20599365234375,-2.1038818359375,10.4736328125,1.81228637695312,1.51779174804688,1.76376342773438,1.58309936523438
11.5819313526154,0.07476806640625,0.15167236328125,-0.42510986328125,0.43853759765625,3.67401123046875,9.05914306640625,2.30178833007812,1.15325927734375,2.16812133789062,1.0546875
11.5919334888458,0.308685302734375,0.02349853515625,-0.25421142578125,-0.24261474609375,5.72021484375,9.80804443359375,1.97921752929688,1.39968872070312,2.064208984375,1.23245239257812
11.6007177829742,0.231781005859375,0.107879638671875,-0.137786865234375,-2.4627685546875,5.70098876953125,10.5780029296875,1.8817138671875,1.5545654296875,1.87103271484375,1.36978149414062
11.6117658615112,0.050201416015625,0.227508544921875,0.005340576171875,-2.5762939453125,2.27783203125,10.6192016601562,1.7938232421875,1.71661376953125,1.60125732421875,1.56463623046875
11.621258020401,0.097198486328125,-0.16448974609375,0.263824462890625,-1.60125732421875,0.56671142578125,9.90509033203125,1.33895874023438,1.93695068359375,1.41036987304688,1.98989868164062
11.6299333572388,0.058746337890625,-0.03631591796875,0.230712890625,0.55755615234375,0.699462890625,9.09393310546875,1.4324951171875,1.92520141601562,1.40060424804688,1.92031860351562
11.6402237415314,-0.054473876953125,0.22430419921875,0.008544921875,2.86102294921875,1.26068115234375,8.38531494140625,1.8231201171875,1.690673828125,1.56829833984375,1.59561157226562
11.6523489952087,-0.1153564453125,0.1409912109375,0.01708984375,3.29132080078125,0.93475341796875,8.29376220703125,1.80343627929688,1.66000366210938,1.56402587890625,1.64794921875
11.6607849597931,0.054473876953125,-0.0299072265625,-0.01708984375,-0.0384521484375,-1.08306884765625,9.42626953125,1.74423217773438,1.61834716796875,1.70669555664062,1.60614013671875
11.6698167324066,0.0897216796875,-0.008544921875,0.01068115234375,-2.9461669921875,-3.48541259765625,10.220947265625,1.70730590820312,1.67068481445312,1.67617797851562,1.62445068359375
11.6801044940948,-0.035247802734375,0.063018798828125,0.009613037109375,0.42388916015625,0.69854736328125,11.1630249023438,1.766357421875,1.65725708007812,1.61911010742188,1.63345336914062
11.6900691986084,0.04486083984375,-0.1751708984375,-0.150604248046875,-2.25860595703125,5.05462646484375,11.7507934570312,1.87149047851562,1.4093017578125,1.91436767578125,1.48117065429688
11.703987121582,0.10894775390625,0.124969482421875,-0.18585205078125,0.47698974609375,4.45770263671875,12.6910400390625,1.98104858398438,1.47979736328125,1.89361572265625,1.32583618164062
11.7100200653076,-0.024566650390625,-0.15594482421875,-0.069427490234375,-0.87249755859375,3.68865966796875,11.84326171875,1.79168701171875,1.49887084960938,1.79367065429688,1.59515380859375
11.7199795246124,-0.05126953125,-0.041656494140625,-0.058746337890625,1.746826171875,0.78369140625,10.3244018554688,1.81869506835938,1.53640747070312,1.73675537109375,1.58523559570312
11.7319424152374,0.127105712890625,-0.539398193359375,0.21148681640625,-2.64129638671875,-1.875,10.191650390625,1.27578735351562,1.78115844726562,1.60476684570312,2.01751708984375
11.7430832386017,0.0213623046875,-0.162353515625,0.05767822265625,-3.3636474609375,-3.16864013671875,10.0076293945312,1.6143798828125,1.6680908203125,1.65069580078125,1.7462158203125
11.7519490718842,-0.18157958984375,-0.118560791015625,0.018157958984375,-0.45501708984375,2.4224853515625,9.5947265625,1.73599243164062,1.5704345703125,1.62704467773438,1.74514770507812
11.7660145759583,0.00213623046875,-0.231781005859375,0.009613037109375,-2.38861083984375,3.71978759765625,10.2740478515625,1.65283203125,1.58294677734375,1.72714233398438,1.71890258789062
11.7719841003418,-0.02777099609375,-0.08331298828125,0.00213623046875,-2.29888916015625,1.68182373046875,10.762939453125,1.71524047851562,1.60964965820312,1.68228149414062,1.6748046875
11.7819290161133,-0.01495361328125,0.001068115234375,-0.007476806640625,0.66741943359375,-0.09429931640625,11.2353515625,1.7449951171875,1.61834716796875,1.6796875,1.6387939453125
11.7922933101654,-0.01708984375,-0.127105712890625,0.052337646484375,0.5511474609375,0.487060546875,9.29718017578125,1.62765502929688,1.65542602539062,1.64566040039062,1.75140380859375
11.8027632236481,-0.016021728515625,-0.06195068359375,0.19439697265625,0.35430908203125,1.50146484375,7.12005615234375,1.4715576171875,1.85043334960938,1.45065307617188,1.91162109375
11.8117618560791,-0.001068115234375,-0.05340576171875,0.001068115234375,1.01165771484375,1.46575927734375,7.5860595703125,1.70974731445312,1.61544799804688,1.69479370117188,1.66244506835938
11.824985742569,-0.02777099609375,0.008544921875,-0.045928955078125,-1.18560791015625,0.46600341796875,9.2010498046875,1.79412841796875,1.5673828125,1.72683715820312,1.59255981445312
11.8318653106689,-0.10894775390625,-0.0555419921875,-0.1751708984375,-3.00018310546875,-2.33367919921875,9.58831787109375,1.961669921875,1.35971069335938,1.884765625,1.47720336914062
11.8419439792633,-0.039520263671875,0.026702880859375,-0.139923095703125,0.032958984375,-2.589111328125,9.47021484375,1.9207763671875,1.45065307617188,1.83853149414062,1.47201538085938
11.8532340526581,-0.01068115234375,0.033111572265625,-0.27557373046875,-2.259521484375,-1.10687255859375,9.056396484375,2.0831298828125,1.29241943359375,2.01370239257812,1.29257202148438
11.8598375320435,-0.1025390625,0.142059326171875,-0.17730712890625,-2.92694091796875,0.322265625,8.78265380859375,2.0245361328125,1.4239501953125,1.83029174804688,1.40380859375
11.8741998672485,0.050201416015625,0.22003173828125,0.139923095703125,-1.36322021484375,-1.1883544921875,11.3735961914062,1.6064453125,1.89208984375,1.45355224609375,1.7266845703125
11.8818597793579,-0.07476806640625,0.464630126953125,0.073699951171875,2.9278564453125,-0.82672119140625,10.1925659179688,1.80313110351562,1.84890747070312,1.42318725585938,1.60415649414062
11.8899691104889,0.11962890625,0.242462158203125,0.353546142578125,3.5595703125,-1.44561767578125,10.037841796875,1.33010864257812,2.1966552734375,1.19125366210938,1.95831298828125
11.9011969566345,0.033111572265625,-0.039520263671875,0.417633056640625,-3.02032470703125,-3.1878662109375,10.550537109375,1.1907958984375,2.16629028320312,1.1724853515625,2.1466064453125
11.9110717773438,-0.025634765625,0.23284912109375,0.01495361328125,-2.88848876953125,-1.26068115234375,9.8089599609375,1.79122924804688,1.728515625,1.57638549804688,1.57852172851562
11.9259128570557,0.05126953125,0.0384521484375,-0.063018798828125,-1.6680908203125,-1.55731201171875,9.6807861328125,1.80450439453125,1.59347534179688,1.75552368164062,1.51626586914062
11.9401831626892,-0.236053466796875,0.111083984375,0.05340576171875,2.76763916015625,2.40142822265625,10.6100463867188,1.771240234375,1.6741943359375,1.50100708007812,1.7291259765625
11.950811624527,-0.157012939453125,-0.003204345703125,-0.028839111328125,0.98785400390625,2.35015869140625,10.46630859375,1.81686401367188,1.55838012695312,1.66168212890625,1.63848876953125
11.9598860740662,-0.1068115234375,-0.180511474609375,-0.054473876953125,-0.89447021484375,2.60101318359375,10.235595703125,1.78192138671875,1.48880004882812,1.76605224609375,1.641845703125
11.970183134079,-0.0811767578125,-0.20294189453125,-0.22430419921875,-3.4991455078125,2.611083984375,9.98016357421875,1.9805908203125,1.27685546875,1.99249267578125,1.4288330078125
11.9799888134003,0.02777099609375,0.056610107421875,-0.04058837890625,-2.42706298828125,-1.5692138671875,11.3772583007812,1.79702758789062,1.61941528320312,1.71890258789062,1.54403686523438
11.9900140762329,-0.080108642578125,-0.097198486328125,0.065155029296875,-2.82257080078125,-0.21514892578125,12.3101806640625,1.65023803710938,1.67083740234375,1.60247802734375,1.75582885742188
12.0002315044403,-0.03631591796875,-0.01068115234375,0.01068115234375,1.1883544921875,0.615234375,10.4104614257812,1.73065185546875,1.63299560546875,1.66183471679688,1.65481567382812
12.0098192691803,-0.04913330078125,-0.186920166015625,0.01922607421875,0.38177490234375,0.9466552734375,10.4544067382812,1.67129516601562,1.58660888671875,1.70074462890625,1.72164916992188
12.0197684764862,0.120697021484375,-0.479583740234375,0.00640869140625,-5.0885009765625,-2.05810546875,10.587158203125,1.54464721679688,1.534423828125,1.85653686523438,1.7431640625
12.0419182777405,-0.00640869140625,-0.042724609375,-0.008544921875,-0.07598876953125,3.11004638671875,10.7876586914062,1.73141479492188,1.60552978515625,1.70501708984375,1.63650512695312
12.0518836975098,0.033111572265625,-0.0469970703125,-0.056610107421875,0.831298828125,3.44329833984375,10.4498291015625,1.77658081054688,1.55303955078125,1.77947998046875,1.57333374023438
12.0601341724396,0.00640869140625,-0.025634765625,-0.127105712890625,1.102294921875,2.95806884765625,11.5631103515625,1.87881469726562,1.4642333984375,1.8524169921875,1.48727416992188
12.0720617771149,0.095062255859375,0.024566650390625,-0.10040283203125,-0.19683837890625,-1.6644287109375,10.4086303710938,1.8365478515625,1.53976440429688,1.82952880859375,1.47674560546875
12.0810642242432,-0.04486083984375,0.056610107421875,0.197601318359375,2.17254638671875,-0.92010498046875,9.01611328125,1.51580810546875,1.88003540039062,1.40350341796875,1.88308715820312
12.090194940567,0.02349853515625,-0.048065185546875,0.157012939453125,1.70196533203125,-1.06475830078125,8.88885498046875,1.51168823242188,1.82083129882812,1.50436401367188,1.84890747070312
12.1002323627472,-0.011749267578125,0.05126953125,0.09185791015625,2.2540283203125,0.07598876953125,8.90533447265625,1.63116455078125,1.754150390625,1.54632568359375,1.75323486328125
12.1104190349579,-0.01495361328125,-0.214691162109375,-0.0213623046875,3.35540771484375,-0.00640869140625,7.73529052734375,1.6949462890625,1.53091430664062,1.76742553710938,1.69174194335938
12.1204726696014,-0.16448974609375,0.19866943359375,-0.1580810546875,3.36181640625,0.21514892578125,7.4853515625,2.03292846679688,1.44073486328125,1.76956176757812,1.43936157226562
12.1301262378693,-0.0341796875,0.167694091796875,-0.097198486328125,1.08306884765625,-1.885986328125,8.19580078125,1.90704345703125,1.54891967773438,1.7401123046875,1.48178100585938
12.1405124664307,0.073699951171875,-0.003204345703125,-0.162353515625,1.42181396484375,0.65093994140625,9.158935546875,1.9061279296875,1.44943237304688,1.90628051757812,1.41769409179688
12.1514310836792,0.035247802734375,0.137786865234375,-0.035247802734375,-0.0531005859375,0.4705810546875,10.1449584960938,1.80419921875,1.6363525390625,1.69219970703125,1.54510498046875
12.1608519554138,-0.071563720703125,0.075836181640625,0.13671875,-1.3751220703125,-0.60516357421875,11.0769653320312,1.60247802734375,1.798095703125,1.46377563476562,1.810302734375
12.1700372695923,-0.128173828125,0.086517333984375,0.07476806640625,-2.6422119140625,-0.6976318359375,10.576171875,1.7022705078125,1.70852661132812,1.51870727539062,1.74911499023438
12.1799201965332,-0.1153564453125,0.29693603515625,0.097198486328125,0.6317138671875,0.10986328125,9.730224609375,1.73263549804688,1.80267333984375,1.42929077148438,1.71173095703125
12.1902453899384,-0.092926025390625,0.022430419921875,0.105743408203125,-1.1041259765625,1.82373046875,9.0582275390625,1.639404296875,1.7340087890625,1.5069580078125,1.7974853515625
12.200300693512,-0.17730712890625,0.043792724609375,-0.024566650390625,-1.1151123046875,1.2139892578125,9.532470703125,1.83349609375,1.55364990234375,1.636962890625,1.65390014648438
12.2116158008575,-0.076904296875,0.08544921875,0.026702880859375,-1.20849609375,-0.03204345703125,10.2392578125,1.75506591796875,1.66152954101562,1.58676147460938,1.67678833007812
12.2302594184875,-0.058746337890625,0.1580810546875,-0.15380859375,0.10986328125,-1.34490966796875,9.78790283203125,2.003173828125,1.46636962890625,1.78863525390625,1.42044067382812
12.2414157390594,-0.082244873046875,0.076904296875,-0.05126953125,0.58868408203125,2.75115966796875,8.63616943359375,1.85897827148438,1.563720703125,1.67572021484375,1.57867431640625
12.2514569759369,0.04486083984375,-0.01068115234375,-0.08544921875,-2.1533203125,0.7379150390625,7.45697021484375,1.83944702148438,1.53305053710938,1.77810668945312,1.5289306640625
12.2598383426666,-0.02777099609375,0.02777099609375,0.068359375,-2.105712890625,-1.65435791015625,8.2965087890625,1.68075561523438,1.715087890625,1.552734375,1.73095703125
12.2698049545288,0.024566650390625,-0.218963623046875,-0.043792724609375,-5.6561279296875,-0.380859375,8.3843994140625,1.73233032226562,1.51504516601562,1.78146362304688,1.65054321289062
12.2799634933472,0.07904052734375,-0.11322021484375,0.05767822265625,-4.42108154296875,-0.955810546875,8.93096923828125,1.62078857421875,1.6888427734375,1.636962890625,1.73202514648438
12.2898292541504,0.009613037109375,-0.028839111328125,0.06622314453125,-2.6861572265625,0.8514404296875,10.0689697265625,1.65771484375,1.7059326171875,1.57913208007812,1.73904418945312
12.2998435497284,0,0.080108642578125,-0.03204345703125,-1.3330078125,0.05218505859375,9.093017578125,1.81610107421875,1.61361694335938,1.66702270507812,1.58676147460938
12.310311794281,0.063018798828125,0.016021728515625,-0.0128173828125,0.99334716796875,1.827392578125,8.63067626953125,1.7529296875,1.63848876953125,1.6796875,1.61224365234375
12.3199834823608,0.193328857421875,-0.110015869140625,-0.001068115234375,-3.3563232421875,-1.60400390625,8.57025146484375,1.65939331054688,1.6552734375,1.7425537109375,1.62460327148438
12.3303678035736,0.039520263671875,0.068359375,-0.095062255859375,-3.22265625,-2.02972412109375,9.66888427734375,1.87515258789062,1.5509033203125,1.75857543945312,1.49093627929688
12.3399567604065,0.2093505859375,0.052337646484375,0.01495361328125,0.59783935546875,1.6534423828125,10.4104614257812,1.68212890625,1.73828125,1.67221069335938,1.58218383789062
12.3509366512299,0.1324462890625,-0.011749267578125,0.0982666015625,0.61065673828125,0.648193359375,9.6771240234375,1.58355712890625,1.80160522460938,1.56570434570312,1.73004150390625
12.3615348339081,0.129241943359375,-0.077972412109375,0.08331298828125,0.64361572265625,0.29937744140625,10.3518676757812,1.5838623046875,1.76162719726562,1.6033935546875,1.732177734375
12.3710026741028,0.22430419921875,0.016021728515625,-0.1239013671875,0.7928466796875,-3.43231201171875,9.9700927734375,1.83883666992188,1.55914306640625,1.86630249023438,1.4190673828125
12.3799304962158,-0.024566650390625,0.0042724609375,-0.080108642578125,0.450439453125,-1.21856689453125,10.052490234375,1.85470581054688,1.54296875,1.74148559570312,1.54876708984375
12.3900034427643,0.003204345703125,-0.0726318359375,-0.1495361328125,-0.2874755859375,0.9503173828125,9.48760986328125,1.90994262695312,1.44393920898438,1.86111450195312,1.4715576171875
12.4011170864105,0.024566650390625,-0.028839111328125,-0.025634765625,0.04852294921875,-1.02447509765625,10.228271484375,1.76239013671875,1.61788940429688,1.6998291015625,1.6064453125
12.409809589386,-0.069427490234375,-0.018157958984375,0.116424560546875,-1.270751953125,-2.76947021484375,10.7510375976562,1.61697387695312,1.76345825195312,1.4947509765625,1.81610107421875
12.4199419021606,-0.00640869140625,-0.13885498046875,0.2008056640625,-6.04248046875,-4.7589111328125,11.5621948242188,1.45721435546875,1.85195922851562,1.44638061523438,1.93954467773438
12.4319534301758,-0.148468017578125,-0.08758544921875,0.077972412109375,-3.98529052734375,-2.62298583984375,10.9561157226562,1.66839599609375,1.67160034179688,1.54098510742188,1.81442260742188
12.440009355545,-0.052337646484375,0.060882568359375,-0.169830322265625,2.10205078125,-1.600341796875,9.8876953125,1.99356079101562,1.43173217773438,1.83334350585938,1.43600463867188
12.4500870704651,-0.077972412109375,-0.01495361328125,-0.0384521484375,1.5362548828125,-1.14990234375,10.3472900390625,1.81640625,1.56417846679688,1.68075561523438,1.63726806640625
12.4609203338623,-0.167694091796875,0.007476806640625,-0.04058837890625,-0.76904296875,-0.6097412109375,10.18798828125,1.85256958007812,1.54083251953125,1.64871215820312,1.65542602539062
12.4730439186096,-0.120697021484375,0.013885498046875,0.122833251953125,-3.1549072265625,-3.577880859375,11.5081787109375,1.63604736328125,1.75979614257812,1.45416259765625,1.84707641601562
12.4800219535828,-0.124969482421875,-0.01068115234375,0.101470947265625,-2.89947509765625,-1.021728515625,10.01220703125,1.65634155273438,1.724853515625,1.48696899414062,1.82891845703125
12.4906017780304,-0.022430419921875,0.0128173828125,-0.001068115234375,-2.1881103515625,-1.446533203125,10.4067993164062,1.767578125,1.63238525390625,1.64031982421875,1.658935546875
12.4999861717224,-0.02777099609375,0.08758544921875,0.011749267578125,5.3887939453125,-0.8587646484375,10.6951904296875,1.7755126953125,1.66915893554688,1.600341796875,1.65420532226562
12.5103964805603,-0.030975341796875,-0.15167236328125,0.020294189453125,5.14801025390625,-0.1959228515625,9.48577880859375,1.69387817382812,1.60903930664062,1.65451049804688,1.74407958984375
12.5200188159943,-0.10894775390625,-0.349273681640625,0.018157958984375,-3.06243896484375,-1.0986328125,10.4031372070312,1.66290283203125,1.5228271484375,1.690673828125,1.82449340820312
12.5313408374786,0.039520263671875,-0.17730712890625,0.037384033203125,-3.6767578125,-2.64862060546875,10.6320190429688,1.64871215820312,1.640625,1.65634155273438,1.7559814453125
12.5402257442474,0.174102783203125,-0.135650634765625,0.07476806640625,-7.939453125,-4.86785888671875,11.93115234375,1.5728759765625,1.7413330078125,1.63665771484375,1.75079345703125
12.5509819984436,-0.069427490234375,0.165557861328125,-0.026702880859375,-3.61724853515625,-2.911376953125,10.4965209960938,1.86691284179688,1.62673950195312,1.59820556640625,1.60980224609375
12.5599408149719,-0.04486083984375,0.052337646484375,-0.101470947265625,0.44219970703125,-0.12176513671875,9.40338134765625,1.92169189453125,1.50970458984375,1.73110961914062,1.5447998046875
12.5701720714569,0.05340576171875,-0.02777099609375,-0.009613037109375,-0.55389404296875,-0.85784912109375,10.0653076171875,1.75949096679688,1.63284301757812,1.6650390625,1.65298461914062
12.5799386501312,0.097198486328125,0.07476806640625,-0.018157958984375,-4.99237060546875,-3.8507080078125,10.5056762695312,1.78726196289062,1.66641235351562,1.65756225585938,1.59912109375
12.5908188819885,0.124969482421875,-0.336456298828125,-0.063018798828125,-9.0582275390625,-4.0594482421875,11.3772583007812,1.70928955078125,1.49795532226562,1.84234619140625,1.65695190429688
12.5998497009277,0.105743408203125,0.11962890625,0.04913330078125,-3.00384521484375,-3.4771728515625,11.7434692382812,1.71142578125,1.7694091796875,1.55960083007812,1.66595458984375
12.6107738018036,0.0042724609375,0.204010009765625,0.1324462890625,2.54058837890625,-3.5797119140625,10.9561157226562,1.6693115234375,1.87332153320312,1.39480590820312,1.77047729492188
12.6199140548706,-0.056610107421875,0.028839111328125,0.03631591796875,4.18121337890625,-1.11053466796875,10.206298828125,1.7559814453125,1.68106079101562,1.54830932617188,1.72027587890625
12.6400580406189,-0.033111572265625,-0.01922607421875,-0.116424560546875,-0.2783203125,2.12493896484375,9.91424560546875,1.9256591796875,1.48513793945312,1.76025390625,1.53366088867188
12.6520500183105,0.02349853515625,0.11749267578125,-0.16448974609375,-0.5657958984375,1.131591796875,10.814208984375,2.00790405273438,1.48544311523438,1.79611206054688,1.41372680664062
12.662933588028,0.0128173828125,0.082244873046875,-0.165557861328125,3.4332275390625,2.578125,11.09619140625,2.0037841796875,1.47552490234375,1.80252075195312,1.42303466796875
12.671914100647,0.174102783203125,0.1666259765625,-0.15380859375,2.26409912109375,2.62939453125,11.9778442382812,1.96548461914062,1.56723022460938,1.81076049804688,1.36215209960938
12.6798007488251,0.043792724609375,-0.050201416015625,0.093994140625,2.29339599609375,3.643798828125,11.2197875976562,1.62948608398438,1.77078247070312,1.53045654296875,1.77490234375
12.6901636123657,-0.01068115234375,-0.1324462890625,0.264892578125,2.87109375,3.870849609375,9.90966796875,1.4044189453125,1.94534301757812,1.32675170898438,2.02835083007812
12.7048826217651,-0.0726318359375,-0.1068115234375,0.23284912109375,2.23114013671875,1.285400390625,9.03076171875,1.47064208984375,1.89407348632812,1.34048461914062,1.99966430664062
12.7121601104736,-0.00213623046875,-0.36529541015625,0.148468017578125,0.55206298828125,1.19293212890625,9.67803955078125,1.47628784179688,1.73721313476562,1.54266357421875,1.949462890625
12.7219421863556,0.058746337890625,-0.27984619140625,-0.07476806640625,-2.00592041015625,0.27191162109375,9.92156982421875,1.76361083984375,1.50070190429688,1.81350708007812,1.6278076171875
12.7320423126221,0.039520263671875,-0.11322021484375,-0.128173828125,-2.63031005859375,2.3822021484375,10.6869506835938,1.88446044921875,1.4837646484375,1.82144165039062,1.51443481445312
12.7401399612427,0.142059326171875,-0.13885498046875,-0.1495361328125,-0.4962158203125,4.12078857421875,11.048583984375,1.86904907226562,1.4825439453125,1.885986328125,1.46560668945312
12.7508554458618,0.052337646484375,-0.0128173828125,-0.10467529296875,2.50946044921875,6.0552978515625,9.7705078125,1.87835693359375,1.54937744140625,1.76589965820312,1.50970458984375
12.7601017951965,-0.033111572265625,0.01495361328125,-0.05126953125,3.26934814453125,4.31396484375,9.8602294921875,1.84661865234375,1.59683227539062,1.67465209960938,1.58981323242188
12.7710273265839,0.13671875,0,0.054473876953125,3.431396484375,-0.30120849609375,9.6075439453125,1.65603637695312,1.77474975585938,1.60064697265625,1.6766357421875
12.7799932956696,0.163421630859375,-0.22430419921875,0.1239013671875,-0.8660888671875,-2.867431640625,9.91241455078125,1.49200439453125,1.79824829101562,1.59286499023438,1.82968139648438
12.7909882068634,0.162353515625,-0.340728759765625,0.1495361328125,0.19317626953125,-1.65252685546875,8.9813232421875,1.4208984375,1.79763793945312,1.59591674804688,1.8975830078125
12.8006477355957,0.024566650390625,-0.07904052734375,-0.06195068359375,0.8642578125,-2.2796630859375,8.65081787109375,1.80648803710938,1.56845092773438,1.74118041992188,1.59591674804688
12.8103802204132,-0.035247802734375,-0.058746337890625,-0.1324462890625,3.072509765625,1.53076171875,10.3875732421875,1.91696166992188,1.4691162109375,1.80511474609375,1.52297973632812
12.8201642036438,0.080108642578125,-0.13885498046875,-0.090789794921875,1.1572265625,-0.65093994140625,10.8673095703125,1.80038452148438,1.52938842773438,1.81594848632812,1.56692504882812
12.8308503627777,-0.167694091796875,-0.13671875,-0.16876220703125,1.5911865234375,-2.41790771484375,9.82177734375,1.97311401367188,1.35848999023438,1.83761596679688,1.5435791015625
12.8397622108459,0.093994140625,0.15167236328125,-0.059814453125,6.49383544921875,2.56622314453125,9.61212158203125,1.84280395507812,1.6571044921875,1.70196533203125,1.51565551757812
12.8514912128448,0.080108642578125,-0.213623046875,0.142059326171875,-0.1263427734375,3.41217041015625,10.9259033203125,1.47903442382812,1.78970336914062,1.56234741210938,1.88735961914062
12.8629524707794,-0.084381103515625,0.178375244140625,-0.058746337890625,5.4547119140625,3.5284423828125,9.57275390625,1.89483642578125,1.59988403320312,1.64703369140625,1.57638549804688
12.8720259666443,0.00640869140625,-0.0469970703125,0.124969482421875,3.739013671875,0.772705078125,8.05938720703125,1.57028198242188,1.78436279296875,1.5155029296875,1.85211181640625
12.8810722827911,-0.157012939453125,-0.04058837890625,0.10040283203125,5.04547119140625,1.91619873046875,6.6943359375,1.64947509765625,1.7041015625,1.49627685546875,1.87240600585938
12.8919429779053,0.075836181640625,-0.12176513671875,0.23284912109375,1.8109130859375,-2.38861083984375,7.99346923828125,1.38916015625,1.91635131835938,1.42486572265625,1.99188232421875
12.8999266624451,0.01068115234375,-0.129241943359375,0.1324462890625,-3.00933837890625,-2.87933349609375,10.4086303710938,1.53289794921875,1.75933837890625,1.52755737304688,1.89910888671875
12.9124965667725,0.082244873046875,-0.1495361328125,-0.240325927734375,-3.013916015625,2.02239990234375,10.0057983398438,1.97052001953125,1.30661010742188,2.02163696289062,1.419677734375
12.9221205711365,0.041656494140625,-0.01922607421875,-0.16448974609375,-2.23388671875,0.63995361328125,11.0128784179688,1.92672729492188,1.427001953125,1.87728881835938,1.48727416992188
12.9329130649567,0.18157958984375,0.34820556640625,-0.028839111328125,1.04278564453125,2.149658203125,10.0460815429688,1.8243408203125,1.749267578125,1.639404296875,1.50527954101562
12.9402792453766,0.052337646484375,-0.1239013671875,0.16021728515625,-4.96124267578125,1.89605712890625,11.8716430664062,1.48391723632812,1.80633544921875,1.50421142578125,1.92611694335938
12.9511711597443,-0.001068115234375,0.159149169921875,0.090789794921875,-2.73284912109375,1.11968994140625,12.777099609375,1.669921875,1.78817749023438,1.49017333984375,1.77017211914062
12.9629611968994,0.174102783203125,-0.080108642578125,0.1153564453125,0.882568359375,-1.2579345703125,11.1593627929688,1.51718139648438,1.8017578125,1.580810546875,1.82098388671875
12.9711139202118,-0.060882568359375,-0.042724609375,0.07904052734375,1.25885009765625,-1.4593505859375,10.0479125976562,1.6455078125,1.6973876953125,1.539306640625,1.83990478515625
12.982221364975,0.06622314453125,0.107879638671875,0.013885498046875,4.013671875,-0.68572998046875,9.78790283203125,1.734619140625,1.69891357421875,1.61407470703125,1.67465209960938
12.9921953678131,0.04913330078125,-0.189056396484375,-0.11322021484375,-2.76123046875,-5.84381103515625,11.3809204101562,1.8084716796875,1.44119262695312,1.85714721679688,1.60995483398438
13.0029339790344,-0.09185791015625,0.033111572265625,-0.097198486328125,-0.5108642578125,-4.84771728515625,9.96917724609375,1.89712524414062,1.48605346679688,1.728515625,1.60507202148438
13.0116415023804,-0.11962890625,0.139923095703125,-0.33966064453125,2.71270751953125,6.90765380859375,7.6153564453125,2.24075317382812,1.2188720703125,1.98928833007812,1.26388549804688
13.0228939056396,0.028839111328125,0.075836181640625,-0.118560791015625,6.2054443359375,5.13427734375,6.73004150390625,1.90109252929688,1.51901245117188,1.77688598632812,1.51565551757812
13.0330190658569,0.028839111328125,0.095062255859375,0.060882568359375,1.7889404296875,3.204345703125,7.0989990234375,1.68487548828125,1.75628662109375,1.5435791015625,1.72500610351562
13.0417971611023,0.1708984375,0.223236083984375,0.08544921875,-0.35614013671875,-1.4154052734375,9.53155517578125,1.646728515625,1.87149047851562,1.51535034179688,1.67205810546875
13.0510489940643,0.08544921875,0.199737548828125,0.22003173828125,2.96905517578125,-3.1732177734375,11.6693115234375,1.49810791015625,2.0062255859375,1.32858276367188,1.87286376953125
13.0719721317291,-0.050201416015625,0.330047607421875,0.077972412109375,5.89508056640625,-1.35040283203125,10.1248168945312,1.75277709960938,1.82403564453125,1.42852783203125,1.7010498046875
13.0817856788635,-0.068359375,0.179443359375,-0.142059326171875,5.474853515625,2.5946044921875,10.3912353515625,1.98699951171875,1.500244140625,1.74285888671875,1.47628784179688
13.0917403697968,0.00213623046875,0.068359375,-0.099334716796875,1.0162353515625,-1.50054931640625,9.7247314453125,1.87698364257812,1.54464721679688,1.73980712890625,1.53778076171875
13.099794626236,-0.069427490234375,-0.048065185546875,-0.073699951171875,0.09063720703125,1.74774169921875,9.2431640625,1.8353271484375,1.5240478515625,1.71859741210938,1.62216186523438
13.1118960380554,0.236053466796875,0.037384033203125,-0.112152099609375,-1.3861083984375,-0.380859375,9.23126220703125,1.81716918945312,1.5924072265625,1.83395385742188,1.45660400390625
13.1224489212036,0.033111572265625,-0.142059326171875,0.23712158203125,-3.270263671875,-1.1865234375,9.81536865234375,1.38839721679688,1.91741943359375,1.38961791992188,1.99905395507812
13.1329748630524,0.069427490234375,-0.161285400390625,0.001068115234375,0.02471923828125,-1.06842041015625,10.17333984375,1.66458129882812,1.62918090820312,1.7059326171875,1.69403076171875
13.1419250965118,-0.12176513671875,0.16448974609375,0.184783935546875,7.349853515625,1.11785888671875,9.0234375,1.58706665039062,1.8963623046875,1.324462890625,1.88507080078125
13.1527676582336,-0.050201416015625,0.13458251953125,0,10.242919921875,6.46453857421875,8.45306396484375,1.78863525390625,1.67526245117188,1.5863037109375,1.64749145507812
13.160680770874,0.06622314453125,-0.22216796875,0.042724609375,1.4923095703125,1.66717529296875,9.99481201171875,1.59164428710938,1.65695190429688,1.67434692382812,1.77230834960938
13.1718437671661,-0.01922607421875,-0.0726318359375,-0.120697021484375,-2.64312744140625,-0.80841064453125,9.9462890625,1.866455078125,1.47659301757812,1.80892944335938,1.54495239257812
13.1799626350403,0.107879638671875,-0.03204345703125,-0.042724609375,-1.15814208984375,-1.08856201171875,9.49310302734375,1.73934936523438,1.6278076171875,1.7364501953125,1.59072875976562
13.1923677921295,0.118560791015625,0.069427490234375,-0.15380859375,2.57904052734375,0.93475341796875,9.32830810546875,1.904296875,1.52389526367188,1.84890747070312,1.41510009765625
13.2019970417023,0.144195556640625,0.22003173828125,-0.056610107421875,4.47601318359375,5.5133056640625,9.755859375,1.8182373046875,1.69967651367188,1.6937255859375,1.48284912109375
13.2118844985962,0.204010009765625,-0.088653564453125,-0.00213623046875,-3.4991455078125,2.48016357421875,12.4822998046875,1.63665771484375,1.6900634765625,1.74163818359375,1.62460327148438
13.2189602851868,-0.08544921875,0.350341796875,-0.063018798828125,1.3165283203125,1.7120361328125,11.7828369140625,1.92718505859375,1.6571044921875,1.605224609375,1.5032958984375
13.2329325675964,0.018157958984375,-0.159149169921875,0.067291259765625,-1.2652587890625,2.413330078125,10.6219482421875,1.58035278320312,1.69830322265625,1.62582397460938,1.78848266601562
13.2402176856995,-0.14739990234375,-0.095062255859375,0.163421630859375,-2.10205078125,1.42547607421875,9.56451416015625,1.52633666992188,1.78192138671875,1.43814086914062,1.94808959960938
13.2518482208252,-0.0726318359375,0.1922607421875,0.216827392578125,-0.07965087890625,-0.46783447265625,10.272216796875,1.52023315429688,1.95816040039062,1.30874633789062,1.90582275390625
13.2605781555176,-0.120697021484375,0.045928955078125,0.10040283203125,1.88873291015625,-1.15264892578125,9.68536376953125,1.63406372070312,1.75460815429688,1.48788452148438,1.81869506835938
13.2700281143188,-0.218963623046875,-0.308685302734375,0.105743408203125,-3.71795654296875,-0.66375732421875,10.0616455078125,1.54647827148438,1.62246704101562,1.5618896484375,1.9635009765625
13.2797870635986,-0.0897216796875,0.075836181640625,-0.073699951171875,-2.75848388671875,1.11419677734375,10.5203247070312,1.8475341796875,1.55303955078125,1.70806884765625,1.58584594726562
13.2898445129395,0.01068115234375,0.128173828125,-0.080108642578125,-1.26708984375,5.06195068359375,10.4452514648438,1.83746337890625,1.58950805664062,1.73385620117188,1.53671264648438
13.29913854599,-0.18157958984375,0.05767822265625,-0.001068115234375,0.83038330078125,9.43634033203125,8.4246826171875,1.77047729492188,1.60797119140625,1.59835815429688,1.72317504882812
13.310441493988,-0.043792724609375,0.060882568359375,0.11322021484375,4.64813232421875,10.3976440429688,9.17266845703125,1.58721923828125,1.79122924804688,1.4947509765625,1.82525634765625
13.3210258483887,0.101470947265625,-0.04058837890625,-0.033111572265625,2.08648681640625,6.8994140625,11.3946533203125,1.69509887695312,1.622314453125,1.7510986328125,1.62994384765625
13.3291780948639,-0.128173828125,-0.124969482421875,-0.037384033203125,-4.92279052734375,-0.9576416015625,12.0748901367188,1.74423217773438,1.52069091796875,1.71218872070312,1.71981811523438
13.3401560783386,-0.1666259765625,-0.05126953125,-0.04058837890625,-3.8873291015625,-2.325439453125,10.6768798828125,1.78070068359375,1.52587890625,1.68319702148438,1.70867919921875
13.3505432605743,-0.060882568359375,0.068359375,-0.013885498046875,-0.10528564453125,-3.08258056640625,10.7647705078125,1.74835205078125,1.6259765625,1.64398193359375,1.68014526367188
13.3611869812012,-0.1837158203125,-0.06622314453125,-0.05767822265625,0.53466796875,2.51678466796875,9.2340087890625,1.79931640625,1.49398803710938,1.70333862304688,1.70257568359375
13.3692882061005,-0.016021728515625,-0.111083984375,-0.024566650390625,-1.2396240234375,2.62298583984375,9.55352783203125,1.69296264648438,1.57424926757812,1.72622680664062,1.70181274414062
13.3791635036469,0.069427490234375,0.15380859375,0.018157958984375,-0.0274658203125,2.5616455078125,10.99365234375,1.690673828125,1.7388916015625,1.61605834960938,1.64657592773438
13.3902409076691,0.24566650390625,0.42510986328125,-0.025634765625,-0.333251953125,4.541015625,9.569091796875,1.77352905273438,1.82708740234375,1.64047241210938,1.4471435546875
13.399932384491,0.0299072265625,0.043792724609375,0.1409912109375,-4.40460205078125,2.7044677734375,9.77874755859375,1.51657104492188,1.85562133789062,1.48208618164062,1.83395385742188
13.4097747802734,0.101470947265625,0.039520263671875,0.11962890625,-5.819091796875,-1.5618896484375,11.4239501953125,1.51809692382812,1.85379028320312,1.53274536132812,1.78024291992188
13.4197354316711,0.1025390625,0.084381103515625,0.21575927734375,-8.3367919921875,-3.7994384765625,11.6354370117188,1.40716552734375,1.99188232421875,1.4068603515625,1.87973022460938
13.4303076267242,0.013885498046875,0.2392578125,-0.013885498046875,-4.833984375,-2.51861572265625,10.513916015625,1.76300048828125,1.72821044921875,1.62185668945312,1.56967163085938
13.441890001297,0.01068115234375,0.013885498046875,-0.060882568359375,-3.160400390625,-2.735595703125,10.1312255859375,1.7547607421875,1.6009521484375,1.74697875976562,1.57989501953125
13.4502251148224,-0.0128173828125,-0.037384033203125,-0.238189697265625,-1.2762451171875,-2.7081298828125,9.11773681640625,1.9622802734375,1.36123657226562,1.98410034179688,1.37100219726562
13.4610276222229,-0.204010009765625,0.25421142578125,-0.1666259765625,-2.2943115234375,-4.07318115234375,9.02984619140625,2.01766967773438,1.48178100585938,1.75018310546875,1.42898559570312
13.4720768928528,-0.022430419921875,0.105743408203125,-0.223236083984375,-3.88824462890625,-2.435302734375,10.2548217773438,1.990966796875,1.41921997070312,1.9195556640625,1.34658813476562
13.4798183441162,-0.139923095703125,0.080108642578125,0.009613037109375,-2.30621337890625,1.22772216796875,10.36376953125,1.73385620117188,1.66671752929688,1.59881591796875,1.67999267578125
13.4893448352814,-0.189056396484375,-0.056610107421875,-0.111083984375,-3.59619140625,3.31146240234375,10.0515747070312,1.85928344726562,1.4599609375,1.77581787109375,1.58432006835938
13.5000538825989,-0.00640869140625,0.27130126953125,-0.197601318359375,-0.82122802734375,0.44769287109375,9.89959716796875,2.01171875,1.50558471679688,1.84158325195312,1.31973266601562
13.5101294517517,-0.18798828125,0.099334716796875,0.195465087890625,-3.12103271484375,1.702880859375,9.4317626953125,1.5350341796875,1.89117431640625,1.341552734375,1.91329956054688
13.5200510025024,-0.189056396484375,0.12603759765625,0.135650634765625,-1.58660888671875,1.76422119140625,9.32373046875,1.62384033203125,1.82174682617188,1.402587890625,1.83029174804688
13.5303575992584,-0.065155029296875,0.1666259765625,0.274505615234375,0.38543701171875,0.3570556640625,9.16900634765625,1.42227172851562,2.042236328125,1.251220703125,1.9525146484375
13.540905714035,-0.253143310546875,-0.1068115234375,0.037384033203125,-2.054443359375,-1.38153076171875,9.3951416015625,1.6961669921875,1.6162109375,1.56814575195312,1.79428100585938
13.5504312515259,-0.411224365234375,0.086517333984375,0.007476806640625,-0.2947998046875,-1.42913818359375,7.80029296875,1.83853149414062,1.5936279296875,1.49551391601562,1.7462158203125
13.5597949028015,-0.29266357421875,0.035247802734375,-0.05126953125,-2.3419189453125,2.596435546875,8.5089111328125,1.86752319335938,1.54449462890625,1.60995483398438,1.65756225585938
13.5741755962372,-0.05767822265625,-0.097198486328125,-0.1495361328125,-4.9090576171875,-0.6463623046875,8.73870849609375,1.88003540039062,1.45233154296875,1.84234619140625,1.50466918945312
13.5794095993042,-0.144195556640625,-0.00640869140625,0.03204345703125,-2.87384033203125,-1.322021484375,11.3726806640625,1.717529296875,1.6839599609375,1.55014038085938,1.73110961914062
13.5905203819275,-0.022430419921875,-0.028839111328125,-0.103607177734375,-0.98236083984375,-1.0491943359375,10.264892578125,1.84478759765625,1.54388427734375,1.76315307617188,1.53076171875
13.6011304855347,-0.0982666015625,0.10040283203125,0.14312744140625,2.10296630859375,0.98785400390625,9.65423583984375,1.60125732421875,1.87088012695312,1.38870239257812,1.82098388671875
13.6099848747253,-0.005340576171875,0.08331298828125,-0.028839111328125,3.48541259765625,2.22015380859375,9.00238037109375,1.78604125976562,1.67770385742188,1.63131713867188,1.5850830078125
13.619898557663,0.01068115234375,0.00640869140625,0.11749267578125,1.768798828125,-1.01898193359375,10.0103759765625,1.5802001953125,1.84158325195312,1.47796630859375,1.78909301757812
13.6299221515656,-0.19439697265625,0.052337646484375,0.24993896484375,3.64105224609375,-3.4552001953125,10.4104614257812,1.48910522460938,1.95571899414062,1.2371826171875,2.00698852539062
13.6402118206024,-0.033111572265625,-0.27557373046875,0.037384033203125,-1.52435302734375,-2.11761474609375,10.9341430664062,1.6021728515625,1.63864135742188,1.651611328125,1.79473876953125
13.6507475376129,-0.1495361328125,-0.350341796875,-0.080108642578125,-8.12255859375,0.60882568359375,10.6805419921875,1.76284790039062,1.4337158203125,1.78558349609375,1.70516967773438
13.6600611209869,0.020294189453125,0.05340576171875,-0.184783935546875,-4.80560302734375,0.3350830078125,10.1412963867188,1.96365356445312,1.47064208984375,1.849365234375,1.40289306640625
13.6699740886688,0.04058837890625,-0.1409912109375,-0.10040283203125,-3.944091796875,-1.995849609375,10.7308959960938,1.7889404296875,1.51885986328125,1.81182861328125,1.57150268554688
13.6911790370941,0.075836181640625,-0.28839111328125,0.095062255859375,-0.38818359375,0.889892578125,8.59039306640625,1.492919921875,1.71966552734375,1.62384033203125,1.85256958007812
13.6998066902161,0.05767822265625,0,-0.01068115234375,2.21099853515625,2.427978515625,6.8865966796875,1.71615600585938,1.66549682617188,1.66519165039062,1.64443969726562
13.7102751731873,0.075836181640625,0.1837158203125,0.133514404296875,1.94366455078125,1.46209716796875,8.9776611328125,1.5869140625,1.90567016601562,1.43539428710938,1.7633056640625
13.721040725708,0,-0.10040283203125,0.00213623046875,0.78460693359375,0.93109130859375,9.50042724609375,1.69464111328125,1.63284301757812,1.66336059570312,1.69952392578125
13.7302706241608,-0.0811767578125,-0.16021728515625,0.19012451171875,-0.7525634765625,-2.706298828125,8.690185546875,1.46499633789062,1.82662963867188,1.42196655273438,1.97708129882812
13.7408828735352,0.075836181640625,-0.075836181640625,-0.007476806640625,-1.24420166015625,-5.27618408203125,8.32489013671875,1.6937255859375,1.65237426757812,1.68655395507812,1.65786743164062
13.7514095306396,0.03631591796875,-0.018157958984375,-0.14312744140625,-2.025146484375,-5.73394775390625,7.99713134765625,1.89056396484375,1.49185180664062,1.82723999023438,1.4776611328125
13.7610342502594,-0.092926025390625,-0.007476806640625,-0.124969482421875,0.59967041015625,-3.328857421875,8.40179443359375,1.91162109375,1.48208618164062,1.76055908203125,1.53396606445312
13.771874666214,-0.059814453125,0.133514404296875,-0.08331298828125,3.16680908203125,0.6280517578125,9.0966796875,1.88690185546875,1.58737182617188,1.67724609375,1.53350830078125
13.7820444107056,-0.161285400390625,0.11322021484375,-0.0640869140625,3.90106201171875,4.70306396484375,10.557861328125,1.88858032226562,1.57012939453125,1.62551879882812,1.59988403320312
13.7919507026672,0.013885498046875,0.0811767578125,-0.0213623046875,1.49871826171875,1.201171875,11.4642333984375,1.77413940429688,1.66580200195312,1.63284301757812,1.60903930664062
13.7999131679535,0.0469970703125,0.088653564453125,0.341796875,-1.80267333984375,-2.838134765625,11.3717651367188,1.31683349609375,2.13272094726562,1.18362426757812,2.05093383789062
13.8118932247162,-0.0726318359375,0.0982666015625,0.039520263671875,-2.406005859375,-1.86126708984375,10.5166625976562,1.73416137695312,1.7230224609375,1.52114868164062,1.70364379882812
13.8218991756439,-0.054473876953125,-0.0982666015625,-0.0128173828125,-0.11260986328125,-0.9283447265625,11.3204956054688,1.7376708984375,1.6064453125,1.649169921875,1.68685913085938
13.8321537971497,-0.154876708984375,-0.196533203125,-0.0213623046875,1.1297607421875,2.098388671875,10.7034301757812,1.74942016601562,1.5362548828125,1.65908813476562,1.73538208007812
13.8403244018555,-0.054473876953125,0,-0.033111572265625,-0.4559326171875,1.1590576171875,10.8700561523438,1.795654296875,1.6143798828125,1.64398193359375,1.62521362304688
13.8518390655518,-0.2392578125,0.159149169921875,-0.0341796875,-1.68182373046875,-0.03387451171875,11.0137939453125,1.90139770507812,1.60324096679688,1.53961181640625,1.6351318359375
13.8728673458099,0.01495361328125,-0.325775146484375,-0.037384033203125,-5.03631591796875,3.46435546875,10.9735107421875,1.6839599609375,1.52999877929688,1.7645263671875,1.70089721679688
13.88978266716,0.04486083984375,-0.030975341796875,0.144195556640625,-2.74749755859375,-1.285400390625,9.840087890625,1.54144287109375,1.8463134765625,1.45370483398438,1.84280395507812
13.9110436439514,0.056610107421875,-0.27984619140625,0.1025390625,-0.3094482421875,-0.29388427734375,9.5947265625,1.51840209960938,1.71890258789062,1.58157348632812,1.86676025390625
13.9202423095703,0.058746337890625,-0.251007080078125,-0.02349853515625,0.00732421875,-0.74798583984375,10.0332641601562,1.68350219726562,1.568603515625,1.73538208007812,1.69586181640625
13.9299385547638,-0.073699951171875,0.026702880859375,-0.01495361328125,-0.3570556640625,-1.9281005859375,10.7025146484375,1.7950439453125,1.61956787109375,1.59942626953125,1.669921875
13.9406063556671,0.071563720703125,-0.09613037109375,-0.008544921875,3.255615234375,-2.52410888671875,9.90325927734375,1.70486450195312,1.63375854492188,1.67221069335938,1.67343139648438
13.9529266357422,0.127105712890625,-0.114288330078125,0.06622314453125,1.60675048828125,-2.431640625,10.9524536132812,1.58935546875,1.73858642578125,1.60064697265625,1.75552368164062
13.959981918335,0.045928955078125,-0.060882568359375,0.009613037109375,0.38909912109375,-3.05877685546875,9.42169189453125,1.69891357421875,1.65603637695312,1.63406372070312,1.69448852539062
13.9707765579224,-0.10467529296875,-0.111083984375,-0.028839111328125,0.94482421875,0.6463623046875,9.6148681640625,1.7828369140625,1.54891967773438,1.65328979492188,1.7071533203125
13.9825131893158,0.071563720703125,-0.101470947265625,-0.137786865234375,-0.33416748046875,1.45843505859375,8.27362060546875,1.86553955078125,1.466064453125,1.842041015625,1.51687622070312
13.9899709224701,0.07476806640625,-0.045928955078125,-0.01068115234375,-1.46759033203125,1.48773193359375,9.8529052734375,1.71432495117188,1.63955688476562,1.67312622070312,1.66030883789062
14.0019793510437,0.229644775390625,-0.1708984375,0.01495361328125,-4.3212890625,-0.4669189453125,11.1337280273438,1.59896850585938,1.68045043945312,1.72515869140625,1.68258666992188
14.0119626522064,0.10467529296875,0.097198486328125,0.037384033203125,-0.794677734375,-1.41998291015625,11.5704345703125,1.68563842773438,1.749267578125,1.5838623046875,1.66854858398438
14.0199077129364,0.105743408203125,-0.04486083984375,0.0384521484375,1.72943115234375,2.14874267578125,11.66015625,1.63909912109375,1.7083740234375,1.62734985351562,1.70928955078125
14.0345659255981,0.06195068359375,-0.0341796875,0.128173828125,1.34124755859375,0.867919921875,9.64874267578125,1.54556274414062,1.81610107421875,1.49871826171875,1.826171875
14.0412402153015,0.111083984375,0.04913330078125,0.09185791015625,0.60333251953125,1.6168212890625,9.86846923828125,1.60186767578125,1.8109130859375,1.53091430664062,1.74148559570312
14.0519061088562,0.07049560546875,-0.01708984375,-0.054473876953125,-3.7884521484375,-0.6829833984375,9.95086669921875,1.77352905273438,1.60064697265625,1.72256469726562,1.59072875976562
14.0719866752625,0.04486083984375,0.065155029296875,-0.0726318359375,1.5106201171875,2.1368408203125,8.4613037109375,1.82769775390625,1.59530639648438,1.71157836914062,1.55197143554688
14.0811748504639,0.112152099609375,-0.06622314453125,0.048065185546875,-1.025390625,0.3497314453125,8.62518310546875,1.61819458007812,1.72622680664062,1.6204833984375,1.72164916992188
14.0919480323792,0.01068115234375,0.0897216796875,0.043792724609375,-0.27923583984375,1.05010986328125,9.71099853515625,1.69921875,1.73812866210938,1.54678344726562,1.69601440429688
14.1018409729004,-0.033111572265625,0.042724609375,0.03631591796875,-2.266845703125,-1.18560791015625,9.52423095703125,1.7083740234375,1.70501708984375,1.55807495117188,1.70883178710938
14.1119527816772,-0.10040283203125,-0.04486083984375,0.05340576171875,-0.13916015625,-0.4779052734375,9.078369140625,1.68075561523438,1.67984008789062,1.54312133789062,1.77658081054688
14.1202170848846,0.00640869140625,0.116424560546875,0.018157958984375,1.93634033203125,-1.1041259765625,11.2646484375,1.74148559570312,1.71859741210938,1.56707763671875,1.65069580078125
14.1318566799164,-0.05767822265625,-0.01922607421875,-0.003204345703125,-2.2100830078125,-0.85052490234375,12.7349853515625,1.74713134765625,1.63421630859375,1.61468505859375,1.68426513671875
14.1429698467255,-0.092926025390625,0.0384521484375,-0.07049560546875,-0.40283203125,0.662841796875,11.7379760742188,1.86065673828125,1.553955078125,1.6693115234375,1.59393310546875
14.1518824100494,-0.118560791015625,0.060882568359375,-0.093994140625,-1.7724609375,-0.10986328125,11.4706420898438,1.9049072265625,1.5216064453125,1.68182373046875,1.57272338867188
14.1599941253662,-0.01068115234375,0.15594482421875,-0.07904052734375,2.25311279296875,-0.2874755859375,9.27703857421875,1.88232421875,1.6046142578125,1.66366577148438,1.52877807617188
14.1730353832245,0.01708984375,0,0.0341796875,0.81390380859375,-2.56805419921875,9.53704833984375,1.69479370117188,1.71142578125,1.57150268554688,1.70242309570312
14.1821627616882,0.04913330078125,0.076904296875,0.065155029296875,0.62713623046875,-2.0013427734375,10.17333984375,1.676025390625,1.7828369140625,1.51473999023438,1.7034912109375
14.1900072097778,-0.08544921875,0.01495361328125,0.082244873046875,3.0487060546875,1.7303466796875,10.1431274414062,1.67633056640625,1.74484252929688,1.47186279296875,1.7840576171875
14.1998171806335,-0.1153564453125,-0.01922607421875,-0.0042724609375,2.51129150390625,4.05303955078125,10.49560546875,1.78436279296875,1.61453247070312,1.58157348632812,1.69967651367188
14.2117898464203,0.042724609375,0.213623046875,-0.05767822265625,5.64971923828125,-0.85235595703125,10.7986450195312,1.87026977539062,1.66397094726562,1.62765502929688,1.51763916015625
14.2189450263977,0.00213623046875,0.09613037109375,-0.056610107421875,3.24188232421875,-1.22589111328125,11.2628173828125,1.84478759765625,1.61575317382812,1.65298461914062,1.56829833984375
14.2319002151489,-0.035247802734375,-0.063018798828125,-0.0384521484375,2.200927734375,-2.53692626953125,9.67987060546875,1.7852783203125,1.578369140625,1.66702270507812,1.650390625
14.240971326828,-0.05340576171875,-0.17303466796875,0.191192626953125,3.68499755859375,0.48248291015625,10.250244140625,1.46881103515625,1.82754516601562,1.40914916992188,1.97463989257812
14.252238035202,0.13031005859375,-0.323638916015625,0.043792724609375,0.5364990234375,0.369873046875,10.7666015625,1.55303955078125,1.65496826171875,1.69586181640625,1.78024291992188
14.2599008083344,-0.107879638671875,-0.3076171875,0.039520263671875,-2.85186767578125,0.54656982421875,10.4644775390625,1.63467407226562,1.58248901367188,1.62490844726562,1.842041015625
14.2694976329803,0.103607177734375,-0.272369384765625,-0.037384033203125,-2.10296630859375,-0.750732421875,10.8297729492188,1.67678833007812,1.55609130859375,1.7791748046875,1.67388916015625
14.2819027900696,0.196533203125,-0.511627197265625,0.13885498046875,-7.3663330078125,-4.83123779296875,10.4214477539062,1.35543823242188,1.73141479492188,1.66336059570312,1.93557739257812
14.2938342094421,0.16021728515625,-0.543670654296875,0.090789794921875,-10.0653076171875,-6.1614990234375,10.4690551757812,1.41693115234375,1.65084838867188,1.72149658203125,1.89651489257812
14.3027067184448,0.003204345703125,-0.3460693359375,-0.0128173828125,-7.9742431640625,-5.26885986328125,9.33929443359375,1.64459228515625,1.53045654296875,1.74697875976562,1.76300048828125
14.3117327690125,-0.065155029296875,-0.13671875,-0.1495361328125,-3.2794189453125,-1.717529296875,7.98248291015625,1.89895629882812,1.4019775390625,1.83395385742188,1.54998779296875
14.322821855545,-0.118560791015625,-0.1025390625,-0.210418701171875,-3.73260498046875,0.1922607421875,8.704833984375,2.00149536132812,1.31790161132812,1.88583374023438,1.48452758789062
14.3319959640503,0.022430419921875,0.13458251953125,-0.2435302734375,-1.69097900390625,1.16363525390625,10.0680541992188,2.060546875,1.38397216796875,1.91329956054688,1.33026123046875
14.3404927253723,0.144195556640625,0.1239013671875,-0.050201416015625,1.893310546875,0.22064208984375,11.1328125,1.78009033203125,1.65847778320312,1.7108154296875,1.53884887695312
14.3520572185516,0.191192626953125,0.355682373046875,0.02777099609375,5.95916748046875,-0.443115234375,9.93896484375,1.72775268554688,1.83624267578125,1.566162109375,1.55319213867188
14.3619930744171,0.022430419921875,0.12176513671875,0.13458251953125,5.54534912109375,1.0675048828125,9.224853515625,1.57501220703125,1.84829711914062,1.45263671875,1.80755615234375
14.371896982193,0.154876708984375,0.042724609375,0.210418701171875,2.92510986328125,0.6060791015625,8.94012451171875,1.41647338867188,1.9580078125,1.42425537109375,1.89422607421875
14.3818821907043,0.127105712890625,-0.033111572265625,0.247802734375,2.281494140625,0.50445556640625,9.6185302734375,1.35482788085938,1.97891235351562,1.38595581054688,1.97311401367188
14.3919115066528,-0.092926025390625,0.257415771484375,0.060882568359375,0.68389892578125,-0.35430908203125,9.85015869140625,1.7449951171875,1.76803588867188,1.46026611328125,1.71783447265625
14.4003124237061,0.02777099609375,0.230712890625,-0.07049560546875,3.0084228515625,0.692138671875,9.13055419921875,1.86477661132812,1.63192749023438,1.66961669921875,1.52496337890625
14.411952495575,0.007476806640625,0.197601318359375,-0.037384033203125,1.241455078125,2.22015380859375,9.85748291015625,1.82754516601562,1.66824340820312,1.6229248046875,1.57424926757812
14.4219286441803,-0.01922607421875,0.2862548828125,-0.11962890625,-0.32501220703125,0.8038330078125,9.554443359375,1.9647216796875,1.58615112304688,1.69448852539062,1.44760131835938
14.4299755096436,-0.025634765625,0.214691162109375,-0.097198486328125,1.0089111328125,-1.72119140625,8.48052978515625,1.91757202148438,1.59011840820312,1.6864013671875,1.49887084960938
14.4429304599762,0.10467529296875,0.248870849609375,-0.13885498046875,2.4957275390625,-2.00592041015625,7.66754150390625,1.9378662109375,1.58660888671875,1.77108764648438,1.39419555664062
14.4548046588898,0.018157958984375,0.13031005859375,0.11962890625,2.68157958984375,-0.5621337890625,8.712158203125,1.60263061523438,1.84432983398438,1.45721435546875,1.78237915039062
14.4627454280853,-0.09613037109375,0.059814453125,0.244598388671875,3.29132080078125,0.831298828125,10.9918212890625,1.46316528320312,1.95083618164062,1.28372192382812,1.98974609375
14.4839656352997,-0.208282470703125,-0.06622314453125,0.060882568359375,4.41009521484375,0.802001953125,10.762939453125,1.68930053710938,1.654052734375,1.51718139648438,1.82754516601562
14.4950196743011,-0.11962890625,-0.1837158203125,-0.060882568359375,0.6646728515625,-1.07025146484375,10.5862426757812,1.77597045898438,1.4898681640625,1.73385620117188,1.68441772460938
14.5022275447845,-0.101470947265625,-0.101470947265625,-0.28839111328125,0.062255859375,0.6719970703125,11.0275268554688,2.08465576171875,1.23550415039062,1.99676513671875,1.37115478515625
14.511714220047,-0.026702880859375,-0.060882568359375,-0.184783935546875,1.343994140625,0.11444091796875,12.1673583984375,1.94442749023438,1.39923095703125,1.87896728515625,1.4654541015625
14.5227973461151,-0.0299072265625,-0.018157958984375,-0.110015869140625,1.25518798828125,0.5218505859375,12.279052734375,1.86019897460938,1.50238037109375,1.77536010742188,1.54693603515625
14.5328242778778,-0.005340576171875,-0.332183837890625,0.05767822265625,0.179443359375,1.97021484375,10.3335571289062,1.54541015625,1.62139892578125,1.66717529296875,1.85104370117188
14.539927482605,0.050201416015625,-0.29266357421875,0.1068115234375,-3.13568115234375,1.124267578125,10.5990600585938,1.4776611328125,1.710205078125,1.61392211914062,1.88644409179688
14.549215555191,0.12603759765625,-0.05340576171875,0.137786865234375,-0.58319091796875,1.182861328125,10.9872436523438,1.48468017578125,1.83837890625,1.52725219726562,1.834716796875
14.5592124462128,0.050201416015625,-0.11962890625,0.08758544921875,0.1263427734375,1.6680908203125,10.0360107421875,1.54876708984375,1.73171997070312,1.58966064453125,1.8133544921875
14.5689709186554,0.00640869140625,-0.084381103515625,0.003204345703125,0.498046875,1.42364501953125,8.07037353515625,1.67938232421875,1.6326904296875,1.66595458984375,1.70379638671875
14.5799536705017,-0.016021728515625,-0.028839111328125,-0.022430419921875,1.182861328125,2.33551025390625,7.18597412109375,1.73599243164062,1.61407470703125,1.67373657226562,1.6595458984375
14.5900974273682,0.093994140625,-0.02349853515625,-0.0299072265625,-0.6207275390625,4.25537109375,8.08502197265625,1.7138671875,1.63986206054688,1.71417236328125,1.61544799804688
14.5999295711517,0.165557861328125,0.14312744140625,-0.059814453125,1.1883544921875,2.60833740234375,8.85223388671875,1.77749633789062,1.67678833007812,1.72195434570312,1.50390625
14.6103322505951,0.18157958984375,0.08758544921875,0.035247802734375,-3.18328857421875,-0.99334716796875,10.0396728515625,1.64031982421875,1.7816162109375,1.62429809570312,1.63253784179688
14.6209635734558,0.035247802734375,0.270233154296875,0.059814453125,-0.845947265625,-2.13592529296875,9.6221923828125,1.70700073242188,1.82418823242188,1.49398803710938,1.6534423828125
14.628933429718,0.013885498046875,-0.030975341796875,0.124969482421875,-3.00933837890625,1.97845458984375,10.6082153320312,1.54434204101562,1.81564331054688,1.49551391601562,1.82235717773438
14.6404347419739,-0.030975341796875,-0.04058837890625,-0.099334716796875,-3.153076171875,1.45751953125,9.61578369140625,1.83029174804688,1.51504516601562,1.77169799804688,1.55990600585938
14.6508648395538,-0.076904296875,0.327911376953125,-0.06622314453125,4.8028564453125,4.55108642578125,10.4122924804688,1.912841796875,1.65359497070312,1.6064453125,1.50421142578125
14.6589939594269,-0.0299072265625,0.255279541015625,-0.1324462890625,5.95001220703125,4.4549560546875,9.56817626953125,1.95343017578125,1.5594482421875,1.72760009765625,1.43753051757812
14.6691641807556,-0.12603759765625,0.1239013671875,0.23712158203125,4.91729736328125,1.94732666015625,10.6539916992188,1.48300170898438,1.95388793945312,1.27456665039062,1.96792602539062
14.6799976825714,-0.080108642578125,-0.088653564453125,0.107879638671875,-1.0986328125,-0.970458984375,12.008056640625,1.56600952148438,1.744384765625,1.512451171875,1.85653686523438
14.689728975296,-0.0469970703125,-0.0042724609375,0.135650634765625,-1.46209716796875,-3.54949951171875,11.4276123046875,1.54464721679688,1.8084716796875,1.46377563476562,1.85699462890625
14.7402927875519,-0.182647705078125,-0.09185791015625,-0.06195068359375,0.23529052734375,0.82672119140625,9.97833251953125,1.80511474609375,1.49124145507812,1.70120239257812,1.67953491210938
14.7406711578369,-0.01068115234375,-0.1837158203125,-0.060882568359375,-1.417236328125,0.1318359375,9.239501953125,1.728515625,1.51763916015625,1.77719116210938,1.65283203125
14.7415993213654,-0.105743408203125,-0.1025390625,-0.122833251953125,-2.486572265625,-0.238037109375,9.539794921875,1.85821533203125,1.43707275390625,1.8011474609375,1.57989501953125
14.7427542209625,0.05340576171875,0.0213623046875,-0.14312744140625,0.11260986328125,-1.64337158203125,10.6201171875,1.86874389648438,1.48712158203125,1.84417724609375,1.474609375
14.7437512874603,-0.060882568359375,-0.056610107421875,0.056610107421875,-1.527099609375,-3.68316650390625,11.5658569335938,1.62506103515625,1.67098999023438,1.58676147460938,1.79428100585938
14.7510457038879,0.011749267578125,0.016021728515625,0.018157958984375,1.28082275390625,0.574951171875,9.2559814453125,1.66351318359375,1.66000366210938,1.63864135742188,1.71157836914062
14.7601120471954,-0.009613037109375,-0.218963623046875,0.10040283203125,-0.85418701171875,-1.64154052734375,9.38232421875,1.495361328125,1.67953491210938,1.605224609375,1.89712524414062
14.7697670459747,0.030975341796875,-0.08331298828125,-0.028839111328125,-1.5673828125,-2.1368408203125,9.891357421875,1.68716430664062,1.57073974609375,1.7401123046875,1.68060302734375
14.7800960540771,0.0811767578125,-0.240325927734375,0.10467529296875,-6.49383544921875,-3.8507080078125,10.6979370117188,1.45751953125,1.70608520507812,1.63543701171875,1.87957763671875
14.7917170524597,-0.133514404296875,0.082244873046875,-0.013885498046875,-6.251220703125,-2.5836181640625,9.942626953125,1.76895141601562,1.59149169921875,1.62185668945312,1.69784545898438
14.8027036190033,-0.050201416015625,0.2734375,-0.024566650390625,0.7305908203125,4.1143798828125,10.2731323242188,1.81594848632812,1.66259765625,1.60064697265625,1.60354614257812
14.8101961612701,0.009613037109375,-0.01068115234375,-0.189056396484375,-1.92718505859375,7.569580078125,12.4850463867188,1.91909790039062,1.38900756835938,1.90933227539062,1.46514892578125
14.8209402561188,0.0299072265625,0.3118896484375,-0.19866943359375,-1.46942138671875,1.1334228515625,12.2662353515625,2.02560424804688,1.48147583007812,1.82754516601562,1.34735107421875
14.839439868927,-0.04486083984375,0.34820556640625,0.19012451171875,-5.5718994140625,-6.02874755859375,11.4981079101562,1.580810546875,1.959228515625,1.3006591796875,1.84097290039062
14.84907579422,0.10894775390625,-0.003204345703125,0.216827392578125,-4.82391357421875,-4.3194580078125,10.7711791992188,1.395263671875,1.9354248046875,1.41830444335938,1.93283081054688
14.8607704639435,0.04913330078125,0.02777099609375,0.052337646484375,-3.65936279296875,-4.2572021484375,10.6594848632812,1.63650512695312,1.72393798828125,1.59149169921875,1.73385620117188
14.8699672222137,-0.157012939453125,0.377044677734375,0.018157958984375,1.25701904296875,-0.6903076171875,9.26788330078125,1.84341430664062,1.7254638671875,1.46316528320312,1.65130615234375
14.8798799514771,-0.092926025390625,0.067291259765625,-0.347137451171875,2.18170166015625,2.92144775390625,7.64556884765625,2.19085693359375,1.199951171875,2.0269775390625,1.26480102539062
14.8899517059326,0.005340576171875,0.32470703125,-0.129241943359375,1.014404296875,-0.5694580078125,7.628173828125,1.96884155273438,1.5838623046875,1.70318603515625,1.42822265625
14.9047532081604,-0.0640869140625,0.2178955078125,-0.0299072265625,-4.23614501953125,-4.04205322265625,9.217529296875,1.84158325195312,1.66122436523438,1.58416748046875,1.597900390625
14.9106698036194,-0.069427490234375,0.095062255859375,-0.04058837890625,-5.95733642578125,-4.427490234375,10.0286865234375,1.82342529296875,1.61087036132812,1.62948608398438,1.61880493164062
14.921329498291,-0.0341796875,0.25634765625,0.105743408203125,-3.61083984375,-3.20343017578125,9.56634521484375,1.68060302734375,1.851806640625,1.40396118164062,1.7431640625
14.9317448139191,-0.180511474609375,0.184783935546875,0.07476806640625,-0.882568359375,0.57861328125,8.03375244140625,1.74545288085938,1.75308227539062,1.41708374023438,1.7669677734375
14.9417355060577,-0.05340576171875,0.42724609375,0.092926025390625,6.6375732421875,3.75,9.48486328125,1.75827026367188,1.88705444335938,1.35635375976562,1.67861938476562
14.950799703598,0.033111572265625,0.06195068359375,-0.0982666015625,3.101806640625,1.7486572265625,10.5221557617188,1.86859130859375,1.56936645507812,1.72515869140625,1.5203857421875
14.9638030529022,-0.033111572265625,0.071563720703125,0.101470947265625,0.48980712890625,-3.75274658203125,10.0936889648438,1.64199829101562,1.80221557617188,1.4520263671875,1.78726196289062
14.9732763767242,-0.00213623046875,0.150604248046875,-0.152740478515625,0.150146484375,-0.25543212890625,8.87969970703125,1.97952270507812,1.52557373046875,1.74942016601562,1.42501831054688
14.9798057079315,0.19439697265625,-0.0469970703125,-0.041656494140625,-3.36456298828125,-1.0986328125,9.76593017578125,1.72561645507812,1.67083740234375,1.72439575195312,1.56097412109375
14.9910051822662,-0.105743408203125,-0.124969482421875,0.0982666015625,-3.19793701171875,-2.6165771484375,12.3916625976562,1.6156005859375,1.73233032226562,1.48300170898438,1.84921264648438
15.0008976459503,0.131378173828125,-0.15167236328125,0.11749267578125,1.94732666015625,-2.80792236328125,11.0293579101562,1.51397705078125,1.81976318359375,1.536865234375,1.81365966796875
15.0097343921661,-0.05126953125,-0.092926025390625,0.05340576171875,1.55731201171875,-1.0455322265625,10.1577758789062,1.66671752929688,1.70318603515625,1.54251098632812,1.77093505859375
15.0202734470367,0.039520263671875,-0.095062255859375,-0.0341796875,0.96954345703125,1.50604248046875,10.1834106445312,1.74880981445312,1.62216186523438,1.67938232421875,1.63131713867188
15.0299437046051,0.024566650390625,-0.13458251953125,-0.0640869140625,-0.29296875,-0.38543701171875,11.0650634765625,1.7791748046875,1.56829833984375,1.72378540039062,1.61056518554688
15.0389733314514,-0.059814453125,-0.214691162109375,-0.086517333984375,-4.79827880859375,-3.82232666015625,9.525146484375,1.80648803710938,1.49368286132812,1.75430297851562,1.63055419921875
15.0499098300934,-0.112152099609375,-0.3973388671875,-0.007476806640625,-5.2972412109375,-1.439208984375,8.858642578125,1.66763305664062,1.5228271484375,1.69403076171875,1.80038452148438
15.0597405433655,0.01708984375,-0.3289794921875,-0.03631591796875,-3.079833984375,2.578125,6.9598388671875,1.688232421875,1.54373168945312,1.75048828125,1.70501708984375
15.070750951767,0.076904296875,-0.2093505859375,0.08544921875,-1.8328857421875,0.18310546875,7.7947998046875,1.552734375,1.7486572265625,1.58187866210938,1.80892944335938
15.0820028781891,0.107879638671875,-0.076904296875,-0.033111572265625,3.2757568359375,-1.380615234375,8.30841064453125,1.7315673828125,1.64901733398438,1.69906616210938,1.612548828125
15.1013352870941,0.240325927734375,-0.19866943359375,0.07049560546875,1.11602783203125,-0.9832763671875,8.0035400390625,1.51840209960938,1.78024291992188,1.65023803710938,1.74392700195312
15.1097986698151,0.060882568359375,-0.244598388671875,0.144195556640625,-0.72052001953125,0.4010009765625,8.2012939453125,1.46560668945312,1.80496215820312,1.5185546875,1.9036865234375
15.1198935508728,0.022430419921875,0.0042724609375,0.01708984375,0.758056640625,1.080322265625,7.862548828125,1.70852661132812,1.70974731445312,1.5948486328125,1.68289184570312
15.1317658424377,-0.0042724609375,-0.176239013671875,-0.0042724609375,-1.11236572265625,2.02423095703125,8.7799072265625,1.68899536132812,1.62109375,1.66778564453125,1.71829223632812
15.1390221118927,-0.0213623046875,-0.428314208984375,-0.022430419921875,-3.80401611328125,0.61981201171875,8.763427734375,1.63833618164062,1.5191650390625,1.76406860351562,1.77215576171875
15.1517417430878,0.116424560546875,0.14739990234375,-0.097198486328125,-2.27508544921875,-2.95440673828125,9.6697998046875,1.85791015625,1.63787841796875,1.732177734375,1.47048950195312
15.1621079444885,0.08544921875,-0.0299072265625,-0.00213623046875,-0.15472412109375,-1.9610595703125,10.5487060546875,1.69570922851562,1.6943359375,1.65679931640625,1.651611328125
15.1730542182922,-0.042724609375,-0.0128173828125,0.067291259765625,2.8546142578125,-0.1666259765625,8.76434326171875,1.64657592773438,1.74072265625,1.53305053710938,1.77810668945312
15.1819925308228,-0.06622314453125,0.086517333984375,0.118560791015625,5.78887939453125,2.94342041015625,9.36492919921875,1.61361694335938,1.82403564453125,1.43600463867188,1.82723999023438
15.1918683052063,0.13671875,0.01922607421875,0.099334716796875,3.65386962890625,0.4779052734375,9.166259765625,1.55364990234375,1.83975219726562,1.54159545898438,1.7626953125
15.2017157077789,-0.08331298828125,0.048065185546875,0.154876708984375,1.08673095703125,-0.040283203125,8.43658447265625,1.56417846679688,1.85012817382812,1.39892578125,1.88827514648438
15.2108507156372,-0.0384521484375,0.13885498046875,0.013885498046875,0.08880615234375,-0.86334228515625,7.8662109375,1.75369262695312,1.71798706054688,1.55960083007812,1.66961669921875
15.2190933227539,0.0213623046875,0.00213623046875,0.05340576171875,-2.779541015625,-1.68365478515625,8.9447021484375,1.64474487304688,1.74514770507812,1.56936645507812,1.74087524414062
15.231883764267,-0.197601318359375,0.003204345703125,-0.212554931640625,-0.7562255859375,3.23272705078125,9.02435302734375,2.04986572265625,1.34658813476562,1.83578491210938,1.47186279296875
15.2418971061707,-0.095062255859375,0.05767822265625,-0.205078125,-1.9244384765625,2.76123046875,10.4891967773438,2.02728271484375,1.40411376953125,1.839599609375,1.43142700195312
15.2509963512421,-0.0640869140625,0.25634765625,-0.197601318359375,-3.4844970703125,1.8988037109375,11.12548828125,2.06756591796875,1.48269653320312,1.78070068359375,1.3714599609375
15.2603394985199,-0.02777099609375,0.054473876953125,-0.08544921875,-5.452880859375,4.05487060546875,11.3626098632812,1.8609619140625,1.57546997070312,1.71127319335938,1.55792236328125
15.271998167038,-0.080108642578125,-0.13031005859375,0.110015869140625,-3.34442138671875,0.6134033203125,10.1779174804688,1.58233642578125,1.74545288085938,1.50115966796875,1.87667846679688
15.282776594162,-0.037384033203125,0.124969482421875,0.2093505859375,0.68115234375,-0.26824951171875,9.81903076171875,1.52511596679688,1.961669921875,1.31088256835938,1.91116333007812
15.3018991947174,0.06195068359375,0.321502685546875,-0.180511474609375,10.6045532226562,-0.867919921875,7.880859375,2.03887939453125,1.56524658203125,1.77230834960938,1.33392333984375
15.311882019043,0.07904052734375,0.240325927734375,0.01922607421875,12.908935546875,-1.1370849609375,8.4942626953125,1.761474609375,1.79489135742188,1.55059814453125,1.6033935546875
15.3199377059937,-0.018157958984375,-0.2606201171875,-0.00213623046875,8.492431640625,-0.4705810546875,9.22027587890625,1.668701171875,1.59027099609375,1.69631958007812,1.7535400390625
15.3317332267761,-0.095062255859375,-0.261688232421875,-0.0128173828125,1.96380615234375,0.853271484375,10.1852416992188,1.69876098632812,1.55319213867188,1.68807983398438,1.76712036132812
15.3417448997498,-0.1666259765625,-0.319366455078125,-0.04913330078125,-4.390869140625,3.563232421875,9.0435791015625,1.74346923828125,1.4666748046875,1.7340087890625,1.76559448242188
15.3527688980103,0.08331298828125,-0.310821533203125,0.007476806640625,-5.6103515625,2.728271484375,9.59197998046875,1.59378051757812,1.61376953125,1.74179077148438,1.76254272460938
15.3617825508118,0.214691162109375,-0.21575927734375,0.0213623046875,-2.138671875,1.417236328125,13.1405639648438,1.56265258789062,1.6998291015625,1.73721313476562,1.71142578125
15.3708019256592,0.084381103515625,-0.0555419921875,-0.009613037109375,-0.0421142578125,2.04986572265625,12.6031494140625,1.68487548828125,1.6705322265625,1.69647216796875,1.66244506835938
15.3816981315613,0.030975341796875,-0.29266357421875,0.13031005859375,-1.417236328125,2.67608642578125,12.5491333007812,1.45431518554688,1.75888061523438,1.57730102539062,1.923828125
15.3908245563507,0.23284912109375,-0.23712158203125,-0.008544921875,-3.61724853515625,-0.128173828125,12.6177978515625,1.57241821289062,1.650390625,1.805419921875,1.68212890625
15.401850938797,0.112152099609375,-0.178375244140625,0.107879638671875,-3.416748046875,-1.17919921875,12.1060180664062,1.47674560546875,1.77597045898438,1.60903930664062,1.85089111328125
15.41219830513,0.08544921875,-0.3759765625,0.065155029296875,-1.67449951171875,-0.84136962890625,10.6887817382812,1.474609375,1.646728515625,1.7181396484375,1.87179565429688
15.422057390213,-0.04058837890625,0.0042724609375,-0.05340576171875,3.04779052734375,-1.54449462890625,9.920654296875,1.77047729492188,1.57516479492188,1.71676635742188,1.64718627929688
15.4323480129242,0.04913330078125,0.133514404296875,-0.186920166015625,2.332763671875,-1.55181884765625,9.52239990234375,1.943359375,1.46469116210938,1.87408447265625,1.42822265625
15.4508264064789,-0.060882568359375,0.099334716796875,-0.08544921875,-3.1640625,-2.1881103515625,9.68902587890625,1.83990478515625,1.54769897460938,1.7291259765625,1.59439086914062
15.4677736759186,0.09185791015625,0.406951904296875,0.101470947265625,-2.222900390625,-4.2279052734375,10.46630859375,1.65267944335938,1.91925048828125,1.44790649414062,1.69143676757812
15.471734046936,0.02777099609375,0.389862060546875,0.19866943359375,0.72235107421875,-1.93359375,10.55419921875,1.54373168945312,2.01980590820312,1.31500244140625,1.83273315429688
15.4822790622711,0.050201416015625,0.129241943359375,0.276641845703125,2.2100830078125,-2.720947265625,9.55810546875,1.36123657226562,2.04864501953125,1.30340576171875,1.99386596679688
15.4919610023499,-0.024566650390625,0.0042724609375,0.29052734375,2.9278564453125,-1.62506103515625,8.61602783203125,1.32293701171875,2.010498046875,1.30218505859375,2.06680297851562
15.500946521759,0.1666259765625,0.069427490234375,-0.0299072265625,2.13226318359375,-1.21307373046875,9.0106201171875,1.6864013671875,1.68594360351562,1.7413330078125,1.5887451171875
15.5116815567017,-0.264892578125,0.129241943359375,-0.152740478515625,-0.70404052734375,-0.35980224609375,9.31732177734375,1.99447631835938,1.42898559570312,1.74072265625,1.534423828125
15.5217125415802,-0.367431640625,-0.3118896484375,-0.15380859375,-7.59796142578125,-1.9500732421875,11.6326904296875,1.8951416015625,1.26373291015625,1.84234619140625,1.69723510742188
15.5419614315033,-0.310821533203125,0.063018798828125,-0.350341796875,-6.72088623046875,0.44952392578125,13.1643676757812,2.25509643554688,1.14517211914062,1.9757080078125,1.31057739257812
15.5509996414185,-0.216827392578125,-0.028839111328125,-0.0982666015625,-4.52728271484375,-0.46234130859375,13.648681640625,1.89300537109375,1.45782470703125,1.71112060546875,1.61895751953125
15.5609400272369,-0.114288330078125,0.31402587890625,-0.025634765625,0.14739990234375,-0.20782470703125,13.194580078125,1.87347412109375,1.67831420898438,1.54434204101562,1.57699584960938
15.5707893371582,-0.196533203125,0.092926025390625,-0.05126953125,-2.3382568359375,0.465087890625,12.5161743164062,1.86874389648438,1.55746459960938,1.61056518554688,1.62673950195312
15.5819582939148,-0.280914306640625,0.2178955078125,0.02349853515625,-2.67425537109375,1.71112060546875,10.5926513671875,1.8463134765625,1.66351318359375,1.44332885742188,1.69921875
15.5916924476624,-0.3033447265625,0.349273681640625,-0.05767822265625,-1.21856689453125,5.08941650390625,10.3262329101562,1.99295043945312,1.59454345703125,1.49017333984375,1.56204223632812
15.6018538475037,-0.15380859375,0.48919677734375,-0.11322021484375,-0.662841796875,5.068359375,10.740966796875,2.06146240234375,1.60888671875,1.5582275390625,1.39694213867188
15.6113398075104,-0.054473876953125,0.24139404296875,0.05340576171875,-0.51727294921875,4.2938232421875,11.0211181640625,1.75018310546875,1.77108764648438,1.448974609375,1.64581298828125
15.6237707138062,0.0299072265625,0.095062255859375,0.199737548828125,0.52459716796875,3.0322265625,10.0442504882812,1.494140625,1.93222045898438,1.33499145507812,1.84417724609375
15.6317343711853,-0.007476806640625,0.037384033203125,0.2392578125,1.1773681640625,-0.772705078125,9.847412109375,1.43753051757812,1.95404052734375,1.29150390625,1.922607421875
15.6397821903229,-0.1025390625,-0.084381103515625,0.1708984375,0.16937255859375,-3.49822998046875,10.2731323242188,1.51260375976562,1.79962158203125,1.3787841796875,1.89697265625
15.6511495113373,-0.041656494140625,-0.21575927734375,0.007476806640625,1.84844970703125,-2.3126220703125,8.46221923828125,1.65878295898438,1.57089233398438,1.62887573242188,1.71524047851562
15.6630055904388,-0.00213623046875,-0.05126953125,-0.10040283203125,1.04736328125,0.322265625,9.27978515625,1.82861328125,1.4910888671875,1.715087890625,1.50909423828125
15.6699342727661,-0.0384521484375,-0.007476806640625,-0.193328857421875,2.44903564453125,2.67333984375,9.89501953125,1.9683837890625,1.37741088867188,1.80709838867188,1.39083862304688
15.6897728443146,0.04486083984375,-0.21148681640625,-0.09613037109375,2.07916259765625,1.31561279296875,9.88128662109375,1.74896240234375,1.44210815429688,1.76712036132812,1.549072265625
15.7003149986267,0.059814453125,-0.186920166015625,-0.116424560546875,2.6385498046875,2.31903076171875,10.1504516601562,1.77734375,1.42822265625,1.7901611328125,1.51153564453125
15.7099261283875,0.199737548828125,-0.4144287109375,-0.111083984375,-1.6552734375,1.87957763671875,9.459228515625,1.65817260742188,1.40762329101562,1.89178466796875,1.53701782226562
15.7198431491852,0.162353515625,-0.379180908203125,0.041656494140625,-2.91778564453125,-1.4959716796875,11.0064697265625,1.48422241210938,1.600341796875,1.67678833007812,1.7230224609375
15.7318382263184,0.1666259765625,-0.31829833984375,0.112152099609375,-0.76995849609375,-2.39776611328125,12.2872924804688,1.40579223632812,1.70318603515625,1.57196044921875,1.78726196289062
15.7399153709412,0.093994140625,-0.316162109375,0.2093505859375,1.20574951171875,-2.48016357421875,11.6500854492188,1.3031005859375,1.80252075195312,1.4306640625,1.925048828125
15.7489068508148,-0.04058837890625,-0.22430419921875,0.054473876953125,1.7413330078125,1.34765625,11.8240356445312,1.55929565429688,1.58935546875,1.55471801757812,1.75308227539062
15.7597334384918,0.13458251953125,-0.233917236328125,-0.077972412109375,2.9388427734375,1.71112060546875,10.5450439453125,1.66915893554688,1.47308349609375,1.77566528320312,1.53839111328125
15.7688801288605,0.077972412109375,-0.077972412109375,-0.056610107421875,2.80242919921875,2.083740234375,8.08319091796875,1.70135498046875,1.5283203125,1.6888427734375,1.53488159179688
15.7797653675079,0.1239013671875,0.060882568359375,-0.093994140625,2.1990966796875,2.197265625,9.3292236328125,1.77001953125,1.53045654296875,1.71234130859375,1.43814086914062
15.7900202274323,0.247802734375,-0.124969482421875,-0.028839111328125,-3.43963623046875,-2.7557373046875,10.546875,1.5924072265625,1.5911865234375,1.72958374023438,1.53533935546875
15.7996852397919,-0.052337646484375,-0.184783935546875,0.1025390625,-4.2022705078125,-2.08282470703125,10.9991455078125,1.4910888671875,1.6455078125,1.50238037109375,1.8072509765625
15.8099610805511,0.1068115234375,-0.1666259765625,-0.103607177734375,-2.34100341796875,-0.9173583984375,9.50042724609375,1.7022705078125,1.43692016601562,1.806640625,1.4996337890625
15.8210525512695,-0.01495361328125,0.1324462890625,0.005340576171875,0.72967529296875,-0.57952880859375,8.65447998046875,1.6845703125,1.62384033203125,1.54937744140625,1.58676147460938
15.8297951221466,-0.111083984375,0.08331298828125,-0.0299072265625,-0.56121826171875,2.26043701171875,8.81195068359375,1.73934936523438,1.53411865234375,1.58447265625,1.58584594726562
15.8397595882416,0.1324462890625,0.026702880859375,-0.082244873046875,-2.7264404296875,-1.48681640625,9.1607666015625,1.71279907226562,1.52389526367188,1.74468994140625,1.46469116210938
15.8495099544525,-0.122833251953125,0.077972412109375,0.114288330078125,-0.71136474609375,0.51727294921875,8.80462646484375,1.55670166015625,1.70989990234375,1.41067504882812,1.76895141601562
15.8607044219971,-0.077972412109375,0.225372314453125,-0.075836181640625,3.61541748046875,2.69622802734375,8.551025390625,1.82235717773438,1.53228759765625,1.6204833984375,1.47171020507812
15.8698058128357,-0.045928955078125,0.238189697265625,0.075836181640625,2.3748779296875,-0.421142578125,9.796142578125,1.63864135742188,1.73477172851562,1.43478393554688,1.64749145507812
15.8797240257263,-0.182647705078125,0.063018798828125,0.0042724609375,-0.596923828125,-0.67474365234375,9.8455810546875,1.71615600585938,1.5521240234375,1.53579711914062,1.651611328125
15.8932168483734,-0.03204345703125,0.110015869140625,-0.118560791015625,-0.69122314453125,-1.37603759765625,9.3072509765625,1.85028076171875,1.45553588867188,1.7181396484375,1.43722534179688
15.9199528694153,-0.05340576171875,0.206146240234375,-0.058746337890625,1.05010986328125,0.66925048828125,10.2996826171875,1.83700561523438,1.57379150390625,1.58981323242188,1.48208618164062
15.9304745197296,-0.16876220703125,0.196533203125,0.039520263671875,3.92669677734375,2.662353515625,8.94195556640625,1.74545288085938,1.65939331054688,1.43478393554688,1.64306640625
15.9398999214172,0.02349853515625,0.16876220703125,-0.13031005859375,3.4112548828125,1.6864013671875,8.3331298828125,1.89666748046875,1.49688720703125,1.71401977539062,1.37893676757812
15.949697971344,-0.04913330078125,0.118560791015625,0.1239013671875,-2.06085205078125,-1.29547119140625,9.92156982421875,1.59072875976562,1.77932739257812,1.38626098632812,1.73355102539062
15.9602153301239,-0.19439697265625,0.063018798828125,0.05767822265625,-2.45086669921875,-0.25909423828125,10.162353515625,1.71035766601562,1.64306640625,1.4373779296875,1.707763671875
15.9770469665527,-0.086517333984375,-0.13671875,-0.01068115234375,-3.46527099609375,2.06451416015625,9.48028564453125,1.7083740234375,1.53030395507812,1.60980224609375,1.654052734375
15.9827511310577,-0.0726318359375,0.054473876953125,-0.037384033203125,-1.09039306640625,2.79876708984375,10.52490234375,1.79840087890625,1.5570068359375,1.59027099609375,1.56234741210938
15.9903030395508,-0.088653564453125,0.144195556640625,-0.176239013671875,0.51361083984375,2.96630859375,10.3692626953125,2.00759887695312,1.40838623046875,1.73385620117188,1.36856079101562
15.9990086555481,-0.045928955078125,-0.0128173828125,-0.022430419921875,0.6884765625,3.96331787109375,9.28253173828125,1.75765991210938,1.563720703125,1.60293579101562,1.59957885742188
16.0101199150085,0.0128173828125,-0.059814453125,0.11749267578125,3.08624267578125,4.12078857421875,8.800048828125,1.55258178710938,1.73843383789062,1.46347045898438,1.77505493164062
16.0209105014801,0.043792724609375,-0.17730712890625,0.114288330078125,-0.457763671875,0.79193115234375,10.0717163085938,1.51229858398438,1.707763671875,1.51397705078125,1.8023681640625
16.0307922363281,-0.05340576171875,-0.2691650390625,0.112152099609375,-3.36181640625,-1.84478759765625,10.4013061523438,1.51840209960938,1.6448974609375,1.51641845703125,1.86325073242188
16.0403275489807,-0.00640869140625,-0.196533203125,-0.118560791015625,0.62896728515625,0.41473388671875,9.437255859375,1.81808471679688,1.39251708984375,1.79718017578125,1.5478515625
16.0510437488556,0.133514404296875,-0.302276611328125,-0.148468017578125,-1.387939453125,-0.03662109375,9.18182373046875,1.7816162109375,1.36520385742188,1.912841796875,1.50161743164062
16.0607643127441,0.0469970703125,-0.186920166015625,-0.05126953125,-0.69580078125,0.16845703125,9.3072509765625,1.72073364257812,1.4959716796875,1.73080444335938,1.61773681640625
16.079763174057,0.11749267578125,-0.08544921875,0.0555419921875,1.17095947265625,3.75457763671875,9.35577392578125,1.59683227539062,1.68136596679688,1.59637451171875,1.70822143554688
16.0900919437408,0.07904052734375,-0.105743408203125,-0.022430419921875,3.47900390625,4.9237060546875,9.41436767578125,1.69967651367188,1.56753540039062,1.69448852539062,1.63116455078125
16.1006851196289,0.067291259765625,-0.068359375,0.0299072265625,2.8216552734375,2.70721435546875,9.32647705078125,1.64642333984375,1.64138793945312,1.61941528320312,1.68975830078125
16.151401758194,0.146331787109375,0.11749267578125,-0.05340576171875,-1.84295654296875,1.728515625,9.07562255859375,1.7742919921875,1.61956787109375,1.7108154296875,1.52145385742188
16.1612410545349,0.01495361328125,0.169830322265625,-0.076904296875,-1.94183349609375,2.53875732421875,9.02435302734375,1.85745239257812,1.57012939453125,1.6912841796875,1.51458740234375
16.1700639724731,0.22216796875,0.097198486328125,-0.06195068359375,2.15240478515625,1.318359375,8.65081787109375,1.75445556640625,1.63192749023438,1.7584228515625,1.4910888671875
16.1798095703125,0.178375244140625,-0.14739990234375,0.118560791015625,-2.6971435546875,-2.56622314453125,9.5159912109375,1.4666748046875,1.77459716796875,1.59500122070312,1.8011474609375
16.1902210712433,-0.18585205078125,0.3033447265625,0.05340576171875,-0.1080322265625,-0.3643798828125,8.40545654296875,1.79611206054688,1.71783447265625,1.43264770507812,1.69876098632812
16.2009882926941,-0.110015869140625,0.068359375,0.048065185546875,-2.9425048828125,1.40533447265625,8.69384765625,1.70928955078125,1.663818359375,1.53579711914062,1.73965454101562
16.2109482288361,-0.15380859375,-0.086517333984375,-0.06622314453125,-5.7733154296875,1.468505859375,8.946533203125,1.81884765625,1.46163940429688,1.71127319335938,1.65679931640625
16.2223060131073,-0.063018798828125,0.195465087890625,-0.13031005859375,-1.70013427734375,-0.7049560546875,9.52972412109375,1.96090698242188,1.49826049804688,1.73583984375,1.46072387695312
16.2297899723053,-0.159149169921875,0.0811767578125,-0.086517333984375,0.20233154296875,-3.73260498046875,9.89593505859375,1.89544677734375,1.48788452148438,1.68746948242188,1.57699584960938
16.23970246315,-0.090789794921875,0.2093505859375,0.068359375,-0.52001953125,-2.96356201171875,10.5221557617188,1.72576904296875,1.74362182617188,1.47628784179688,1.71173095703125
16.2497107982635,-0.08544921875,0.0469970703125,0.054473876953125,-2.17437744140625,-3.94500732421875,10.72265625,1.69601440429688,1.6766357421875,1.5435791015625,1.7449951171875
16.2598874568939,-0.067291259765625,0.0640869140625,0.073699951171875,-0.01556396484375,-3.54949951171875,10.7565307617188,1.67892456054688,1.71340942382812,1.51702880859375,1.75979614257812
16.2700049877167,-0.24566650390625,0.007476806640625,0.060882568359375,-3.08624267578125,-3.8543701171875,12.2003173828125,1.7401123046875,1.6357421875,1.48956298828125,1.8084716796875
16.280056476593,-0.27130126953125,0.17303466796875,-0.145263671875,-1.69464111328125,-0.8331298828125,12.4154663085938,2.06146240234375,1.42349243164062,1.68701171875,1.50985717773438
16.291787147522,-0.0384521484375,0.122833251953125,-0.163421630859375,2.098388671875,2.75115966796875,12.2552490234375,1.99905395507812,1.45538330078125,1.79473876953125,1.43264770507812
16.2999286651611,-0.043792724609375,0.077972412109375,-0.150604248046875,0.19866943359375,5.97015380859375,12.3834228515625,1.9744873046875,1.45614624023438,1.78817749023438,1.46392822265625
16.3108899593353,0.1751708984375,0.22857666015625,-0.01922607421875,0.19500732421875,4.0850830078125,11.4981079101562,1.79351806640625,1.7291259765625,1.64505004882812,1.52267456054688
16.3198115825653,0.07049560546875,0.065155029296875,0.197601318359375,-3.32244873046875,2.01690673828125,11.2371826171875,1.505126953125,1.92001342773438,1.39022827148438,1.87606811523438
16.3309571743011,-0.024566650390625,0.24139404296875,0.169830322265625,-1.60400390625,0.44219970703125,9.385986328125,1.62322998046875,1.90948486328125,1.34262084960938,1.81838989257812
16.3429408073425,0.0128173828125,-0.167694091796875,0.233917236328125,1.1041259765625,2.08282470703125,8.68377685546875,1.41357421875,1.88140869140625,1.397705078125,2.00729370117188
16.3497812747955,0.11322021484375,-0.374908447265625,-0.093994140625,-2.9718017578125,-0.79010009765625,9.43267822265625,1.73553466796875,1.43539428710938,1.898193359375,1.63101196289062
16.3607244491577,-0.131378173828125,0.0299072265625,-0.144195556640625,-1.57012939453125,-2.57171630859375,10.8609008789062,1.995849609375,1.42120361328125,1.76483154296875,1.52603149414062
16.370824098587,-0.052337646484375,-0.056610107421875,-0.05767822265625,2.46002197265625,1.66900634765625,11.5118408203125,1.8389892578125,1.52572631835938,1.70700073242188,1.63619995117188
16.3798129558563,0.043792724609375,0.0213623046875,-0.058746337890625,4.78363037109375,4.14276123046875,10.6146240234375,1.83502197265625,1.57638549804688,1.7138671875,1.58416748046875
16.390734910965,-0.068359375,0.0128173828125,-0.04913330078125,2.27508544921875,7.247314453125,11.9989013671875,1.8572998046875,1.5533447265625,1.67068481445312,1.63375854492188
16.4007012844086,0.0128173828125,0.128173828125,-0.227508544921875,-2.80517578125,2.48565673828125,12.2250366210938,2.09243774414062,1.39022827148438,1.8896484375,1.34902954101562
16.411767244339,0.039520263671875,0.229644775390625,0.12603759765625,0.4339599609375,-1.3604736328125,10.3097534179688,1.67373657226562,1.8701171875,1.4239501953125,1.75369262695312
16.4199843406677,0.063018798828125,-0.10040283203125,0.227508544921875,-0.47149658203125,-1.61956787109375,8.082275390625,1.439208984375,1.90353393554688,1.4019775390625,1.97677612304688
16.4317781925201,0.063018798828125,-0.32257080078125,0.116424560546875,-2.98736572265625,-2.51129150390625,7.58514404296875,1.50894165039062,1.69692993164062,1.60995483398438,1.90567016601562
16.4420380592346,-0.082244873046875,0.03631591796875,0.009613037109375,0.75531005859375,-0.087890625,8.16009521484375,1.78787231445312,1.62643432617188,1.593017578125,1.71890258789062
16.4501307010651,-0.206146240234375,0.195465087890625,-0.21575927734375,6.76300048828125,3.9056396484375,6.5972900390625,2.1484375,1.353759765625,1.7926025390625,1.42974853515625
16.470801115036,-0.067291259765625,-0.14312744140625,-0.071563720703125,4.8724365234375,3.072509765625,8.5894775390625,1.82647705078125,1.47247314453125,1.75918579101562,1.67221069335938
16.4778501987457,0.135650634765625,-0.1580810546875,-0.111083984375,0.5291748046875,1.57745361328125,8.72039794921875,1.80816650390625,1.47933959960938,1.87545776367188,1.56723022460938
16.479736328125,-0.076904296875,-0.056610107421875,-0.018157958984375,-2.904052734375,2.44354248046875,11.3699340820312,1.78390502929688,1.5618896484375,1.66702270507812,1.72042846679688
16.5028131008148,0.146331787109375,0.082244873046875,-0.016021728515625,3.82049560546875,-0.57403564453125,9.59014892578125,1.7529296875,1.671142578125,1.69189453125,1.61666870117188
16.513035774231,0.043792724609375,0.169830322265625,0.3717041015625,7.470703125,-1.35589599609375,8.9263916015625,1.32537841796875,2.14874267578125,1.151123046875,2.11212158203125
16.5311326980591,-0.110015869140625,-0.218963623046875,0.218963623046875,-5.69000244140625,-2.24029541015625,10.5459594726562,1.4361572265625,1.79275512695312,1.41250610351562,2.09518432617188
16.542843580246,-0.1153564453125,0.030975341796875,-0.208282470703125,-3.1951904296875,-0.8660888671875,9.20013427734375,2.05322265625,1.33132934570312,1.86477661132812,1.49200439453125
16.550799369812,0.08758544921875,-0.137786865234375,-0.24566650390625,-0.3131103515625,2.09014892578125,9.40887451171875,1.9903564453125,1.29409790039062,2.0233154296875,1.43341064453125
16.5608713626862,0.150604248046875,0.142059326171875,-0.15380859375,1.85394287109375,2.66326904296875,8.54461669921875,1.93939208984375,1.51641845703125,1.84295654296875,1.44638061523438
16.5701713562012,0.059814453125,0.259552001953125,-0.024566650390625,0.8660888671875,3.3563232421875,9.5050048828125,1.84402465820312,1.6796875,1.62124633789062,1.59866333007812
16.5797860622406,-0.127105712890625,0.2734375,-0.10040283203125,3.65753173828125,5.1434326171875,9.07562255859375,1.99798583984375,1.5350341796875,1.65451049804688,1.55624389648438
16.5907068252563,0.193328857421875,0.069427490234375,-0.10894775390625,6.3116455078125,5.013427734375,7.36541748046875,1.85195922851562,1.56021118164062,1.82281494140625,1.51016235351562
16.6008222103119,0.0726318359375,-0.033111572265625,0.080108642578125,2.18994140625,-3.4423828125,8.7451171875,1.62155151367188,1.73004150390625,1.58035278320312,1.8133544921875
16.6117250919342,0.069427490234375,0.097198486328125,0.306549072265625,4.43939208984375,-5.2862548828125,8.53912353515625,1.38351440429688,2.05322265625,1.253662109375,2.05490112304688
16.6208944320679,-0.139923095703125,-0.101470947265625,0.33111572265625,-0.58319091796875,-4.84039306640625,10.8041381835938,1.35269165039062,1.96487426757812,1.22299194335938,2.20321655273438
16.6298155784607,-0.30975341796875,0.1495361328125,-0.08544921875,1.6754150390625,1.47857666015625,9.87579345703125,1.99478149414062,1.47201538085938,1.61865234375,1.658935546875
16.6410593986511,-0.035247802734375,-0.310821533203125,-0.29266357421875,-0.20599365234375,2.71270751953125,10.9176635742188,2.0355224609375,1.15615844726562,2.09915161132812,1.45278930664062
16.6511282920837,-0.007476806640625,0.223236083984375,-0.29266357421875,-0.8697509765625,1.14532470703125,10.8151245117188,2.18032836914062,1.32598876953125,1.95144653320312,1.27960205078125
16.6608192920685,0.152740478515625,0.01495361328125,-0.00640869140625,-3.3251953125,0.20782470703125,11.4669799804688,1.72348022460938,1.67160034179688,1.70272827148438,1.64825439453125
16.6701638698578,-0.056610107421875,-0.201873779296875,-0.050201416015625,-8.18389892578125,-0.37353515625,12.29736328125,1.77291870117188,1.48895263671875,1.76040649414062,1.7230224609375
16.6800303459167,0.11962890625,0.180511474609375,0,-5.32745361328125,-1.54083251953125,12.103271484375,1.77154541015625,1.72103881835938,1.6351318359375,1.61529541015625
16.7013792991638,0.110015869140625,0.05767822265625,0.12603759765625,1.5289306640625,-3.40484619140625,8.78631591796875,1.58706665039062,1.84478759765625,1.50238037109375,1.80938720703125
16.7110788822174,-0.068359375,-0.1495361328125,0.281982421875,-2.55340576171875,-7.20794677734375,9.935302734375,1.38809204101562,1.93206787109375,1.3140869140625,2.11181640625
16.7208943367004,-0.227508544921875,0.02777099609375,0.2008056640625,-2.9498291015625,-6.56524658203125,9.5562744140625,1.58462524414062,1.83456420898438,1.31332397460938,2.003173828125
16.7321536540985,-0.065155029296875,-0.278778076171875,-0.080108642578125,-2.4554443359375,-1.11419677734375,9.87396240234375,1.79534912109375,1.444091796875,1.7999267578125,1.69097900390625
16.7430126667023,-0.206146240234375,0.333251953125,-0.35247802734375,-0.23162841796875,2.18719482421875,10.6512451171875,2.36465454101562,1.24984741210938,1.9134521484375,1.20956420898438
16.7509019374847,0.08758544921875,0.264892578125,-0.195465087890625,1.57012939453125,4.251708984375,11.72607421875,2.06375122070312,1.51412963867188,1.82388305664062,1.33804321289062
16.7607882022858,0.099334716796875,-0.2520751953125,-0.124969482421875,-8.7652587890625,-1.02630615234375,12.4136352539062,1.82113647460938,1.45263671875,1.89178466796875,1.57974243164062
16.7717127799988,0.043792724609375,0.12603759765625,-0.0726318359375,-12.242431640625,-3.175048828125,13.1204223632812,1.8896484375,1.61514282226562,1.69662475585938,1.54556274414062
16.7799289226532,0.069427490234375,0.22430419921875,0.060882568359375,-5.7293701171875,-1.812744140625,12.88330078125,1.74407958984375,1.81854248046875,1.50802612304688,1.6754150390625
16.7909038066864,0.0982666015625,0.199737548828125,0.133514404296875,2.74017333984375,0.1922607421875,10.7382202148438,1.64627075195312,1.9085693359375,1.43264770507812,1.76559448242188
16.8027429580688,0.001068115234375,0.077972412109375,0.19866943359375,3.73626708984375,-2.42156982421875,10.1541137695312,1.55517578125,1.925048828125,1.36001586914062,1.91207885742188
16.8116636276245,-0.12176513671875,0.04913330078125,0.048065185546875,2.95074462890625,-0.6280517578125,9.144287109375,1.77200317382812,1.68106079101562,1.52389526367188,1.78268432617188
16.8207726478577,-0.101470947265625,-0.213623046875,0.09613037109375,3.486328125,0.8807373046875,7.82958984375,1.62628173828125,1.673583984375,1.54983520507812,1.91070556640625
16.8350112438202,-0.11962890625,-0.110015869140625,-0.29693603515625,0.966796875,2.6678466796875,8.58856201171875,2.15576171875,1.20712280273438,2.00393676757812,1.3934326171875
16.8422613143921,0.10894775390625,-0.035247802734375,-0.20294189453125,-1.40899658203125,-0.076904296875,10.9176635742188,1.99005126953125,1.41616821289062,1.93206787109375,1.42044067382812
16.8516302108765,0.0982666015625,-0.157012939453125,-0.169830322265625,-1.64520263671875,0.09063720703125,13.0947875976562,1.9183349609375,1.41586303710938,1.92474365234375,1.50070190429688
16.8608713150024,0.0042724609375,0.13458251953125,0.0341796875,0.31494140625,0.25726318359375,13.2833862304688,1.77810668945312,1.73171997070312,1.55364990234375,1.6961669921875
16.8719387054443,0.054473876953125,0.111083984375,0.084381103515625,2.10205078125,1.50970458984375,13.5369873046875,1.69158935546875,1.79885864257812,1.51382446289062,1.75125122070312
16.8806827068329,0.1409912109375,-0.17730712890625,0.016021728515625,2.33367919921875,0.20416259765625,9.63043212890625,1.66427612304688,1.65283203125,1.7120361328125,1.72637939453125
16.8927302360535,-0.043792724609375,0.018157958984375,-0.067291259765625,3.18328857421875,-0.3753662109375,7.49908447265625,1.88064575195312,1.5484619140625,1.7034912109375,1.62460327148438
16.900750875473,-0.11322021484375,-0.0811767578125,0.08544921875,1.0546875,0.1629638671875,8.0712890625,1.68014526367188,1.688232421875,1.52359008789062,1.86614990234375
16.9110419750214,-0.058746337890625,-0.07476806640625,0.0128173828125,-1.6168212890625,1.82830810546875,10.0369262695312,1.75994873046875,1.62063598632812,1.627197265625,1.75094604492188
16.9221761226654,-0.077972412109375,0.0640869140625,-0.154876708984375,-0.55755615234375,2.589111328125,11.6317749023438,2.01705932617188,1.44699096679688,1.78665161132812,1.50558471679688
16.940750837326,0.028839111328125,-0.035247802734375,-0.04486083984375,-1.78802490234375,3.380126953125,8.818359375,1.81808471679688,1.57760620117188,1.70730590820312,1.6558837890625
16.9524624347687,0.11749267578125,0.25421142578125,0.095062255859375,0.01739501953125,0.95947265625,9.08843994140625,1.71035766601562,1.86141967773438,1.468505859375,1.71707153320312
16.9627628326416,0.02777099609375,-0.0341796875,0.105743408203125,-1.402587890625,-0.062255859375,8.65997314453125,1.636962890625,1.76132202148438,1.51580810546875,1.84310913085938
16.9716420173645,0.0299072265625,0.07049560546875,0.129241943359375,1.6717529296875,-1.845703125,8.47412109375,1.63833618164062,1.82586669921875,1.44973754882812,1.84326171875
16.9841103553772,-0.003204345703125,-0.103607177734375,0.157012939453125,2.398681640625,-2.85919189453125,8.46221923828125,1.55868530273438,1.80862426757812,1.45156860351562,1.93679809570312
16.9908165931702,-0.028839111328125,-0.08758544921875,-0.1153564453125,0.60333251953125,-0.19775390625,8.668212890625,1.90841674804688,1.47537231445312,1.77459716796875,1.5899658203125
17.0019836425781,-0.120697021484375,-0.03631591796875,-0.082244873046875,-2.02606201171875,1.49505615234375,9.730224609375,1.90689086914062,1.5118408203125,1.69403076171875,1.63726806640625
17.0120961666107,0.206146240234375,-0.076904296875,-0.233917236328125,-3.9166259765625,-1.622314453125,10.45166015625,1.98333740234375,1.41006469726562,1.99417114257812,1.3616943359375
17.0228900909424,0.180511474609375,0.050201416015625,0.114288330078125,-1.30828857421875,-1.87774658203125,10.9771728515625,1.5948486328125,1.87652587890625,1.51199340820312,1.76589965820312
17.032185792923,0.1239013671875,0.099334716796875,0.025634765625,-0.94573974609375,-0.399169921875,11.2783813476562,1.73995971679688,1.75949096679688,1.59103393554688,1.65725708007812
17.0410385131836,0.165557861328125,0.22857666015625,0.1666259765625,3.22265625,-2.8033447265625,11.6793823242188,1.58935546875,1.9866943359375,1.38992309570312,1.78573608398438
17.0537266731262,0.18157958984375,0.13031005859375,0.07904052734375,2.34375,-2.33184814453125,11.03759765625,1.65374755859375,1.845703125,1.54129028320312,1.71401977539062
17.0615835189819,0.1666259765625,-0.05767822265625,-0.018157958984375,0.63812255859375,-4.0484619140625,10.2081298828125,1.7230224609375,1.6632080078125,1.715087890625,1.6534423828125
17.0707993507385,-0.0982666015625,0.0469970703125,0.058746337890625,1.0968017578125,-1.59210205078125,10.2291870117188,1.73690795898438,1.71661376953125,1.50680541992188,1.78970336914062
17.0812137126923,-0.101470947265625,-0.033111572265625,-0.00640869140625,-0.7177734375,-0.736083984375,10.5560302734375,1.79458618164062,1.61117553710938,1.60995483398438,1.73431396484375
17.0928564071655,-0.197601318359375,-0.2093505859375,-0.084381103515625,-1.73675537109375,2.57171630859375,10.8114624023438,1.87454223632812,1.43997192382812,1.72210693359375,1.71249389648438
17.1019763946533,-0.073699951171875,-0.0469970703125,-0.210418701171875,-1.0382080078125,3.39111328125,11.781005859375,2.04376220703125,1.368408203125,1.8682861328125,1.46881103515625
17.1121828556061,-0.103607177734375,-0.26702880859375,-0.02777099609375,-5.6396484375,4.603271484375,12.6434326171875,1.7626953125,1.52481079101562,1.69525146484375,1.76956176757812
17.1227672100067,-0.007476806640625,-0.233917236328125,-0.043792724609375,-7.29949951171875,4.5794677734375,13.2861328125,1.76239013671875,1.54678344726562,1.73095703125,1.70501708984375
17.1317737102509,0.07049560546875,0.1495361328125,0.026702880859375,-4.27459716796875,7.0953369140625,12.8439331054688,1.766357421875,1.77291870117188,1.55181884765625,1.65420532226562
17.1448080539703,0.09185791015625,0.162353515625,-0.1025390625,-2.47650146484375,4.918212890625,12.7432250976562,1.93115234375,1.61972045898438,1.71493530273438,1.48361206054688
17.1621997356415,0.076904296875,-0.171966552734375,0.2520751953125,0.54656982421875,-0.1080322265625,9.63409423828125,1.38961791992188,1.95281982421875,1.36962890625,2.04269409179688
17.173032283783,-0.0469970703125,0.01495361328125,0.2691650390625,-0.34515380859375,-3.6932373046875,9.2578125,1.45828247070312,1.97891235351562,1.25717163085938,2.06283569335938
17.1807065010071,-0.1324462890625,-0.227508544921875,0.231781005859375,-2.156982421875,-3.2135009765625,10.1303100585938,1.45614624023438,1.83441162109375,1.35208129882812,2.11456298828125
17.19371342659,-0.21148681640625,0.001068115234375,-0.26702880859375,1.8988037109375,1.21124267578125,9.07928466796875,2.17864990234375,1.25778198242188,1.88156127929688,1.44149780273438
17.2027752399445,-0.045928955078125,-0.095062255859375,-0.351409912109375,1.7340087890625,4.07135009765625,8.87969970703125,2.20779418945312,1.17401123046875,2.06085205078125,1.32003784179688
17.2122182846069,-0.103607177734375,-0.302276611328125,-0.338592529296875,-5.6451416015625,3.160400390625,9.986572265625,2.14874267578125,1.11068725585938,2.08786010742188,1.41387939453125
17.2259228229523,-0.022430419921875,-0.013885498046875,-0.052337646484375,-4.9658203125,3.61358642578125,10.9616088867188,1.85028076171875,1.57638549804688,1.67373657226562,1.65924072265625
17.2610042095184,0.182647705078125,0.180511474609375,-0.10894775390625,-3.45794677734375,2.808837890625,13.0508422851562,1.91604614257812,1.61758422851562,1.75186157226562,1.48040771484375
17.2621884346008,0.247802734375,0,0.09185791015625,-0.58868408203125,-0.19866943359375,11.3204956054688,1.59149169921875,1.83425903320312,1.5728759765625,1.7657470703125
17.2628507614136,0.099334716796875,0.11749267578125,0.37811279296875,2.6568603515625,-3.4881591796875,10.1119995117188,1.31454467773438,2.18231201171875,1.13494873046875,2.13241577148438
17.2648251056671,0.067291259765625,0.04486083984375,0.248870849609375,4.2755126953125,-2.8729248046875,10.0579833984375,1.46270751953125,1.9879150390625,1.31134033203125,1.99935913085938
17.2729034423828,0.0042724609375,-0.23284912109375,0.372772216796875,0.44586181640625,-2.96356201171875,10.4690551757812,1.2457275390625,2.0458984375,1.22482299804688,2.24700927734375
17.2809600830078,-0.107879638671875,-0.268096923828125,-0.058746337890625,-1.14166259765625,-1.072998046875,10.341796875,1.81427001953125,1.45736694335938,1.73965454101562,1.75552368164062
17.2908098697662,-0.0213623046875,0.011749267578125,-0.20294189453125,-0.18951416015625,0.428466796875,10.4168701171875,2.052001953125,1.38778686523438,1.86111450195312,1.46591186523438
17.3011753559113,-0.04913330078125,0.01495361328125,-0.367431640625,-3.10272216796875,2.3931884765625,11.4569091796875,2.26837158203125,1.16607666015625,2.06314086914062,1.26983642578125
17.3109693527222,0.052337646484375,-0.110015869140625,-0.1837158203125,-5.65887451171875,2.90313720703125,11.0211181640625,1.97021484375,1.38824462890625,1.90093994140625,1.50787353515625
17.3210711479187,0.127105712890625,0.230712890625,-0.302276611328125,-0.439453125,3.11920166015625,12.5711059570312,2.1978759765625,1.36154174804688,1.97647094726562,1.22695922851562
17.3317520618439,0.272369384765625,0.418701171875,-0.093994140625,4.2425537109375,2.10845947265625,12.330322265625,1.95053100585938,1.72195434570312,1.70166015625,1.3885498046875
17.3507628440857,-0.0213623046875,0.013885498046875,0.2777099609375,-0.17303466796875,0.64910888671875,8.49517822265625,1.45782470703125,1.973876953125,1.27227783203125,2.0587158203125
17.361888885498,0.2435302734375,0.06195068359375,0.145263671875,0.72418212890625,-0.18585205078125,7.59796142578125,1.5570068359375,1.90887451171875,1.494140625,1.79794311523438
17.3721907138824,0.048065185546875,0.024566650390625,0.050201416015625,-0.90545654296875,0.816650390625,7.85797119140625,1.7230224609375,1.7193603515625,1.56646728515625,1.74911499023438
17.3811230659485,-0.071563720703125,-0.13458251953125,-0.18798828125,-3.39752197265625,2.724609375,7.14569091796875,2.00759887695312,1.32736206054688,1.88461303710938,1.53778076171875
17.3908622264862,0.05767822265625,0.016021728515625,-0.095062255859375,-3.88092041015625,0.65185546875,8.287353515625,1.89376831054688,1.53121948242188,1.7620849609375,1.56692504882812
17.4009141921997,0.069427490234375,0.184783935546875,-0.080108642578125,-1.14166259765625,2.86102294921875,8.67279052734375,1.92184448242188,1.6046142578125,1.69601440429688,1.53152465820312
17.4121580123901,0.058746337890625,-0.084381103515625,-0.005340576171875,-1.17279052734375,3.2464599609375,10.2978515625,1.75048828125,1.61651611328125,1.67526245117188,1.71096801757812
17.4308042526245,-0.03631591796875,0.069427490234375,0.182647705078125,-0.025634765625,-0.92926025390625,11.854248046875,1.58676147460938,1.84616088867188,1.36688232421875,1.94717407226562
17.4409880638123,-0.0384521484375,0.045928955078125,0.01495361328125,1.6644287109375,-2.724609375,12.828369140625,1.78634643554688,1.62796020507812,1.58294677734375,1.74713134765625
17.4509391784668,0.068359375,-0.0726318359375,0.063018798828125,0.7489013671875,-4.2498779296875,11.4175415039062,1.656494140625,1.68624877929688,1.58859252929688,1.81472778320312
17.4878158569336,0.00640869140625,-0.150604248046875,-0.179443359375,-2.68341064453125,0.6243896484375,9.62310791015625,1.95114135742188,1.34078979492188,1.88995361328125,1.56005859375
17.4917883872986,-0.01068115234375,-0.039520263671875,-0.10894775390625,-3.99261474609375,-2.31536865234375,8.4320068359375,1.90628051757812,1.44805908203125,1.75735473632812,1.62887573242188
17.5008726119995,-0.01495361328125,-0.06622314453125,-0.011749267578125,-5.46844482421875,-1.34490966796875,9.8565673828125,1.7852783203125,1.5509033203125,1.63955688476562,1.76788330078125
17.5121757984161,0.00640869140625,0.028839111328125,0.01068115234375,-2.677001953125,-0.09613037109375,9.656982421875,1.77642822265625,1.61209106445312,1.591796875,1.76177978515625
17.5217714309692,0.23712158203125,0.299072265625,0.090789794921875,3.16497802734375,-0.85968017578125,9.30084228515625,1.68838500976562,1.86294555664062,1.47872924804688,1.7120361328125
17.5407619476318,0.016021728515625,0.325775146484375,-0.039520263671875,10.4287719726562,0.6207275390625,7.42767333984375,1.92306518554688,1.64596557617188,1.56814575195312,1.60247802734375
17.5513422489166,0.028839111328125,-0.020294189453125,0.088653564453125,6.96075439453125,-0.560302734375,7.437744140625,1.6619873046875,1.7230224609375,1.50421142578125,1.84326171875
17.5610523223877,-0.01068115234375,-0.1153564453125,-0.0811767578125,-1.28173828125,0.19134521484375,7.0184326171875,1.86294555664062,1.47567749023438,1.72927856445312,1.663818359375
17.5709402561188,-0.090789794921875,-0.03204345703125,-0.069427490234375,-5.92254638671875,2.38128662109375,7.38372802734375,1.89773559570312,1.49734497070312,1.66259765625,1.6717529296875
17.5810918807983,0.10467529296875,0.165557861328125,-0.32684326171875,-3.42315673828125,2.12310791015625,7.3699951171875,2.22030639648438,1.29974365234375,1.98165893554688,1.22451782226562
17.591970205307,0.206146240234375,0.36956787109375,-0.206146240234375,-1.84844970703125,2.178955078125,9.569091796875,2.10296630859375,1.5460205078125,1.7987060546875,1.27944946289062
17.6019816398621,0.174102783203125,0.18585205078125,0.11749267578125,0.615234375,2.2467041015625,9.3438720703125,1.65420532226562,1.88339233398438,1.4453125,1.7449951171875
17.6107320785522,0.2947998046875,0.082244873046875,0.07904052734375,0.07598876953125,-1.99127197265625,9.4830322265625,1.63421630859375,1.84173583984375,1.55990600585938,1.69189453125
17.6207020282745,0.238189697265625,0.17303466796875,0.316162109375,-0.50811767578125,-2.6239013671875,8.71490478515625,1.37481689453125,2.13623046875,1.22650146484375,1.990966796875
17.632143497467,0.082244873046875,-0.10040283203125,-0.142059326171875,0.8367919921875,0.0457763671875,8.8201904296875,1.91009521484375,1.43463134765625,1.83624267578125,1.54769897460938
17.6408128738403,0.08758544921875,-0.0042724609375,-0.090789794921875,1.5179443359375,0.9283447265625,8.95477294921875,1.87164306640625,1.53488159179688,1.749267578125,1.5753173828125
17.651969909668,0.06622314453125,-0.013885498046875,-0.10894775390625,-0.2362060546875,2.23297119140625,10.29052734375,1.90292358398438,1.50543212890625,1.76666259765625,1.5606689453125
17.6611008644104,0.171966552734375,0.17730712890625,-0.103607177734375,-0.87615966796875,-1.00341796875,10.5001831054688,1.91268920898438,1.60003662109375,1.73812866210938,1.47369384765625
17.6719555854797,0.0128173828125,0.139923095703125,0.009613037109375,-0.3753662109375,1.41815185546875,11.0275268554688,1.812744140625,1.6925048828125,1.55792236328125,1.666259765625
17.6822843551636,0.099334716796875,-0.14312744140625,-0.050201416015625,-1.52801513671875,0.86517333984375,9.22943115234375,1.77597045898438,1.5643310546875,1.74545288085938,1.6485595703125
17.6889631748199,0.01922607421875,-0.011749267578125,0.10894775390625,1.607666015625,-0.0494384765625,9.61029052734375,1.63543701171875,1.785888671875,1.4825439453125,1.82952880859375
17.6989567279816,0.024566650390625,0.024566650390625,0.161285400390625,1.614990234375,-0.41748046875,10.048828125,1.578369140625,1.86508178710938,1.40655517578125,1.88339233398438
17.711124420166,-0.092926025390625,0.01495361328125,0.10467529296875,0.48614501953125,0.655517578125,9.4793701171875,1.68365478515625,1.75491333007812,1.44821166992188,1.85470581054688
17.7192935943604,-0.01068115234375,-0.2093505859375,-0.16021728515625,0.4742431640625,2.27783203125,10.0506591796875,1.91375732421875,1.37451171875,1.87789916992188,1.57760620117188
17.7402019500732,-0.090789794921875,0.050201416015625,-0.06195068359375,-2.6513671875,-1.10687255859375,10.1962280273438,1.88858032226562,1.54083251953125,1.66412353515625,1.65557861328125
17.7604355812073,0.00640869140625,0.0128173828125,-0.01922607421875,0.53558349609375,2.31719970703125,9.50775146484375,1.79962158203125,1.61300659179688,1.65130615234375,1.68685913085938
17.7792317867279,0.093994140625,0.03204345703125,0.133514404296875,-0.05584716796875,-0.80108642578125,10.2447509765625,1.59210205078125,1.84921264648438,1.47598266601562,1.8280029296875
17.7889494895935,-0.122833251953125,-0.022430419921875,0.04486083984375,-3.60443115234375,-1.54449462890625,10.3335571289062,1.75796508789062,1.66641235351562,1.5338134765625,1.78939819335938
17.7988262176514,-0.10894775390625,0.293731689453125,-0.001068115234375,1.5673828125,-0.83770751953125,9.72747802734375,1.900634765625,1.71356201171875,1.50283813476562,1.62826538085938
17.8110718727112,-0.110015869140625,-0.2093505859375,0.008544921875,-1.0345458984375,1.69921875,11.6299438476562,1.74392700195312,1.5753173828125,1.6400146484375,1.79092407226562
17.8209381103516,-0.182647705078125,-0.2947998046875,0.01922607421875,-1.19293212890625,4.19036865234375,13.61572265625,1.72592163085938,1.53427124023438,1.63665771484375,1.85882568359375
17.8520171642303,-0.31829833984375,-0.607757568359375,0.25848388671875,-2.80426025390625,4.62432861328125,13.1524658203125,1.37710571289062,1.69509887695312,1.38778686523438,2.3004150390625
17.8621561527252,-0.045928955078125,-0.7391357421875,0.080108642578125,-5.11871337890625,0.63446044921875,12.5894165039062,1.48162841796875,1.50314331054688,1.732177734375,2.04666137695312
17.8809192180634,0.00640869140625,-0.3887939453125,0.13885498046875,-7.67852783203125,-2.9608154296875,10.916748046875,1.494140625,1.69174194335938,1.57272338867188,2.00408935546875
17.8903322219849,-0.07904052734375,-0.139923095703125,0.02777099609375,-3.31512451171875,0.260009765625,7.265625,1.73797607421875,1.60232543945312,1.60995483398438,1.81716918945312
17.9120516777039,0.077972412109375,-0.0555419921875,-0.063018798828125,2.13043212890625,-0.8917236328125,8.917236328125,1.82388305664062,1.55105590820312,1.74850463867188,1.64337158203125
17.9400298595428,0.182647705078125,0.08331298828125,0.04913330078125,-2.43072509765625,1.0491943359375,9.88677978515625,1.67938232421875,1.7529296875,1.6119384765625,1.73110961914062
17.9508645534515,0.29693603515625,0.154876708984375,-0.0299072265625,-0.596923828125,-2.89947509765625,11.2948608398438,1.761474609375,1.70608520507812,1.72943115234375,1.5777587890625
17.9611959457397,0.22857666015625,0.406951904296875,0.27984619140625,0.80108642578125,-1.402587890625,11.3607788085938,1.47003173828125,2.14614868164062,1.24771118164062,1.91375732421875
17.9690892696381,0.1708984375,0.2734375,0.110015869140625,-0.62164306640625,0.9942626953125,9.6368408203125,1.64703369140625,1.87713623046875,1.48880004882812,1.7608642578125
17.9940962791443,0.306549072265625,0.65155029296875,0.295867919921875,0.73516845703125,1.66717529296875,9.4647216796875,1.48971557617188,2.2723388671875,1.17767333984375,1.83639526367188
18.0002987384796,0.19012451171875,0.652618408203125,0.17303466796875,-1.878662109375,-0.179443359375,8.12530517578125,1.6741943359375,2.10540771484375,1.29638671875,1.70333862304688
18.0087416172028,0.247802734375,0.9271240234375,0.19866943359375,-5.1800537109375,3.50555419921875,8.46954345703125,1.70852661132812,2.236328125,1.19842529296875,1.6363525390625
18.0224249362946,0.487060546875,0.906829833984375,0.084381103515625,-4.89898681640625,3.43414306640625,8.33587646484375,1.76803588867188,2.16827392578125,1.41937255859375,1.41891479492188
18.0291697978973,0.20294189453125,1.30416870117188,-0.077972412109375,-4.07501220703125,2.2119140625,8.46038818359375,2.17849731445312,2.01675415039062,1.41571044921875,1.16363525390625
18.0420491695404,0.221099853515625,1.27960205078125,-0.06622314453125,-2.3382568359375,1.07757568359375,8.2965087890625,2.16232299804688,2.0526123046875,1.39556884765625,1.163330078125
18.0591502189636,-0.3887939453125,1.29241943359375,0.167694091796875,6.84539794921875,-1.64520263671875,6.43157958984375,2.07672119140625,2.19482421875,0.89385986328125,1.61300659179688
18.0691187381744,-0.597076416015625,0.921783447265625,0.2734375,1.81915283203125,2.33184814453125,9.3896484375,1.92413330078125,2.19223022460938,0.78948974609375,1.88461303710938
18.078869342804,-0.3546142578125,1.1322021484375,0.145263671875,-1.153564453125,4.24072265625,10.3427124023438,2.09732055664062,2.19558715820312,0.9442138671875,1.57089233398438
18.0901672840118,-0.060882568359375,0.8843994140625,0.04486083984375,-0.4376220703125,3.43963623046875,9.88037109375,2.07489013671875,2.10891723632812,1.21780395507812,1.41265869140625
18.0989501476288,-0.264892578125,0.960235595703125,-0.10040283203125,2.46185302734375,4.97955322265625,9.95635986328125,2.35641479492188,1.91162109375,1.3018798828125,1.24832153320312
18.1089870929718,-0.230712890625,0.56396484375,-0.11322021484375,0.08331298828125,5.269775390625,9.5416259765625,2.26547241210938,1.79779052734375,1.43768310546875,1.34033203125
18.1301701068878,-0.624847412109375,0.308685302734375,-0.01922607421875,-4.60052490234375,-6.56341552734375,8.34320068359375,2.2503662109375,1.763916015625,1.23733520507812,1.63253784179688
18.1419010162354,-0.72845458984375,0.1495361328125,0.193328857421875,-1.9775390625,-3.720703125,7.5897216796875,1.96609497070312,1.94808959960938,0.99029541015625,1.97967529296875
18.149861574173,-0.453948974609375,-0.135650634765625,0.197601318359375,-3.3416748046875,2.50762939453125,8.06121826171875,1.806640625,1.95541381835938,1.14730834960938,1.99142456054688
18.1889750957489,-0.07049560546875,-0.362091064453125,-0.0469970703125,-2.69805908203125,-7.32421875,10.62744140625,1.98577880859375,1.72256469726562,1.63421630859375,1.6668701171875
18.1995582580566,-0.133514404296875,-0.3631591796875,-0.001068115234375,-0.76263427734375,-6.9708251953125,9.385986328125,1.95358276367188,1.76284790039062,1.56219482421875,1.75247192382812
18.2089900970459,-0.2777099609375,-0.569305419921875,0.15167236328125,-1.5289306640625,-3.58795166015625,8.96392822265625,1.75888061523438,1.85958862304688,1.392822265625,2.05535888671875
18.2191898822784,-0.048065185546875,-0.592803955078125,0.071563720703125,-2.10113525390625,-3.211669921875,7.8094482421875,1.79153442382812,1.82083129882812,1.571044921875,1.90292358398438
18.2292656898499,0.05767822265625,-0.558624267578125,0.05126953125,-2.13592529296875,-1.0345458984375,8.2562255859375,1.80389404296875,1.83837890625,1.62078857421875,1.84478759765625
18.2402803897858,0.225372314453125,-0.398406982421875,-0.148468017578125,0.21148681640625,1.0308837890625,9.40704345703125,2.06268310546875,1.69723510742188,1.87698364257812,1.50344848632812
18.2492690086365,0.367431640625,-0.35675048828125,-0.118560791015625,1.68182373046875,2.105712890625,9.7723388671875,1.99722290039062,1.79275512695312,1.87957763671875,1.4923095703125
18.2597966194153,0.22003173828125,-0.227508544921875,-0.13031005859375,4.21051025390625,1.8658447265625,9.03350830078125,2.09259033203125,1.77703857421875,1.82510375976562,1.49017333984375
18.2701539993286,0.278778076171875,-0.212554931640625,-0.088653564453125,-0.22247314453125,2.17987060546875,8.7359619140625,2.01934814453125,1.85195922851562,1.79336547851562,1.5234375
18.279928445816,0.492401123046875,-0.3204345703125,-0.111083984375,-6.91864013671875,-5.91064453125,8.6517333984375,1.94686889648438,1.85531616210938,1.92214965820312,1.46697998046875
18.2906527519226,0.11322021484375,-0.257415771484375,0.12603759765625,-5.87127685546875,-10.3408813476562,11.1456298828125,1.78253173828125,2.08648681640625,1.51992797851562,1.84341430664062
18.3000299930573,-0.167694091796875,-0.13671875,0.1495361328125,2.29156494140625,-5.25421142578125,9.1168212890625,1.89056396484375,2.08450317382812,1.39190673828125,1.922607421875
18.3089325428009,-0.107879638671875,-0.163421630859375,0.276641845703125,0.7635498046875,-0.75164794921875,8.81011962890625,1.72088623046875,2.26226806640625,1.302490234375,2.07778930664062
18.320122718811,-0.02349853515625,0.009613037109375,0.157012939453125,1.75506591796875,-0.66741943359375,9.51690673828125,1.89910888671875,2.20046997070312,1.434326171875,1.84768676757812
18.3417770862579,0.025634765625,-0.213623046875,-0.050201416015625,4.0228271484375,2.30804443359375,8.8385009765625,2.09564208984375,1.90261840820312,1.79153442382812,1.64016723632812
18.3530032634735,0.063018798828125,-0.011749267578125,-0.21148681640625,2.50762939453125,1.31927490234375,8.07403564453125,2.36282348632812,1.77825927734375,1.9512939453125,1.36856079101562
18.3597185611725,0.233917236328125,0.00213623046875,-0.201873779296875,2.2998046875,-1.18560791015625,8.232421875,2.30392456054688,1.84463500976562,1.9873046875,1.3250732421875
18.392914056778,-0.310821533203125,-0.084381103515625,0.19012451171875,3.61083984375,-1.3330078125,9.07562255859375,1.95770263671875,2.1624755859375,1.36642456054688,2.04254150390625
18.4000401496887,-0.225372314453125,-0.037384033203125,0.0982666015625,0.28106689453125,-0.0567626953125,8.59222412109375,2.06161499023438,2.08740234375,1.49261474609375,1.88751220703125
18.411999464035,-0.400543212890625,0.025634765625,0.112152099609375,-1.19384765625,3.1768798828125,9.89776611328125,2.12234497070312,2.07962036132812,1.40289306640625,1.94580078125
18.4228663444519,-0.25848388671875,-0.16448974609375,0.11962890625,-1.702880859375,1.31561279296875,10.4415893554688,2.03781127929688,2.08099365234375,1.49490356445312,1.96304321289062
18.4301753044128,0.00640869140625,-0.244598388671875,-0.009613037109375,0.1885986328125,-1.9610595703125,10.4104614257812,2.11868286132812,1.96075439453125,1.74774169921875,1.75033569335938
18.4417884349823,-0.22216796875,-0.2264404296875,-0.24139404296875,-2.24578857421875,-5.15350341796875,9.8236083984375,2.484130859375,1.60781860351562,1.96182250976562,1.52374267578125
18.4519765377045,-0.280914306640625,-0.18798828125,-0.020294189453125,-1.8841552734375,-3.15216064453125,10.83251953125,2.254638671875,1.88323974609375,1.64810180664062,1.8170166015625
18.4619648456573,-0.1495361328125,-0.19439697265625,-0.095062255859375,-3.51287841796875,3.03314208984375,10.3024291992188,2.30972290039062,1.83624267578125,1.77566528320312,1.68304443359375
18.471798658371,-0.29052734375,-0.263824462890625,-0.0469970703125,-6.6357421875,2.21099853515625,10.1559448242188,2.2711181640625,1.83273315429688,1.69464111328125,1.8060302734375
18.4816727638245,-0.345001220703125,-0.11322021484375,0.011749267578125,-3.13568115234375,2.42340087890625,11.015625,2.26333618164062,1.9354248046875,1.55563354492188,1.85012817382812
18.4949259757996,-0.1922607421875,0.1922607421875,0.0384521484375,3.896484375,3.6492919921875,11.5823364257812,2.2894287109375,2.1063232421875,1.46926879882812,1.75445556640625
18.4990191459656,-0.131378173828125,-0.22003173828125,0.067291259765625,2.10479736328125,4.493408203125,11.898193359375,2.11776733398438,2.02880859375,1.57180786132812,1.90216064453125
18.5129203796387,-0.178375244140625,-0.257415771484375,0.09185791015625,1.0089111328125,3.41766357421875,11.4175415039062,2.09991455078125,2.0355224609375,1.539306640625,1.96136474609375
18.5199933052063,-0.238189697265625,-0.50628662109375,0.092926025390625,-2.537841796875,2.23846435546875,10.418701171875,2.04574584960938,1.94503784179688,1.59957885742188,2.04986572265625
18.5333354473114,0.05126953125,-0.291595458984375,-0.08544921875,-5.537109375,-3.91937255859375,11.6830444335938,2.247314453125,1.87530517578125,1.84661865234375,1.69403076171875
18.5393075942993,0.340728759765625,-0.231781005859375,-0.120697021484375,-0.8038330078125,-1.78436279296875,11.09619140625,2.220458984375,1.9403076171875,1.9549560546875,1.549072265625
18.558874130249,0.3802490234375,-0.54046630859375,-0.195465087890625,-4.5867919921875,0.84686279296875,12.0355224609375,2.22137451171875,1.76956176757812,2.14599609375,1.53427124023438
18.5717885494232,0.325775146484375,-0.3759765625,-0.075836181640625,-1.915283203125,-0.48431396484375,9.67529296875,2.13333129882812,1.9561767578125,1.92886352539062,1.65359497070312
18.5798926353455,0.2093505859375,-0.1708984375,0.025634765625,3.2647705078125,1.38702392578125,9.71832275390625,2.10296630859375,2.11090087890625,1.70501708984375,1.75323486328125
18.5943021774292,0.36956787109375,-0.27557373046875,-0.1153564453125,7.781982421875,3.41217041015625,10.4617309570312,2.19970703125,1.96441650390625,1.97113037109375,1.552734375
18.5989813804626,0.387725830078125,-0.144195556640625,-0.093994140625,4.67742919921875,1.9464111328125,10.4864501953125,2.20260620117188,2.03369140625,1.92123413085938,1.53518676757812
18.612940788269,0.43365478515625,0.11322021484375,-0.056610107421875,0.3570556640625,-0.78094482421875,12.3504638671875,2.21694946289062,2.17391967773438,1.82662963867188,1.49185180664062
18.621604681015,0.236053466796875,-0.25634765625,0.052337646484375,1.322021484375,-1.10321044921875,11.4532470703125,2.02713012695312,2.1270751953125,1.75445556640625,1.81015014648438
18.6287038326263,0.293731689453125,-0.391998291015625,-0.060882568359375,-0.032958984375,-0.15106201171875,10.3070068359375,2.10418701171875,1.9635009765625,1.95953369140625,1.69387817382812
18.6388206481934,-0.043792724609375,-0.573577880859375,0.152740478515625,-5.3668212890625,0.94207763671875,10.2291870117188,1.88323974609375,2.07015991210938,1.66000366210938,2.125244140625
18.6487145423889,-0.075836181640625,-0.396270751953125,0.095062255859375,-4.97955322265625,3.73077392578125,9.84283447265625,2.01324462890625,2.042236328125,1.685791015625,2.01171875
18.6590332984924,0.184783935546875,-0.3631591796875,-0.03631591796875,-0.9613037109375,3.84613037109375,10.5560302734375,2.10968017578125,1.96548461914062,1.91741943359375,1.76040649414062
18.6699895858765,0.024566650390625,-0.41656494140625,0.10467529296875,0.28656005859375,3.5321044921875,11.0586547851562,1.95510864257812,2.086181640625,1.71127319335938,1.99554443359375
18.6801652908325,-0.026702880859375,-0.3033447265625,-0.137786865234375,-0.58135986328125,1.1297607421875,9.166259765625,2.29904174804688,1.79840087890625,1.96548461914062,1.6693115234375
18.6902303695679,0.056610107421875,-0.1239013671875,-0.274505615234375,1.43829345703125,4.4366455078125,8.54461669921875,2.50106811523438,1.722412109375,2.11822509765625,1.3946533203125
18.6989214420319,0.210418701171875,-0.35675048828125,-0.189056396484375,-1.01806640625,1.966552734375,9.85931396484375,2.28363037109375,1.80496215820312,2.13668823242188,1.5277099609375
18.7089450359344,0.225372314453125,-0.16876220703125,-0.045928955078125,-2.947998046875,-2.34283447265625,12.8182983398438,2.15682983398438,2.0458984375,1.9061279296875,1.64413452148438
18.7212021350861,-0.007476806640625,-0.0897216796875,-0.001068115234375,-2.73284912109375,-3.6602783203125,13.963623046875,2.18032836914062,2.04635620117188,1.77047729492188,1.76681518554688
18.7314960956573,-0.201873779296875,-0.152740478515625,0.12176513671875,-3.7005615234375,-2.9827880859375,13.8766479492188,2.06573486328125,2.12265014648438,1.57806396484375,1.9976806640625
18.7389090061188,-0.436859130859375,-0.206146240234375,0.059814453125,-2.4627685546875,-3.03497314453125,12.2286987304688,2.191162109375,1.96304321289062,1.60842895507812,2.0220947265625
18.7502148151398,-0.4315185546875,-0.41656494140625,0.22857666015625,-3.51287841796875,2.4627685546875,8.8934326171875,1.9061279296875,2.10601806640625,1.46820068359375,2.30758666992188
18.7608823776245,-0.264892578125,-0.33966064453125,0.026702880859375,-1.358642578125,5.16815185546875,7.7398681640625,2.14111328125,1.93283081054688,1.74880981445312,1.9842529296875
18.779932975769,-0.022430419921875,-0.26702880859375,-0.327911376953125,-1.99676513671875,2.81524658203125,8.82659912109375,2.52731323242188,1.5826416015625,2.2412109375,1.46133422851562
18.788890838623,-0.1495361328125,0.001068115234375,-0.521240234375,-2.135009765625,1.90521240234375,8.8677978515625,2.88604736328125,1.35971069335938,2.34832763671875,1.23016357421875
18.7999901771545,-0.116424560546875,-0.0469970703125,-0.120697021484375,-3.92578125,-0.8935546875,11.24267578125,2.35687255859375,1.85958862304688,1.87240600585938,1.734619140625
18.8096761703491,0.14312744140625,-0.080108642578125,-0.169830322265625,-4.859619140625,-4.31671142578125,12.5765991210938,2.33612060546875,1.8695068359375,2.01873779296875,1.60873413085938
18.8190200328827,-0.084381103515625,-0.299072265625,0.073699951171875,-1.33758544921875,-2.255859375,11.6354370117188,2.03826904296875,2.03506469726562,1.71066284179688,2.04666137695312
18.8303391933441,-0.13031005859375,-0.122833251953125,0.13458251953125,-1.59942626953125,-2.1807861328125,9.9737548828125,2.027587890625,2.16720581054688,1.56463623046875,2.07611083984375
18.839058637619,-0.12603759765625,0.05340576171875,0.07476806640625,0.80657958984375,-3.3966064453125,9.22760009765625,2.15423583984375,2.14645385742188,1.58721923828125,1.94747924804688
18.8501420021057,0.088653564453125,-0.0555419921875,0.030975341796875,0.662841796875,-2.6953125,9.7503662109375,2.10952758789062,2.1270751953125,1.73751831054688,1.85577392578125
18.8597304821014,-0.086517333984375,-0.14312744140625,0.035247802734375,2.0599365234375,0.516357421875,6.7987060546875,2.12234497070312,2.06069946289062,1.70700073242188,1.93740844726562
18.8700907230377,0.225372314453125,-0.42510986328125,0.00213623046875,-1.26434326171875,-0.20782470703125,8.64715576171875,1.97723388671875,2.01644897460938,1.93679809570312,1.86691284179688
18.8797392845154,0.441131591796875,0.003204345703125,-0.193328857421875,-0.11627197265625,-1.9793701171875,9.686279296875,2.28347778320312,1.97402954101562,2.12661743164062,1.42196655273438
18.8891944885254,0.435791015625,0,-0.15380859375,2.20916748046875,-3.03314208984375,9.35943603515625,2.23373413085938,2.02224731445312,2.07534790039062,1.47476196289062
18.9029610157013,0.4315185546875,-0.093994140625,-0.04913330078125,-0.6536865234375,-0.90087890625,11.4797973632812,2.06680297851562,2.109375,1.97952270507812,1.63925170898438
18.9113414287567,0.3118896484375,-0.020294189453125,-0.174102783203125,-1.7742919921875,1.44195556640625,10.843505859375,2.28500366210938,1.9317626953125,2.10098266601562,1.53045654296875
18.9200961589813,0.116424560546875,-0.04058837890625,-0.3546142578125,-2.30072021484375,2.783203125,9.1644287109375,2.554931640625,1.641845703125,2.283935546875,1.37542724609375
18.9304912090302,0.263824462890625,0.068359375,-0.020294189453125,-0.56488037109375,2.11578369140625,11.0165405273438,2.125244140625,2.14447021484375,1.88201904296875,1.70989990234375
18.9391229152679,0.276641845703125,0.112152099609375,-0.084381103515625,-0.325927734375,0.6719970703125,13.5076904296875,2.21466064453125,2.09625244140625,1.9580078125,1.60873413085938
18.9489481449127,0.24139404296875,-0.024566650390625,-0.19866943359375,-3.23455810546875,1.845703125,14.2666625976562,2.3199462890625,1.91925048828125,2.13653564453125,1.50253295898438
18.9593679904938,0.008544921875,0,-0.0042724609375,-2.77496337890625,2.54058837890625,12.2561645507812,2.1514892578125,2.10418701171875,1.81411743164062,1.7974853515625
18.9759795665741,0.037384033203125,0.340728759765625,0.04486083984375,0.11810302734375,-2.45086669921875,12.3907470703125,2.18353271484375,2.27630615234375,1.65863037109375,1.7486572265625
19.000821352005,-0.163421630859375,-0.007476806640625,-0.058746337890625,-1.51519775390625,-2.6348876953125,8.60595703125,2.2601318359375,1.99569702148438,1.83700561523438,1.75216674804688
19.0088105201721,-0.176239013671875,0.0811767578125,-0.035247802734375,0.0604248046875,-0.01007080078125,8.997802734375,2.25875854492188,2.04345703125,1.78085327148438,1.77459716796875
19.0300652980804,-0.210418701171875,0.003204345703125,-0.10467529296875,1.23504638671875,2.05810546875,9.6826171875,2.32437133789062,1.90811157226562,1.88400268554688,1.73004150390625
19.0389823913574,-0.11962890625,0.18798828125,-0.15594482421875,1.89971923828125,5.504150390625,9.3310546875,2.41622924804688,1.92916870117188,1.91818237304688,1.58859252929688
19.0497357845306,-0.148468017578125,-0.076904296875,-0.122833251953125,0.1702880859375,3.19976806640625,10.257568359375,2.30636596679688,1.87576293945312,1.94091796875,1.72119140625
19.0599412918091,-0.32684326171875,0.020294189453125,-0.07476806640625,-0.74981689453125,0.29022216796875,11.1978149414062,2.3291015625,1.90902709960938,1.79977416992188,1.81411743164062
19.068811416626,-0.1922607421875,0.231781005859375,-0.06622314453125,0.2801513671875,-2.53875732421875,11.3580322265625,2.3309326171875,2.01614379882812,1.76254272460938,1.71783447265625
19.0794177055359,-0.22216796875,-0.011749267578125,-0.06195068359375,2.38494873046875,-2.50030517578125,9.98565673828125,2.27401733398438,1.944580078125,1.80496215820312,1.79214477539062
19.0889909267426,-0.49774169921875,-0.2606201171875,0.1068115234375,2.62115478515625,-1.41815185546875,9.51141357421875,2.07061767578125,1.99691772460938,1.588134765625,2.1600341796875
19.1043210029602,-0.2392578125,-0.13671875,0.101470947265625,0.01190185546875,-1.78619384765625,10.6512451171875,2.0208740234375,2.09091186523438,1.63314819335938,2.03414916992188
19.1104140281677,-0.065155029296875,-0.0982666015625,-0.116424560546875,-2.16705322265625,-1.83197021484375,9.89501953125,2.28515625,1.90811157226562,1.92764282226562,1.6827392578125
19.1189858913422,0.007476806640625,-0.196533203125,-0.133514404296875,2.89306640625,4.0228271484375,9.14886474609375,2.26654052734375,1.88629150390625,1.990966796875,1.65908813476562
19.1799473762512,-0.105743408203125,0.030975341796875,-0.020294189453125,-0.926513671875,-0.428466796875,11.7233276367188,2.2540283203125,2.0611572265625,1.7364501953125,1.77825927734375
19.1893694400787,-0.229644775390625,-0.0341796875,0.011749267578125,-0.55389404296875,2.04345703125,9.57366943359375,2.24441528320312,2.04071044921875,1.67572021484375,1.87530517578125
19.1999723911285,0.033111572265625,-0.02777099609375,-0.04486083984375,0.19134521484375,1.534423828125,10.616455078125,2.23800659179688,2.05108642578125,1.8231201171875,1.72409057617188
19.2101166248322,0.077972412109375,0.131378173828125,-0.1025390625,2.2686767578125,-1.48590087890625,10.71533203125,2.34619140625,2.04071044921875,1.86660766601562,1.59225463867188
19.2201790809631,-0.0213623046875,-0.148468017578125,-0.005340576171875,-1.5289306640625,-0.5181884765625,11.0394287109375,2.1624755859375,2.04635620117188,1.80252075195312,1.83258056640625
19.2290544509888,-0.01922607421875,-0.04913330078125,-0.056610107421875,1.07666015625,-0.52825927734375,10.75927734375,2.25112915039062,2.0062255859375,1.84188842773438,1.74407958984375
19.2395017147064,0.105743408203125,-0.10040283203125,-0.128173828125,2.64404296875,-1.21307373046875,9.22210693359375,2.2808837890625,1.93572998046875,1.98989868164062,1.63375854492188
19.248898267746,-0.030975341796875,-0.212554931640625,-0.01922607421875,-0.12542724609375,0.28472900390625,9.9810791015625,2.15301513671875,1.99752807617188,1.85302734375,1.84860229492188
19.26016497612,0.009613037109375,-0.253143310546875,-0.124969482421875,-1.12518310546875,-1.0858154296875,8.91265869140625,2.26043701171875,1.86920166015625,2.0123291015625,1.71951293945312
19.2692198753357,-0.152740478515625,-0.18157958984375,0.035247802734375,2.07550048828125,0.81756591796875,8.660888671875,2.12875366210938,2.0404052734375,1.74392700195312,1.94061279296875
19.2798354625702,0.008544921875,-0.299072265625,-0.076904296875,-1.31561279296875,1.59576416015625,10.5734252929688,2.18429565429688,1.90902709960938,1.96624755859375,1.78619384765625
19.2888994216919,-0.01922607421875,-0.214691162109375,-0.084381103515625,-1.8658447265625,0.7635498046875,10.037841796875,2.23831176757812,1.91925048828125,1.93740844726562,1.7572021484375
19.2995128631592,0.221099853515625,-0.20721435546875,0.01495361328125,-4.17205810546875,-2.23480224609375,11.085205078125,2.03567504882812,2.1124267578125,1.88873291015625,1.81060791015625
19.3089549541473,0.312957763671875,-0.02349853515625,-0.299072265625,1.552734375,-3.4881591796875,11.063232421875,2.45819091796875,1.80343627929688,2.25845336914062,1.339111328125
19.3192653656006,-0.02777099609375,-0.2349853515625,-0.035247802734375,2.65045166015625,-0.63079833984375,10.1806640625,2.15911865234375,1.95846557617188,1.89483642578125,1.83807373046875
19.3300535678864,-0.238189697265625,0.0299072265625,-0.025634765625,2.354736328125,0.7855224609375,9.75311279296875,2.29034423828125,1.98654174804688,1.74072265625,1.8328857421875
19.3410382270813,-0.007476806640625,0.13458251953125,-0.257415771484375,4.88800048828125,1.1517333984375,9.10125732421875,2.54318237304688,1.7974853515625,2.07534790039062,1.44638061523438
19.3492712974548,-0.08758544921875,-0.04058837890625,0.06622314453125,1.0089111328125,2.5323486328125,9.01336669921875,2.10830688476562,2.12112426757812,1.70578002929688,1.9342041015625
19.3599262237549,-0.201873779296875,-0.028839111328125,-0.076904296875,-0.0439453125,2.38311767578125,9.1314697265625,2.3248291015625,1.91253662109375,1.84585571289062,1.78634643554688
19.3701686859131,-0.0299072265625,-0.135650634765625,0.037384033203125,-0.05767822265625,-0.05859375,9.03533935546875,2.08984375,2.06817626953125,1.79275512695312,1.91390991210938
19.3908424377441,-0.086517333984375,-0.15167236328125,-0.128173828125,-1.97113037109375,0.897216796875,9.964599609375,2.30224609375,1.82540893554688,1.99188232421875,1.73324584960938
19.3987510204315,-0.162353515625,-0.124969482421875,-0.058746337890625,-2.02056884765625,1.61590576171875,10.2786254882812,2.24319458007812,1.89178466796875,1.88491821289062,1.85134887695312
19.4098739624023,0.001068115234375,0.007476806640625,-0.11962890625,0.5548095703125,2.559814453125,10.0982666015625,2.310791015625,1.903076171875,1.97906494140625,1.6949462890625
19.418924331665,0.1580810546875,-0.063018798828125,-0.116424560546875,-1.81732177734375,0.3863525390625,10.6558227539062,2.23526000976562,1.92306518554688,2.04666137695312,1.67648315429688
19.4304201602936,-0.008544921875,0.216827392578125,-0.09185791015625,-2.490234375,-0.70404052734375,10.6338500976562,2.340087890625,1.98501586914062,1.88446044921875,1.68136596679688
19.438761472702,-0.095062255859375,0.274505615234375,-0.197601318359375,-0.15655517578125,-0.3167724609375,10.1614379882812,2.51663208007812,1.83914184570312,1.97189331054688,1.55929565429688
19.4493627548218,-0.13671875,0.32470703125,0.03204345703125,2.4591064453125,-1.8951416015625,11.7242431640625,2.25112915039062,2.12203979492188,1.66122436523438,1.8463134765625
19.4591958522797,-0.272369384765625,0.27130126953125,0.001068115234375,1.2322998046875,-2.77313232421875,10.1632690429688,2.32666015625,2.02529907226562,1.66549682617188,1.86233520507812
19.4688317775726,-0.4486083984375,0.058746337890625,0.186920166015625,-0.35980224609375,0.9136962890625,10.8416748046875,2.0819091796875,2.1405029296875,1.44454956054688,2.21298217773438
19.4790101051331,-0.052337646484375,0.2264404296875,-0.0811767578125,-0.10986328125,1.5362548828125,9.93438720703125,2.36358642578125,1.97647094726562,1.8389892578125,1.69937133789062
19.4912664890289,0.0042724609375,0.14312744140625,0.030975341796875,1.74224853515625,2.74200439453125,9.6258544921875,2.18185424804688,2.10830688476562,1.74087524414062,1.84722900390625
19.4987382888794,-0.048065185546875,-0.071563720703125,-0.043792724609375,-1.3861083984375,1.014404296875,9.45098876953125,2.23281860351562,1.93008422851562,1.87545776367188,1.84005737304688
19.5128729343414,-0.07049560546875,0.3460693359375,-0.1837158203125,-0.4559326171875,0.49713134765625,8.98773193359375,2.53982543945312,1.87423706054688,1.91970825195312,1.54449462890625
19.5191388130188,0.042724609375,0.253143310546875,-0.174102783203125,1.17919921875,0.9173583984375,8.968505859375,2.46612548828125,1.89208984375,1.96380615234375,1.54678344726562
19.5287177562714,0.025634765625,0.165557861328125,-0.171966552734375,-0.0439453125,0.40008544921875,9.63043212890625,2.440185546875,1.86370849609375,1.97311401367188,1.58294677734375
19.5387403964996,-0.067291259765625,0.1495361328125,-0.21575927734375,-2.208251953125,0.5438232421875,10.9881591796875,2.5244140625,1.77825927734375,2.00408935546875,1.56036376953125
19.5499031543732,0.020294189453125,0.42510986328125,0.06622314453125,-0.391845703125,-0.787353515625,12.484130859375,2.23724365234375,2.24197387695312,1.58218383789062,1.80587768554688
19.5587475299835,0.013885498046875,0.3375244140625,-0.045928955078125,-0.69488525390625,-2.39410400390625,11.3278198242188,2.35244750976562,2.07366943359375,1.74774169921875,1.69326782226562
19.5689842700958,-0.07904052734375,0.068359375,-0.00213623046875,1.54998779296875,0.9100341796875,9.9609375,2.24273681640625,2.01797485351562,1.74102783203125,1.8560791015625
19.5797288417816,-0.0384521484375,0.0299072265625,0.105743408203125,1.45477294921875,-0.16754150390625,10.0552368164062,2.09579467773438,2.15545654296875,1.62948608398438,1.97616577148438
19.5888938903809,0.067291259765625,-0.071563720703125,-0.03631591796875,-2.6898193359375,-1.82281494140625,9.98748779296875,2.20046997070312,1.9696044921875,1.8682861328125,1.79534912109375
19.6097817420959,0.069427490234375,0.116424560546875,-0.10040283203125,1.8145751953125,0.966796875,9.2559814453125,2.3529052734375,1.95068359375,1.89010620117188,1.65283203125
19.6201484203339,0.1751708984375,-0.13671875,-0.11749267578125,1.72393798828125,2.25128173828125,9.32830810546875,2.261962890625,1.88522338867188,2.02194213867188,1.673583984375
19.6287443637848,0.357818603515625,-0.10467529296875,-0.16448974609375,-1.7083740234375,1.497802734375,10.86181640625,2.27294921875,1.89041137695312,2.12692260742188,1.54678344726562
19.6398711204529,0.195465087890625,0.11749267578125,-0.105743408203125,2.3162841796875,2.025146484375,9.73388671875,2.31521606445312,1.98226928710938,1.9390869140625,1.60049438476562
19.6489427089691,0.242462158203125,0.04486083984375,-0.097198486328125,2.94342041015625,0.3350830078125,11.044921875,2.28286743164062,1.99371337890625,1.9708251953125,1.61727905273438
19.6597468852997,0.112152099609375,-0.030975341796875,-0.0213623046875,1.7010498046875,0.15289306640625,12.4667358398438,2.2052001953125,2.0263671875,1.85958862304688,1.773681640625
19.6687560081482,-0.1666259765625,-0.086517333984375,0.1409912109375,-1.96746826171875,1.83563232421875,12.513427734375,2.06100463867188,2.127685546875,1.5972900390625,2.07168579101562
19.6800334453583,-0.001068115234375,0.0213623046875,0.090789794921875,-3.34442138671875,0.8551025390625,13.0169677734375,2.11135864257812,2.15286254882812,1.680908203125,1.92596435546875
19.6889913082123,0.23712158203125,0.041656494140625,-0.20294189453125,0.50445556640625,-2.24212646484375,11.8927001953125,2.41226196289062,1.86309814453125,2.11410522460938,1.48178100585938
19.7011744976044,0.04913330078125,0.003204345703125,-0.052337646484375,1.5692138671875,-2.08740234375,10.9616088867188,2.27096557617188,1.978759765625,1.88262939453125,1.73171997070312
19.7089307308197,-0.063018798828125,0.15167236328125,-0.13458251953125,0.9942626953125,-2.17529296875,10.6219482421875,2.445068359375,1.8865966796875,1.922607421875,1.61941528320312
19.721099615097,0.0384521484375,0.157012939453125,-0.069427490234375,0.41015625,0.06500244140625,9.5050048828125,2.33596801757812,1.99920654296875,1.8701171875,1.66839599609375
19.7290201187134,-0.03631591796875,-0.0299072265625,0.0299072265625,-1.6424560546875,1.48406982421875,9.99664306640625,2.16934204101562,2.03857421875,1.7864990234375,1.87606811523438
19.7401320934296,0.041656494140625,0.022430419921875,-0.15380859375,-3.06884765625,-0.1263427734375,9.22576904296875,2.39517211914062,1.84722900390625,2.02774047851562,1.61117553710938
19.7521276473999,0.058746337890625,0.1025390625,-0.0811767578125,-5.592041015625,-2.24212646484375,9.57366943359375,2.32025146484375,1.96136474609375,1.92428588867188,1.68197631835938
19.759227514267,-0.1025390625,0.1495361328125,-0.07049560546875,-2.84454345703125,-1.80816650390625,8.7249755859375,2.36572265625,1.93435668945312,1.8511962890625,1.72958374023438
19.7720022201538,-0.080108642578125,0.037384033203125,0.0213623046875,1.89056396484375,-0.369873046875,8.92730712890625,2.20916748046875,2.02133178710938,1.77383422851562,1.86691284179688
19.7799026966095,-0.048065185546875,-0.022430419921875,0.0897216796875,1.29364013671875,-0.67657470703125,9.98199462890625,2.09640502929688,2.09823608398438,1.71615600585938,1.96029663085938
19.789701461792,-0.022430419921875,0.142059326171875,-0.135650634765625,2.50946044921875,-0.83404541015625,9.144287109375,2.42172241210938,1.87393188476562,1.96365356445312,1.6253662109375
19.8099093437195,0.082244873046875,0.11962890625,0.01495361328125,4.1326904296875,0.391845703125,9.02618408203125,2.19223022460938,2.078857421875,1.81961059570312,1.79550170898438
19.8207447528839,0.2392578125,-0.116424560546875,-0.095062255859375,-0.4559326171875,-1.68365478515625,9.76593017578125,2.2119140625,1.91696166992188,2.07061767578125,1.67877197265625
19.8287148475647,0.093994140625,0.274505615234375,-0.144195556640625,-2.3895263671875,-1.5765380859375,10.821533203125,2.42950439453125,1.9256591796875,1.97158813476562,1.5460205078125
19.8393039703369,0.043792724609375,0.280914306640625,-0.112152099609375,1.44287109375,-0.69305419921875,8.86688232421875,2.42156982421875,1.95907592773438,1.90643310546875,1.59194946289062
19.8519768714905,0.06195068359375,0.32684326171875,-0.1025390625,4.244384765625,-1.68182373046875,9.49676513671875,2.42645263671875,1.99050903320312,1.88339233398438,1.57882690429688
19.8609132766724,0.009613037109375,0.124969482421875,-0.03631591796875,4.52545166015625,-3.27667236328125,9.0985107421875,2.29736328125,1.99676513671875,1.84280395507812,1.73187255859375
19.8719143867493,-0.231781005859375,-0.008544921875,0.139923095703125,2.71636962890625,-1.494140625,10.0534057617188,2.10906982421875,2.1038818359375,1.59072875976562,2.06512451171875
19.8800072669983,-0.08331298828125,0.020294189453125,0.088653564453125,-0.303955078125,0.87249755859375,9.60479736328125,2.13363647460938,2.08847045898438,1.69296264648438,1.95068359375
19.8908290863037,0.2349853515625,0.169830322265625,-0.213623046875,-0.5181884765625,1.84478759765625,8.294677734375,2.46719360351562,1.85195922851562,2.11639404296875,1.41571044921875
19.8989272117615,0.316162109375,0.18585205078125,-0.24139404296875,-0.596923828125,1.53900146484375,7.55859375,2.48367309570312,1.84616088867188,2.16796875,1.3494873046875
19.9114849567413,0.178375244140625,0.08758544921875,-0.255279541015625,-0.28289794921875,-2.2705078125,9.0362548828125,2.5274658203125,1.76101684570312,2.17239379882812,1.40167236328125
19.9216403961182,0.103607177734375,0.1751708984375,-0.09185791015625,-3.33160400390625,-2.46734619140625,11.7306518554688,2.37335205078125,1.96868896484375,1.91497802734375,1.60308837890625
19.9322352409363,0.05126953125,0.33966064453125,-0.154876708984375,-1.38885498046875,-2.54425048828125,9.774169921875,2.52838134765625,1.9317626953125,1.92794799804688,1.48147583007812
19.9409689903259,-0.10040283203125,0.377044677734375,-0.1324462890625,5.13702392578125,-0.76080322265625,8.32855224609375,2.55752563476562,1.92550659179688,1.84310913085938,1.54342651367188
19.9512946605682,-0.236053466796875,0.21148681640625,0.2435302734375,2.93243408203125,-0.91461181640625,9.00787353515625,2.0916748046875,2.32040405273438,1.36947631835938,2.0855712890625
19.9612321853638,-0.122833251953125,0.05340576171875,0.1239013671875,0.618896484375,0.2215576171875,8.48876953125,2.15576171875,2.1575927734375,1.6021728515625,1.94534301757812
19.970901966095,0.005340576171875,-0.206146240234375,0.069427490234375,-0.73150634765625,3.0157470703125,8.0987548828125,2.09854125976562,2.04513549804688,1.7913818359375,1.92428588867188
19.9793336391449,0.144195556640625,-0.059814453125,-0.075836181640625,-1.26983642578125,2.2027587890625,7.8131103515625,2.28347778320312,1.94778442382812,1.971435546875,1.656494140625
19.9909727573395,0.29266357421875,-0.16876220703125,-0.1409912109375,-1.08856201171875,-0.08056640625,9.0106201171875,2.2894287109375,1.8853759765625,2.12966918945312,1.55731201171875
19.999086856842,0.054473876953125,0.1708984375,-0.201873779296875,-0.6005859375,-1.3677978515625,9.7979736328125,2.55355834960938,1.8487548828125,2.02606201171875,1.44195556640625
20.0179324150085,-0.04058837890625,0.15167236328125,-0.1751708984375,-0.780029296875,-3.99169921875,9.68536376953125,2.54379272460938,1.84722900390625,1.97067260742188,1.5087890625
20.0191290378571,-0.0042724609375,0.13671875,-0.013885498046875,-0.35888671875,-2.5982666015625,10.3793334960938,2.32376098632812,2.05535888671875,1.78115844726562,1.69723510742188
20.03187084198,-0.0384521484375,-0.07476806640625,-0.011749267578125,-0.78277587890625,-1.97113037109375,11.7498779296875,2.27020263671875,1.98776245117188,1.83517456054688,1.77230834960938
20.0389301776886,-0.3033447265625,-0.19866943359375,0.191192626953125,-0.179443359375,-2.15423583984375,11.8002319335938,2.05734252929688,2.1246337890625,1.54022216796875,2.14324951171875
20.0520393848419,-0.208282470703125,-0.306549072265625,0.16021728515625,-1.04827880859375,-0.9466552734375,10.45166015625,2.03277587890625,2.07916259765625,1.64291381835938,2.12493896484375
20.0588791370392,-0.059814453125,-0.18157958984375,0.058746337890625,0.5072021484375,-0.14923095703125,9.05731201171875,2.14996337890625,2.0245361328125,1.77825927734375,1.92474365234375
20.071106672287,0.13031005859375,-0.093994140625,-0.08758544921875,-0.10162353515625,0.72601318359375,7.4066162109375,2.30422973632812,1.92062377929688,1.98974609375,1.656494140625
20.0794200897217,0.169830322265625,-0.008544921875,-0.289459228515625,-1.256103515625,0.53924560546875,7.291259765625,2.57186889648438,1.70333862304688,2.23434448242188,1.3726806640625
20.0888442993164,-0.025634765625,0.060882568359375,-0.223236083984375,-2.288818359375,0.99151611328125,8.0950927734375,2.56103515625,1.7462158203125,2.07504272460938,1.4935302734375
20.0999271869659,0.0299072265625,0.304412841796875,-0.17730712890625,-0.6060791015625,0.9100341796875,10.52490234375,2.55874633789062,1.89407348632812,1.96212768554688,1.46102905273438
20.1091685295105,-0.076904296875,0.223236083984375,-0.186920166015625,1.6058349609375,1.571044921875,9.2431640625,2.59048461914062,1.82022094726562,1.96426391601562,1.50497436523438
20.119217634201,-0.02349853515625,0.11322021484375,0.11322021484375,1.75872802734375,1.2744140625,10.4452514648438,2.16705322265625,2.17758178710938,1.63711547851562,1.898193359375
20.1289517879486,-0.052337646484375,0.04486083984375,0.024566650390625,-1.02447509765625,-3.980712890625,12.0547485351562,2.26272583007812,2.034912109375,1.76193237304688,1.81228637695312
20.1407809257507,-0.10894775390625,-0.02349853515625,0.028839111328125,0.633544921875,-3.90655517578125,10.4718017578125,2.26211547851562,2.00393676757812,1.75888061523438,1.85806274414062
20.1491737365723,-0.10894775390625,-0.2093505859375,0.179443359375,-2.479248046875,-0.2691650390625,9.0582275390625,2.01904296875,2.13760375976562,1.6229248046875,2.09487915039062
20.159964799881,0.086517333984375,-0.056610107421875,0.08331298828125,-0.02655029296875,-0.040283203125,8.15643310546875,2.12661743164062,2.12142944335938,1.75445556640625,1.86386108398438
20.1687724590302,0.169830322265625,-0.093994140625,-0.01495361328125,-1.182861328125,-1.35589599609375,8.89892578125,2.2137451171875,2.0257568359375,1.91329956054688,1.72073364257812
20.1991505622864,0.084381103515625,-0.022430419921875,-0.122833251953125,-1.7578125,2.7593994140625,10.6686401367188,2.3919677734375,1.88583374023438,2.00210571289062,1.58645629882812
20.2010786533356,0.165557861328125,0.03631591796875,-0.176239013671875,1.7486572265625,4.083251953125,9.7723388671875,2.45834350585938,1.86676025390625,2.0758056640625,1.47506713867188
20.2189819812775,-0.026702880859375,0.007476806640625,-0.0341796875,0.4669189453125,1.56646728515625,9.79522705078125,2.33078002929688,1.98333740234375,1.846923828125,1.70852661132812
20.2301852703094,-0.10040283203125,0.242462158203125,0.043792724609375,3.26385498046875,-0.5419921875,10.5917358398438,2.33795166015625,2.13348388671875,1.65206909179688,1.75155639648438
20.2390310764313,-0.0341796875,-0.033111572265625,-0.03631591796875,6.44805908203125,-1.7138671875,8.89434814453125,2.3333740234375,1.96914672851562,1.8548583984375,1.70913696289062
20.2599287033081,-0.116424560546875,-0.088653564453125,0.127105712890625,-3.47991943359375,1.29180908203125,9.57366943359375,2.12356567382812,2.13577270507812,1.65496826171875,1.959228515625
20.2689344882965,-0.008544921875,0.045928955078125,0.0128173828125,-2.8729248046875,1.2066650390625,10.953369140625,2.26821899414062,2.05581665039062,1.79550170898438,1.74835205078125
20.280109167099,0.082244873046875,-0.19866943359375,-0.092926025390625,-1.8365478515625,2.78411865234375,11.5988159179688,2.29949951171875,1.87713623046875,2.02835083007812,1.66305541992188
20.28950715065,0.133514404296875,-0.162353515625,-0.163421630859375,-0.0091552734375,2.47283935546875,11.0733032226562,2.38876342773438,1.80877685546875,2.12600708007812,1.55868530273438
20.2986855506897,0.178375244140625,-0.144195556640625,-0.268096923828125,-2.2210693359375,0.93017578125,10.0405883789062,2.50595092773438,1.68548583984375,2.266845703125,1.42074584960938
20.3096315860748,0.097198486328125,0.107879638671875,-0.016021728515625,-0.14007568359375,1.083984375,11.08154296875,2.29888916015625,2.05459594726562,1.85470581054688,1.6876220703125
20.3195447921753,-0.08331298828125,0.009613037109375,0.056610107421875,-1.0748291015625,-4.34783935546875,10.557861328125,2.222900390625,2.04437255859375,1.74575805664062,1.8731689453125
20.3323044776917,-0.374908447265625,-0.01922607421875,0.204010009765625,0.1171875,-6.4471435546875,11.6372680664062,2.11654663085938,2.13134765625,1.48391723632812,2.154541015625
20.3504433631897,0.06195068359375,-0.242462158203125,0.07476806640625,-5.16265869140625,2.4078369140625,7.21527099609375,2.07977294921875,2.04437255859375,1.842041015625,1.92230224609375
20.3588194847107,0.122833251953125,0.003204345703125,0,-2.70721435546875,1.93359375,8.75335693359375,2.2320556640625,2.05398559570312,1.87423706054688,1.73141479492188
20.3697419166565,0.180511474609375,-0.068359375,-0.18798828125,-0.7745361328125,2.164306640625,9.90692138671875,2.4212646484375,1.81549072265625,2.14736938476562,1.49749755859375
20.3789837360382,0.037384033203125,0.00640869140625,-0.1409912109375,-0.6060791015625,3.006591796875,10.3912353515625,2.42279052734375,1.85745239257812,2.01919555664062,1.573486328125
20.3887696266174,-0.042724609375,0.11322021484375,-0.0897216796875,1.666259765625,1.91070556640625,8.5986328125,2.4237060546875,1.93344116210938,1.89361572265625,1.62826538085938
20.411440372467,0.0042724609375,0.10894775390625,-0.060882568359375,1.256103515625,-0.92376708984375,10.1055908203125,2.36648559570312,1.98348999023438,1.86798095703125,1.65252685546875
20.4220714569092,-0.12176513671875,0.411224365234375,0.022430419921875,0.498046875,-3.065185546875,9.82452392578125,2.39410400390625,2.13821411132812,1.6314697265625,1.69769287109375
20.4349687099457,-0.139923095703125,0.280914306640625,0.131378173828125,-0.18218994140625,-5.8209228515625,10.6558227539062,2.23419189453125,2.2344970703125,1.52740478515625,1.87896728515625
20.4409101009369,-0.176239013671875,0.129241943359375,-0.026702880859375,-2.17071533203125,-3.93035888671875,10.3005981445312,2.39532470703125,1.9781494140625,1.75827026367188,1.73294067382812
20.45103764534,-0.367431640625,-0.112152099609375,0.1068115234375,-2.71820068359375,-1.28265380859375,10.1742553710938,2.22732543945312,2.01904296875,1.60354614257812,2.02590942382812
20.4611699581146,-0.03631591796875,0.011749267578125,-0.00640869140625,0.72052001953125,1.1993408203125,9.67071533203125,2.30377197265625,2.01446533203125,1.80633544921875,1.744384765625
20.4720270633698,0.15594482421875,-0.076904296875,-0.163421630859375,3.8470458984375,5.2093505859375,8.73870849609375,2.41180419921875,1.84844970703125,2.08450317382812,1.51458740234375
20.4809515476227,0.4144287109375,-0.184783935546875,-0.169830322265625,2.4078369140625,7.4359130859375,9.17816162109375,2.31597900390625,1.88766479492188,2.20352172851562,1.46072387695312
20.4910137653351,0.127105712890625,0.110015869140625,-0.242462158203125,1.76422119140625,2.8948974609375,9.5013427734375,2.57736206054688,1.8011474609375,2.120361328125,1.36199951171875
20.5009372234344,0.11322021484375,0.23712158203125,-0.2606201171875,-1.46942138671875,-1.182861328125,10.2108764648438,2.64816284179688,1.81549072265625,2.10296630859375,1.3037109375
20.5181007385254,0.043792724609375,0.206146240234375,-0.09185791015625,-1.6552734375,-4.08050537109375,11.8862915039062,2.44720458984375,1.99188232421875,1.87789916992188,1.54708862304688
20.5198650360107,0.003204345703125,0.1922607421875,-0.01922607421875,0.68389892578125,-3.60260009765625,10.0643920898438,2.36480712890625,2.06588745117188,1.77886962890625,1.65435791015625
20.5309028625488,-0.492401123046875,-0.23712158203125,0.27130126953125,2.93792724609375,-2.8619384765625,10.0030517578125,2.01858520507812,2.142333984375,1.40335083007812,2.305908203125
20.5391743183136,-0.050201416015625,-0.03631591796875,0.073699951171875,3.695068359375,0.8843994140625,8.602294921875,2.18521118164062,2.0794677734375,1.72637939453125,1.87942504882812
20.5510013103485,-0.38665771484375,-0.176239013671875,0.264892578125,2.80609130859375,4.81201171875,8.73504638671875,2.0037841796875,2.17391967773438,1.43173217773438,2.26089477539062
20.5604498386383,0.14312744140625,-0.300140380859375,-0.04058837890625,0.79010009765625,2.48016357421875,9.51324462890625,2.18246459960938,1.91314697265625,2.01522827148438,1.76345825195312
20.5811932086945,0.298004150390625,-0.17730712890625,-0.082244873046875,-3.1842041015625,1.41815185546875,11.8460083007812,2.22000122070312,1.944580078125,2.07855224609375,1.629638671875
20.5909292697906,0.154876708984375,-0.165557861328125,-0.24566650390625,-0.6097412109375,0.1593017578125,11.1465454101562,2.46612548828125,1.69815063476562,2.23663330078125,1.46469116210938
20.6052384376526,0.059814453125,-0.06622314453125,-0.067291259765625,-0.9979248046875,-0.52734375,11.0247802734375,2.30117797851562,1.923828125,1.95510864257812,1.68563842773438
20.6110789775848,-0.171966552734375,-0.04486083984375,-0.00213623046875,-1.805419921875,-1.44195556640625,9.7906494140625,2.29019165039062,1.94595336914062,1.80068969726562,1.84158325195312
20.6420876979828,0.133514404296875,-0.33111572265625,0.022430419921875,0.47882080078125,1.0125732421875,8.994140625,2.08038330078125,1.99172973632812,1.93603515625,1.85516357421875
20.6521656513214,0.065155029296875,-0.306549072265625,0.07904052734375,2.2943115234375,0.428466796875,9.96826171875,2.03704833984375,2.04971313476562,1.8328857421875,1.93557739257812
20.6593685150146,0.07476806640625,0.065155029296875,-0.1708984375,2.95257568359375,1.72210693359375,9.31640625,2.45864868164062,1.84295654296875,2.04666137695312,1.51809692382812
20.6709516048431,0.01708984375,-0.03204345703125,-0.152740478515625,-0.67474365234375,3.665771484375,9.7723388671875,2.42477416992188,1.81854248046875,2.04132080078125,1.58416748046875
20.679217338562,-0.020294189453125,-0.1068115234375,-0.1666259765625,-3.5650634765625,5.03814697265625,9.90234375,2.43148803710938,1.76712036132812,2.06939697265625,1.60079956054688
20.691061258316,0.030975341796875,0.34393310546875,-0.182647705078125,-0.44586181640625,2.7081298828125,10.2456665039062,2.55645751953125,1.88522338867188,1.97555541992188,1.42532348632812
20.6993913650513,0.120697021484375,0.268096923828125,-0.210418701171875,0.2362060546875,0.413818359375,11.297607421875,2.53936767578125,1.85104370117188,2.06207275390625,1.38702392578125
20.7089004516602,-0.1580810546875,0.21148681640625,0.110015869140625,0.22613525390625,-0.70953369140625,10.7363891601562,2.21160888671875,2.14813232421875,1.60400390625,1.88674926757812
20.7187628746033,-0.32684326171875,0.48065185546875,0.1409912109375,3.64837646484375,-1.86767578125,8.58673095703125,2.30072021484375,2.21054077148438,1.43798828125,1.89727783203125
20.7301518917084,-0.575714111328125,0.058746337890625,0.295867919921875,1.35772705078125,-3.89556884765625,10.0845336914062,2.05841064453125,2.20199584960938,1.29928588867188,2.303466796875
20.7411665916443,-0.22003173828125,0.263824462890625,0.07904052734375,3.900146484375,-1.2469482421875,8.8330078125,2.28790283203125,2.10052490234375,1.61407470703125,1.86065673828125
20.7493517398834,-0.411224365234375,0.097198486328125,0.199737548828125,2.56439208984375,2.73834228515625,8.0987548828125,2.1356201171875,2.138671875,1.45751953125,2.1258544921875
20.7600038051605,-0.035247802734375,0.090789794921875,-0.118560791015625,0.5401611328125,3.6456298828125,9.144287109375,2.40890502929688,1.84402465820312,1.96701049804688,1.6107177734375
20.7802464962006,0.001068115234375,0.1666259765625,-0.04486083984375,-0.01190185546875,3.662109375,9.91424560546875,2.34603881835938,1.97036743164062,1.856689453125,1.67495727539062
20.8089146614075,0.167694091796875,0.19439697265625,0.018157958984375,-3.116455078125,1.2213134765625,10.001220703125,2.2491455078125,2.12005615234375,1.81015014648438,1.68304443359375
20.8312177658081,0.092926025390625,0.355682373046875,-0.059814453125,-2.83172607421875,-1.3055419921875,11.9595336914062,2.41729736328125,2.05902099609375,1.82388305664062,1.54861450195312
20.843145608902,0.069427490234375,0.25848388671875,0.0213623046875,-2.735595703125,-4.7515869140625,12.2552490234375,2.288818359375,2.1270751953125,1.74285888671875,1.6815185546875
20.8609495162964,0.01495361328125,0.007476806640625,0.110015869140625,-1.1553955078125,0.8294677734375,10.0982666015625,2.10006713867188,2.15103149414062,1.70425415039062,1.8841552734375
20.9011354446411,0.0469970703125,0.04913330078125,-0.041656494140625,1.3037109375,2.82806396484375,9.261474609375,2.269287109375,1.97341918945312,1.9091796875,1.68914794921875
20.9238405227661,-0.048065185546875,0.152740478515625,-0.071563720703125,-0.54840087890625,-0.457763671875,10.6741333007812,2.3565673828125,1.93817138671875,1.89346313476562,1.65435791015625
20.9307565689087,-0.13031005859375,0.366363525390625,-0.02349853515625,2.33184814453125,-1.2396240234375,10.6512451171875,2.37106323242188,2.02499389648438,1.74819946289062,1.673583984375
20.950826883316,-0.060882568359375,0.112152099609375,-0.01068115234375,2.40875244140625,-0.4833984375,9.69085693359375,2.2760009765625,1.99752807617188,1.82708740234375,1.74118041992188
20.9542982578278,-0.20294189453125,-0.06195068359375,0.0811767578125,3.8836669921875,0.19866943359375,8.7835693359375,2.15011596679688,2.01385498046875,1.72286987304688,1.94793701171875
20.9591403007507,-0.101470947265625,-0.063018798828125,0.1324462890625,-0.4925537109375,-1.07757568359375,10.455322265625,2.0672607421875,2.1124267578125,1.68243408203125,1.976318359375
20.9802002906799,-0.1837158203125,0.086517333984375,-0.007476806640625,0.05126953125,0.758056640625,9.85565185546875,2.30758666992188,1.95816040039062,1.78421020507812,1.771240234375
20.990992307663,-0.16448974609375,-0.02349853515625,-0.030975341796875,2.5616455078125,1.95281982421875,10.2108764648438,2.30224609375,1.90444946289062,1.851806640625,1.77047729492188
20.9991838932037,-0.050201416015625,-0.013885498046875,-0.0897216796875,-0.4010009765625,0.14923095703125,10.61279296875,2.34481811523438,1.86996459960938,1.95205688476562,1.6534423828125
21.0109906196594,0.1025390625,0.29052734375,-0.1068115234375,-0.09521484375,-0.10162353515625,10.1943969726562,2.41897583007812,1.99249267578125,1.92489624023438,1.49276733398438
21.0207695960999,0.05340576171875,0.0982666015625,-0.1751708984375,-1.26617431640625,-2.3748779296875,8.78631591796875,2.46551513671875,1.83319091796875,2.04452514648438,1.47613525390625
21.0290820598602,0.030975341796875,0.04913330078125,-0.093994140625,0.14739990234375,-3.28033447265625,10.01220703125,2.33932495117188,1.89849853515625,1.95022583007812,1.59988403320312
21.0389535427094,0.03204345703125,0.003204345703125,0.04486083984375,-2.74383544921875,-2.80242919921875,10.8261108398438,2.15316772460938,2.05764770507812,1.7913818359375,1.78558349609375
21.0512659549713,-0.084381103515625,0.208282470703125,-0.152740478515625,-0.74432373046875,-0.8734130859375,9.5745849609375,2.5067138671875,1.84494018554688,1.93023681640625,1.505126953125
21.0593068599701,-0.2008056640625,0.12176513671875,0.1153564453125,1.42913818359375,-0.02838134765625,12.0648193359375,2.19818115234375,2.12890625,1.57958984375,1.90902709960938
21.0691058635712,-0.350341796875,0.3759765625,0.148468017578125,3.5247802734375,0.205078125,10.986328125,2.28225708007812,2.20382690429688,1.40884399414062,1.9207763671875
21.0789303779602,-0.47210693359375,0.137786865234375,0.148468017578125,2.06634521484375,0.703125,10.6997680664062,2.26150512695312,2.10586547851562,1.43310546875,2.02957153320312
21.0903739929199,-0.2008056640625,0.060882568359375,0.050201416015625,0.49713134765625,0.699462890625,10.2273559570312,2.2796630859375,2.04269409179688,1.65313720703125,1.8511962890625
21.1009771823883,-0.13031005859375,0.016021728515625,-0.01922607421875,0.7635498046875,1.5179443359375,9.481201171875,2.34100341796875,1.96121215820312,1.76055908203125,1.7529296875
21.1102135181427,-0.10894775390625,0.095062255859375,-0.01708984375,1.33575439453125,0.311279296875,9.26239013671875,2.3638916015625,1.99905395507812,1.7236328125,1.71234130859375
21.1201989650726,-0.05126953125,0.076904296875,-0.19439697265625,-1.6204833984375,-1.62872314453125,9.3438720703125,2.58071899414062,1.79962158203125,1.95159912109375,1.46453857421875
21.1301507949829,0.028839111328125,0.176239013671875,-0.054473876953125,0.34515380859375,-0.98785400390625,9.07196044921875,2.42279052734375,2.02774047851562,1.756591796875,1.57760620117188
21.1390714645386,0.076904296875,-0.008544921875,-0.05767822265625,-1.75048828125,0.46600341796875,9.935302734375,2.36404418945312,1.98822021484375,1.81838989257812,1.60614013671875
21.1515407562256,0.06622314453125,0.133514404296875,-0.23284912109375,1.28814697265625,-0.40008544921875,10.286865234375,2.63351440429688,1.81243896484375,1.98440551757812,1.3385009765625
21.1598007678986,0.120697021484375,0.011749267578125,0.08758544921875,0.02197265625,-1.85028076171875,11.1209106445312,2.19268798828125,2.20306396484375,1.62734985351562,1.75430297851562
21.1703579425812,-0.227508544921875,0.14312744140625,0.059814453125,0.1611328125,-0.84503173828125,10.0534057617188,2.36923217773438,2.10250854492188,1.51962280273438,1.78390502929688
21.1790556907654,-0.206146240234375,-0.1837158203125,0.05340576171875,1.46484375,0.904541015625,9.63775634765625,2.27828979492188,2.00546264648438,1.62612915039062,1.85821533203125
21.199898481369,0.097198486328125,-0.438995361328125,0.077972412109375,-0.948486328125,0.1263427734375,9.21844482421875,2.07443237304688,2.05123901367188,1.77658081054688,1.88720703125
21.2099912166595,-0.075836181640625,-0.364227294921875,-0.00213623046875,-1.83837890625,-0.20965576171875,10.4086303710938,2.23983764648438,1.91543579101562,1.81015014648438,1.82632446289062
21.2190697193146,0.242462158203125,-0.01708984375,-0.16876220703125,2.91595458984375,2.215576171875,9.0252685546875,2.45208740234375,1.90109252929688,2.01416015625,1.42532348632812
21.2299349308014,0.092926025390625,-0.068359375,-0.018157958984375,6.97906494140625,1.50238037109375,7.80120849609375,2.28988647460938,2.02774047851562,1.80374145507812,1.678466796875
21.2400815486908,0.16021728515625,-0.230712890625,-0.114288330078125,7.01934814453125,-2.47833251953125,9.17449951171875,2.34909057617188,1.87850952148438,1.99371337890625,1.59835815429688
21.2529385089874,0.129241943359375,-0.1922607421875,-0.10894775390625,7.3114013671875,-1.8988037109375,8.97491455078125,2.357177734375,1.87942504882812,1.97174072265625,1.60888671875
21.2599215507507,0.127105712890625,-0.32257080078125,0.059814453125,2.87933349609375,0.0604248046875,8.78631591796875,2.10708618164062,2.0526123046875,1.80923461914062,1.86965942382812
21.2698590755463,0.07904052734375,-0.298004150390625,-0.020294189453125,-0.93841552734375,1.40899658203125,9.37591552734375,2.21389770507812,1.92901611328125,1.90444946289062,1.8023681640625
21.2801752090454,0.08544921875,-0.169830322265625,0.009613037109375,-0.28656005859375,-0.56396484375,11.1785888671875,2.19879150390625,1.99142456054688,1.84646606445312,1.81777954101562
21.289871931076,0.129241943359375,-0.285186767578125,0.0897216796875,0.47882080078125,-2.1002197265625,11.1126708984375,2.05062866210938,2.05718994140625,1.80740356445312,1.96212768554688
21.3009123802185,-0.005340576171875,-0.31829833984375,0.009613037109375,0.33782958984375,-0.9027099609375,9.77325439453125,2.17010498046875,1.89468383789062,1.888427734375,1.925048828125
21.3100681304932,-0.065155029296875,-0.25634765625,0.0555419921875,2.9608154296875,1.71295166015625,8.98040771484375,2.14645385742188,1.94931030273438,1.80511474609375,1.99249267578125
21.3196949958801,0.030975341796875,-0.27984619140625,0.05767822265625,-0.86517333984375,0.16845703125,10.04150390625,2.0916748046875,1.96212768554688,1.84768676757812,1.98776245117188
21.3301451206207,0.058746337890625,-0.090789794921875,-0.124969482421875,-1.85028076171875,-1.04736328125,11.510009765625,2.36068725585938,1.79397583007812,2.0330810546875,1.69296264648438
21.3409130573273,0.037384033203125,-0.08544921875,-0.013885498046875,0.17486572265625,0.3662109375,9.56085205078125,2.22000122070312,1.91848754882812,1.89010620117188,1.84494018554688
21.3499872684479,0.176239013671875,-0.07476806640625,-0.088653564453125,0.54107666015625,0.487060546875,9.84832763671875,2.27279663085938,1.86798095703125,2.03018188476562,1.70913696289062
21.3619210720062,0.169830322265625,0.114288330078125,-0.13031005859375,0.9246826171875,0.18768310546875,10.1705932617188,2.39166259765625,1.876220703125,2.01934814453125,1.59500122070312
21.370361328125,0.077972412109375,0.257415771484375,-0.013885498046875,-1.0107421875,1.1480712890625,10.7510375976562,2.31185913085938,2.02865600585938,1.80587768554688,1.72622680664062
21.4304757118225,0.10040283203125,0.33966064453125,-0.01922607421875,-1.856689453125,-0.55023193359375,10.447998046875,2.33840942382812,2.06985473632812,1.77337646484375,1.64901733398438
21.4399216175079,0.236053466796875,0.293731689453125,-0.075836181640625,-1.51885986328125,-1.71844482421875,12.5454711914062,2.354736328125,2.02560424804688,1.8994140625,1.5509033203125
21.4511961936951,0.18157958984375,0.42938232421875,0.0042724609375,-0.992431640625,-2.8692626953125,11.905517578125,2.31246948242188,2.15499877929688,1.73309326171875,1.6143798828125
21.4600245952606,0.184783935546875,0.366363525390625,-0.022430419921875,-1.497802734375,-2.16705322265625,10.9487915039062,2.33322143554688,2.11318969726562,1.77947998046875,1.58416748046875
21.4700570106506,-0.0128173828125,0.332183837890625,0.0341796875,-1.98211669921875,-2.22198486328125,13.22021484375,2.31170654296875,2.122802734375,1.654052734375,1.71127319335938
21.4799535274506,0.01495361328125,0.428314208984375,-0.099334716796875,-0.88714599609375,0.44586181640625,11.9036865234375,2.53036499023438,2.0172119140625,1.76773071289062,1.46697998046875
21.4903638362885,0.041656494140625,0.364227294921875,-0.0384521484375,-0.96771240234375,2.7630615234375,10.4965209960938,2.44827270507812,2.088623046875,1.69464111328125,1.52450561523438
21.5028777122498,0.088653564453125,0.0897216796875,0.088653564453125,-0.5914306640625,1.73492431640625,11.1611938476562,2.20672607421875,2.18978881835938,1.60964965820312,1.72225952148438
21.5099730491638,-0.024566650390625,0.162353515625,0.052337646484375,-0.62530517578125,0.8056640625,10.404052734375,2.31597900390625,2.13851928710938,1.583251953125,1.67221069335938
21.5229823589325,-0.092926025390625,-0.0213623046875,0.09185791015625,-0.07415771484375,3.28399658203125,10.1513671875,2.2320556640625,2.11196899414062,1.56936645507812,1.79672241210938
21.5317358970642,0.067291259765625,0.060882568359375,-0.0299072265625,-3.00018310546875,1.03363037109375,10.2548217773438,2.38540649414062,2.04544067382812,1.71859741210938,1.54800415039062
21.5409436225891,0.15380859375,0.07476806640625,-0.042724609375,0.179443359375,0.68572998046875,9.393310546875,2.38433837890625,2.06680297851562,1.74942016601562,1.48574829101562
21.5501456260681,0.056610107421875,-0.16021728515625,0.04913330078125,-2.29248046875,0.53375244140625,9.5855712890625,2.22793579101562,2.08282470703125,1.67510986328125,1.70028686523438
21.5620148181915,0.02349853515625,-0.152740478515625,-0.060882568359375,-2.92144775390625,0.062255859375,9.671630859375,2.384033203125,1.94229125976562,1.796875,1.55746459960938
21.5711402893066,-0.037384033203125,-0.171966552734375,-0.0469970703125,-3.07342529296875,1.41448974609375,8.133544921875,2.38555908203125,1.94427490234375,1.76849365234375,1.6046142578125
21.5799534320831,-0.04913330078125,-0.092926025390625,-0.026702880859375,-1.72760009765625,0.31036376953125,9.89959716796875,2.39181518554688,1.99005126953125,1.71401977539062,1.6070556640625
21.5899665355682,0.176239013671875,-0.404815673828125,-0.111083984375,-1.19384765625,-1.03271484375,9.56451416015625,2.33642578125,1.8670654296875,1.99081420898438,1.53472900390625
21.5999908447266,-0.0384521484375,-0.530853271484375,0.110015869140625,-2.1734619140625,1.13433837890625,10.2291870117188,2.08251953125,2.0458984375,1.70608520507812,1.92169189453125
21.6203572750092,0.246734619140625,-0.552215576171875,-0.2008056640625,-3.84429931640625,-1.38885498046875,9.73480224609375,2.36053466796875,1.72164916992188,2.21038818359375,1.48651123046875
21.6299440860748,0.105743408203125,-0.51483154296875,0.08544921875,-2.3968505859375,-0.8221435546875,9.65240478515625,2.05490112304688,2.05215454101562,1.80023193359375,1.8719482421875
21.6699028015137,-0.01068115234375,-0.391998291015625,0.0555419921875,0.2398681640625,-1.63421630859375,11.429443359375,2.14035034179688,2.00210571289062,1.8109130859375,1.87973022460938
21.6812257766724,0.18585205078125,-0.453948974609375,0.059814453125,-2.3529052734375,-1.5069580078125,9.79888916015625,2.05474853515625,2.05047607421875,1.88140869140625,1.85043334960938
21.6899104118347,-0.0341796875,-0.4656982421875,0.04058837890625,-2.310791015625,0.17486572265625,8.71856689453125,2.13729858398438,1.953125,1.84341430664062,1.89376831054688
21.7001404762268,0.112152099609375,-0.32684326171875,0.0555419921875,-1.5380859375,2.0050048828125,7.99072265625,2.11700439453125,2.056884765625,1.82769775390625,1.82601928710938
21.7100496292114,0.15167236328125,-0.1153564453125,-0.01708984375,-0.3973388671875,2.04345703125,7.66571044921875,2.26165771484375,2.0391845703125,1.871337890625,1.67022705078125
21.7197642326355,0.0982666015625,-0.099334716796875,-0.101470947265625,-0.7196044921875,1.593017578125,8.64349365234375,2.38235473632812,1.92214965820312,1.95175170898438,1.573486328125
21.7299885749817,0.04058837890625,-0.15167236328125,-0.04486083984375,-0.11627197265625,-0.7342529296875,9.7943115234375,2.3089599609375,1.95968627929688,1.8792724609375,1.6748046875
21.7399468421936,0.007476806640625,-0.095062255859375,-0.1068115234375,1.23138427734375,-1.35955810546875,10.6072998046875,2.41836547851562,1.88507080078125,1.93435668945312,1.59225463867188
21.7510590553284,0.05126953125,-0.1666259765625,-0.039520263671875,1.30828857421875,0.30029296875,12.081298828125,2.28271484375,1.94854736328125,1.90567016601562,1.70394897460938
21.7607231140137,-0.124969482421875,-0.01922607421875,-0.028839111328125,0.11627197265625,-2.0269775390625,11.0659790039062,2.36190795898438,1.94183349609375,1.80084228515625,1.73324584960938
21.7714660167694,-0.227508544921875,0.116424560546875,0.0982666015625,0.20416259765625,-2.611083984375,10.7107543945312,2.25799560546875,2.09762573242188,1.58233642578125,1.89590454101562
21.7797725200653,-0.16448974609375,-0.110015869140625,0.10467529296875,-0.904541015625,-1.3494873046875,11.7169189453125,2.16278076171875,2.05673217773438,1.66122436523438,1.953125
21.7920660972595,-0.300140380859375,-0.0982666015625,0.201873779296875,-0.57952880859375,-0.33782958984375,10.2017211914062,2.059326171875,2.127685546875,1.51611328125,2.13546752929688
21.8012719154358,-0.161285400390625,-0.22216796875,0.13031005859375,-0.1904296875,0.281982421875,11.2554931640625,2.06024169921875,2.03826904296875,1.69219970703125,2.05429077148438
21.8118674755096,-0.041656494140625,-0.15380859375,0.052337646484375,-0.72784423828125,2.2283935546875,11.5283203125,2.14279174804688,1.99737548828125,1.8048095703125,1.9000244140625
21.8391435146332,0.272369384765625,0.186920166015625,-0.2008056640625,-0.35888671875,4.67193603515625,10.3775024414062,2.45071411132812,1.85806274414062,2.12234497070312,1.405029296875
21.8510839939117,0.18157958984375,0.2606201171875,-0.082244873046875,1.52252197265625,3.380126953125,11.5621948242188,2.35336303710938,2.00088500976562,1.92459106445312,1.55746459960938
21.8600425720215,0.077972412109375,0.340728759765625,-0.04913330078125,2.5836181640625,1.07025146484375,11.4715576171875,2.35504150390625,2.02468872070312,1.82830810546875,1.61224365234375
21.8700611591339,-0.116424560546875,0.242462158203125,0.077972412109375,2.11395263671875,-1.87408447265625,10.2749633789062,2.22518920898438,2.0953369140625,1.6400146484375,1.8597412109375
21.8801355361938,-0.295867919921875,0.092926025390625,0.299072265625,2.50579833984375,-1.34765625,11.31591796875,1.95266723632812,2.2686767578125,1.35452270507812,2.23037719726562
21.8912630081177,-0.368499755859375,0.191192626953125,0.1666259765625,2.12860107421875,-0.7562255859375,10.5194091796875,2.18017578125,2.11822509765625,1.45919799804688,2.04849243164062
21.8994483947754,-0.114288330078125,0.270233154296875,0.02349853515625,6.3134765625,-1.52069091796875,7.9962158203125,2.30194091796875,2.03750610351562,1.68930053710938,1.763916015625
21.9114661216736,0.003204345703125,0.1068115234375,0.07049560546875,5.98388671875,1.99951171875,6.7584228515625,2.15713500976562,2.08206176757812,1.710205078125,1.83059692382812
21.9189004898071,0.039520263671875,0.1666259765625,0.10894775390625,-1.66351318359375,3.37188720703125,6.646728515625,2.11944580078125,2.1636962890625,1.65451049804688,1.85104370117188
21.9410662651062,0.257415771484375,0.19439697265625,-0.13031005859375,2.05902099609375,4.66644287109375,10.9579467773438,2.35610961914062,1.92886352539062,2.00790405273438,1.47506713867188
21.952892780304,-0.028839111328125,0.06195068359375,-0.135650634765625,-2.46826171875,3.60809326171875,11.2893676757812,2.41836547851562,1.80130004882812,1.96456909179688,1.59408569335938
21.9600398540497,-0.077972412109375,0.36956787109375,-0.310821533203125,-0.85784912109375,3.16680908203125,10.1083374023438,2.74566650390625,1.66091918945312,2.07077026367188,1.28829956054688
21.9715385437012,-0.030975341796875,0.317230224609375,-0.161285400390625,3.10638427734375,0.04119873046875,9.80712890625,2.53280639648438,1.84722900390625,1.90704345703125,1.4801025390625
21.9847803115845,-0.009613037109375,0.214691162109375,0.04486083984375,4.38079833984375,2.8143310546875,10.4818725585938,2.23953247070312,2.07870483398438,1.68655395507812,1.76254272460938
21.9908421039581,-0.0811767578125,0.295867919921875,0.105743408203125,-0.5328369140625,0.97869873046875,11.9888305664062,2.2174072265625,2.16171264648438,1.55685424804688,1.8280029296875
22.0015745162964,-0.02349853515625,0.30548095703125,0.146331787109375,-1.04827880859375,-2.4371337890625,11.4468383789062,2.15499877929688,2.23846435546875,1.52297973632812,1.86111450195312
22.0232315063477,-0.02349853515625,0.21148681640625,0.13031005859375,1.59759521484375,2.7850341796875,9.2413330078125,2.13699340820312,2.18490600585938,1.57821655273438,1.8719482421875
22.0308747291565,-0.05126953125,0.227508544921875,-0.0128173828125,0.58868408203125,-1.80450439453125,9.6240234375,2.3199462890625,1.9927978515625,1.75186157226562,1.70745849609375
22.0394542217255,-0.054473876953125,0.208282470703125,-0.016021728515625,1.49322509765625,0.14190673828125,10.07080078125,2.31414794921875,1.97540283203125,1.76559448242188,1.72637939453125
22.0610573291779,0.25848388671875,0.2606201171875,-0.171966552734375,4.9163818359375,4.35516357421875,8.8201904296875,2.42904663085938,1.89010620117188,2.04132080078125,1.42730712890625
22.0719106197357,0.213623046875,0.041656494140625,-0.007476806640625,-0.8184814453125,-0.1336669921875,11.2161254882812,2.171630859375,2.01705932617188,1.885986328125,1.7132568359375
22.0798473358154,0.05767822265625,0.17730712890625,0.020294189453125,-2.40325927734375,-1.56646728515625,12.1664428710938,2.22702026367188,2.04818725585938,1.759033203125,1.75430297851562
22.0909187793732,-0.07476806640625,0.253143310546875,0.06622314453125,0.245361328125,-3.6273193359375,11.8350219726562,2.22366333007812,2.08465576171875,1.64031982421875,1.83197021484375
22.1011137962341,-0.2008056640625,-0.065155029296875,0.214691162109375,3.6383056640625,-2.17803955078125,8.9227294921875,1.9793701171875,2.13653564453125,1.51336669921875,2.15133666992188
22.1108961105347,-0.21575927734375,-0.221099853515625,0.1153564453125,0.32318115234375,-0.5914306640625,8.86871337890625,2.06756591796875,1.9683837890625,1.67190551757812,2.0672607421875
22.1208238601685,-0.07049560546875,0.145263671875,0.216827392578125,-0.71044921875,1.54815673828125,10.3591918945312,2.012939453125,2.24990844726562,1.47232055664062,2.02804565429688
22.1307733058929,0.0341796875,0.2947998046875,-0.042724609375,-3.18695068359375,0.25177001953125,10.316162109375,2.34817504882812,2.00714111328125,1.79000854492188,1.62979125976562
22.1387960910797,0.131378173828125,0.12176513671875,-0.27557373046875,2.03521728515625,2.9461669921875,10.0534057617188,2.55355834960938,1.68853759765625,2.164306640625,1.36398315429688
22.1512265205383,0.23284912109375,-0.2093505859375,-0.073699951171875,2.24395751953125,5.3118896484375,9.42718505859375,2.1710205078125,1.87164306640625,2.03460693359375,1.6796875
22.1601579189301,0.179443359375,0.193328857421875,-0.14739990234375,1.45294189453125,4.5867919921875,9.4921875,2.398681640625,1.8853759765625,1.99020385742188,1.4825439453125
22.1709251403809,0.09185791015625,0.206146240234375,0.1495361328125,-2.97821044921875,3.0780029296875,9.95269775390625,2.05703735351562,2.2283935546875,1.59347534179688,1.88674926757812
22.1808078289032,-0.11962890625,0.387725830078125,0.229644775390625,-1.17645263671875,2.16339111328125,11.1666870117188,2.0745849609375,2.318115234375,1.37481689453125,1.99813842773438
22.1910271644592,-0.068359375,0.22003173828125,0.086517333984375,-1.51153564453125,-1.6278076171875,11.3955688476562,2.18673706054688,2.11715698242188,1.6143798828125,1.84738159179688
22.2010550498962,-0.212554931640625,0.421905517578125,0.18157958984375,1.31378173828125,-1.929931640625,10.5963134765625,2.18017578125,2.25616455078125,1.3800048828125,1.93023681640625
22.2119116783142,-0.2264404296875,0.076904296875,0.026702880859375,0.63262939453125,0.30029296875,8.15093994140625,2.27401733398438,1.95632934570312,1.67373657226562,1.84249877929688
22.2201066017151,-0.135650634765625,-0.01068115234375,0.028839111328125,1.79718017578125,2.74932861328125,8.3917236328125,2.249755859375,1.98867797851562,1.68670654296875,1.79367065429688
22.2308442592621,0.13458251953125,0.32684326171875,-0.03204345703125,1.8731689453125,1.2469482421875,9.40704345703125,2.34481811523438,2.09579467773438,1.741943359375,1.5362548828125
22.2420215606689,-0.063018798828125,0.400543212890625,-0.120697021484375,3.63006591796875,0.025634765625,8.69384765625,2.55294799804688,1.96121215820312,1.7578125,1.44210815429688
22.2513811588287,-0.001068115234375,0.15594482421875,-0.024566650390625,1.75140380859375,0.66925048828125,9.18914794921875,2.36709594726562,2.04254150390625,1.70135498046875,1.58660888671875
22.2610197067261,0.020294189453125,0.054473876953125,0.1068115234375,-0.3204345703125,0.3643798828125,9.71099853515625,2.16583251953125,2.1826171875,1.57379150390625,1.77505493164062
22.27104139328,-0.052337646484375,0.159149169921875,-0.08758544921875,-0.3900146484375,1.23504638671875,9.55535888671875,2.46810913085938,1.95632934570312,1.7510986328125,1.50436401367188
22.2991509437561,-0.095062255859375,-0.01495361328125,0.069427490234375,-0.30029296875,1.1627197265625,10.880126953125,2.23358154296875,2.08602905273438,1.59500122070312,1.76528930664062
22.3027367591858,-0.0299072265625,0.146331787109375,0.0726318359375,1.116943359375,-0.40557861328125,9.580078125,2.25845336914062,2.158203125,1.56204223632812,1.70120239257812
22.3037402629852,-0.02349853515625,-0.27557373046875,-0.099334716796875,-4.6270751953125,-1.9830322265625,10.9451293945312,2.34451293945312,1.81900024414062,1.90414428710938,1.61224365234375
22.3119165897369,-0.2520751953125,-0.11962890625,0.139923095703125,-3.39569091796875,0.11993408203125,11.7388916015625,2.18856811523438,2.113037109375,1.47415161132812,1.91055297851562
22.3198907375336,-0.315093994140625,-0.045928955078125,0.02777099609375,-4.48150634765625,0.5218505859375,10.1596069335938,2.37030029296875,1.97616577148438,1.57257080078125,1.76742553710938
22.3317799568176,0.016021728515625,0.009613037109375,-0.033111572265625,-0.794677734375,-1.07208251953125,11.6665649414062,2.36785888671875,2.01507568359375,1.72607421875,1.57012939453125
22.3409943580627,0.368499755859375,-0.2349853515625,-0.08544921875,-2.9205322265625,-3.92303466796875,12.0950317382812,2.25387573242188,1.9927978515625,1.97357177734375,1.47003173828125
22.3510715961456,0.139923095703125,-0.22003173828125,-0.221099853515625,-2.318115234375,-2.8948974609375,9.70367431640625,2.48672485351562,1.75033569335938,2.07351684570312,1.36383056640625
22.3608574867249,0.05126953125,-0.1324462890625,0.020294189453125,2.8289794921875,-1.175537109375,10.2264404296875,2.24899291992188,2.05856323242188,1.72256469726562,1.6680908203125
22.3709311485291,0.2435302734375,-0.13671875,-0.069427490234375,7.14202880859375,-4.14276123046875,11.5567016601562,2.29507446289062,2.00225830078125,1.90048217773438,1.50741577148438
22.3990924358368,-0.201873779296875,-0.342864990234375,0.099334716796875,1.51611328125,-1.70928955078125,11.5017700195312,2.15545654296875,2.01858520507812,1.61788940429688,1.9134521484375
22.4086766242981,-0.144195556640625,-0.45074462890625,0.025634765625,1.025390625,-1.8731689453125,9.40704345703125,2.20321655273438,1.925048828125,1.77474975585938,1.84356689453125
22.4189250469208,0.090789794921875,-0.321502685546875,-0.24139404296875,3.984375,-1.669921875,7.613525390625,2.49755859375,1.6949462890625,2.15408325195312,1.41036987304688
22.4288356304169,0.191192626953125,-0.400543212890625,-0.0555419921875,2.8125,0.40008544921875,7.76641845703125,2.19940185546875,1.9244384765625,1.98974609375,1.65679931640625
22.4689965248108,0.0213623046875,-0.451812744140625,0.016021728515625,-1.63787841796875,-1.62139892578125,10.2035522460938,2.10708618164062,1.91802978515625,1.92398071289062,1.868896484375
22.4819724559784,0.07904052734375,-0.206146240234375,-0.1025390625,-0.5731201171875,1.16912841796875,9.3603515625,2.31185913085938,1.86080932617188,2.01553344726562,1.62994384765625
22.4888961315155,0.14312744140625,-0.22003173828125,0.0811767578125,-2.28790283203125,1.036376953125,9.517822265625,2.06069946289062,2.1044921875,1.81640625,1.842041015625
22.4993622303009,0.31402587890625,-0.058746337890625,-0.255279541015625,0.97320556640625,-2.4810791015625,10.6695556640625,2.47665405273438,1.78268432617188,2.239990234375,1.32415771484375
22.5090475082397,-0.008544921875,-0.0384521484375,-0.018157958984375,2.79510498046875,-2.35107421875,10.7180786132812,2.28103637695312,1.98883056640625,1.84967041015625,1.71829223632812
22.5277390480042,-0.244598388671875,-0.013885498046875,0.223236083984375,-0.51361083984375,-1.70013427734375,10.93505859375,2.05093383789062,2.2222900390625,1.47232055664062,2.08526611328125
22.5312123298645,-0.304412841796875,0.154876708984375,0.0384521484375,0.44036865234375,-2.16064453125,10.0131225585938,2.34527587890625,2.02102661132812,1.63864135742188,1.8194580078125
22.538830280304,-0.120697021484375,0.111083984375,0.2178955078125,-1.05194091796875,-0.51361083984375,10.46630859375,2.05154418945312,2.288818359375,1.48712158203125,2.003173828125
22.5487565994263,-0.251007080078125,0.118560791015625,-0.0897216796875,-1.11968994140625,1.06658935546875,9.33746337890625,2.47100830078125,1.86538696289062,1.83074951171875,1.65634155273438
22.5589601993561,-0.180511474609375,-0.1324462890625,0.011749267578125,-2.03338623046875,1.21124267578125,9.0728759765625,2.25296020507812,1.93954467773438,1.7962646484375,1.837158203125
22.5696890354156,-0.071563720703125,0.148468017578125,-0.025634765625,1.17462158203125,2.03155517578125,9.239501953125,2.34939575195312,2.00592041015625,1.78909301757812,1.67098999023438
22.5789930820465,0.075836181640625,-0.020294189453125,-0.08544921875,0.3680419921875,4.0869140625,9.935302734375,2.3297119140625,1.92108154296875,1.95327758789062,1.5997314453125
22.5909948348999,-0.0341796875,0.1751708984375,0.039520263671875,-1.70013427734375,4.27276611328125,11.0833740234375,2.26425170898438,2.09716796875,1.70181274414062,1.73187255859375
22.5988652706146,0,0.18798828125,-0.110015869140625,-1.7523193359375,-0.31036376953125,10.08544921875,2.45025634765625,1.92489624023438,1.88919067382812,1.53472900390625
22.6112523078918,0.01495361328125,0.159149169921875,-0.080108642578125,1.94366455078125,-1.69830322265625,11.9293212890625,2.39837646484375,1.95449829101562,1.86325073242188,1.57638549804688
22.6188600063324,-0.05340576171875,0.14312744140625,0.059814453125,-0.72052001953125,-2.90679931640625,10.3482055664062,2.24441528320312,2.10281372070312,1.66961669921875,1.78604125976562
22.6299715042114,-0.302276611328125,0.330047607421875,0.00640869140625,1.01715087890625,-0.38360595703125,8.316650390625,2.43728637695312,2.01751708984375,1.60202026367188,1.73492431640625
22.649756193161,-0.263824462890625,0.129241943359375,0.122833251953125,1.36962890625,4.21783447265625,9.17083740234375,2.22946166992188,2.1160888671875,1.51748657226562,1.92001342773438
22.6590845584869,-0.0982666015625,-0.205078125,0.025634765625,0.3790283203125,2.7447509765625,8.64898681640625,2.21160888671875,1.94992065429688,1.77520751953125,1.83761596679688
22.6687166690826,-0.167694091796875,-0.103607177734375,-0.001068115234375,1.28082275390625,0.4449462890625,10.5084228515625,2.29751586914062,1.92535400390625,1.75796508789062,1.79351806640625
22.6886832714081,0.0128173828125,-0.13458251953125,0.008544921875,-1.7852783203125,2.105712890625,9.02435302734375,2.22625732421875,1.9830322265625,1.805419921875,1.76193237304688
22.6990082263947,0.075836181640625,-0.056610107421875,-0.120697021484375,-2.39593505859375,-1.087646484375,9.83642578125,2.38311767578125,1.85821533203125,1.96380615234375,1.56753540039062
22.709153175354,0.07049560546875,0.12176513671875,-0.105743408203125,1.124267578125,-2.003173828125,10.4800415039062,2.41592407226562,1.92306518554688,1.890869140625,1.53656005859375
22.7192850112915,-0.003204345703125,0.011749267578125,0.210418701171875,-0.22430419921875,-0.83770751953125,10.6961059570312,2.00576782226562,2.26058959960938,1.50741577148438,1.99356079101562
22.7298820018768,-0.095062255859375,0.082244873046875,-0.035247802734375,1.83746337890625,0.11627197265625,9.96917724609375,2.36236572265625,1.9439697265625,1.76605224609375,1.69403076171875
22.7387375831604,-0.018157958984375,-0.27557373046875,0.07904052734375,2.4957275390625,1.3165283203125,9.232177734375,2.09274291992188,2.01034545898438,1.75247192382812,1.91482543945312
22.7491269111633,0.02349853515625,-0.09185791015625,0.20294189453125,4.541015625,3.08074951171875,10.4690551757812,1.9921875,2.23968505859375,1.55181884765625,1.99783325195312
22.7589461803436,0.30548095703125,-0.06622314453125,-0.090789794921875,0.4595947265625,-1.31744384765625,10.2337646484375,2.27798461914062,1.95953369140625,1.9964599609375,1.54037475585938
22.7690246105194,0.039520263671875,0.01708984375,-0.103607177734375,-0.2252197265625,0.21240234375,9.99114990234375,2.40005493164062,1.88827514648438,1.90811157226562,1.57806396484375
22.7797465324402,-0.24993896484375,-0.107879638671875,0.0640869140625,-2.00408935546875,3.0633544921875,8.9593505859375,2.239990234375,1.97372436523438,1.6412353515625,1.9073486328125
22.790207862854,0.124969482421875,-0.13031005859375,-0.04913330078125,-1.20391845703125,2.63580322265625,9.47021484375,2.2698974609375,1.93756103515625,1.8994140625,1.6510009765625
22.7990622520447,0.19866943359375,-0.22857666015625,-0.05767822265625,-2.5177001953125,2.32086181640625,10.9954833984375,2.23373413085938,1.91909790039062,1.96044921875,1.64764404296875
22.8089671134949,0.206146240234375,-0.068359375,0.01922607421875,-3.78936767578125,3.526611328125,10.7098388671875,2.18338012695312,2.06558227539062,1.81900024414062,1.69281005859375
22.819450378418,-0.0555419921875,0.24139404296875,-0.15594482421875,-2.9205322265625,1.60675048828125,9.82818603515625,2.56851196289062,1.85958862304688,1.86676025390625,1.45797729492188
22.829930305481,0.189056396484375,0.008544921875,-0.15380859375,-1.3275146484375,-1.6351318359375,12.1847534179688,2.42141723632812,1.85989379882812,2.00439453125,1.4569091796875
22.8401601314545,-0.090789794921875,0.17303466796875,0.0469970703125,1.02081298828125,-1.4227294921875,11.8826293945312,2.31002807617188,2.07611083984375,1.61590576171875,1.74301147460938
22.8497974872589,-0.16448974609375,0.26275634765625,-0.048065185546875,0.67291259765625,-0.421142578125,10.469970703125,2.46719360351562,1.956787109375,1.68594360351562,1.61514282226562
22.8586945533752,-0.0042724609375,0.163421630859375,0.028839111328125,-0.32684326171875,-0.406494140625,10.5166625976562,2.293701171875,2.0709228515625,1.66763305664062,1.69281005859375
22.8807430267334,-0.33111572265625,-0.08758544921875,0.086517333984375,0.5694580078125,-2.44171142578125,10.0048828125,2.2357177734375,1.97097778320312,1.56967163085938,1.94091796875
22.8919157981873,-0.22216796875,0.00213623046875,0.020294189453125,-1.387939453125,-1.34674072265625,10.2392578125,2.31781005859375,1.9512939453125,1.644287109375,1.7889404296875
22.9012250900269,-0.263824462890625,0.030975341796875,0.124969482421875,1.1810302734375,-0.135498046875,10.198974609375,2.21832275390625,2.0758056640625,1.48391723632812,1.92413330078125
22.9118463993073,-0.265960693359375,-0.195465087890625,0.167694091796875,-1.52252197265625,0.1556396484375,10.20263671875,2.09579467773438,2.05413818359375,1.49505615234375,2.05001831054688
22.9210634231567,-0.0897216796875,-0.007476806640625,-0.1068115234375,-1.922607421875,-0.61431884765625,10.70068359375,2.44293212890625,1.82174682617188,1.83212280273438,1.59820556640625
22.9309253692627,0.135650634765625,-0.16448974609375,-0.013885498046875,-0.8184814453125,-1.2890625,10.7162475585938,2.20932006835938,1.95480346679688,1.82632446289062,1.70059204101562
22.9409368038177,0.060882568359375,-0.11322021484375,-0.14739990234375,-1.73675537109375,0.56396484375,10.2291870117188,2.41500854492188,1.77978515625,1.95571899414062,1.54067993164062
22.9518587589264,0.045928955078125,-0.2777099609375,-0.097198486328125,-1.46392822265625,1.9647216796875,9.0069580078125,2.31201171875,1.78253173828125,1.93313598632812,1.66183471679688
22.9607951641083,0.163421630859375,-0.16876220703125,-0.030975341796875,-2.13775634765625,-1.30279541015625,8.7908935546875,2.2174072265625,1.923828125,1.85089111328125,1.676025390625
22.9711554050446,0.210418701171875,-0.146331787109375,-0.13885498046875,0.71685791015625,-3.92120361328125,8.9923095703125,2.34390258789062,1.80999755859375,1.99234008789062,1.52175903320312
22.9807498455048,-0.208282470703125,-0.3460693359375,0.148468017578125,1.2945556640625,-1.256103515625,9.26971435546875,2.03750610351562,1.9842529296875,1.58096313476562,2.07656860351562
22.9928689002991,-0.042724609375,0.03631591796875,0.13671875,1.966552734375,-0.05767822265625,9.30908203125,2.10922241210938,2.12356567382812,1.53518676757812,1.89529418945312
23.0018343925476,0.005340576171875,-0.278778076171875,0.118560791015625,-2.22381591796875,-0.99609375,10.799560546875,2.02133178710938,2.02255249023438,1.66610717773438,1.953125
23.0086514949799,0.082244873046875,-0.227508544921875,-0.00640869140625,-2.047119140625,0.040283203125,10.3079223632812,2.18368530273438,1.90933227539062,1.83135986328125,1.76361083984375
23.0220506191254,0.212554931640625,-0.247802734375,-0.099334716796875,1.116943359375,1.9354248046875,9.45556640625,2.25738525390625,1.82601928710938,1.99478149414062,1.61285400390625
23.0371117591858,0.159149169921875,-0.22430419921875,-0.043792724609375,0.8221435546875,0.44403076171875,9.876708984375,2.21359252929688,1.87820434570312,1.9061279296875,1.693115234375
23.0389750003815,0.195465087890625,-0.024566650390625,-0.174102783203125,-1.10137939453125,0.362548828125,10.2914428710938,2.4346923828125,1.788330078125,2.02239990234375,1.46377563476562
23.0600531101227,0.131378173828125,0.0128173828125,-0.099334716796875,-1.11968994140625,1.48956298828125,10.1925659179688,2.37228393554688,1.87164306640625,1.90399169921875,1.57638549804688
23.0700769424438,0.128173828125,0.052337646484375,-0.009613037109375,2.58636474609375,1.629638671875,7.98614501953125,2.26547241210938,1.98455810546875,1.7852783203125,1.68121337890625
23.0789048671722,0.065155029296875,-0.008544921875,0.22003173828125,1.8328857421875,3.497314453125,8.66180419921875,1.9793701171875,2.23464965820312,1.49749755859375,2.00485229492188
23.0890045166016,0.080108642578125,-0.11962890625,-0.026702880859375,-2.08648681640625,0.96771240234375,9.10858154296875,2.24990844726562,1.89590454101562,1.8499755859375,1.73416137695312
23.0993676185608,0.045928955078125,0.1068115234375,0.025634765625,0.5841064453125,-0.2069091796875,10.8425903320312,2.25509643554688,2.01400756835938,1.70791625976562,1.74560546875
23.1108708381653,-0.024566650390625,-0.033111572265625,0.026702880859375,-0.90545654296875,-0.8477783203125,10.0314331054688,2.23007202148438,1.94549560546875,1.72958374023438,1.817626953125
23.1188678741455,-0.02349853515625,-0.01708984375,-0.08544921875,1.256103515625,0.4412841796875,9.07012939453125,2.37106323242188,1.80770874023438,1.865234375,1.67160034179688
23.1311008930206,0.04058837890625,-0.071563720703125,0.11322021484375,1.343994140625,1.0858154296875,10.1010131835938,2.0916748046875,2.06161499023438,1.65115356445312,1.91818237304688
23.1387724876404,0.054473876953125,0.09185791015625,0.011749267578125,0.40191650390625,-0.2838134765625,10.4251098632812,2.25921630859375,1.98410034179688,1.73263549804688,1.7364501953125
23.1554155349731,0.026702880859375,-0.01708984375,-0.045928955078125,-1.6058349609375,-0.13458251953125,9.35211181640625,2.30636596679688,1.87850952148438,1.83181762695312,1.70211791992188
23.1587347984314,-0.07476806640625,-0.009613037109375,0.00640869140625,1.78985595703125,1.2286376953125,8.8641357421875,2.2698974609375,1.91192626953125,1.7340087890625,1.7950439453125
23.1717970371246,0.163421630859375,-0.139923095703125,-0.13671875,0.5841064453125,2.3345947265625,9.16900634765625,2.33856201171875,1.76422119140625,2.02407836914062,1.58416748046875
23.1788074970245,0.050201416015625,0.082244873046875,0.04486083984375,-1.75323486328125,3.30047607421875,9.949951171875,2.2119140625,2.02102661132812,1.69403076171875,1.7816162109375
23.1940279006958,-0.068359375,0.161285400390625,-0.0555419921875,-1.50054931640625,0.26641845703125,9.107666015625,2.39578247070312,1.88446044921875,1.76040649414062,1.66793823242188
23.2007884979248,0.026702880859375,0.184783935546875,0.06195068359375,0.2032470703125,-1.461181640625,11.7874145507812,2.22061157226562,2.06710815429688,1.63482666015625,1.77566528320312
23.213707447052,-0.001068115234375,0.05340576171875,0.110015869140625,0.1922607421875,-2.35748291015625,10.4580688476562,2.11380004882812,2.0672607421875,1.60308837890625,1.88308715820312
23.2207281589508,-0.135650634765625,-0.065155029296875,0.082244873046875,-0.64453125,-0.439453125,10.0323486328125,2.14202880859375,1.94854736328125,1.636962890625,1.92306518554688
23.2312197685242,0.037384033203125,0.090789794921875,0.05126953125,-0.084228515625,0.6610107421875,9.99755859375,2.19345092773438,2.02560424804688,1.67831420898438,1.7755126953125
23.2409300804138,0.068359375,0.103607177734375,0.01922607421875,1.3531494140625,-0.1702880859375,9.6624755859375,2.22824096679688,1.99859619140625,1.7242431640625,1.7218017578125
23.2609107494354,0.2008056640625,0.08331298828125,-0.148468017578125,-0.39459228515625,0,10.0067138671875,2.39761352539062,1.82632446289062,1.978759765625,1.46942138671875
23.2710556983948,0.10040283203125,0.075836181640625,-0.02777099609375,1.14715576171875,2.31353759765625,9.4720458984375,2.286376953125,1.95175170898438,1.7950439453125,1.65313720703125
23.2799212932587,0.152740478515625,-0.01068115234375,0.04913330078125,-3.23638916015625,1.41265869140625,10.5990600585938,2.15789794921875,2.04055786132812,1.74209594726562,1.75918579101562
23.2908623218536,0.0128173828125,0.075836181640625,-0.042724609375,-2.04437255859375,2.2210693359375,8.7945556640625,2.33718872070312,1.9110107421875,1.788330078125,1.65847778320312
23.2999665737152,0.105743408203125,0.097198486328125,0.06622314453125,-0.413818359375,2.61566162109375,9.70916748046875,2.1826171875,2.08724975585938,1.67343139648438,1.76116943359375
23.3118579387665,0.231781005859375,0.03204345703125,-0.0555419921875,1.4208984375,-0.574951171875,9.7393798828125,2.2772216796875,1.95281982421875,1.88400268554688,1.59027099609375
23.3190031051636,0.071563720703125,-0.052337646484375,0.0299072265625,-0.60333251953125,-0.780029296875,10.7492065429688,2.18475341796875,1.98486328125,1.75765991210938,1.76544189453125
23.3332850933075,0.082244873046875,0.161285400390625,0.08544921875,0.75347900390625,0.45135498046875,9.09759521484375,2.17605590820312,2.12188720703125,1.62643432617188,1.76834106445312
23.3386917114258,0.22003173828125,-0.08544921875,-0.21148681640625,1.28814697265625,-1.893310546875,8.843994140625,2.4273681640625,1.71844482421875,2.12081909179688,1.42837524414062
23.3507812023163,0.084381103515625,-0.043792724609375,-0.092926025390625,1.8328857421875,0.28564453125,9.91424560546875,2.3284912109375,1.84219360351562,1.932373046875,1.60873413085938
23.3592402935028,-0.159149169921875,0.0213623046875,-0.041656494140625,0.02471923828125,-0.80108642578125,9.697265625,2.34878540039062,1.8499755859375,1.78359985351562,1.72683715820312
23.3718628883362,-0.052337646484375,0.071563720703125,0.077972412109375,-2.8857421875,-0.77545166015625,10.2676391601562,2.1685791015625,2.03765869140625,1.65664672851562,1.8243408203125
23.3800299167633,-0.009613037109375,-0.028839111328125,0.011749267578125,-5.38787841796875,-0.47698974609375,8.10699462890625,2.20855712890625,1.93756103515625,1.78253173828125,1.75827026367188
23.3916666507721,-0.08544921875,-0.042724609375,0.013885498046875,-1.5252685546875,1.146240234375,9.45098876953125,2.2216796875,1.912841796875,1.76620483398438,1.7919921875
23.3987340927124,0.08758544921875,-0.11322021484375,-0.001068115234375,-0.85693359375,0.16387939453125,9.42718505859375,2.1734619140625,1.92886352539062,1.86660766601562,1.744384765625
23.4120557308197,-0.060882568359375,0.028839111328125,0.0042724609375,1.86859130859375,2.0379638671875,8.44573974609375,2.25067138671875,1.93328857421875,1.77749633789062,1.751708984375
23.4209811687469,0.069427490234375,0.037384033203125,0.0384521484375,0.80657958984375,2.4005126953125,9.173583984375,2.17208862304688,2.01553344726562,1.7681884765625,1.75430297851562
23.4398880004883,-0.058746337890625,-0.00640869140625,0.030975341796875,2.34649658203125,1.2579345703125,8.756103515625,2.21389770507812,1.96563720703125,1.74346923828125,1.798095703125
23.4509403705597,-0.025634765625,0.07904052734375,-0.13671875,2.860107421875,1.11328125,9.99114990234375,2.4432373046875,1.7950439453125,1.93038940429688,1.558837890625
23.4598698616028,-0.07049560546875,0.13031005859375,-0.08758544921875,1.86309814453125,1.02447509765625,10.9854125976562,2.40554809570312,1.85470581054688,1.8402099609375,1.62155151367188
23.4688899517059,0.0384521484375,0.133514404296875,-0.018157958984375,3.25103759765625,1.29913330078125,11.334228515625,2.27996826171875,1.9708251953125,1.78985595703125,1.67816162109375
23.4790730476379,-0.03204345703125,-0.013885498046875,-0.05126953125,2.1148681640625,1.70745849609375,9.94537353515625,2.2979736328125,1.86492919921875,1.85333251953125,1.70272827148438
23.4908123016357,-0.11962890625,0.01922607421875,0.208282470703125,3.5687255859375,0.87615966796875,9.58465576171875,2.00424194335938,2.1722412109375,1.49688720703125,2.05184936523438
23.4993872642517,-0.075836181640625,-0.02349853515625,0.22003173828125,3.28216552734375,0.17486572265625,9.9188232421875,1.97036743164062,2.20046997070312,1.502685546875,2.05322265625
23.5088624954224,-0.1837158203125,0.073699951171875,0.05340576171875,3.12103271484375,-0.25543212890625,10.0955200195312,2.23968505859375,1.98928833007812,1.64840698242188,1.849365234375
23.5189602375031,-0.005340576171875,0.001068115234375,0.04486083984375,2.193603515625,1.9775390625,10.7281494140625,2.17178344726562,2.01614379882812,1.73126220703125,1.79580688476562
23.5400903224945,-0.00213623046875,-0.008544921875,-0.11962890625,-2.80426025390625,3.69232177734375,11.4358520507812,2.3724365234375,1.81686401367188,1.93496704101562,1.58340454101562
23.5486967563629,0.0640869140625,0.0982666015625,-0.15380859375,1.5087890625,2.91412353515625,10.0396728515625,2.42477416992188,1.82601928710938,1.9635009765625,1.48941040039062
23.5587482452393,0.093994140625,0.06195068359375,-0.1324462890625,2.08282470703125,2.90130615234375,10.8901977539062,2.37350463867188,1.84860229492188,1.95693969726562,1.51763916015625
23.5687835216522,0.082244873046875,0.114288330078125,0.020294189453125,2.5927734375,1.6058349609375,12.0071411132812,2.20779418945312,2.05429077148438,1.74819946289062,1.69906616210938
23.580762386322,-0.184783935546875,0.076904296875,0.06195068359375,-1.27532958984375,0.908203125,10.2767944335938,2.2198486328125,2.01461791992188,1.630859375,1.84799194335938
23.5909497737885,-0.265960693359375,0.01708984375,0.1837158203125,-0.46783447265625,1.14349365234375,10.9698486328125,2.0654296875,2.12326049804688,1.47216796875,2.04437255859375
23.5987884998322,-0.084381103515625,-0.028839111328125,0.186920166015625,0.00732421875,0.2838134765625,10.64208984375,1.99432373046875,2.16842651367188,1.53579711914062,2.00668334960938
23.6087539196014,-0.18157958984375,0.04913330078125,0.116424560546875,1.285400390625,-0.38177490234375,10.8856201171875,2.1368408203125,2.07901000976562,1.57257080078125,1.92413330078125
23.620180606842,-0.069427490234375,-0.00640869140625,-0.016021728515625,0.157470703125,-0.1702880859375,11.3616943359375,2.25112915039062,1.92657470703125,1.78482055664062,1.73873901367188
23.6509792804718,0.310821533203125,0.133514404296875,-0.154876708984375,0.3204345703125,2.15423583984375,9.78240966796875,2.3651123046875,1.90353393554688,2.02178955078125,1.40762329101562
23.6591889858246,0.0897216796875,0.142059326171875,-0.093994140625,1.5142822265625,3.47991943359375,9.13604736328125,2.359619140625,1.91574096679688,1.87637329101562,1.54632568359375
23.6697874069214,-0.00640869140625,0.193328857421875,-0.013885498046875,2.0013427734375,1.0198974609375,9.93621826171875,2.30117797851562,2.00088500976562,1.729736328125,1.66091918945312
23.6794457435608,-0.206146240234375,0.063018798828125,0.037384033203125,0.83770751953125,-2.60650634765625,9.2303466796875,2.26486206054688,1.96136474609375,1.64169311523438,1.82708740234375
23.6900949478149,-0.293731689453125,-0.08331298828125,0.26275634765625,-1.74957275390625,-3.955078125,11.2481689453125,1.964111328125,2.17193603515625,1.37924194335938,2.17971801757812
23.6988725662231,-0.312957763671875,-0.0341796875,0.22857666015625,-3.6492919921875,-4.14642333984375,11.3314819335938,2.03277587890625,2.14874267578125,1.39236450195312,2.11959838867188
23.7118287086487,-0.25421142578125,0.033111572265625,0.097198486328125,0.1629638671875,-1.05377197265625,9.6990966796875,2.20138549804688,2.021484375,1.55410766601562,1.91665649414062
23.7189388275146,-0.244598388671875,-0.12176513671875,0.022430419921875,-0.2398681640625,1.29730224609375,8.94927978515625,2.24319458007812,1.88522338867188,1.6925048828125,1.8621826171875
23.73024559021,-0.167694091796875,0.0555419921875,-0.06195068359375,0.999755859375,3.08349609375,8.8623046875,2.37823486328125,1.85394287109375,1.7657470703125,1.67953491210938
23.7388823032379,-0.0555419921875,0.154876708984375,-0.01922607421875,1.22772216796875,2.62298583984375,8.8970947265625,2.32986450195312,1.96975708007812,1.71585083007812,1.67251586914062
23.7486789226532,-0.041656494140625,0.092926025390625,0.145263671875,-1.22039794921875,-1.48590087890625,9.71099853515625,2.09793090820312,2.15408325195312,1.53030395507812,1.90078735351562
23.7622475624084,0.01922607421875,-0.037384033203125,-0.184783935546875,-3.914794921875,-2.64495849609375,8.3917236328125,2.46551513671875,1.71920776367188,2.00057983398438,1.50894165039062
23.7688953876495,0.073699951171875,-0.01068115234375,-0.12603759765625,-2.38494873046875,-1.893310546875,8.57940673828125,2.37930297851562,1.81686401367188,1.93450927734375,1.55975341796875
23.7794961929321,0.088653564453125,-0.056610107421875,0.026702880859375,-0.11627197265625,-2.8985595703125,9.1424560546875,2.16506958007812,1.99615478515625,1.76345825195312,1.75933837890625
23.7888317108154,0.058746337890625,-0.1324462890625,-0.068359375,-2.1405029296875,-0.09979248046875,11.3662719726562,2.26715087890625,1.84402465820312,1.90032958984375,1.68121337890625
23.799352645874,0.118560791015625,-0.01708984375,0.008544921875,-4.34967041015625,2.362060546875,12.2186279296875,2.18734741210938,1.99310302734375,1.78726196289062,1.724853515625
23.808765411377,0.042724609375,0.148468017578125,-0.050201416015625,-3.19244384765625,-1.00616455078125,10.6979370117188,2.3321533203125,1.94290161132812,1.79351806640625,1.6326904296875
23.818755865097,0.14739990234375,0.003204345703125,0.041656494140625,0.8551025390625,-2.8363037109375,10.4095458984375,2.14263916015625,2.04513549804688,1.75399780273438,1.75949096679688
23.8292212486267,-0.0213623046875,0.0897216796875,0.107879638671875,1.80084228515625,-3.482666015625,8.4283447265625,2.1337890625,2.10311889648438,1.6009521484375,1.87469482421875
23.8390829563141,-0.118560791015625,0.003204345703125,0.112152099609375,-0.81573486328125,-1.19842529296875,9.32647705078125,2.13058471679688,2.05413818359375,1.59225463867188,1.93527221679688
23.8500912189484,-0.01922607421875,0.071563720703125,0.0726318359375,-1.40167236328125,-2.1807861328125,11.824951171875,2.16461181640625,2.05963134765625,1.6473388671875,1.82586669921875
23.8598940372467,0.09185791015625,0.095062255859375,-0.128173828125,3.52569580078125,2.36114501953125,10.13671875,2.388916015625,1.84890747070312,1.92550659179688,1.53411865234375
23.8799123764038,0.184783935546875,0.19866943359375,-0.116424560546875,4.5098876953125,2.8564453125,9.44732666015625,2.39303588867188,1.9281005859375,1.9110107421875,1.46286010742188
23.8910965919495,0.16876220703125,0.020294189453125,0.01068115234375,-0.30487060546875,2.0159912109375,9.898681640625,2.19955444335938,2.04269409179688,1.79489135742188,1.67312622070312
23.8990623950958,0.041656494140625,0.073699951171875,0.1153564453125,-0.6024169921875,1.995849609375,11.6299438476562,2.12646484375,2.15103149414062,1.6094970703125,1.8206787109375
23.9121556282043,0.14739990234375,0.076904296875,-0.05126953125,0.897216796875,1.20208740234375,13.2559204101562,2.30697631835938,1.98318481445312,1.84890747070312,1.58050537109375
23.9211015701294,0.03204345703125,0.1666259765625,0.22430419921875,1.54083251953125,-0.596923828125,13.564453125,2.00149536132812,2.31369018554688,1.44683837890625,1.93389892578125
23.9292862415314,0.0341796875,0.0128173828125,-0.00213623046875,0.12176513671875,-1.06109619140625,12.5335693359375,2.23724365234375,1.98577880859375,1.77734375,1.69540405273438
23.9386885166168,-0.12176513671875,-0.030975341796875,0.145263671875,0.919189453125,-0.69488525390625,11.1785888671875,2.08877563476562,2.12234497070312,1.56326293945312,1.9451904296875
23.9489817619324,-0.08331298828125,-0.07049560546875,0.060882568359375,-3.78662109375,-2.26959228515625,11.1611938476562,2.16217041015625,2.01019287109375,1.69723510742188,1.85302734375
23.9620449542999,-0.1751708984375,-0.0128173828125,-0.107879638671875,-3.2666015625,0.56488037109375,10.3582763671875,2.42889404296875,1.79412841796875,1.86065673828125,1.65802001953125
23.9688653945923,-0.0897216796875,-0.359954833984375,-0.0384521484375,-2.62847900390625,2.3162841796875,9.98748779296875,2.20733642578125,1.80496215820312,1.90078735351562,1.82159423828125
23.9786982536316,-0.11962890625,-0.11322021484375,-0.0384521484375,-0.849609375,2.96356201171875,10.367431640625,2.28469848632812,1.86187744140625,1.82220458984375,1.76116943359375
23.9887733459473,-0.063018798828125,-0.02349853515625,-0.05767822265625,-0.22430419921875,4.57672119140625,10.2474975585938,2.332763671875,1.88812255859375,1.8316650390625,1.6925048828125
23.9995684623718,-0.033111572265625,-0.052337646484375,0.1666259765625,-2.025146484375,2.52227783203125,10.323486328125,2.02896118164062,2.16415405273438,1.57150268554688,1.97250366210938
24.0096321105957,0.071563720703125,-0.080108642578125,-0.1708984375,0.86700439453125,-0.1263427734375,12.2616577148438,2.42477416992188,1.77078247070312,2.02713012695312,1.52236938476562
24.018958568573,-0.16021728515625,0.111083984375,0.005340576171875,4.1070556640625,0.11260986328125,12.3211669921875,2.325439453125,1.97357177734375,1.68487548828125,1.75949096679688
24.0312867164612,-0.144195556640625,-0.128173828125,0.01495361328125,1.92169189453125,2.098388671875,9.55902099609375,2.23831176757812,1.91680908203125,1.74606323242188,1.83914184570312
24.042111158371,-0.13885498046875,-0.189056396484375,-0.018157958984375,1.13525390625,1.3568115234375,9.93255615234375,2.24990844726562,1.85287475585938,1.81167602539062,1.82403564453125
24.0526266098022,0.120697021484375,0.03631591796875,0.001068115234375,-1.2249755859375,-3.22357177734375,12.6425170898438,2.216796875,2.02102661132812,1.79916381835938,1.70181274414062
24.0608770847321,-0.124969482421875,-0.071563720703125,-0.093994140625,-4.45037841796875,-2.0782470703125,12.7761840820312,2.38510131835938,1.79229736328125,1.86935424804688,1.68243408203125
24.0710451602936,-0.07049560546875,-0.169830322265625,-0.001068115234375,-4.06494140625,1.40350341796875,12.1929931640625,2.22396850585938,1.89453125,1.79611206054688,1.81289672851562
24.0819256305695,-0.030975341796875,-0.0384521484375,0.01495361328125,-1.26983642578125,2.08831787109375,10.05615234375,2.22991943359375,1.96258544921875,1.74652099609375,1.78237915039062
24.0918974876404,-0.129241943359375,-0.03631591796875,0.05126953125,0.40008544921875,1.50238037109375,10.4196166992188,2.21588134765625,1.9842529296875,1.67343139648438,1.86187744140625
24.1107833385468,-0.04486083984375,-0.137786865234375,-0.0982666015625,-0.15838623046875,2.442626953125,11.6079711914062,2.35321044921875,1.79244995117188,1.91116333007812,1.68594360351562
24.1216888427734,-0.1708984375,0.01922607421875,0.111083984375,-0.72052001953125,1.6424560546875,13.2321166992188,2.18048095703125,2.06436157226562,1.55899047851562,1.92535400390625
24.1329739093781,0.092926025390625,0.20294189453125,-0.073699951171875,1.51611328125,-1.8328857421875,11.9558715820312,2.3992919921875,1.97601318359375,1.8072509765625,1.54739379882812
24.1410269737244,0.17730712890625,0.058746337890625,0.025634765625,-0.1519775390625,-2.3931884765625,11.422119140625,2.20901489257812,2.08053588867188,1.74728393554688,1.68533325195312
24.1498754024506,0.162353515625,-0.01068115234375,-0.001068115234375,-2.17803955078125,-2.48565673828125,11.158447265625,2.2259521484375,2.02133178710938,1.79794311523438,1.67678833007812
24.1593267917633,0.08758544921875,-0.018157958984375,0.02349853515625,-0.32958984375,-1.06658935546875,10.6549072265625,2.22396850585938,2.03109741210938,1.7413330078125,1.72958374023438
24.1687049865723,0.059814453125,0.00640869140625,0.165557861328125,-0.552978515625,-0.67657470703125,11.06689453125,2.06222534179688,2.208251953125,1.5472412109375,1.90811157226562
24.180629491806,-0.005340576171875,-0.042724609375,-0.137786865234375,-0.05218505859375,1.322021484375,8.404541015625,2.44659423828125,1.78359985351562,1.92581176757812,1.5802001953125
24.1888563632965,-0.139923095703125,-0.145263671875,0.071563720703125,1.494140625,3.760986328125,7.734375,2.19345092773438,1.97540283203125,1.6534423828125,1.91390991210938
24.2007367610931,0.22857666015625,0.10894775390625,0.037384033203125,4.25262451171875,0.3314208984375,10.638427734375,2.19970703125,2.11517333984375,1.73355102539062,1.6845703125
24.2093238830566,0.201873779296875,-0.218963623046875,-0.08544921875,2.61383056640625,-0.20416259765625,10.3280639648438,2.26287841796875,1.85867309570312,1.98516845703125,1.64230346679688
24.2192578315735,0.04486083984375,-0.247802734375,0,2.52410888671875,1.9244384765625,10.5120849609375,2.16812133789062,1.89239501953125,1.84463500976562,1.80816650390625
24.2286801338196,-0.05340576171875,-0.178375244140625,0.097198486328125,1.10321044921875,-1.1480712890625,9.287109375,2.09716796875,2.00469970703125,1.67373657226562,1.93771362304688
24.2507100105286,-0.1751708984375,-0.3717041015625,0.154876708984375,0.3753662109375,-0.95672607421875,8.03466796875,1.99951171875,1.97738647460938,1.65847778320312,2.13180541992188
24.2589495182037,-0.03631591796875,-0.18157958984375,-0.0042724609375,1.439208984375,0.3057861328125,7.87261962890625,2.21511840820312,1.87667846679688,1.84066772460938,1.834716796875
24.2819156646729,0.15167236328125,-0.045928955078125,-0.1409912109375,-1.35040283203125,0.03387451171875,10.40771484375,2.36328125,1.793212890625,2.03292846679688,1.56356811523438
24.2913064956665,0.075836181640625,-0.105743408203125,-0.3460693359375,-1.67633056640625,1.21307373046875,8.15643310546875,2.63397216796875,1.50634765625,2.2900390625,1.33438110351562
24.3008685112,0.025634765625,-0.05340576171875,-0.186920166015625,-0.838623046875,-0.3643798828125,9.07379150390625,2.46627807617188,1.70608520507812,2.06085205078125,1.53167724609375
24.3113119602203,0.169830322265625,0.270233154296875,-0.122833251953125,-0.95855712890625,-4.5098876953125,10.0570678710938,2.45086669921875,1.92916870117188,1.93069458007812,1.47079467773438
24.3208773136139,0.1409912109375,0.24566650390625,0.028839111328125,-0.6207275390625,-4.04205322265625,11.4797973632812,2.26272583007812,2.10311889648438,1.73858642578125,1.67709350585938
24.3306787014008,0.127105712890625,0.268096923828125,-0.035247802734375,-0.40008544921875,-3.03314208984375,12.044677734375,2.35992431640625,2.02743530273438,1.80618286132812,1.59194946289062
24.342869758606,0.068359375,0.186920166015625,0.110015869140625,-0.2984619140625,-1.27166748046875,12.1664428710938,2.17025756835938,2.17086791992188,1.62796020507812,1.80770874023438
24.3499500751495,0.10040283203125,0.178375244140625,0.105743408203125,-2.0928955078125,-2.20733642578125,11.9100952148438,2.16354370117188,2.1728515625,1.6455078125,1.79489135742188
24.3621950149536,-0.099334716796875,0.069427490234375,0.116424560546875,-3.55682373046875,-2.1881103515625,11.1245727539062,2.17742919921875,2.09930419921875,1.610107421875,1.8963623046875
24.3710327148438,0.075836181640625,0.05767822265625,0.0555419921875,-0.31219482421875,-0.150146484375,10.4718017578125,2.18673706054688,2.06695556640625,1.74713134765625,1.76803588867188
24.3808209896088,0.12176513671875,0.050201416015625,-0.03204345703125,-0.684814453125,3.77288818359375,9.88861083984375,2.2796630859375,1.96945190429688,1.87271118164062,1.64703369140625
24.3901104927063,-0.069427490234375,0.27557373046875,-0.060882568359375,-0.79010009765625,4.46044921875,10.4425048828125,2.44277954101562,1.95281982421875,1.7755126953125,1.59530639648438
24.4028928279877,0.1751708984375,0.295867919921875,-0.1666259765625,1.75048828125,1.77703857421875,10.5523681640625,2.50350952148438,1.89865112304688,1.9708251953125,1.38229370117188
24.4109539985657,0.16021728515625,0.0384521484375,-0.16876220703125,0.22430419921875,0.4962158203125,12.2360229492188,2.437744140625,1.81808471679688,2.04238891601562,1.46194458007812
24.4307706356049,-0.178375244140625,0.1239013671875,0.033111572265625,-1.644287109375,-1.52984619140625,10.2667236328125,2.3175048828125,1.99783325195312,1.65802001953125,1.78359985351562
24.4408497810364,-0.129241943359375,0.116424560546875,0.116424560546875,-3.16864013671875,-4.6014404296875,10.3921508789062,2.19573974609375,2.11410522460938,1.56829833984375,1.86920166015625
24.4508013725281,-0.231781005859375,0.206146240234375,0.11962890625,-0.97869873046875,-6.74560546875,8.8037109375,2.24822998046875,2.1148681640625,1.5057373046875,1.87850952148438
24.460765838623,-0.298004150390625,0.043792724609375,0.152740478515625,-1.541748046875,-6.20086669921875,8.20953369140625,2.16293334960938,2.08099365234375,1.49337768554688,1.98532104492188
24.4708666801453,-0.145263671875,-0.01922607421875,-0.00213623046875,-3.380126953125,-5.82183837890625,9.16900634765625,2.291259765625,1.91421508789062,1.7572021484375,1.76483154296875
24.490672826767,-0.39947509765625,-0.1708984375,0.024566650390625,1.937255859375,0.2764892578125,8.74603271484375,2.29232788085938,1.8328857421875,1.69754028320312,1.9256591796875
24.5007574558258,-0.259552001953125,-0.042724609375,0.041656494140625,-0.6427001953125,0.186767578125,9.00787353515625,2.26943969726562,1.92825317382812,1.67953491210938,1.86630249023438
24.5114502906799,-0.0042724609375,0.04058837890625,-0.10467529296875,0.87066650390625,-0.596923828125,10.1312255859375,2.40875244140625,1.85211181640625,1.91177368164062,1.58432006835938
24.5207185745239,0.116424560546875,0.02349853515625,-0.1025390625,1.44561767578125,-0.289306640625,10.2182006835938,2.36160278320312,1.88461303710938,1.94900512695312,1.5545654296875
24.5307171344757,0.167694091796875,-0.025634765625,-0.150604248046875,1.19384765625,-0.42388916015625,11.004638671875,2.39273071289062,1.82403564453125,2.04010009765625,1.492919921875
24.5408842563629,0.111083984375,0.1153564453125,-0.048065185546875,0.8294677734375,-2.69989013671875,11.0870361328125,2.32864379882812,1.9720458984375,1.85287475585938,1.6033935546875
24.5548317432404,0.082244873046875,0.086517333984375,-0.073699951171875,-0.963134765625,-1.1883544921875,10.8352661132812,2.36099243164062,1.92245483398438,1.8853759765625,1.588134765625
24.5606815814972,0.09185791015625,-0.182647705078125,0.0811767578125,-1.48223876953125,-0.56488037109375,10.0067138671875,2.08663940429688,2.04421997070312,1.77230834960938,1.85211181640625
24.5708045959473,0.005340576171875,-0.042724609375,0.09185791015625,0.56854248046875,-2.8839111328125,10.587158203125,2.135009765625,2.06924438476562,1.69296264648438,1.85165405273438
24.5809857845306,-0.137786865234375,-0.065155029296875,0.054473876953125,1.549072265625,-0.75714111328125,9.1900634765625,2.22091674804688,1.97677612304688,1.70089721679688,1.8621826171875
24.5888373851776,-0.12603759765625,-0.077972412109375,0.090789794921875,2.113037109375,4.17755126953125,8.81103515625,2.16842651367188,2.02133178710938,1.66351318359375,1.90765380859375
24.6013388633728,-0.0726318359375,0.054473876953125,0.092926025390625,3.56048583984375,2.0819091796875,9.342041015625,2.18536376953125,2.07412719726562,1.63345336914062,1.86233520507812
24.6217067241669,0.13885498046875,0.14312744140625,-0.2734375,-2.23846435546875,-0.4376220703125,11.3900756835938,2.598876953125,1.71493530273438,2.11822509765625,1.31057739257812
24.6316847801208,0.103607177734375,0.2947998046875,-0.19866943359375,-0.10711669921875,-0.39093017578125,11.05224609375,2.5653076171875,1.84829711914062,1.9683837890625,1.36703491210938
24.6406722068787,0.00640869140625,0.3375244140625,-0.0726318359375,0.8001708984375,-0.71044921875,11.766357421875,2.44598388671875,1.98822021484375,1.76544189453125,1.54144287109375
24.651759147644,-0.0128173828125,0.095062255859375,-0.10040283203125,-0.74432373046875,0.2783203125,11.3525390625,2.42141723632812,1.87652587890625,1.86614990234375,1.585693359375
24.6611714363098,0.059814453125,0.007476806640625,0.11962890625,-1.24237060546875,0.69488525390625,11.0623168945312,2.09381103515625,2.14035034179688,1.63665771484375,1.86935424804688
24.670832157135,-0.1580810546875,0.018157958984375,0.182647705078125,-0.9521484375,-0.74981689453125,10.8563232421875,2.08328247070312,2.15408325195312,1.48773193359375,2.00881958007812
24.6814455986023,-0.3802490234375,-0.059814453125,0.18585205078125,-0.3662109375,0.25177001953125,10.1898193359375,2.1258544921875,2.07260131835938,1.44317626953125,2.10174560546875
24.6910371780396,-0.27557373046875,-0.0555419921875,0.165557861328125,1.1480712890625,3.36822509765625,9.55352783203125,2.11395263671875,2.0770263671875,1.50177001953125,2.04437255859375
24.7006559371948,-0.11962890625,-0.068359375,-0.04058837890625,0.186767578125,2.07733154296875,10.0625610351562,2.32437133789062,1.8621826171875,1.81808471679688,1.74591064453125
24.7128667831421,0.076904296875,-0.065155029296875,-0.105743408203125,-0.3240966796875,1.1004638671875,9.89501953125,2.34603881835938,1.83990478515625,1.95907592773438,1.59927368164062
24.7206649780273,0.15167236328125,0.056610107421875,-0.178375244140625,0.732421875,0.43487548828125,10.2053833007812,2.451171875,1.8072509765625,2.037353515625,1.44851684570312
24.7346804141998,0.1751708984375,0.07476806640625,-0.216827392578125,2.20184326171875,-1.995849609375,10.2493286132812,2.49313354492188,1.77169799804688,2.08724975585938,1.38504028320312
24.7410643100739,0.162353515625,0.230712890625,-0.14739990234375,1.70196533203125,-3.21258544921875,10.4837036132812,2.4554443359375,1.90261840820312,1.95281982421875,1.42929077148438
24.7510499954224,0.122833251953125,0.04486083984375,-0.06622314453125,-1.13525390625,-0.0567626953125,9.0216064453125,2.3138427734375,1.93939208984375,1.89559936523438,1.60079956054688
24.7607007026672,0.028839111328125,-0.1495361328125,0.148468017578125,-0.897216796875,-1.43096923828125,10.0616455078125,2.01522827148438,2.12188720703125,1.65740966796875,1.95526123046875
24.7709090709686,-0.048065185546875,-0.093994140625,0.221099853515625,2.1441650390625,-2.127685546875,10.0332641601562,1.95266723632812,2.20260620117188,1.53091430664062,2.05154418945312
24.7808327674866,-0.171966552734375,-0.191192626953125,0.23284912109375,0.90087890625,1.01348876953125,10.0863647460938,1.9464111328125,2.14767456054688,1.5179443359375,2.13912963867188
24.7928946018219,-0.02349853515625,-0.005340576171875,0.0469970703125,-1.1480712890625,4.097900390625,8.7908935546875,2.19131469726562,2.01614379882812,1.73736572265625,1.806640625
24.7990300655365,0.184783935546875,0.035247802734375,-0.068359375,0.74615478515625,4.1766357421875,9.52880859375,2.28424072265625,1.94686889648438,1.93145751953125,1.5887451171875
24.8197429180145,0.11322021484375,-0.05126953125,-0.281982421875,-3.863525390625,-0.83221435546875,10.5093383789062,2.52105712890625,1.61331176757812,2.213134765625,1.36962890625
24.8307957649231,0.1708984375,0.086517333984375,-0.00213623046875,-0.65826416015625,-2.69256591796875,9.74761962890625,2.20672607421875,2.03399658203125,1.846923828125,1.6650390625
24.8399062156677,0.082244873046875,0.238189697265625,-0.0128173828125,1.820068359375,-1.38427734375,9.89593505859375,2.29202270507812,2.03964233398438,1.788330078125,1.63299560546875
24.8488314151764,-0.042724609375,0.0640869140625,-0.088653564453125,0.44677734375,1.365966796875,9.43450927734375,2.37106323242188,1.85699462890625,1.89743041992188,1.62185668945312
24.8589291572571,-0.059814453125,0.131378173828125,0.067291259765625,-0.2838134765625,0.77911376953125,9.84466552734375,2.2076416015625,2.07565307617188,1.673583984375,1.80252075195312
24.8791480064392,-0.31829833984375,0.037384033203125,0.122833251953125,-2.5762939453125,-1.46575927734375,11.4212036132812,2.183837890625,2.03933715820312,1.55105590820312,1.97006225585938
24.8891937732697,-0.11322021484375,0.10040283203125,0.17730712890625,-3.00201416015625,-2.04620361328125,11.0348510742188,2.08023071289062,2.18505859375,1.52786254882812,1.96701049804688
24.9301154613495,-0.22003173828125,0.128173828125,-0.144195556640625,0.27557373046875,-2.13592529296875,10.367431640625,2.52639770507812,1.7572021484375,1.893310546875,1.58950805664062
24.9400718212128,-0.0640869140625,0.16021728515625,0.105743408203125,1.50604248046875,0.65460205078125,10.572509765625,2.17742919921875,2.11776733398438,1.62063598632812,1.84906005859375
24.9488778114319,-0.069427490234375,-0.016021728515625,-0.088653564453125,-0.64178466796875,0.37628173828125,9.539794921875,2.36907958984375,1.81976318359375,1.91207885742188,1.65679931640625
24.9605779647827,-0.11749267578125,-0.030975341796875,0.111083984375,-0.322265625,1.7340087890625,10.8993530273438,2.138671875,2.056884765625,1.64276123046875,1.92581176757812
24.9690895080566,-0.043792724609375,0.071563720703125,0.0042724609375,-1.17095947265625,0.8074951171875,10.1174926757812,2.27752685546875,1.97662353515625,1.76162719726562,1.734619140625
24.9800751209259,0.08544921875,-0.0341796875,0.033111572265625,-1.74957275390625,1.754150390625,10.3756713867188,2.17147827148438,2.021484375,1.78970336914062,1.76162719726562
24.9990649223328,0.15594482421875,0.189056396484375,-0.14739990234375,-0.14556884765625,-0.2655029296875,10.286865234375,2.447509765625,1.888427734375,1.96029663085938,1.44332885742188
25.0099363327026,0.15594482421875,-0.05340576171875,-0.0555419921875,-1.768798828125,-1.66900634765625,11.1849975585938,2.26669311523438,1.93328857421875,1.91696166992188,1.63284301757812
25.0196759700775,0.0811767578125,0.248870849609375,0.003204345703125,0.615234375,-0.35797119140625,9.700927734375,2.30331420898438,2.07366943359375,1.72943115234375,1.63681030273438
25.0301375389099,-0.07476806640625,0.114288330078125,0.041656494140625,0.5511474609375,-0.640869140625,9.38323974609375,2.25128173828125,2.0269775390625,1.66946411132812,1.77017211914062
25.0419070720673,-0.005340576171875,0.10894775390625,0.0982666015625,-1.46484375,0.27191162109375,10.7327270507812,2.15972900390625,2.11334228515625,1.62338256835938,1.82479858398438
25.0496699810028,0.052337646484375,-0.037384033203125,-0.0897216796875,-1.2322998046875,-0.7049560546875,9.37957763671875,2.33184814453125,1.85623168945312,1.92092895507812,1.6162109375
25.0626652240753,-0.09613037109375,-0.04486083984375,0.097198486328125,3.25469970703125,2.34100341796875,8.70208740234375,2.14889526367188,2.04635620117188,1.64810180664062,1.89849853515625
25.0692965984344,0.011749267578125,-0.093994140625,-0.02349853515625,0.46417236328125,1.98211669921875,9.23583984375,2.25204467773438,1.91253662109375,1.85379028320312,1.72821044921875
25.0801861286163,0.097198486328125,0.0555419921875,-0.007476806640625,-0.8404541015625,2.4664306640625,9.72015380859375,2.24639892578125,2.00286865234375,1.81976318359375,1.673583984375
25.0899231433868,0.150604248046875,0.0042724609375,-0.003204345703125,-4.15008544921875,0.93109130859375,9.94720458984375,2.21450805664062,2.01370239257812,1.85073852539062,1.67938232421875
25.0995008945465,0.161285400390625,0.137786865234375,-0.161285400390625,1.19842529296875,-1.0052490234375,10.030517578125,2.44461059570312,1.8572998046875,2.01553344726562,1.44027709960938
25.1200635433197,-0.129241943359375,0.165557861328125,0.00213623046875,0.29937744140625,-0.9814453125,9.4464111328125,2.33749389648438,1.98318481445312,1.71875,1.728515625
25.1288526058197,-0.12603759765625,0.067291259765625,0.03204345703125,1.13983154296875,-1.28448486328125,10.330810546875,2.26913452148438,1.9866943359375,1.705322265625,1.802978515625
25.1410267353058,-0.101470947265625,0.048065185546875,0.204010009765625,1.03363037109375,-1.468505859375,11.1355590820312,2.047119140625,2.20443725585938,1.50619506835938,2.0166015625
25.1495769023895,-0.0469970703125,-0.289459228515625,-0.0469970703125,-1.77978515625,-2.17437744140625,9.61029052734375,2.23983764648438,1.80618286132812,1.93328857421875,1.78634643554688
25.1600189208984,-0.12176513671875,0.041656494140625,0.063018798828125,0.5657958984375,-0.1849365234375,9.8876953125,2.22015380859375,2.01950073242188,1.671142578125,1.844482421875
25.1694805622101,-0.01068115234375,0.050201416015625,-0.0341796875,-0.29296875,0.677490234375,8.39263916015625,2.31781005859375,1.94381713867188,1.82083129882812,1.6815185546875
25.18013215065,-0.0555419921875,-0.07904052734375,-0.073699951171875,-2.7117919921875,2.37945556640625,9.583740234375,2.33474731445312,1.84417724609375,1.89361572265625,1.68365478515625
25.189836025238,0.09185791015625,0.128173828125,-0.009613037109375,-2.0013427734375,0.2215576171875,10.8563232421875,2.27767944335938,2.03765869140625,1.79290771484375,1.6534423828125
25.199497461319,0.07904052734375,0.14312744140625,-0.111083984375,1.35406494140625,-1.4501953125,11.14013671875,2.4127197265625,1.91085815429688,1.90948486328125,1.522216796875
25.2112402915955,0.030975341796875,-0.171966552734375,-0.008544921875,-0.61065673828125,-1.22039794921875,10.7666015625,2.21099853515625,1.93588256835938,1.85623168945312,1.75933837890625
25.2190413475037,-0.145263671875,0.24139404296875,0.075836181640625,1.0491943359375,-1.41265869140625,9.100341796875,2.27706909179688,2.11074829101562,1.57318115234375,1.79275512695312
25.2298288345337,-0.137786865234375,0.075836181640625,0.025634765625,-2.1221923828125,-2.83905029296875,10.2584838867188,2.288818359375,1.9940185546875,1.68548583984375,1.77978515625
25.2399847507477,-0.131378173828125,0.11322021484375,0.077972412109375,-0.37261962890625,-0.0091552734375,10.374755859375,2.24014282226562,2.076416015625,1.60888671875,1.83151245117188
25.2500321865082,-0.048065185546875,-0.118560791015625,-0.013885498046875,-0.42572021484375,0.48980712890625,8.22601318359375,2.2576904296875,1.91848754882812,1.81533813476562,1.759033203125
25.2597091197968,-0.144195556640625,-0.135650634765625,0.041656494140625,0.53558349609375,0.9796142578125,9.76043701171875,2.21542358398438,1.95632934570312,1.72378540039062,1.86447143554688
25.2698979377747,0.011749267578125,0.01922607421875,-0.037384033203125,1.70928955078125,2.548828125,9.60845947265625,2.30331420898438,1.94381713867188,1.82083129882812,1.6705322265625
25.278924703598,0.026702880859375,-0.06622314453125,-0.03204345703125,3.1512451171875,2.0526123046875,10.5670166015625,2.2735595703125,1.93435668945312,1.84356689453125,1.69891357421875
25.2900030612946,0.179443359375,0.0042724609375,-0.059814453125,0.9906005859375,-0.92559814453125,11.9219970703125,2.28729248046875,1.97296142578125,1.90353393554688,1.59698486328125
25.2999587059021,0.116424560546875,0.19012451171875,-0.088653564453125,3.26751708984375,-2.27325439453125,10.7272338867188,2.393798828125,1.9732666015625,1.86294555664062,1.52450561523438
25.3102061748505,0.0469970703125,-0.0726318359375,0.111083984375,-1.58477783203125,-1.16729736328125,10.6100463867188,2.0831298828125,2.122802734375,1.67160034179688,1.87210083007812
25.3211536407471,-0.059814453125,0.12176513671875,-0.0213623046875,-0.05401611328125,-1.4886474609375,9.6075439453125,2.3388671875,1.98150634765625,1.7486572265625,1.67831420898438
25.3388733863831,-0.0982666015625,-0.042724609375,0.112152099609375,-1.0546875,3.16497802734375,11.8844604492188,2.14309692382812,2.08999633789062,1.61865234375,1.91085815429688
25.3497562408447,-0.025634765625,-0.157012939453125,-0.05340576171875,-4.25445556640625,0.60882568359375,11.722412109375,2.29232788085938,1.86935424804688,1.88186645507812,1.71401977539062
25.361236333847,-0.01068115234375,0.048065185546875,-0.065155029296875,-1.96380615234375,1.06475830078125,10.7107543945312,2.37060546875,1.922607421875,1.83868408203125,1.6400146484375
25.3700211048126,0.218963623046875,-0.00213623046875,-0.0640869140625,0.24810791015625,1.7999267578125,9.9517822265625,2.28515625,1.9757080078125,1.92169189453125,1.5863037109375
25.3801581859589,0.29693603515625,-0.157012939453125,-0.118560791015625,1.20574951171875,0.1739501953125,9.10400390625,2.2784423828125,1.88003540039062,2.06283569335938,1.5435791015625
25.3942382335663,0.090789794921875,-0.041656494140625,-0.0042724609375,-2.00592041015625,-2.67059326171875,10.6100463867188,2.235107421875,2.0013427734375,1.82647705078125,1.7138671875
25.4036383628845,-0.11322021484375,0.23284912109375,0.054473876953125,-0.33050537109375,-5.84197998046875,11.1044311523438,2.30178833007812,2.09579467773438,1.610107421875,1.76589965820312
25.4200820922852,-0.276641845703125,-0.0897216796875,0.2178955078125,2.1551513671875,2.2723388671875,9.1259765625,2.04483032226562,2.1539306640625,1.46514892578125,2.11898803710938
25.4289066791534,-0.128173828125,-0.197601318359375,0.01068115234375,-0.9796142578125,2.7923583984375,8.31939697265625,2.222900390625,1.90170288085938,1.80343627929688,1.85104370117188
25.4428753852844,0.043792724609375,-0.18157958984375,0.013885498046875,-2.02880859375,3.1072998046875,9.98199462890625,2.16751098632812,1.95724487304688,1.85195922851562,1.80007934570312
25.4510266780853,0.133514404296875,-0.24993896484375,-0.08544921875,-2.0416259765625,1.571044921875,9.26513671875,2.24685668945312,1.83822631835938,2.027587890625,1.67434692382812
25.4597609043121,0.075836181640625,-0.16021728515625,-0.082244873046875,1.226806640625,2.75115966796875,9.34661865234375,2.28988647460938,1.85562133789062,1.9793701171875,1.67572021484375
25.4706125259399,0.18798828125,0.0555419921875,-0.01068115234375,2.5726318359375,2.82073974609375,9.9334716796875,2.22991943359375,2.04360961914062,1.85714721679688,1.66259765625
25.5113983154297,-0.028839111328125,0.26275634765625,-0.016021728515625,-1.09405517578125,-2.0709228515625,12.1572875976562,2.3651123046875,2.0391845703125,1.72943115234375,1.66290283203125
25.5210742950439,-0.146331787109375,0.0469970703125,0.11322021484375,3.09906005859375,-1.57379150390625,9.774169921875,2.17254638671875,2.10037231445312,1.59530639648438,1.9195556640625
25.5309669971466,-0.233917236328125,-0.00640869140625,0.1239013671875,2.72918701171875,-1.3092041015625,7.0953369140625,2.16400146484375,2.06985473632812,1.56982421875,1.97463989257812
25.5418658256531,-0.25848388671875,0.016021728515625,0.13671875,0.1922607421875,1.2286376953125,8.9794921875,2.16888427734375,2.09091186523438,1.536865234375,1.9903564453125
25.549840927124,-0.14739990234375,-0.169830322265625,0.05340576171875,-3.76373291015625,-0.05950927734375,10.29052734375,2.18170166015625,1.96640014648438,1.72775268554688,1.90582275390625
25.5636820793152,-0.146331787109375,0.10467529296875,-0.005340576171875,-0.78369140625,1.358642578125,9.8455810546875,2.34329223632812,1.98043823242188,1.712646484375,1.7547607421875
25.5696036815643,-0.289459228515625,-0.07476806640625,0.035247802734375,2.783203125,4.2242431640625,8.27728271484375,2.27828979492188,1.93099975585938,1.6741943359375,1.89956665039062
25.5798678398132,0.097198486328125,0.011749267578125,-0.114288330078125,2.8802490234375,4.75799560546875,8.0108642578125,2.37014770507812,1.88552856445312,1.94869995117188,1.572265625
25.5929684638977,0.32684326171875,-0.005340576171875,-0.22430419921875,1.241455078125,3.1146240234375,8.97674560546875,2.42752075195312,1.8048095703125,2.16598510742188,1.3720703125
25.5996382236481,0.19012451171875,0.08758544921875,-0.084381103515625,-1.0418701171875,-2.04620361328125,10.2694702148438,2.33078002929688,1.96823120117188,1.92642211914062,1.5655517578125
25.6126487255096,0.009613037109375,0.2008056640625,-0.142059326171875,-1.3970947265625,-4.581298828125,12.0144653320312,2.49053955078125,1.87332153320312,1.91879272460938,1.52267456054688
25.6197695732117,-0.14739990234375,0.3204345703125,0.076904296875,1.688232421875,-2.91961669921875,11.2985229492188,2.29660034179688,2.12966918945312,1.56829833984375,1.80679321289062
25.6317524909973,-0.069427490234375,0.01708984375,0.18798828125,1.21673583984375,0.38177490234375,9.4976806640625,2.03857421875,2.19924926757812,1.54800415039062,2.01004028320312
25.6397213935852,-0.030975341796875,-0.03204345703125,0.176239013671875,1.6461181640625,0.16754150390625,8.63983154296875,2.03292846679688,2.18795776367188,1.58981323242188,1.99462890625
25.649806022644,-0.10040283203125,-0.10040283203125,0.1837158203125,0.45135498046875,-0.75347900390625,9.63409423828125,2.02011108398438,2.1527099609375,1.58294677734375,2.04391479492188
25.6596682071686,-0.086517333984375,-0.013885498046875,0.01708984375,-3.5595703125,0.00274658203125,11.220703125,2.24456787109375,1.97219848632812,1.77154541015625,1.80496215820312
25.6711390018463,0.0811767578125,-0.133514404296875,-0.146331787109375,-0.223388671875,1.90704345703125,9.72015380859375,2.36297607421875,1.78878784179688,2.06314086914062,1.59027099609375
25.6796953678131,0.086517333984375,-0.2520751953125,-0.068359375,2.62664794921875,3.8507080078125,8.90899658203125,2.225341796875,1.85287475585938,2.0001220703125,1.71646118164062
25.6911203861237,0.27130126953125,-0.23712158203125,-0.14312744140625,2.13409423828125,3.0413818359375,8.236083984375,2.2723388671875,1.82891845703125,2.14065551757812,1.56112670898438
25.6998443603516,0.118560791015625,0.105743408203125,-0.024566650390625,-1.98760986328125,1.26251220703125,9.6148681640625,2.2711181640625,2.0306396484375,1.83975219726562,1.65283203125
25.7110748291016,0.17303466796875,0.257415771484375,-0.067291259765625,-2.32086181640625,-0.02471923828125,10.374755859375,2.35260009765625,2.03582763671875,1.86203002929688,1.53518676757812
25.7203414440155,0.06622314453125,0.1922607421875,-0.0213623046875,-0.41290283203125,-2.50946044921875,10.9872436523438,2.30972290039062,2.05352783203125,1.78512573242188,1.64505004882812
25.7319393157959,0.09185791015625,0.201873779296875,-0.07476806640625,2.2760009765625,-1.66168212890625,11.0202026367188,2.36846923828125,1.99951171875,1.85546875,1.56204223632812
25.7407424449921,-0.162353515625,-0.011749267578125,0.128173828125,2.3382568359375,-1.73675537109375,9.5745849609375,2.13104248046875,2.117919921875,1.5875244140625,1.95602416992188
25.75212931633,-0.171966552734375,-0.19439697265625,0.231781005859375,1.754150390625,-0.25909423828125,8.71307373046875,1.94442749023438,2.19314575195312,1.50894165039062,2.1380615234375
25.7595565319061,-0.080108642578125,-0.039520263671875,0.28839111328125,-1.6937255859375,-0.33416748046875,10.521240234375,1.89926147460938,2.34771728515625,1.41586303710938,2.1282958984375
25.772159576416,-0.058746337890625,-0.139923095703125,-0.013885498046875,-3.33984375,-1.72119140625,9.82452392578125,2.23541259765625,1.9415283203125,1.83013916015625,1.77444458007812
25.7797410488129,-0.16021728515625,-0.056610107421875,-0.086517333984375,-2.00225830078125,2.6165771484375,8.84490966796875,2.37579345703125,1.8426513671875,1.86477661132812,1.69204711914062
25.7926783561707,0.063018798828125,-0.114288330078125,-0.093994140625,1.3128662109375,5.635986328125,8.42010498046875,2.29736328125,1.88003540039062,1.95953369140625,1.63101196289062
25.7998778820038,0.090789794921875,-0.039520263671875,-0.101470947265625,-0.53741455078125,3.60809326171875,10.0167846679688,2.32498168945312,1.90399169921875,1.954345703125,1.5948486328125
25.8100519180298,0.110015869140625,0.075836181640625,-0.077972412109375,-3.35357666015625,0.6683349609375,11.4248657226562,2.3291015625,1.97723388671875,1.89865112304688,1.58523559570312
25.8201525211334,-0.120697021484375,0.1922607421875,-0.086517333984375,0.281982421875,-2.7117919921875,10.8517456054688,2.44094848632812,1.93084716796875,1.80404663085938,1.6094970703125
25.8300566673279,-0.063018798828125,0.011749267578125,0.04913330078125,3.59710693359375,-2.7484130859375,10.4461669921875,2.19711303710938,2.05963134765625,1.705322265625,1.81625366210938
25.8411247730255,-0.295867919921875,0.068359375,0.285186767578125,1.94183349609375,-3.70880126953125,9.46746826171875,1.98944091796875,2.3052978515625,1.32369995117188,2.16934204101562
25.8508977890015,-0.447540283203125,-0.035247802734375,0.17730712890625,0.05218505859375,-0.91461181640625,8.2196044921875,2.13470458984375,2.09014892578125,1.44439697265625,2.11456298828125
25.86075258255,-0.278778076171875,-0.0042724609375,0.191192626953125,0.0274658203125,2.340087890625,9.13238525390625,2.08419799804688,2.16873168945312,1.46514892578125,2.07839965820312
25.871059179306,0.059814453125,-0.210418701171875,0.04058837890625,-0.65643310546875,1.3037109375,10.2081298828125,2.10617065429688,2.01812744140625,1.81472778320312,1.85134887695312
25.8814346790314,-0.050201416015625,-0.246734619140625,-0.152740478515625,-2.93792724609375,-0.69671630859375,10.5899047851562,2.3590087890625,1.72256469726562,2.03201293945312,1.65283203125
25.891895532608,-0.0128173828125,-0.27557373046875,-0.118560791015625,-0.10986328125,0.4193115234375,9.4647216796875,2.30621337890625,1.76895141601562,2.0135498046875,1.69692993164062
25.9012405872345,-0.09185791015625,0.011749267578125,-0.07476806640625,1.31011962890625,2.0709228515625,9.46380615234375,2.35443115234375,1.87957763671875,1.85516357421875,1.69723510742188
25.9107136726379,-0.07476806640625,-0.13671875,-0.041656494140625,0.73883056640625,1.30279541015625,9.41162109375,2.27081298828125,1.88003540039062,1.86843872070312,1.78695678710938
25.9199149608612,0.212554931640625,0.11962890625,-0.08331298828125,-2.8106689453125,-2.25311279296875,9.17816162109375,2.31185913085938,1.98348999023438,1.93023681640625,1.5789794921875
25.9308998584747,0.29693603515625,0.04913330078125,-0.08331298828125,-2.900390625,-2.2998046875,8.27728271484375,2.26348876953125,1.986083984375,1.97723388671875,1.57150268554688
25.9399564266205,-0.0982666015625,0.259552001953125,0.131378173828125,-1.41815185546875,-4.50531005859375,9.52789306640625,2.181396484375,2.2064208984375,1.52145385742188,1.89666748046875
25.952868938446,-0.111083984375,0.257415771484375,-0.05340576171875,0.88531494140625,-7.31781005859375,11.5676879882812,2.41363525390625,1.96990966796875,1.74957275390625,1.66748046875
25.9596927165985,-0.33966064453125,-0.0128173828125,0.24139404296875,1.42181396484375,-2.27325439453125,10.8892822265625,2.03643798828125,2.19497680664062,1.39022827148438,2.1844482421875
25.9708540439606,-0.374908447265625,-0.00640869140625,0.238189697265625,0.32958984375,1.35498046875,10.78125,2.04391479492188,2.1820068359375,1.3787841796875,2.18948364257812
25.9801776409149,-0.144195556640625,0.088653564453125,0.111083984375,1.373291015625,1.739501953125,10.5331420898438,2.161865234375,2.11822509765625,1.580810546875,1.93008422851562
25.9900104999542,0.16876220703125,-0.1708984375,-0.01708984375,-0.5584716796875,-1.907958984375,9.88677978515625,2.15499877929688,1.97540283203125,1.9097900390625,1.75811767578125
26.000884771347,0.03631591796875,-0.152740478515625,0.04486083984375,-3.23822021484375,-3.182373046875,9.7576904296875,2.11898803710938,2.0147705078125,1.79168701171875,1.86553955078125
26.0112047195435,0.090789794921875,-0.024566650390625,-0.082244873046875,1.91070556640625,1.21490478515625,8.91998291015625,2.3004150390625,1.90582275390625,1.92947387695312,1.65771484375
26.0209007263184,0.213623046875,-0.15380859375,-0.1495361328125,3.17138671875,1.45477294921875,9.44366455078125,2.30850219726562,1.81976318359375,2.088623046875,1.5765380859375
26.0307946205139,0.212554931640625,-0.212554931640625,-0.1068115234375,1.26617431640625,-0.48980712890625,13.4381103515625,2.23434448242188,1.85272216796875,2.0501708984375,1.64657592773438
26.0419073104858,0.150604248046875,0.33111572265625,-0.12603759765625,-0.37811279296875,-3.51470947265625,13.5946655273438,2.44369506835938,1.9757080078125,1.89865112304688,1.4752197265625
26.0510601997375,0.084381103515625,0.3289794921875,-0.080108642578125,-0.68115234375,-2.51495361328125,12.2918701171875,2.40005493164062,2.0147705078125,1.82037353515625,1.54800415039062
26.0700788497925,-0.157012939453125,0.030975341796875,0.11749267578125,-0.63720703125,-1.146240234375,9.4024658203125,2.13958740234375,2.11029052734375,1.58111572265625,1.94259643554688
26.0800356864929,-0.152740478515625,-0.077972412109375,0.265960693359375,-1.36871337890625,-2.5799560546875,9.8895263671875,1.91192626953125,2.26058959960938,1.43203735351562,2.16018676757812
26.0906774997711,-0.338592529296875,-0.12176513671875,0.236053466796875,-1.761474609375,-1.4849853515625,8.79180908203125,1.99447631835938,2.15682983398438,1.4288330078125,2.19100952148438
26.0999655723572,-0.32684326171875,-0.04486083984375,0.110015869140625,0.6353759765625,0.08148193359375,7.59613037109375,2.16903686523438,2.02346801757812,1.56951904296875,2.00363159179688
26.1119420528412,0.005340576171875,-0.1239013671875,0.026702880859375,0.084228515625,-0.2288818359375,9.95269775390625,2.14431762695312,1.993408203125,1.79733276367188,1.82342529296875
26.1220524311066,0.36102294921875,0.0042724609375,-0.3631591796875,0.703125,1.497802734375,9.09027099609375,2.56484985351562,1.65390014648438,2.35504150390625,1.192626953125
26.1408605575562,0.03204345703125,0.059814453125,-0.06195068359375,-0.4486083984375,1.9427490234375,9.11590576171875,2.30316162109375,1.94717407226562,1.86416625976562,1.65603637695312
26.1615056991577,0.10894775390625,0.103607177734375,0.19866943359375,1.41357421875,1.59576416015625,11.4788818359375,1.96670532226562,2.30422973632812,1.55044555664062,1.94046020507812
26.171656370163,-0.007476806640625,-0.003204345703125,0.1153564453125,-1.02996826171875,0.531005859375,9.9407958984375,2.07061767578125,2.13104248046875,1.65496826171875,1.90414428710938
26.1810717582703,0.003204345703125,0.080108642578125,-0.011749267578125,0.74615478515625,-0.8038330078125,9.48211669921875,2.24990844726562,1.99813842773438,1.79244995117188,1.7132568359375
26.1909186840057,0.03631591796875,-0.00640869140625,0.16021728515625,-2.4810791015625,-3.03314208984375,11.0430908203125,2.005615234375,2.20840454101562,1.6094970703125,1.93817138671875
26.1998455524445,-0.11749267578125,0.103607177734375,0.09613037109375,-3.44329833984375,-3.40576171875,9.9920654296875,2.16094970703125,2.11624145507812,1.60720825195312,1.86767578125
26.2106430530548,-0.197601318359375,-0.02349853515625,0.042724609375,-0.2618408203125,-0.6866455078125,9.73663330078125,2.2125244140625,1.98928833007812,1.68197631835938,1.8597412109375
26.2197196483612,-0.00213623046875,-0.238189697265625,0.007476806640625,-0.6610107421875,-2.244873046875,10.4232788085938,2.13851928710938,1.94915771484375,1.8408203125,1.81884765625
26.2306563854218,0.016021728515625,-0.145263671875,-0.099334716796875,1.2213134765625,-1.21307373046875,9.72564697265625,2.29888916015625,1.85821533203125,1.94244384765625,1.6485595703125
26.2418873310089,-0.043792724609375,-0.15594482421875,0.026702880859375,0.9466552734375,1.84661865234375,9.64691162109375,2.15606689453125,1.99462890625,1.77108764648438,1.82632446289062
26.2506647109985,-0.04058837890625,-0.179443359375,-0.0469970703125,-2.16796875,3.60076904296875,9.62860107421875,2.239990234375,1.89239501953125,1.86874389648438,1.74148559570312
26.2603833675385,0.08544921875,0.026702880859375,-0.0982666015625,-2.47467041015625,2.93792724609375,10.5679321289062,2.32589721679688,1.92596435546875,1.90902709960938,1.58111572265625
26.2707767486572,0.01068115234375,-0.082244873046875,0.1025390625,-4.200439453125,-0.40557861328125,12.81005859375,2.04360961914062,2.108154296875,1.6656494140625,1.88232421875
26.2800190448761,0.29693603515625,-0.060882568359375,-0.189056396484375,-3.84979248046875,-0.703125,13.06640625,2.33322143554688,1.837158203125,2.11273193359375,1.42623901367188
26.2899451255798,0.103607177734375,0.067291259765625,-0.268096923828125,-6.13128662109375,-1.99127197265625,13.0563354492188,2.54302978515625,1.7254638671875,2.12234497070312,1.35086059570312
26.3018600940704,0.042724609375,0.51055908203125,-0.2178955078125,-3.14300537109375,-4.72686767578125,13.4463500976562,2.63778686523438,1.9024658203125,1.90765380859375,1.29714965820312
26.3108818531036,-0.210418701171875,0.238189697265625,-0.127105712890625,2.60833740234375,-5.672607421875,10.986328125,2.51876831054688,1.85882568359375,1.79718017578125,1.57012939453125
26.3199000358582,-0.374908447265625,-0.144195556640625,0.308685302734375,1.28082275390625,-1.27349853515625,10.2987670898438,1.90948486328125,2.23419189453125,1.32217407226562,2.28469848632812
26.332056760788,-0.35247802734375,-0.159149169921875,0.1751708984375,-1.80816650390625,0.77911376953125,8.97857666015625,2.0654296875,2.0709228515625,1.49871826171875,2.115478515625
26.3408081531525,-0.274505615234375,0.005340576171875,0.251007080078125,-1.175537109375,3.03497314453125,9.708251953125,2.00592041015625,2.23678588867188,1.37710571289062,2.15301513671875
26.3540499210358,-0.161285400390625,-0.086517333984375,0.13031005859375,-1.556396484375,2.50213623046875,9.6954345703125,2.09609985351562,2.09274291992188,1.58905029296875,1.99478149414062
26.3617212772369,0.1751708984375,-0.251007080078125,-0.048065185546875,-1.05560302734375,2.545166015625,10.0497436523438,2.16873168945312,1.92184448242188,1.9610595703125,1.72103881835938
26.372743844986,0.05340576171875,-0.073699951171875,-0.054473876953125,0.43853759765625,1.47216796875,10.6814575195312,2.27142333984375,1.93084716796875,1.86920166015625,1.702880859375
26.3803033828735,0.058746337890625,0.065155029296875,-0.333251953125,2.37945556640625,3.2098388671875,10.3024291992188,2.6593017578125,1.62612915039062,2.17819213867188,1.31072998046875
26.3926291465759,-0.242462158203125,-0.048065185546875,-0.17730712890625,1.094970703125,2.7117919921875,10.7528686523438,2.52517700195312,1.69021606445312,1.92092895507812,1.64108276367188
26.4011452198029,-0.240325927734375,0.281982421875,-0.054473876953125,-1.57470703125,1.29180908203125,12.5839233398438,2.46917724609375,1.94366455078125,1.66946411132812,1.69540405273438
26.4119052886963,-0.133514404296875,0.257415771484375,-0.11749267578125,-3.01116943359375,-1.42913818359375,12.24609375,2.51495361328125,1.888427734375,1.7877197265625,1.59423828125
26.422931432724,-0.04913330078125,-0.13885498046875,0.13671875,-1.058349609375,0.318603515625,11.2481689453125,2.04605102539062,2.10128784179688,1.60446166992188,2.01065063476562
26.4310348033905,-0.197601318359375,-0.16448974609375,0.263824462890625,-0.32135009765625,-1.89422607421875,9.27154541015625,1.92337036132812,2.20703125,1.41036987304688,2.2216796875
26.4407758712769,-0.162353515625,-0.1751708984375,0.139923095703125,-1.36322021484375,-2.14324951171875,8.221435546875,2.06558227539062,2.0654296875,1.56936645507812,2.05963134765625
26.450820684433,-0.272369384765625,-0.030975341796875,0.097198486328125,-1.2030029296875,0.20599365234375,8.4814453125,2.19619750976562,2.02117919921875,1.54708862304688,1.99554443359375
26.4599368572235,-0.238189697265625,-0.16021728515625,0.071563720703125,2.09564208984375,4.47601318359375,7.30133056640625,2.18460083007812,1.96487426757812,1.62353515625,1.99172973632812
26.4700064659119,0.2008056640625,-0.302276611328125,-0.069427490234375,0.97137451171875,4.039306640625,9.38140869140625,2.18292236328125,1.87286376953125,1.96975708007812,1.729736328125
26.4806158542633,0.24566650390625,-0.391998291015625,-0.092926025390625,-3.32427978515625,2.5030517578125,10.6521606445312,2.16659545898438,1.8310546875,2.03994750976562,1.70822143554688
26.4899728298187,0.349273681640625,0.060882568359375,-0.319366455078125,0.56854248046875,2.48565673828125,10.0323486328125,2.54501342773438,1.70654296875,2.22686767578125,1.26190185546875
26.4998111724854,0.302276611328125,0,-0.10040283203125,0.54290771484375,1.72210693359375,10.6878662109375,2.25921630859375,1.93496704101562,1.96044921875,1.57455444335938
26.5110123157501,0.31402587890625,-0.041656494140625,-0.0640869140625,0.20965576171875,-0.13275146484375,12.4374389648438,2.19757080078125,1.9720458984375,1.9305419921875,1.62887573242188
26.5197370052338,0.11749267578125,0.045928955078125,0.065155029296875,1.35406494140625,-0.54107666015625,9.98016357421875,2.1221923828125,2.10281372070312,1.68685913085938,1.81961059570312
26.5296721458435,0.01708984375,0.2178955078125,0.1495361328125,3.826904296875,-2.2430419921875,10.5422973632812,2.09442138671875,2.2332763671875,1.50314331054688,1.90139770507812
26.5509943962097,0.013885498046875,0.0213623046875,0.107879638671875,2.30072021484375,-0.45867919921875,10.01953125,2.08892822265625,2.13119506835938,1.6217041015625,1.90628051757812
26.5670537948608,-0.022430419921875,-0.22857666015625,0.230712890625,0.1007080078125,3.10546875,10.074462890625,1.875,2.21450805664062,1.53427124023438,2.13958740234375
26.5699331760406,0.1324462890625,-0.084381103515625,-0.009613037109375,-1.44744873046875,2.74932861328125,9.64508056640625,2.16415405273438,2.00469970703125,1.84326171875,1.74560546875
26.5801968574524,0.184783935546875,-0.230712890625,-0.0042724609375,-3.3966064453125,1.67083740234375,9.5947265625,2.09152221679688,1.98577880859375,1.8994140625,1.77383422851562
26.5908668041229,0.2264404296875,-0.039520263671875,-0.04058837890625,-4.46502685546875,2.68157958984375,9.72564697265625,2.18246459960938,2.015380859375,1.904296875,1.65878295898438
26.6001427173615,0.33111572265625,0.142059326171875,-0.2178955078125,-1.256103515625,1.80084228515625,10.2593994140625,2.41775512695312,1.87423706054688,2.1124267578125,1.35147094726562
26.6107106208801,0.409088134765625,0.11749267578125,-0.2734375,0.92376708984375,2.16522216796875,11.1822509765625,2.4603271484375,1.82403564453125,2.21878051757812,1.26327514648438
26.6199457645416,0.2093505859375,0.099334716796875,-0.259552001953125,-2.266845703125,1.05010986328125,11.0623168945312,2.49313354492188,1.77505493164062,2.14920043945312,1.34017944335938
26.6320786476135,0.10040283203125,0.332183837890625,-0.137786865234375,-2.3089599609375,1.7596435546875,9.93988037109375,2.43850708007812,1.9635009765625,1.8951416015625,1.45248413085938
26.6419186592102,-0.07049560546875,-0.111083984375,0.14312744140625,-6.01043701171875,-1.57196044921875,12.864990234375,2.01065063476562,2.13333129882812,1.62506103515625,1.98699951171875
26.6530203819275,0.00640869140625,0.022430419921875,0.01068115234375,-4.91180419921875,-1.23138427734375,11.3946533203125,2.19070434570312,2.02804565429688,1.77505493164062,1.75338745117188
26.6600325107574,-0.436859130859375,0.15167236328125,0.129241943359375,-0.51361083984375,3.3544921875,8.873291015625,2.21511840820312,2.07870483398438,1.45599365234375,2.00469970703125
26.6699068546295,-0.18585205078125,0.06622314453125,0.111083984375,1.9427490234375,2.3712158203125,8.2159423828125,2.12478637695312,2.09747314453125,1.57699584960938,1.9281005859375
26.680196762085,-0.193328857421875,0.090789794921875,0.0555419921875,6.97357177734375,0.80657958984375,7.76275634765625,2.20428466796875,2.02957153320312,1.6363525390625,1.85501098632812
26.6912286281586,-0.29693603515625,-0.030975341796875,0.15594482421875,7.1466064453125,2.19451904296875,8.94561767578125,2.07595825195312,2.09121704101562,1.51824951171875,2.04925537109375
26.6997087001801,-0.283050537109375,0.0469970703125,0.11962890625,3.614501953125,3.8525390625,10.2621459960938,2.13821411132812,2.06893920898438,1.54098510742188,1.97860717773438
26.7113425731659,-0.1409912109375,0.110015869140625,-0.163421630859375,1.644287109375,3.98529052734375,9.9481201171875,2.45086669921875,1.76177978515625,1.91802978515625,1.55548095703125
26.7208976745605,-0.020294189453125,0.28411865234375,-0.06195068359375,3.42498779296875,4.3634033203125,10.9259033203125,2.3431396484375,1.97998046875,1.7718505859375,1.5985107421875
26.7301685810089,-0.097198486328125,0.30548095703125,-0.196533203125,-0.4888916015625,0.5621337890625,12.2625732421875,2.55126953125,1.7938232421875,1.90078735351562,1.448974609375
26.7400271892548,-0.3204345703125,0.419769287109375,-0.131378173828125,-1.49505615234375,2.16156005859375,11.25732421875,2.58773803710938,1.85958862304688,1.70257568359375,1.55853271484375
26.7500925064087,-0.478515625,0.400543212890625,0.06195068359375,-0.54107666015625,0.4486083984375,10.6961059570312,2.40158081054688,2.05078125,1.40594482421875,1.856689453125
26.7699706554413,-0.204010009765625,-0.199737548828125,0.11962890625,-0.37994384765625,-3.046875,10.7391357421875,2.07427978515625,2.02346801757812,1.57989501953125,2.0220947265625
26.7819056510925,-0.374908447265625,-0.161285400390625,0.2862548828125,-0.45135498046875,-0.5035400390625,10.125732421875,1.92733764648438,2.19131469726562,1.30050659179688,2.27020263671875
26.7912497520447,-0.308685302734375,-0.16021728515625,0.073699951171875,-0.33599853515625,1.8695068359375,9.06463623046875,2.1856689453125,1.94915771484375,1.57608032226562,1.98410034179688
26.8000395298004,0.167694091796875,-0.191192626953125,-0.077972412109375,-1.76971435546875,2.2283935546875,10.2346801757812,2.22183227539062,1.88461303710938,1.9134521484375,1.66641235351562
26.8109035491943,0.357818603515625,-0.306549072265625,-0.154876708984375,-3.94317626953125,3.3416748046875,8.31207275390625,2.23190307617188,1.81381225585938,2.09915161132812,1.54769897460938
26.8204851150513,0.042724609375,-0.32257080078125,-0.24566650390625,-4.7021484375,2.6641845703125,8.206787109375,2.427978515625,1.58187866210938,2.12860107421875,1.53900146484375
26.8296949863434,0.0469970703125,-0.128173828125,-0.19012451171875,-4.4439697265625,0.66741943359375,10.8023071289062,2.41485595703125,1.71188354492188,2.00302124023438,1.5478515625
26.840306520462,0.157012939453125,0.213623046875,-0.304412841796875,-1.57562255859375,-2.2265625,11.9210815429688,2.62451171875,1.6986083984375,2.09060668945312,1.27639770507812
26.8511276245117,0.101470947265625,-0.1495361328125,0.1068115234375,0.560302734375,-0.14923095703125,12.50244140625,2.01171875,2.07992553710938,1.67312622070312,1.9207763671875
26.8602521419525,0.118560791015625,-0.144195556640625,0.097198486328125,0.65277099609375,0.8367919921875,10.3656005859375,2.01339721679688,2.06756591796875,1.69357299804688,1.90536499023438
26.8712832927704,0.092926025390625,0.016021728515625,0.30548095703125,0.15106201171875,-0.6719970703125,9.90325927734375,1.80343627929688,2.35977172851562,1.38839721679688,2.12997436523438
26.8819749355316,0.18798828125,-0.17303466796875,0.065155029296875,-3.27117919921875,-1.20941162109375,9.964599609375,2.0172119140625,2.03231811523438,1.7730712890625,1.85897827148438
26.8908090591431,0.04486083984375,-0.157012939453125,-0.01708984375,-0.37628173828125,1.4080810546875,8.39996337890625,2.15972900390625,1.89071655273438,1.83425903320312,1.7889404296875
26.9010491371155,0.163421630859375,-0.285186767578125,0.03631591796875,-0.63079833984375,1.4849853515625,9.59197998046875,2.01522827148438,1.95907592773438,1.84707641601562,1.85775756835938
26.9091811180115,0.366363525390625,-0.171966552734375,-0.165557861328125,0.274658203125,0.00091552734375,9.4903564453125,2.2442626953125,1.80252075195312,2.13211059570312,1.51214599609375
26.9290001392365,0.2392578125,0.14739990234375,-0.045928955078125,-1.1920166015625,2.08740234375,10.411376953125,2.2210693359375,2.00592041015625,1.85104370117188,1.60507202148438
26.9397439956665,0.231781005859375,0.1068115234375,-0.2008056640625,-0.0201416015625,-0.6207275390625,9.82452392578125,2.39501953125,1.80572509765625,2.06207275390625,1.41952514648438
26.9509079456329,0.169830322265625,0.071563720703125,0.120697021484375,-0.50811767578125,-1.67266845703125,10.631103515625,1.99798583984375,2.1746826171875,1.65512084960938,1.84738159179688
26.9596199989319,-0.0640869140625,0.111083984375,-0.05340576171875,-0.36895751953125,-1.06475830078125,8.6187744140625,2.29721069335938,1.90505981445312,1.79458618164062,1.6845703125
26.9687697887421,-0.013885498046875,0.135650634765625,0.0042724609375,-1.02813720703125,-0.10528564453125,8.06396484375,2.20108032226562,1.99203491210938,1.73248291015625,1.73233032226562
26.9793412685394,-0.09185791015625,0.0640869140625,0.08758544921875,-2.85003662109375,-0.91827392578125,9.4244384765625,2.10372924804688,2.05795288085938,1.62368774414062,1.88034057617188
26.988433599472,-0.221099853515625,0.02777099609375,0.0555419921875,-1.80816650390625,2.0343017578125,9.04449462890625,2.17819213867188,1.97738647460938,1.63070678710938,1.8841552734375
26.9990272521973,-0.179443359375,0.1153564453125,0.210418701171875,0.2178955078125,2.97088623046875,9.90509033203125,1.99508666992188,2.21237182617188,1.41921997070312,2.0318603515625
27.0121772289276,0.069427490234375,-0.041656494140625,-0.12176513671875,0.17486572265625,1.11328125,9.32098388671875,2.29904174804688,1.83563232421875,1.94015502929688,1.5789794921875
27.0206203460693,-0.0726318359375,0.2093505859375,-0.01068115234375,1.7266845703125,1.61041259765625,9.290771484375,2.2784423828125,2.00637817382812,1.68441772460938,1.68441772460938
27.0307233333588,-0.13031005859375,0.20294189453125,-0.191192626953125,1.69921875,-0.37078857421875,8.7066650390625,2.5262451171875,1.77215576171875,1.88186645507812,1.470947265625
27.0410196781158,-0.178375244140625,0.180511474609375,-0.08544921875,0.98876953125,-0.7635498046875,8.8623046875,2.40203857421875,1.88217163085938,1.74224853515625,1.62490844726562
27.0510065555573,-0.139923095703125,0.259552001953125,0.103607177734375,0.78826904296875,0.10345458984375,9.19097900390625,2.1783447265625,2.15484619140625,1.48757934570312,1.82449340820312
27.0594720840454,-0.334320068359375,0.0726318359375,0.005340576171875,-1.34124755859375,-0.50811767578125,8.99871826171875,2.31124877929688,1.92214965820312,1.60247802734375,1.81625366210938
27.0718803405762,-0.208282470703125,0.213623046875,0.1922607421875,2.1331787109375,0.77178955078125,9.93621826171875,2.08343505859375,2.2332763671875,1.3580322265625,1.97036743164062
27.0787348747253,-0.12176513671875,-0.05340576171875,0.09185791015625,-0.92742919921875,0.428466796875,9.65240478515625,2.10479736328125,2.05352783203125,1.58554077148438,1.8939208984375
27.0896527767181,-0.32470703125,-0.11962890625,-0.02777099609375,-1.91162109375,0.6024169921875,10.0955200195312,2.30621337890625,1.83013916015625,1.68807983398438,1.82281494140625
27.0999372005463,-0.167694091796875,-0.068359375,-0.0555419921875,0.42022705078125,0.5126953125,10.2255249023438,2.30911254882812,1.85653686523438,1.75262451171875,1.72683715820312
27.1084723472595,-0.11749267578125,-0.0640869140625,-0.08544921875,2.13409423828125,0.94024658203125,9.232177734375,2.34237670898438,1.83975219726562,1.79931640625,1.67556762695312
27.1190083026886,0.00640869140625,-0.246734619140625,-0.090789794921875,-2.35931396484375,1.9097900390625,10.4241943359375,2.25830078125,1.80908203125,1.89697265625,1.689453125
27.128833770752,0.030975341796875,-0.01495361328125,-0.112152099609375,-1.14715576171875,0.09979248046875,9.18914794921875,2.34649658203125,1.85653686523438,1.85958862304688,1.58889770507812
27.1391110420227,0.19439697265625,-0.08758544921875,-0.120697021484375,0.2874755859375,-0.32958984375,10.9075927734375,2.28591918945312,1.8731689453125,1.94091796875,1.55136108398438
27.148820400238,0.10040283203125,-0.043792724609375,-0.008544921875,1.343994140625,-2.42156982421875,11.27197265625,2.18978881835938,1.99615478515625,1.759033203125,1.70791625976562
27.1590981483459,-0.137786865234375,-0.063018798828125,0.0213623046875,1.0418701171875,-1.41082763671875,9.3328857421875,2.19879150390625,1.94122314453125,1.65496826171875,1.81838989257812
27.1701917648315,-0.24139404296875,-0.244598388671875,0.201873779296875,0.5218505859375,1.7413330078125,9.72930908203125,1.96487426757812,2.09091186523438,1.46087646484375,2.14263916015625
27.1778762340546,-0.02349853515625,-0.315093994140625,0.0128173828125,-0.21148681640625,5.7147216796875,8.214111328125,2.11700439453125,1.89361572265625,1.78665161132812,1.8731689453125
27.1878757476807,0.2392578125,-0.22216796875,0.084381103515625,-1.68548583984375,6.32720947265625,9.228515625,1.97662353515625,2.09030151367188,1.74819946289062,1.85531616210938
27.1989877223969,0.33538818359375,-0.272369384765625,-0.1239013671875,-1.56280517578125,2.36846923828125,10.4544067382812,2.20016479492188,1.84906005859375,2.05825805664062,1.588134765625
27.2089235782623,0.14312744140625,-0.13885498046875,-0.263824462890625,-1.98486328125,-1.09039306640625,11.033935546875,2.47817993164062,1.66259765625,2.14019775390625,1.4361572265625
27.2188282012939,0.268096923828125,-0.011749267578125,-0.139923095703125,0.51361083984375,-0.78369140625,10.8270263671875,2.3211669921875,1.88583374023438,1.99020385742188,1.51931762695312
27.2280733585358,0.208282470703125,-0.10040283203125,-0.12603759765625,0.3826904296875,-0.9393310546875,9.9554443359375,2.29019165039062,1.86019897460938,1.98318481445312,1.57958984375
27.239045381546,0.073699951171875,0.06195068359375,0.052337646484375,0.5419921875,-2.860107421875,11.2619018554688,2.15972900390625,2.09381103515625,1.67709350585938,1.79855346679688
27.2492833137512,0.050201416015625,0.225372314453125,0.13458251953125,-0.413818359375,-5.2642822265625,10.93505859375,2.10189819335938,2.22946166992188,1.5191650390625,1.85699462890625
27.2588818073273,-0.221099853515625,0.025634765625,0.101470947265625,1.77520751953125,-2.16522216796875,9.2083740234375,2.17330932617188,2.05703735351562,1.54449462890625,1.962890625
27.2688798904419,-0.2691650390625,-0.21575927734375,0.159149169921875,2.98095703125,1.142578125,8.23150634765625,2.03521728515625,2.039794921875,1.53457641601562,2.12020874023438
27.2789363861084,-0.042724609375,-0.308685302734375,0.0128173828125,-0.0384521484375,3.82965087890625,8.1793212890625,2.120361328125,1.89651489257812,1.812744140625,1.89559936523438
27.2909159660339,0.103607177734375,-0.07904052734375,-0.005340576171875,-1.30096435546875,5.1214599609375,9.72381591796875,2.171630859375,1.98562622070312,1.81289672851562,1.76376342773438
27.299122095108,0.08758544921875,-0.118560791015625,-0.131378173828125,-4.48516845703125,2.15606689453125,9.92889404296875,2.31658935546875,1.80465698242188,1.97952270507812,1.62521362304688
27.3086302280426,0.05767822265625,-0.04058837890625,-0.24566650390625,-5.877685546875,-1.3568115234375,9.6771240234375,2.49649047851562,1.68060302734375,2.09228515625,1.46713256835938
27.3188757896423,0.259552001953125,0.2777099609375,-0.148468017578125,-1.20208740234375,-0.59234619140625,10.4104614257812,2.4005126953125,1.95602416992188,1.94000244140625,1.43096923828125
27.3289799690247,0.084381103515625,0.116424560546875,-0.124969482421875,-0.84503173828125,1.787109375,11.495361328125,2.37106323242188,1.88064575195312,1.91268920898438,1.55990600585938
27.3387823104858,0.02777099609375,0.04058837890625,0.020294189453125,0.6719970703125,0.20965576171875,11.4047241210938,2.17132568359375,2.01019287109375,1.73934936523438,1.77886962890625
27.3504428863525,-0.02777099609375,0.196533203125,0.08758544921875,1.22222900390625,-3.35540771484375,11.5411376953125,2.1307373046875,2.10968017578125,1.59286499023438,1.82830810546875
27.3587763309479,-0.2777099609375,0.0341796875,0.16021728515625,0.23529052734375,-3.2684326171875,10.8389282226562,2.09854125976562,2.103271484375,1.47415161132812,2.04925537109375
27.3687121868134,-0.2392578125,0.039520263671875,0.1708984375,1.17462158203125,0.377197265625,9.1351318359375,2.07183837890625,2.1246337890625,1.47445678710938,2.05429077148438
27.3788156509399,-0.1153564453125,-0.1409912109375,0.071563720703125,-0.68115234375,1.494140625,7.7398681640625,2.10433959960938,1.98150634765625,1.69509887695312,1.943359375
27.3886559009552,-0.025634765625,-0.10894775390625,-0.060882568359375,-0.92559814453125,1.70928955078125,8.46771240234375,2.25662231445312,1.85440063476562,1.87942504882812,1.74652099609375
27.3993127346039,-0.013885498046875,-0.0640869140625,-0.14312744140625,0.20050048828125,2.97454833984375,9.63409423828125,2.364501953125,1.77017211914062,1.97265625,1.62429809570312
27.4094686508179,-0.01068115234375,-0.07904052734375,-0.15167236328125,-2.735595703125,1.124267578125,10.2886962890625,2.36007690429688,1.7498779296875,1.98715209960938,1.61300659179688
27.4198317527771,0.13458251953125,-0.063018798828125,-0.139923095703125,1.45477294921875,0.58319091796875,9.80987548828125,2.31048583984375,1.8194580078125,2.017822265625,1.57882690429688
27.4287457466125,0.162353515625,0.03204345703125,-0.154876708984375,-0.4669189453125,3.40576171875,10.15869140625,2.35122680664062,1.837158203125,2.01950073242188,1.51962280273438
27.4508936405182,0.148468017578125,0.22216796875,-0.093994140625,-1.67449951171875,-3.46527099609375,10.8169555664062,2.33612060546875,1.9610595703125,1.883544921875,1.53961181640625
27.4615018367767,0.03631591796875,0.26702880859375,0.030975341796875,-1.475830078125,-5.533447265625,13.1625366210938,2.2418212890625,2.09793090820312,1.68487548828125,1.72195434570312
27.4712615013123,-0.095062255859375,0.32470703125,0.129241943359375,-0.919189453125,-4.09423828125,12.0877075195312,2.17041015625,2.19818115234375,1.50283813476562,1.86569213867188
27.4807932376862,-0.133514404296875,0.067291259765625,-0.101470947265625,-0.52276611328125,-0.95306396484375,9.94354248046875,2.40097045898438,1.8310546875,1.84661865234375,1.66702270507812
27.4913008213043,-0.107879638671875,-0.039520263671875,0.139923095703125,1.00433349609375,2.76580810546875,10.4379272460938,2.05978393554688,2.10769653320312,1.58584594726562,1.99249267578125
27.5002439022064,0.037384033203125,-0.04486083984375,0.131378173828125,-1.61224365234375,1.83197021484375,11.0385131835938,2.02407836914062,2.13424682617188,1.63497924804688,1.94549560546875
27.5109815597534,-0.263824462890625,0.152740478515625,0.008544921875,-2.1661376953125,1.3421630859375,9.62127685546875,2.32666015625,1.94580078125,1.64077758789062,1.82952880859375
27.5226948261261,-0.112152099609375,-0.06622314453125,0.0640869140625,-1.38885498046875,1.8035888671875,9.730224609375,2.14492797851562,1.99691772460938,1.67724609375,1.9140625
27.5319135189056,0.30120849609375,-0.124969482421875,-0.1751708984375,-3.11370849609375,0.81024169921875,10.4397583007812,2.30941772460938,1.80862426757812,2.11257934570312,1.50787353515625
27.5414316654205,0.285186767578125,0.033111572265625,-0.212554931640625,-6.324462890625,-2.62115478515625,10.9552001953125,2.40646362304688,1.80618286132812,2.10678100585938,1.41937255859375
27.5521194934845,-0.1495361328125,0.32257080078125,-0.182647705078125,-4.4549560546875,-0.849609375,9.86114501953125,2.58285522460938,1.79519653320312,1.85409545898438,1.50009155273438
27.5663411617279,-0.0213623046875,0.28839111328125,-0.005340576171875,1.8402099609375,0.75347900390625,10.1422119140625,2.3162841796875,2.04360961914062,1.68441772460938,1.69830322265625
27.5772330760956,-0.042724609375,0.17730712890625,0.022430419921875,0.9722900390625,0.7489013671875,10.5148315429688,2.25418090820312,2.03872680664062,1.67633056640625,1.77337646484375
27.5810296535492,-0.15380859375,0.1837158203125,-0.024566650390625,0.18218994140625,2.5579833984375,9.33380126953125,2.3468017578125,1.93954467773438,1.69754028320312,1.7449951171875
27.5918645858765,-0.086517333984375,-0.0128173828125,0.15167236328125,1.75048828125,5.20477294921875,9.8455810546875,2.054443359375,2.11898803710938,1.55807495117188,2.00775146484375
27.6017858982086,0.0897216796875,-0.07049560546875,0.1239013671875,3.24188232421875,3.97430419921875,9.94537353515625,2.01675415039062,2.11441040039062,1.6644287109375,1.93588256835938
27.6106855869293,-0.186920166015625,-0.179443359375,-0.005340576171875,-0.81390380859375,-1.1279296875,10.1239013671875,2.23312377929688,1.83441162109375,1.7718505859375,1.89361572265625
27.6188554763794,-0.05767822265625,-0.114288330078125,-0.013885498046875,-4.266357421875,-1.3458251953125,10.6686401367188,2.22259521484375,1.88613891601562,1.79840087890625,1.81732177734375
27.6319229602814,0.1025390625,0.161285400390625,-0.105743408203125,1.33575439453125,-1.93359375,10.3143310546875,2.37808227539062,1.9134521484375,1.871337890625,1.56631469726562
27.639689207077,0.287322998046875,0.22857666015625,-0.24139404296875,3.8726806640625,-1.893310546875,11.0549926757812,2.51144409179688,1.8182373046875,2.07839965820312,1.32095336914062
27.6527962684631,-0.054473876953125,0.07476806640625,-0.10467529296875,-0.18768310546875,-0.1336669921875,10.2127075195312,2.40478515625,1.8499755859375,1.84356689453125,1.6290283203125
27.6592893600464,0.0341796875,0.2520751953125,0.082244873046875,0.2142333984375,0.355224609375,10.8279418945312,2.19863891601562,2.1624755859375,1.5838623046875,1.78253173828125
27.6704342365265,0.10894775390625,-0.020294189453125,0.12603759765625,-0.7305908203125,0.48431396484375,10.6072998046875,2.03567504882812,2.16049194335938,1.6278076171875,1.888427734375
27.6829512119293,0.09613037109375,-0.111083984375,-0.133514404296875,-2.724609375,1.35406494140625,10.5130004882812,2.33657836914062,1.8048095703125,1.9757080078125,1.59530639648438
27.6909935474396,-0.02349853515625,-0.120697021484375,0.065155029296875,-4.947509765625,0.09429931640625,11.326904296875,2.12722778320312,2.0208740234375,1.6925048828125,1.88140869140625
27.6992793083191,-0.050201416015625,0.179443359375,-0.026702880859375,-1.2982177734375,-1.1151123046875,10.7281494140625,2.33688354492188,1.9873046875,1.70913696289062,1.6815185546875
27.7121226787567,-0.31402587890625,0.011749267578125,0.06195068359375,0.47607421875,-0.90087890625,9.6295166015625,2.25357055664062,1.97006225585938,1.57211303710938,1.92474365234375
27.7201697826385,0.07904052734375,-0.0897216796875,0.09185791015625,-0.3515625,-1.00250244140625,9.21661376953125,2.06924438476562,2.09442138671875,1.68350219726562,1.8731689453125
27.7316567897797,0.340728759765625,-0.129241943359375,-0.09613037109375,-4.2169189453125,-0.9686279296875,10.2456665039062,2.20230102539062,1.91787719726562,2.00927734375,1.56951904296875
27.7387461662292,0.29266357421875,0.118560791015625,-0.27130126953125,-3.42315673828125,-1.22039794921875,11.3214111328125,2.48931884765625,1.74468994140625,2.14126586914062,1.28402709960938
27.749073266983,0.0811767578125,0.114288330078125,-0.084381103515625,-1.80450439453125,-0.24444580078125,9.2669677734375,2.32803344726562,1.92276000976562,1.84707641601562,1.58035278320312
27.7587928771973,0.0469970703125,0.145263671875,-0.045928955078125,0.3790283203125,-1.2579345703125,10.107421875,2.31903076171875,1.98272705078125,1.7822265625,1.63177490234375
27.7687118053436,0.086517333984375,0.003204345703125,0.00640869140625,0.84686279296875,0.5694580078125,9.31549072265625,2.20108032226562,2.01934814453125,1.77398681640625,1.72760009765625
27.7787041664124,-0.028839111328125,0.007476806640625,-0.00640869140625,0.406494140625,2.63763427734375,9.26971435546875,2.25341796875,1.97402954101562,1.75491333007812,1.74362182617188
27.78866147995,0.0128173828125,-0.16448974609375,0.090789794921875,-0.3680419921875,2.55706787109375,10.8370971679688,2.07901000976562,2.06161499023438,1.70608520507812,1.90689086914062
27.7988624572754,0.020294189453125,-0.063018798828125,0.114288330078125,1.32843017578125,1.66351318359375,10.0442504882812,2.07351684570312,2.12142944335938,1.65451049804688,1.90841674804688
27.8089067935944,-0.097198486328125,-0.025634765625,-0.099334716796875,-0.4962158203125,3.15948486328125,9.188232421875,2.39471435546875,1.82952880859375,1.88217163085938,1.671142578125
27.818886756897,0.1837158203125,0.0555419921875,-0.110015869140625,0.018310546875,5.57098388671875,9.49493408203125,2.34512329101562,1.92672729492188,1.95205688476562,1.54800415039062
27.8286802768707,0.048065185546875,0.030975341796875,-0.013885498046875,1.0894775390625,5.04638671875,9.52972412109375,2.25723266601562,1.99752807617188,1.79916381835938,1.71493530273438
27.8389258384705,0.01922607421875,0.007476806640625,-0.09185791015625,-1.52069091796875,-0.5145263671875,13.1716918945312,2.36236572265625,1.8914794921875,1.89361572265625,1.63238525390625
27.8492252826691,-0.003204345703125,0.13885498046875,-0.13885498046875,0.12542724609375,-1.3531494140625,11.3214111328125,2.46307373046875,1.8646240234375,1.90475463867188,1.5411376953125
27.8595459461212,-0.1922607421875,-0.10894775390625,0.221099853515625,-0.7598876953125,-1.08673095703125,11.7379760742188,1.99996948242188,2.18963623046875,1.47064208984375,2.12356567382812
27.8688807487488,-0.330047607421875,-0.131378173828125,0.180511474609375,-2.32635498046875,-2.96539306640625,10.97900390625,2.08236694335938,2.0867919921875,1.48773193359375,2.12005615234375
27.878937959671,-0.197601318359375,-0.122833251953125,0.050201416015625,-0.08056640625,-0.47882080078125,10.6283569335938,2.20672607421875,1.961669921875,1.68441772460938,1.91757202148438
27.8896701335907,0.041656494140625,-0.261688232421875,0.056610107421875,-1.73858642578125,2.9315185546875,10.4791259765625,2.09136962890625,2.00164794921875,1.788330078125,1.89849853515625
27.8987164497375,0.05340576171875,-0.1324462890625,-0.1708984375,-2.9718017578125,3.6822509765625,11.103515625,2.4072265625,1.75308227539062,2.03750610351562,1.57485961914062
27.9086468219757,0.148468017578125,0.011749267578125,-0.095062255859375,-3.35540771484375,3.28216552734375,10.7217407226562,2.33154296875,1.9219970703125,1.93069458007812,1.59866333007812
27.918708562851,0.32684326171875,-0.009613037109375,-0.285186767578125,-2.22015380859375,1.4300537109375,10.4745483398438,2.50244140625,1.72637939453125,2.230224609375,1.3177490234375
27.930061340332,0.4400634765625,-0.009613037109375,-0.4315185546875,-1.34124755859375,-0.92742919921875,11.0687255859375,2.46307373046875,1.35971069335938,2.18124389648438,0.8587646484375
27.9401922225952,0.13458251953125,0.20294189453125,-0.042724609375,0.6060791015625,-2.4920654296875,12.0281982421875,2.13668823242188,1.81549072265625,1.5435791015625,1.36932373046875
27.9486668109894,-0.257415771484375,0.195465087890625,0.259552001953125,-1.67083740234375,-3.7060546875,10.1239013671875,1.87545776367188,2.06817626953125,1.05606079101562,1.8756103515625
27.9587895870209,-0.154876708984375,0.19012451171875,0.30548095703125,2.23114013671875,-2.10479736328125,11.0614013671875,1.78787231445312,2.15438842773438,1.03775024414062,1.90505981445312
27.9709260463715,-0.400543212890625,-0.154876708984375,0.285186767578125,3.4368896484375,1.4923095703125,8.47412109375,1.78726196289062,1.96075439453125,1.09664916992188,2.06573486328125
27.9818859100342,-0.270233154296875,-0.336456298828125,0.110015869140625,2.274169921875,6.8408203125,8.30657958984375,1.91207885742188,1.72821044921875,1.41326904296875,1.85989379882812
27.998960018158,0.058746337890625,-0.103607177734375,-0.11322021484375,-2.647705078125,4.7772216796875,8.8037109375,2.16415405273438,1.62322998046875,1.73492431640625,1.41891479492188
28.0116488933563,0.05126953125,0.139923095703125,-0.240325927734375,-0.164794921875,1.7486572265625,10.6109619140625,2.40798950195312,1.53839111328125,1.81777954101562,1.19842529296875
28.0188989639282,0.285186767578125,0.05340576171875,-0.270233154296875,1.3330078125,0.50994873046875,10.0653076171875,2.3468017578125,1.54556274414062,1.9525146484375,1.11953735351562
28.0313005447388,0.2947998046875,-0.112152099609375,-0.105743408203125,0.9979248046875,-2.537841796875,11.7581176757812,2.0880126953125,1.70211791992188,1.80267333984375,1.37298583984375
28.0389606952667,0.13671875,-0.01068115234375,-0.052337646484375,2.68524169921875,-6.009521484375,11.0678100585938,2.109375,1.7572021484375,1.66000366210938,1.45843505859375
28.0509009361267,-0.065155029296875,-0.124969482421875,0.009613037109375,-0.260009765625,-5.13885498046875,10.1046752929688,2.05520629882812,1.7333984375,1.5667724609375,1.63345336914062
28.0597734451294,-0.095062255859375,-0.037384033203125,0.144195556640625,2.27691650390625,0.13641357421875,9.54620361328125,1.92520141601562,1.92459106445312,1.36428833007812,1.79214477539062
28.0768473148346,-0.043792724609375,-0.154876708984375,0.09185791015625,2.55523681640625,4.5721435546875,8.39447021484375,1.93695068359375,1.83853149414062,1.4862060546875,1.74774169921875
28.0788984298706,0.312957763671875,0.00213623046875,0.025634765625,1.7596435546875,2.1368408203125,9.5068359375,1.956787109375,1.91055297851562,1.63299560546875,1.50909423828125
28.0879216194153,0.261688232421875,-0.212554931640625,0.04058837890625,4.51995849609375,4.27001953125,9.18914794921875,1.89056396484375,1.85516357421875,1.66824340820312,1.61148071289062
28.0989108085632,0.162353515625,-0.208282470703125,-0.035247802734375,-0.00640869140625,4.6820068359375,9.5635986328125,2.01156616210938,1.73095703125,1.73797607421875,1.54495239257812
28.1097729206085,0.180511474609375,-0.1025390625,-0.06622314453125,-0.7086181640625,0.626220703125,10.1010131835938,2.0782470703125,1.73492431640625,1.75323486328125,1.47323608398438
28.1187708377838,0.1025390625,0.048065185546875,-0.042724609375,4.193115234375,1.234130859375,9.38140869140625,2.11166381835938,1.787109375,1.65939331054688,1.48147583007812
28.1387832164764,-0.09613037109375,-0.248870849609375,0.025634765625,-1.30462646484375,-3.61358642578125,9.07562255859375,1.995849609375,1.719970703125,1.6204833984375,1.7254638671875
28.1493201255798,0.146331787109375,-0.152740478515625,-0.028839111328125,-1.64886474609375,-4.00726318359375,8.56292724609375,2.01278686523438,1.74850463867188,1.74285888671875,1.56005859375
28.1591436862946,0.157012939453125,-0.14739990234375,-0.082244873046875,-1.03729248046875,-1.07574462890625,8.14453125,2.0770263671875,1.68060302734375,1.82235717773438,1.5032958984375
28.1714179515839,0.366363525390625,-0.01922607421875,-0.05340576171875,0.11444091796875,3.3489990234375,9.08477783203125,2.00973510742188,1.81350708007812,1.81961059570312,1.44363403320312
28.1790902614594,0.090789794921875,-0.092926025390625,-0.06195068359375,0.9375,3.18878173828125,11.1264038085938,2.07839965820312,1.697998046875,1.77276611328125,1.5350341796875
28.1902661323547,-0.01708984375,0.02777099609375,-0.0982666015625,2.113037109375,-1.01348876953125,11.3442993164062,2.19451904296875,1.66015625,1.75994873046875,1.48300170898438
28.197966337204,0.007476806640625,-0.092926025390625,0.03631591796875,0.65277099609375,-2.19085693359375,10.8242797851562,1.97662353515625,1.79595947265625,1.64321899414062,1.68258666992188
28.2099378108978,-0.024566650390625,-0.122833251953125,0.02777099609375,0.1116943359375,-1.93634033203125,10.458984375,1.9842529296875,1.766357421875,1.65435791015625,1.6925048828125
28.2191567420959,-0.080108642578125,-0.06195068359375,0.131378173828125,0.3680419921875,0.2362060546875,9.8236083984375,1.8927001953125,1.90185546875,1.4935302734375,1.82205200195312
28.2287895679474,0.01708984375,-0.005340576171875,-0.0384521484375,1.3037109375,1.1279296875,8.29742431640625,2.0867919921875,1.73599243164062,1.72088623046875,1.56661987304688
28.2395763397217,0.196533203125,-0.144195556640625,-0.01068115234375,0.6903076171875,3.41949462890625,10.4013061523438,1.95846557617188,1.78573608398438,1.79092407226562,1.58859252929688
28.2494053840637,-0.02349853515625,0.022430419921875,-0.01922607421875,-0.765380859375,4.35882568359375,10.75927734375,2.08358764648438,1.75796508789062,1.69036865234375,1.591796875
28.2592303752899,-0.097198486328125,0.139923095703125,-0.068359375,0.296630859375,2.493896484375,9.22576904296875,2.20855712890625,1.70928955078125,1.69479370117188,1.52862548828125
28.2808961868286,0.009613037109375,0.03631591796875,-0.0042724609375,-0.2728271484375,-3.61083984375,8.1280517578125,2.05963134765625,1.79214477539062,1.67724609375,1.60812377929688
28.2909135818481,-0.139923095703125,0.19012451171875,-0.0341796875,3.49365234375,0.0274658203125,8.03741455078125,2.19390869140625,1.7620849609375,1.62460327148438,1.56936645507812
28.2989702224731,0.0299072265625,0.193328857421875,-0.0384521484375,4.324951171875,1.63787841796875,7.05780029296875,2.14675903320312,1.80816650390625,1.68426513671875,1.50985717773438
28.3080451488495,-0.008544921875,0.169830322265625,0.01068115234375,1.541748046875,0.13824462890625,8.84307861328125,2.09487915039062,1.84661865234375,1.624755859375,1.600341796875
28.3483006954193,0.043792724609375,0.270233154296875,0.073699951171875,1.8695068359375,2.28424072265625,9.52056884765625,2.0306396484375,1.98623657226562,1.53717041015625,1.61819458007812
28.3590416908264,0.10894775390625,0.193328857421875,-0.163421630859375,0.66192626953125,-0.4888916015625,9.67620849609375,2.29354858398438,1.69448852539062,1.87393188476562,1.322021484375
28.3699741363525,-0.112152099609375,0.124969482421875,0.088653564453125,0.38818359375,1.2396240234375,9.56268310546875,2.027587890625,1.92550659179688,1.50848388671875,1.72164916992188
28.3779015541077,-0.035247802734375,0.1324462890625,-0.073699951171875,0.6903076171875,0.11627197265625,9.517822265625,2.2088623046875,1.74850463867188,1.73171997070312,1.49093627929688
28.3879051208496,0.054473876953125,0.176239013671875,0.073699951171875,1.8731689453125,1.6314697265625,10.7666015625,2.01492309570312,1.97113037109375,1.56768798828125,1.64047241210938
28.4081180095673,-0.0982666015625,0.093994140625,0.054473876953125,-0.10345458984375,2.9571533203125,9.49127197265625,2.06192016601562,1.87850952148438,1.57699584960938,1.69281005859375
28.4220459461212,-0.068359375,-0.0128173828125,0.01068115234375,-0.10345458984375,2.91961669921875,8.82659912109375,2.076416015625,1.80099487304688,1.67236328125,1.66366577148438
28.4286744594574,0.068359375,0.1495361328125,-0.06195068359375,1.03546142578125,-1.2158203125,9.3255615234375,2.1734619140625,1.80313110351562,1.75537109375,1.47811889648438
28.4394755363464,-0.1751708984375,0.082244873046875,-0.018157958984375,0.02105712890625,-0.59600830078125,9.30633544921875,2.18002319335938,1.773681640625,1.64566040039062,1.62200927734375
28.4496848583221,-0.071563720703125,-0.050201416015625,-0.063018798828125,-1.23321533203125,0.38177490234375,9.7283935546875,2.16522216796875,1.70608520507812,1.77581787109375,1.57821655273438
28.459769487381,-0.159149169921875,-0.077972412109375,0.067291259765625,-1.343994140625,0.27191162109375,9.78057861328125,2.02728271484375,1.83334350585938,1.60263061523438,1.783447265625
28.4709587097168,-0.1708984375,0.0469970703125,-0.0341796875,0.93109130859375,0.10711669921875,9.8602294921875,2.1893310546875,1.74163818359375,1.69281005859375,1.62307739257812
28.4795460700989,-0.111083984375,0.045928955078125,0.0042724609375,-0.03204345703125,0.76171875,8.76068115234375,2.12020874023438,1.80618286132812,1.66534423828125,1.65512084960938
28.489620923996,-0.07476806640625,0.01922607421875,-0.05126953125,-0.86883544921875,1.30279541015625,9.15618896484375,2.18170166015625,1.74835205078125,1.74850463867188,1.583251953125
28.5088555812836,0.007476806640625,0.082244873046875,-0.0128173828125,-0.35980224609375,0.91278076171875,9.80438232421875,2.13348388671875,1.85256958007812,1.70242309570312,1.58203125
28.5183565616608,0.060882568359375,0.154876708984375,-0.101470947265625,1.43096923828125,0.9246826171875,9.63226318359375,2.2515869140625,1.78207397460938,1.80740356445312,1.42868041992188
28.5287132263184,0.04486083984375,0.225372314453125,0.013885498046875,2.413330078125,-0.9136962890625,9.72015380859375,2.13211059570312,1.94015502929688,1.63803100585938,1.56173706054688
28.5392711162567,0.0640869140625,-0.0299072265625,0.01708984375,-1.70562744140625,-1.09771728515625,8.558349609375,2.0526123046875,1.86935424804688,1.72470092773438,1.64459228515625
28.548645734787,-0.05126953125,0.05340576171875,0.080108642578125,-2.0343017578125,-1.85760498046875,9.2303466796875,2.03338623046875,1.93832397460938,1.58615112304688,1.73324584960938
28.5596599578857,-0.15167236328125,0.04913330078125,0.0341796875,-2.60833740234375,-1.4208984375,10.36376953125,2.12921142578125,1.85134887695312,1.610107421875,1.71401977539062
28.5691089630127,-0.08331298828125,0.16021728515625,-0.02349853515625,-0.82672119140625,0.157470703125,10.4159545898438,2.21511840820312,1.83670043945312,1.66732788085938,1.58554077148438
28.5842640399933,0.0128173828125,0.039520263671875,-0.068359375,1.175537109375,1.48590087890625,9.23858642578125,2.20550537109375,1.77001953125,1.79412841796875,1.53579711914062
28.5884690284729,0.12176513671875,0.131378173828125,-0.1239013671875,0.10345458984375,1.18743896484375,10.2621459960938,2.27676391601562,1.7694091796875,1.86721801757812,1.40548706054688
28.5991597175598,0.075836181640625,0.1324462890625,-0.077972412109375,0.93292236328125,0.46051025390625,10.1641845703125,2.22763061523438,1.81564331054688,1.795654296875,1.475830078125
28.6086447238922,0.003204345703125,0.071563720703125,-0.063018798828125,1.70196533203125,-0.95672607421875,10.1101684570312,2.22488403320312,1.80068969726562,1.77291870117188,1.53167724609375
28.6199913024902,-0.193328857421875,-0.00213623046875,0.033111572265625,1.12884521484375,-1.61590576171875,8.8385009765625,2.13821411132812,1.84555053710938,1.61331176757812,1.72821044921875
28.6322519779205,-0.16021728515625,0.086517333984375,0.11322021484375,-1.31011962890625,-1.33941650390625,9.99114990234375,2.05429077148438,1.98196411132812,1.49673461914062,1.79214477539062
28.6410210132599,-0.05126953125,0.162353515625,-0.0897216796875,-1.48406982421875,-0.82855224609375,10.26123046875,2.30667114257812,1.79244995117188,1.7578125,1.47933959960938
28.6490325927734,-0.0299072265625,0.179443359375,0.10467529296875,1.0693359375,2.1881103515625,9.77142333984375,2.06146240234375,2.04864501953125,1.51535034179688,1.70761108398438
28.6587090492249,0.144195556640625,0.077972412109375,-0.077972412109375,2.99468994140625,2.003173828125,10.6631469726562,2.20993041992188,1.84127807617188,1.8341064453125,1.4630126953125
28.6694586277008,0.291595458984375,-0.011749267578125,-0.137786865234375,-0.24444580078125,-1.435546875,11.41845703125,2.21527099609375,1.78314208984375,1.97708129882812,1.36810302734375
28.6806871891022,0.128173828125,0.333251953125,-0.090789794921875,-2.29156494140625,0.05950927734375,12.0135498046875,2.30560302734375,1.89605712890625,1.766357421875,1.36993408203125
28.6890249252319,0.013885498046875,0.381317138671875,-0.218963623046875,-1.278076171875,1.31561279296875,9.84466552734375,2.52059936523438,1.72454833984375,1.87286376953125,1.22543334960938
28.6980755329132,0.06195068359375,0.306549072265625,-0.086517333984375,1.55364990234375,1.3201904296875,10.3363037109375,2.32177734375,1.87698364257812,1.73995971679688,1.39602661132812
28.7086758613586,-0.011749267578125,0.265960693359375,0.05340576171875,0.9356689453125,-1.20941162109375,10.8316040039062,2.16537475585938,2.02362060546875,1.55059814453125,1.59744262695312
28.7196197509766,-0.265960693359375,0.133514404296875,0.097198486328125,0.15380859375,-0.76080322265625,9.290771484375,2.1478271484375,1.96533203125,1.45233154296875,1.759033203125
28.7286677360535,-0.182647705078125,0.07476806640625,0.092926025390625,-1.98486328125,-0.01373291015625,9.75128173828125,2.10723876953125,1.9677734375,1.4971923828125,1.74270629882812
28.7386934757233,-0.103607177734375,0.178375244140625,0.0042724609375,0.5767822265625,1.7193603515625,10.4013061523438,2.22564697265625,1.90673828125,1.60430908203125,1.58218383789062
28.7499454021454,-0.056610107421875,0.0128173828125,0.08331298828125,0.83404541015625,1.842041015625,10.5084228515625,2.06024169921875,1.97113037109375,1.56646728515625,1.71157836914062
28.7579448223114,0.154876708984375,-0.0042724609375,-0.10894775390625,-0.6683349609375,0.0787353515625,11.1566162109375,2.23342895507812,1.79641723632812,1.8731689453125,1.40335083007812
28.7696919441223,0.1708984375,0.0469970703125,-0.088653564453125,-3.10638427734375,-0.3369140625,10.9872436523438,2.21572875976562,1.837158203125,1.83746337890625,1.40487670898438
28.779997587204,-0.101470947265625,0.11322021484375,0.059814453125,-1.7303466796875,1.64703369140625,10.5908203125,2.12890625,1.96014404296875,1.54708862304688,1.64779663085938
28.7889492511749,-0.043792724609375,0.039520263671875,0.008544921875,-0.05401611328125,0.556640625,10.330810546875,2.158203125,1.8890380859375,1.6497802734375,1.5838623046875
28.7993535995483,-0.17730712890625,0.052337646484375,0.101470947265625,1.03271484375,-1.0198974609375,10.5963134765625,2.076416015625,1.96258544921875,1.48513793945312,1.73599243164062
28.8088264465332,-0.129241943359375,0.19439697265625,-0.0042724609375,2.186279296875,-1.52984619140625,11.337890625,2.24807739257812,1.89315795898438,1.57516479492188,1.53976440429688
28.8193497657776,-0.212554931640625,-0.042724609375,0.007476806640625,1.3787841796875,-0.4779052734375,12.2964477539062,2.19207763671875,1.81182861328125,1.5966796875,1.64215087890625
28.8307049274445,-0.05126953125,-0.041656494140625,0.025634765625,-1.1151123046875,-0.46417236328125,12.667236328125,2.11959838867188,1.88522338867188,1.61422729492188,1.61178588867188
28.8506779670715,0.20294189453125,0.045928955078125,-0.10040283203125,1.49871826171875,0.38818359375,9.37957763671875,2.23236083984375,1.82907104492188,1.8170166015625,1.34048461914062
28.8586533069611,0.0726318359375,0.024566650390625,-0.0128173828125,3.6309814453125,-0.4248046875,7.496337890625,2.15744018554688,1.88919067382812,1.67694091796875,1.49703979492188
28.8700661659241,0.04913330078125,0.01495361328125,-0.035247802734375,4.1070556640625,-1.70654296875,9.2266845703125,2.18658447265625,1.84600830078125,1.7022705078125,1.47705078125
28.8794515132904,0.01922607421875,0.0384521484375,-0.058746337890625,4.72412109375,-1.23046875,9.50408935546875,2.22991943359375,1.81304931640625,1.71066284179688,1.4447021484375
28.888863325119,-0.111083984375,-0.135650634765625,0.05126953125,1.89239501953125,-0.26641845703125,10.4708862304688,2.08236694335938,1.86492919921875,1.57745361328125,1.66717529296875
28.9006872177124,-0.009613037109375,-0.11322021484375,-0.01708984375,1.1077880859375,0.56304931640625,10.10009765625,2.13958740234375,1.81716918945312,1.68487548828125,1.53854370117188
28.9078857898712,-0.028839111328125,-0.137786865234375,0.0726318359375,-0.13092041015625,1.728515625,9.78424072265625,2.0281982421875,1.92398071289062,1.56906127929688,1.654052734375
28.9196782112122,0.04913330078125,-0.08331298828125,-0.043792724609375,0.1739501953125,2.13775634765625,9.7247314453125,2.1636962890625,1.81838989257812,1.71890258789062,1.46408081054688
28.9292023181915,-0.013885498046875,-0.03631591796875,-0.001068115234375,2.6513671875,3.643798828125,8.72406005859375,2.13973999023438,1.86630249023438,1.63040161132812,1.51901245117188
28.9387965202332,0.0042724609375,-0.1239013671875,-0.112152099609375,3.22174072265625,0.32684326171875,8.3917236328125,2.24945068359375,1.69677734375,1.80740356445312,1.40762329101562
28.9486968517303,-0.129241943359375,-0.142059326171875,0.075836181640625,2.15423583984375,-0.010986328125,8.97308349609375,2.0404052734375,1.88430786132812,1.53961181640625,1.6888427734375
28.9591121673584,-0.086517333984375,-0.045928955078125,0.035247802734375,2.61749267578125,0.736083984375,9.78240966796875,2.10952758789062,1.8780517578125,1.57684326171875,1.5911865234375
28.9723033905029,-0.025634765625,-0.12176513671875,0.0982666015625,1.28173828125,1.54815673828125,10.001220703125,1.98379516601562,1.95281982421875,1.53945922851562,1.67388916015625
28.9799692630768,0.086517333984375,-0.230712890625,0.063018798828125,-3.19427490234375,-1.1810302734375,9.42718505859375,1.95068359375,1.90414428710938,1.65206909179688,1.62643432617188
28.9887990951538,0.118560791015625,-0.093994140625,-0.116424560546875,-1.99127197265625,-1.41448974609375,10.4745483398438,2.20840454101562,1.73370361328125,1.84738159179688,1.34689331054688
28.9982182979584,0.162353515625,-0.071563720703125,-0.131378173828125,-1.51519775390625,-1.9537353515625,10.0680541992188,2.21710205078125,1.73126220703125,1.8719482421875,1.31439208984375
29.0082333087921,-0.020294189453125,-0.07476806640625,-0.076904296875,1.7156982421875,-1.03363037109375,9.6624755859375,2.20718383789062,1.7437744140625,1.75064086914062,1.44119262695312
29.0178997516632,-0.178375244140625,-0.10040283203125,0.067291259765625,2.89947509765625,-0.3369140625,9.03350830078125,2.05490112304688,1.86370849609375,1.53427124023438,1.67633056640625
29.0290179252625,-0.04486083984375,-0.2435302734375,-0.02777099609375,2.37762451171875,0.0933837890625,9.57275390625,2.08877563476562,1.7425537109375,1.73492431640625,1.56234741210938
29.0387041568756,0.039520263671875,-0.24139404296875,0.075836181640625,0.90179443359375,1.18560791015625,9.82818603515625,1.94122314453125,1.90582275390625,1.63040161132812,1.65985107421875
29.0492126941681,0.1025390625,-0.145263671875,0.016021728515625,-1.3897705078125,2.69805908203125,11.2088012695312,2.02316284179688,1.87637329101562,1.69723510742188,1.53884887695312
29.0626237392426,0.10467529296875,0.035247802734375,-0.018157958984375,-1.497802734375,1.7926025390625,12.0236206054688,2.12295532226562,1.89163208007812,1.68487548828125,1.44500732421875
29.068422794342,0.17303466796875,-0.011749267578125,-0.01068115234375,0.27740478515625,0.13824462890625,11.4138793945312,2.07962036132812,1.903076171875,1.712646484375,1.44912719726562
29.0778408050537,-0.045928955078125,-0.247802734375,-0.025634765625,-1.8878173828125,-1.18377685546875,11.1355590820312,2.08953857421875,1.74331665039062,1.73782348632812,1.56982421875
29.0899214744568,-0.255279541015625,-0.13671875,0.0469970703125,-2.17620849609375,-1.15631103515625,9.57000732421875,2.09808349609375,1.80465698242188,1.55670166015625,1.69036865234375
29.098363161087,-0.27557373046875,-0.0555419921875,0.01922607421875,0.25726318359375,1.0382080078125,7.86712646484375,2.15576171875,1.78253173828125,1.56692504882812,1.64398193359375
29.1082983016968,-0.116424560546875,-0.12176513671875,0.0555419921875,-0.09063720703125,3.56964111328125,8.48968505859375,2.04681396484375,1.85791015625,1.58767700195312,1.6607666015625
29.1179871559143,0.04913330078125,-0.04913330078125,-0.026702880859375,-2.4920654296875,1.98211669921875,10.7427978515625,2.11578369140625,1.82083129882812,1.7242431640625,1.48834228515625
29.1276881694794,0.003204345703125,-0.022430419921875,-0.035247802734375,-3.680419921875,1.10870361328125,12.1463012695312,2.14447021484375,1.7974853515625,1.71951293945312,1.48605346679688
29.1399023532867,-0.077972412109375,0.065155029296875,-0.118560791015625,-0.615234375,-1.4739990234375,11.8917846679688,2.29766845703125,1.70089721679688,1.77215576171875,1.3775634765625
29.1476018428802,-0.2734375,0.030975341796875,0.04486083984375,0.09979248046875,-3.8580322265625,11.4157104492188,2.14096069335938,1.83090209960938,1.51473999023438,1.65237426757812
29.1592118740082,-0.36956787109375,-0.01495361328125,0.045928955078125,0.9796142578125,-3.75,10.1385498046875,2.1612548828125,1.78695678710938,1.49765014648438,1.6961669921875
29.1687996387482,-0.246734619140625,-0.118560791015625,-0.018157958984375,0.34515380859375,-2.36846923828125,9.48211669921875,2.1728515625,1.71051025390625,1.63970947265625,1.612548828125
29.1791956424713,-0.21575927734375,-0.076904296875,0.009613037109375,-1.724853515625,-1.13616943359375,10.1824951171875,2.1417236328125,1.7633056640625,1.59820556640625,1.62612915039062
29.1896893978119,-0.03204345703125,0.01708984375,-0.07476806640625,-2.5250244140625,-0.47332763671875,12.0364379882812,2.21954345703125,1.74102783203125,1.73263549804688,1.44180297851562
29.2081344127655,0.218963623046875,-0.088653564453125,-0.0982666015625,2.603759765625,2.38494873046875,10.6301879882812,2.1466064453125,1.74468994140625,1.86798095703125,1.37405395507812
29.2279472351074,-0.1239013671875,0.214691162109375,0.076904296875,5.6195068359375,-2.2283935546875,10.01953125,2.11761474609375,1.94320678710938,1.45126342773438,1.60614013671875
29.2419514656067,-0.01068115234375,0.05340576171875,0.058746337890625,2.24395751953125,-2.4609375,10.426025390625,2.05642700195312,1.90948486328125,1.55487060546875,1.59820556640625
29.2486786842346,0.118560791015625,0.068359375,-0.024566650390625,3.5174560546875,-2.017822265625,9.86114501953125,2.12661743164062,1.84829711914062,1.69342041015625,1.45065307617188
29.258777141571,0.112152099609375,-0.485992431640625,-0.007476806640625,-3.95965576171875,-1.11968994140625,15.0338745117188,1.94107055664062,1.69906616210938,1.83242797851562,1.63772583007812
29.269024848938,0.0897216796875,-1.239013671875,0.0042724609375,-1.81915283203125,2.8692626953125,22.5274658203125,1.69998168945312,1.47674560546875,2.041015625,1.88690185546875
29.2788543701172,0.336456298828125,-1.85638427734375,0.276641845703125,-4.38262939453125,13.8180541992188,23.2168579101562,1.08596801757812,1.7047119140625,1.97097778320312,2.33505249023438
29.2909557819366,0.426177978515625,-1.84463500976562,0.101470947265625,-4.95391845703125,12.4575805664062,16.6021728515625,1.26663208007812,1.49581909179688,2.21939086914062,2.10556030273438
29.2984244823456,0.308685302734375,-2.34024047851562,0.116424560546875,5.9234619140625,5.4931640625,10.9323120117188,1.10992431640625,1.31378173828125,2.325439453125,2.3150634765625
29.3087289333344,0.283050537109375,-2.20352172851562,0.13458251953125,5.89508056640625,1.6552734375,9.2523193359375,1.09695434570312,1.34262084960938,2.269287109375,2.32681274414062
29.3178155422211,0.270233154296875,-1.81045532226562,0.095062255859375,4.30389404296875,2.7703857421875,9.1168212890625,1.23504638671875,1.37313842773438,2.20932006835938,2.1832275390625
29.3281188011169,0.14312744140625,-1.96212768554688,0.434722900390625,3.65936279296875,5.86761474609375,10.3271484375,0.755157470703125,1.6888427734375,1.82159423828125,2.69882202148438
29.3486263751984,0.411224365234375,-1.39602661132812,0.03204345703125,4.25811767578125,7.15850830078125,8.2708740234375,1.25946044921875,1.34048461914062,2.27020263671875,1.99798583984375
29.3586885929108,0.515899658203125,-1.01043701171875,-0.1409912109375,2.08648681640625,1.31561279296875,10.2410888671875,1.50924682617188,1.22406005859375,2.42034912109375,1.65115356445312
29.3684287071228,0.6622314453125,-0.473175048828125,-0.24139404296875,-0.8843994140625,-3.22540283203125,11.2344360351562,1.72225952148438,1.28219604492188,2.44369506835938,1.32888793945312
29.3796355724335,0.32470703125,0.129241943359375,-0.178375244140625,-2.3748779296875,-5.63140869140625,11.7938232421875,1.88369750976562,1.41220092773438,2.0947265625,1.32919311523438
29.3889877796173,0.353546142578125,0.48919677734375,-0.045928955078125,-2.21832275390625,-3.7298583984375,11.7361450195312,1.77032470703125,1.6522216796875,1.84432983398438,1.37680053710938
29.3978686332703,0.167694091796875,0.958099365234375,-0.041656494140625,-0.00640869140625,-5.06011962890625,10.1229858398438,1.92550659179688,1.71463012695312,1.65328979492188,1.29379272460938
29.4118015766144,0.0341796875,1.153564453125,0.050201416015625,4.12445068359375,-1.4080810546875,8.63616943359375,1.881103515625,1.82403564453125,1.43707275390625,1.37924194335938
29.4179043769836,-0.0726318359375,1.4013671875,0.0299072265625,0.7635498046875,0.5950927734375,8.499755859375,1.990966796875,1.82815551757812,1.36276245117188,1.30706787109375
29.428679227829,0.005340576171875,1.60751342773438,0.05126953125,-2.03155517578125,2.46734619140625,11.8670654296875,1.98715209960938,1.93313598632812,1.2847900390625,1.23641967773438
29.4382994174957,-0.0128173828125,1.93115234375,0.035247802734375,-4.05853271484375,1.95831298828125,12.9721069335938,2.10372924804688,2.0001220703125,1.18515014648438,1.09695434570312
29.4494268894196,-0.268096923828125,1.74102783203125,0.23712158203125,-2.75665283203125,-0.750732421875,13.4078979492188,1.87210083007812,2.11654663085938,0.8905029296875,1.470947265625
29.4579167366028,-0.4144287109375,2.17681884765625,0.231781005859375,1.37603759765625,0.091552734375,12.7651977539062,2.06817626953125,2.21282958984375,0.683135986328125,1.34628295898438
29.4686558246613,-0.22216796875,2.17361450195312,0.01068115234375,2.61383056640625,1.1810302734375,10.5770874023438,2.28958129882812,2.01431274414062,1.00112915039062,0.977783203125
29.4799752235413,-0.56396484375,2.10205078125,0.103607177734375,-7.94586181640625,5.3961181640625,10.2511596679688,2.26730346679688,2.0184326171875,0.771942138671875,1.19659423828125
29.4888262748718,-0.355682373046875,2.07855224609375,-0.17303466796875,-10.4873657226562,2.33001708984375,9.83367919921875,2.5634765625,1.76666259765625,1.14837646484375,0.740814208984375
29.4983208179474,-0.4486083984375,1.89590454101562,-0.02777099609375,-10.3060913085938,1.70562744140625,15.355224609375,2.37869262695312,1.87713623046875,0.953826904296875,0.9832763671875
29.5096030235291,-0.641937255859375,2.06787109375,0.011749267578125,-2.84088134765625,3.00201416015625,14.608154296875,2.471923828125,1.94381713867188,0.746917724609375,1.00021362304688
29.5196685791016,-0.701751708984375,1.74957275390625,0.18798828125,1.6827392578125,4.8797607421875,12.9629516601562,2.20016479492188,2.06024169921875,0.567474365234375,1.31118774414062
29.5303456783295,-1.016845703125,1.14181518554688,0.082244873046875,-3.87725830078125,-0.96038818359375,13.8107299804688,2.26516723632812,1.67373657226562,0.753631591796875,1.42669677734375
29.539071559906,-0.93780517578125,1.16744995117188,0.189056396484375,-5.32012939453125,-2.80426025390625,12.1453857421875,2.14584350585938,1.85546875,0.5914306640625,1.50436401367188
29.5496702194214,-0.521240234375,1.204833984375,0.04486083984375,-4.15740966796875,-0.94757080078125,10.3317260742188,2.236328125,1.83334350585938,0.849456787109375,1.15982055664062
29.5589144229889,-0.562896728515625,0.99334716796875,0.0469970703125,-4.134521484375,0.53466796875,9.5709228515625,2.20840454101562,1.7724609375,0.865325927734375,1.220703125
29.5689299106598,-0.63446044921875,0.646209716796875,-0.018157958984375,-3.64288330078125,1.14349365234375,8.34503173828125,2.22702026367188,1.57379150390625,1.00921630859375,1.24893188476562
29.5793089866638,-0.541534423828125,0.415496826171875,-0.054473876953125,-4.0283203125,1.4923095703125,8.8385009765625,2.17559814453125,1.4874267578125,1.151123046875,1.24481201171875
29.5992822647095,0.21148681640625,0.068359375,0.02777099609375,3.134765625,5.284423828125,9.01336669921875,1.80419921875,1.74041748046875,1.3092041015625,1.19491577148438
29.6079280376434,-0.128173828125,-0.19012451171875,0.065155029296875,4.37896728515625,3.30596923828125,9.40521240234375,1.79656982421875,1.61163330078125,1.221923828125,1.42166137695312
29.6178495883942,-0.01708984375,-0.27557373046875,0.001068115234375,3.25836181640625,1.585693359375,9.87762451171875,1.81869506835938,1.53854370117188,1.35787963867188,1.3311767578125
29.6393942832947,0.315093994140625,-0.341796875,-0.14739990234375,2.83721923828125,0.673828125,9.77691650390625,1.90750122070312,1.44699096679688,1.66519165039062,1.0772705078125
29.6501986980438,0.366363525390625,-0.656890869140625,-0.152740478515625,1.30645751953125,1.7559814453125,9.638671875,1.81045532226562,1.36581420898438,1.78558349609375,1.15341186523438
29.6593434810638,0.1751708984375,-1.13006591796875,0.092926025390625,-1.85943603515625,2.35382080078125,9.59014892578125,1.42578125,1.4813232421875,1.57363891601562,1.6632080078125
29.6686878204346,0.3375244140625,-0.9271240234375,0.11962890625,-3.5137939453125,1.9354248046875,8.9996337890625,1.39816284179688,1.62887573242188,1.53976440429688,1.59927368164062
29.6788380146027,0.673980712890625,-0.85235595703125,0.225372314453125,-4.70947265625,4.1839599609375,8.84033203125,1.182861328125,1.890869140625,1.4996337890625,1.61880493164062
29.6898126602173,0.555419921875,-0.857696533203125,0.24139404296875,-4.2498779296875,3.7518310546875,10.2474975585938,1.19277954101562,1.87820434570312,1.46835327148438,1.69326782226562
29.6977157592773,0.609893798828125,-0.853424072265625,0.041656494140625,-2.30804443359375,-0.94573974609375,11.27197265625,1.4178466796875,1.64276123046875,1.7529296875,1.44622802734375
29.7085907459259,0.485992431640625,-1.37039184570312,-0.12603759765625,-1.669921875,-1.76971435546875,13.41064453125,1.49520874023438,1.2353515625,2.10769653320312,1.458740234375
29.7197778224945,0.40802001953125,-1.85531616210938,0.022430419921875,0.02288818359375,-2.05352783203125,15.7754516601562,1.17355346679688,1.2518310546875,2.0709228515625,1.82357788085938
29.7290945053101,0.505218505859375,-1.94717407226562,-0.01495361328125,0.611572265625,1.6571044921875,13.6972045898438,1.1456298828125,1.19949340820312,2.2015380859375,1.793212890625
29.7388153076172,0.63018798828125,-2.18429565429688,0.01495361328125,4.57763671875,1.094970703125,9.8529052734375,0.973052978515625,1.19491577148438,2.31216430664062,1.88751220703125
29.7510008811951,0.571441650390625,-1.98135375976562,0.07904052734375,4.5428466796875,1.95465087890625,8.57757568359375,0.9423828125,1.30523681640625,2.1875,1.94503784179688
29.7599666118622,0.285186767578125,-1.95892333984375,0.20294189453125,0.94940185546875,5.77880859375,7.86529541015625,0.837860107421875,1.3623046875,1.9879150390625,2.2088623046875
29.7899205684662,0,-0.943145751953125,0.007476806640625,1.2176513671875,0.28656005859375,9.298095703125,1.37466430664062,1.2554931640625,1.93527221679688,1.834716796875
29.7998673915863,-0.026702880859375,-0.42510986328125,-0.090789794921875,-0.87799072265625,1.8328857421875,11.9064331054688,1.63131713867188,1.25198364257812,1.92367553710938,1.5850830078125
29.8126385211945,0.110015869140625,-0.60028076171875,-0.206146240234375,0.3680419921875,4.92279052734375,14.1769409179688,1.6558837890625,1.06857299804688,2.18368530273438,1.47628784179688
29.8179469108582,0.018157958984375,-0.7177734375,-0.056610107421875,2.99102783203125,5.390625,15.3607177734375,1.43524169921875,1.1700439453125,2.02850341796875,1.73873901367188
29.828916311264,0.135650634765625,-0.92498779296875,0.0042724609375,4.45587158203125,5.2386474609375,15.289306640625,1.23260498046875,1.19842529296875,2.06588745117188,1.85958862304688
29.8396933078766,0.043792724609375,-0.743408203125,0.204010009765625,6.6302490234375,5.2020263671875,13.7869262695312,1.03973388671875,1.46133422851562,1.75186157226562,2.08999633789062
29.8489081859589,-0.23284912109375,-0.686798095703125,0.300140380859375,4.8980712890625,3.526611328125,11.195068359375,1.0009765625,1.49581909179688,1.53366088867188,2.28790283203125
29.8586847782135,-0.2520751953125,-0.20721435546875,0.28839111328125,3.63189697265625,2.95257568359375,10.2703857421875,1.1407470703125,1.5911865234375,1.40243530273438,2.15301513671875
29.8799395561218,-0.01068115234375,0.419769287109375,0.247802734375,3.2574462890625,-2.9498291015625,9.6112060546875,1.27792358398438,1.77322387695312,1.34918212890625,1.85928344726562
29.8896737098694,0.13885498046875,0.571441650390625,0.196533203125,4.61700439453125,-1.74224853515625,12.41455078125,1.3348388671875,1.79275512695312,1.38565063476562,1.70135498046875
29.8988037109375,0.1153564453125,0.23284912109375,0.1708984375,2.6678466796875,0.83587646484375,13.5552978515625,1.2628173828125,1.64352416992188,1.51504516601562,1.7755126953125
29.9089031219482,0.030975341796875,-0.1708984375,0.17303466796875,1.93634033203125,1.74957275390625,13.5562133789062,1.15615844726562,1.49978637695312,1.58493041992188,1.91879272460938
29.9208686351776,0.122833251953125,-0.00640869140625,0.0897216796875,-1.24603271484375,1.74407958984375,12.5015258789062,1.27822875976562,1.47598266601562,1.64840698242188,1.73324584960938
29.9279048442841,0.179443359375,0.13671875,0.016021728515625,2.61383056640625,0.31585693359375,9.627685546875,1.39312744140625,1.44378662109375,1.70822143554688,1.57882690429688
29.9378554821014,0.180511474609375,-0.011749267578125,0.263824462890625,7.7655029296875,0.3424072265625,7.2857666015625,1.03424072265625,1.715087890625,1.41586303710938,1.91848754882812
29.9496879577637,0.197601318359375,0.693206787109375,0.1666259765625,11.3250732421875,4.0814208984375,6.5679931640625,1.35879516601562,1.80831909179688,1.31866455078125,1.56997680664062
29.978847026825,0.280914306640625,0.931396484375,0.06195068359375,-0.58685302734375,6.63665771484375,9.37408447265625,1.50833129882812,1.76681518554688,1.3885498046875,1.302490234375
29.988908290863,0.23284912109375,0.80535888671875,-0.024566650390625,-0.10528564453125,6.62384033203125,11.956787109375,1.59439086914062,1.60903930664062,1.51336669921875,1.22879028320312
29.9978280067444,0.001068115234375,0.478515625,0.041656494140625,-2.244873046875,2.3602294921875,13.2083129882812,1.48101806640625,1.53305053710938,1.44866943359375,1.46041870117188
30.0106964111328,-0.042724609375,0.652618408203125,0.033111572265625,-1.96380615234375,0.699462890625,12.0025634765625,1.56082153320312,1.57394409179688,1.3714599609375,1.38626098632812
30.01802277565,-0.16876220703125,0.996551513671875,0.131378173828125,1.7083740234375,2.68798828125,11.5530395507812,1.5838623046875,1.77337646484375,1.0870361328125,1.42913818359375
30.031769990921,-0.29052734375,0.646209716796875,0.097198486328125,0.15472412109375,0.8038330078125,10.2374267578125,1.55624389648438,1.59881591796875,1.17477416992188,1.49185180664062
30.0488028526306,-0.336456298828125,0.72418212890625,0.20721435546875,-4.40826416015625,-5.302734375,8.50250244140625,1.45309448242188,1.74697875976562,0.99365234375,1.61285400390625
30.0610494613647,-0.16876220703125,1.14501953125,0.116424560546875,0.06683349609375,0.39459228515625,6.44256591796875,1.650390625,1.81320190429688,1.01776123046875,1.3037109375
30.0685875415802,-0.338592529296875,0.885467529296875,0.024566650390625,1.3311767578125,8.25347900390625,7.6959228515625,1.74209594726562,1.57852172851562,1.14944458007812,1.30477905273438
30.0782790184021,-0.161285400390625,0.682525634765625,-0.065155029296875,5.20111083984375,8.70391845703125,10.8938598632812,1.7449951171875,1.4654541015625,1.36993408203125,1.18743896484375
30.0959711074829,-0.26702880859375,0.434722900390625,0.09185791015625,6.47186279296875,5.58746337890625,13.1964111328125,1.50772094726562,1.55349731445312,1.2158203125,1.49078369140625
30.1002049446106,-0.3375244140625,0.206146240234375,0.216827392578125,0.86151123046875,4.87060546875,12.191162109375,1.3153076171875,1.62841796875,1.08169555664062,1.72332763671875
30.1097593307495,-0.48065185546875,0.1922607421875,0.1708984375,-4.2901611328125,1.09588623046875,11.7755126953125,1.41708374023438,1.52389526367188,1.08428955078125,1.71157836914062
30.1188504695892,-0.605621337890625,0.111083984375,0.247802734375,-10.5999755859375,-2.58087158203125,11.4239501953125,1.33712768554688,1.55776977539062,0.973358154296875,1.86935424804688
30.1286203861237,-0.379180908203125,0.3802490234375,0.04058837890625,-6.610107421875,-1.116943359375,9.62860107421875,1.61911010742188,1.44760131835938,1.19873046875,1.46499633789062
30.1391987800598,-0.332183837890625,0.21575927734375,-0.114288330078125,-2.37213134765625,1.1865234375,10.12939453125,1.76055908203125,1.22711181640625,1.43447875976562,1.30279541015625
30.1489360332489,-0.40374755859375,-0.186920166015625,0.042724609375,-0.79742431640625,0.83953857421875,13.2778930664062,1.47125244140625,1.2835693359375,1.324462890625,1.6455078125
30.1618936061859,-0.37384033203125,-0.330047607421875,0.1239013671875,-3.55316162109375,-2.11578369140625,12.2625732421875,1.32781982421875,1.35208129882812,1.25823974609375,1.783447265625
30.1689200401306,-0.4058837890625,-0.573577880859375,0.214691162109375,-7.071533203125,-4.295654296875,11.5310668945312,1.15493774414062,1.38198852539062,1.19949340820312,1.9854736328125
30.1786477565765,-0.652618408203125,-0.7818603515625,0.11749267578125,-9.34112548828125,-4.39361572265625,11.25732421875,1.29318237304688,1.11907958984375,1.30111694335938,2.00912475585938
30.1888773441315,-0.441131591796875,-0.345001220703125,0.001068115234375,-6.08001708984375,-3.92852783203125,9.8583984375,1.51092529296875,1.16592407226562,1.3702392578125,1.67709350585938
30.2116637229919,-0.09185791015625,-0.22003173828125,0.116424560546875,-3.4442138671875,-1.45843505859375,12.2332763671875,1.30355834960938,1.43814086914062,1.28433227539062,1.700439453125
30.2190971374512,-0.073699951171875,-0.633392333984375,-0.073699951171875,-6.43890380859375,-1.08306884765625,13.2513427734375,1.40594482421875,1.0760498046875,1.64901733398438,1.59942626953125
30.2294554710388,0.005340576171875,-0.693206787109375,0.035247802734375,-5.44830322265625,-2.03887939453125,13.8995361328125,1.22528076171875,1.2115478515625,1.5557861328125,1.74026489257812
30.2587420940399,0.409088134765625,-0.483856201171875,0.033111572265625,-2.047119140625,-2.95257568359375,9.39605712890625,1.148681640625,1.3690185546875,1.6387939453125,1.5740966796875
30.2687757015228,0.41015625,-0.706024169921875,0.193328857421875,-1.9024658203125,-7.03125,10.0772094726562,0.8697509765625,1.50466918945312,1.51153564453125,1.84295654296875
30.2788450717926,0.3204345703125,-0.55755615234375,0.152740478515625,1.50604248046875,-2.288818359375,9.049072265625,0.98388671875,1.46438598632812,1.50283813476562,1.77780151367188
30.2886674404144,0.436859130859375,-0.644073486328125,0.026702880859375,5.29815673828125,1.732177734375,8.32763671875,1.06002807617188,1.2994384765625,1.73797607421875,1.6259765625
30.2993683815002,0.419769287109375,-0.538330078125,0.18798828125,5.5023193359375,3.49090576171875,9.0728759765625,0.879058837890625,1.52084350585938,1.51519775390625,1.80511474609375
30.3148267269135,0.37384033203125,-0.36102294921875,0.05340576171875,4.44488525390625,3.6163330078125,10.17333984375,1.09848022460938,1.38076782226562,1.63116455078125,1.60186767578125
30.3196933269501,0.379180908203125,-0.18585205078125,-0.013885498046875,3.55499267578125,3.621826171875,7.7490234375,1.23382568359375,1.3494873046875,1.66488647460938,1.46392822265625
30.3289902210236,0.530853271484375,-0.236053466796875,-0.016021728515625,3.2720947265625,3.3013916015625,9.57733154296875,1.14044189453125,1.36459350585938,1.75369262695312,1.43997192382812
30.3589072227478,0.3631591796875,-0.127105712890625,0.2008056640625,-2.51495361328125,0.55755615234375,12.2442626953125,0.924072265625,1.63925170898438,1.39724731445312,1.70562744140625
30.3690748214722,0.244598388671875,-0.3289794921875,0.095062255859375,-3.2098388671875,0.6866455078125,10.4241943359375,1.02279663085938,1.4154052734375,1.5576171875,1.66412353515625
30.3787989616394,0.08544921875,0.073699951171875,0.075836181640625,3.22174072265625,1.636962890625,8.5858154296875,1.2017822265625,1.46530151367188,1.41860961914062,1.5631103515625
30.3888220787048,0.067291259765625,0.09613037109375,0.042724609375,8.1866455078125,3.49273681640625,8.818359375,1.240234375,1.42303466796875,1.45401000976562,1.51168823242188
30.4001982212067,-0.1495361328125,-0.082244873046875,0.0213623046875,4.25079345703125,3.85986328125,8.8641357421875,1.2646484375,1.27365112304688,1.47994995117188,1.602783203125
30.4086046218872,0.080108642578125,-0.13671875,0,1.4117431640625,2.021484375,9.6331787109375,1.19430541992188,1.30081176757812,1.59103393554688,1.51412963867188
30.418630361557,0.2520751953125,-0.068359375,0.077972412109375,2.464599609375,0.40008544921875,8.38897705078125,1.05972290039062,1.47293090820312,1.533203125,1.536865234375
30.4307141304016,0.05767822265625,-0.1495361328125,0.030975341796875,1.8475341796875,-0.1959228515625,8.67095947265625,1.13723754882812,1.32278442382812,1.56463623046875,1.5582275390625
30.4399778842926,-0.10040283203125,-0.17730712890625,0.174102783203125,-0.4248046875,-0.19317626953125,10.2474975585938,0.000152587890625,0.000152587890625,0.000152587890625,0.000152587890625
30.4592702388763,-0.097198486328125,-0.19439697265625,0.145263671875,0.208740234375,-2.10662841796875,10.80322265625,0.000152587890625,0.000152587890625,0.000152587890625,0.000152587890625
30.4698026180267,-0.253143310546875,-0.409088134765625,0.2178955078125,4.24530029296875,0.15655517578125,8.32489013671875,0.000152587890625,0.000152587890625,0.000152587890625,0.000152587890625
30.4796581268311,-0.075836181640625,-0.755157470703125,0.367431640625,6.78680419921875,1.47308349609375,5.9564208984375,0.000152587890625,0.000152587890625,0.000152587890625,0.000152587890625
30.4886877536774,-0.2178955078125,-1.2774658203125,0.39520263671875,5.050048828125,0.377197265625,5.5389404296875,0.000152587890625,0.000152587890625,0.000152587890625,0.000152587890625
30.5016567707062,-0.071563720703125,-1.66519165039062,0.438995361328125,3.753662109375,1.80633544921875,7.9962158203125,0.000152587890625,0.000152587890625,0.000152587890625,0.000152587890625
30.5087633132935,-1.13540649414062,-1.25076293945312,0.4229736328125,4.92095947265625,5.0115966796875,12.4163818359375,0.000152587890625,0.000152587890625,0.000152587890625,0.000152587890625
30.519186258316,-2.08709716796875,-0.68359375,0.458221435546875,5.09765625,5.643310546875,12.744140625,0.000152587890625,0.000152587890625,0.000152587890625,0.000152587890625
30.528605222702,-1.66305541992188,-0.059814453125,0.32257080078125,6.339111328125,2.09381103515625,12.9629516601562,0.000152587890625,0.000152587890625,0.000152587890625,0.000152587890625
30.5388584136963,-0.2093505859375,0.657958984375,0.129241943359375,8.0657958984375,-2.618408203125,14.1522216796875,0.000152587890625,0.000152587890625,0.000152587890625,0.000152587890625
30.5486135482788,0.5126953125,0.582122802734375,-0.086517333984375,6.1541748046875,-3.9093017578125,11.2261962890625,0.000152587890625,0.000152587890625,0.000152587890625,0.000152587890625
30.5586044788361,0.32470703125,-0.007476806640625,-0.216827392578125,2.34832763671875,-2.6678466796875,8.86138916015625,0.000152587890625,0.000152587890625,0.000152587890625,0.000152587890625
30.5708682537079,0.13885498046875,-0.537261962890625,-0.257415771484375,-0.6646728515625,-1.26708984375,7.1685791015625,0.000152587890625,0.000152587890625,0.000152587890625,0.000152587890625
30.5797274112701,0.268096923828125,-0.70068359375,-0.208282470703125,-1.75506591796875,-1.00433349609375,7.4615478515625,0.000152587890625,0.000152587890625,0.000152587890625,0.000152587890625
30.589649438858,0.238189697265625,-0.007476806640625,-0.12176513671875,-0.0238037109375,-0.44586181640625,11.7828369140625,0.000152587890625,0.000152587890625,0.000152587890625,0.000152587890625
30.6019721031189,0.06622314453125,0.319366455078125,0.011749267578125,1.43646240234375,-0.17578125,11.7864990234375,0.000152587890625,0.000152587890625,0.000152587890625,0.000152587890625
30.609005689621,-0.054473876953125,-0.0726318359375,0.1068115234375,2.1221923828125,0.84136962890625,10.2584838867188,0.000152587890625,0.000152587890625,0.000152587890625,0.000152587890625
30.6186707019806,-0.11322021484375,-0.148468017578125,0.1025390625,1.76513671875,1.32659912109375,11.0888671875,0.000152587890625,0.000152587890625,0.000152587890625,0.000152587890625
30.6405546665192,-0.041656494140625,0.026702880859375,-0.039520263671875,1.71844482421875,-0.52276611328125,9.49951171875,0.000152587890625,0.000152587890625,0.000152587890625,0.000152587890625
30.6502137184143,0.020294189453125,0.050201416015625,-0.035247802734375,1.39892578125,-0.75164794921875,10.2365112304688,0.000152587890625,0.000152587890625,0.000152587890625,0.000152587890625
30.6588685512543,0.08331298828125,0.007476806640625,-0.007476806640625,1.35040283203125,-0.238037109375,10.4159545898438,0.000152587890625,0.000152587890625,0.000152587890625,0.000152587890625
30.6696598529816,0.0213623046875,-0.08544921875,0.013885498046875,1.56829833984375,0.29937744140625,10.2694702148438,0.000152587890625,0.000152587890625,0.000152587890625,0.000152587890625
30.6797769069672,-0.0640869140625,0.0042724609375,0.007476806640625,1.86767578125,0.4193115234375,10.27587890625,0.000152587890625,0.000152587890625,0.000152587890625,0.000152587890625
30.6886978149414,-0.043792724609375,0.056610107421875,-0.00640869140625,1.8109130859375,0.19683837890625,9.88494873046875,0.000152587890625,0.000152587890625,0.000152587890625,0.000152587890625
30.7008557319641,0.016021728515625,0.0128173828125,-0.009613037109375,1.60675048828125,-0.172119140625,10.0387573242188,0.000152587890625,0.000152587890625,0.000152587890625,0.000152587890625
30.7097983360291,0.0341796875,-0.01922607421875,-0.001068115234375,1.42547607421875,-0.41839599609375,10.4388427734375,0.000152587890625,0.000152587890625,0.000152587890625,0.000152587890625
30.7187104225159,0.003204345703125,-0.03631591796875,-0.007476806640625,1.4593505859375,-0.21697998046875,10.2099609375,0.000152587890625,0.000152587890625,0.000152587890625,0.000152587890625
30.7288210391998,-0.005340576171875,-0.005340576171875,-0.007476806640625,1.6241455078125,0.1904296875,9.93255615234375,0.000152587890625,0.000152587890625,0.000152587890625,0.000152587890625
30.7391698360443,-0.003204345703125,0.0341796875,-0.0042724609375,1.7486572265625,0.20782470703125,9.89044189453125,0.000152587890625,0.000152587890625,0.000152587890625,0.000152587890625
30.7496030330658,-0.013885498046875,0.016021728515625,0.00640869140625,1.64154052734375,-0.15655517578125,10.0827026367188,0.000152587890625,0.000152587890625,0.000152587890625,0.000152587890625
30.7602953910828,-0.00640869140625,-0.01922607421875,0.005340576171875,1.461181640625,-0.2398681640625,10.301513671875,0.000152587890625,0.000152587890625,0.000152587890625,0.000152587890625
30.7708492279053,0.0213623046875,-0.0213623046875,-0.005340576171875,1.43096923828125,-0.02838134765625,10.1339721679688,0.000152587890625,0.000152587890625,0.000152587890625,0.000152587890625
30.7787170410156,0.013885498046875,0.0042724609375,-0.016021728515625,1.629638671875,0.0933837890625,9.949951171875,0.000152587890625,0.000152587890625,0.000152587890625,0.000152587890625
30.7886843681335,-0.01495361328125,0.022430419921875,-0.007476806640625,1.7486572265625,0.08148193359375,9.99298095703125,0.000152587890625,0.000152587890625,0.000152587890625,0.000152587890625
30.8036773204803,-0.018157958984375,0.003204345703125,0.007476806640625,1.666259765625,0.06134033203125,10.08544921875,0.000152587890625,0.000152587890625,0.000152587890625,0.000152587890625
30.8239085674286,0.008544921875,-0.005340576171875,-0.007476806640625,1.48406982421875,-0.1007080078125,10.015869140625,0.000152587890625,0.000152587890625,0.000152587890625,0.000152587890625
30.8387534618378,0.001068115234375,0.007476806640625,-0.011749267578125,1.68731689453125,0.0677490234375,10.0177001953125,0.000152587890625,0.000152587890625,0.000152587890625,0.000152587890625
30.848687171936,0.001068115234375,-0.007476806640625,0.00640869140625,1.59759521484375,0.10528564453125,10.1156616210938,0.000152587890625,0.000152587890625,0.000152587890625,0.000152587890625
30.8596711158752,-0.01068115234375,-0.007476806640625,0.0128173828125,1.50054931640625,0.00640869140625,10.1229858398438,0.000152587890625,0.000152587890625,0.000152587890625,0.000152587890625
30.8802189826965,0.00640869140625,0.0042724609375,-0.01495361328125,1.61590576171875,-0.00091552734375,10.0515747070312,0.000152587890625,0.000152587890625,0.000152587890625,0.000152587890625
30.9114799499512,-0.009613037109375,-0.00640869140625,0.008544921875,1.52252197265625,0.0311279296875,10.048828125,0.000152587890625,0.000152587890625,0.000152587890625,0.000152587890625
30.9191918373108,0,0.0042724609375,0.00213623046875,1.5838623046875,0.05401611328125,10.0204467773438,0.000152587890625,0.000152587890625,0.000152587890625,0.000152587890625
30.9298701286316,-0.001068115234375,0.003204345703125,-0.011749267578125,1.61956787109375,-0.01556396484375,10.0341796875,0.000152587890625,0.000152587890625,0.000152587890625,0.000152587890625
30.9396991729736,-0.003204345703125,-0.005340576171875,-0.011749267578125,1.556396484375,-0.02471923828125,10.0717163085938,0.000152587890625,0.000152587890625,0.000152587890625,0.000152587890625
30.9506857395172,0.001068115234375,-0.0042724609375,-0.00213623046875,1.512451171875,0.03387451171875,10.0698852539062,0.000152587890625,0.000152587890625,0.000152587890625,0.000152587890625
30.9602339267731,0.001068115234375,-0.001068115234375,0.003204345703125,1.56280517578125,0.054931640625,10.0250244140625,0.000152587890625,0.000152587890625,0.000152587890625,0.000152587890625
30.9699730873108,-0.00640869140625,0.0042724609375,0,1.629638671875,0.02197265625,10.02685546875,0.000152587890625,0.000152587890625,0.000152587890625,0.000152587890625
30.9827003479004,-0.005340576171875,0.003204345703125,-0.005340576171875,1.61041259765625,0.0018310546875,10.05615234375,0.000152587890625,0.000152587890625,0.000152587890625,0.000152587890625
30.9897127151489,0.003204345703125,-0.001068115234375,-0.00640869140625,1.5362548828125,-0.01556396484375,10.0625610351562,0.000152587890625,0.000152587890625,0.000152587890625,0.000152587890625
31.0096614360809,-0.00213623046875,0.001068115234375,0,1.593017578125,-0.025634765625,9.98931884765625,0.000152587890625,0.000152587890625,0.000152587890625,0.000152587890625
31.0200216770172,-0.0042724609375,0.003204345703125,-0.001068115234375,1.6351318359375,0.03021240234375,9.98016357421875,0.000152587890625,0.000152587890625,0.000152587890625,0.000152587890625
31.0326318740845,-0.001068115234375,0.001068115234375,-0.003204345703125,1.593017578125,0.032958984375,9.99298095703125,0.000152587890625,0.000152587890625,0.000152587890625,0.000152587890625
31.0407590866089,-0.00213623046875,-0.00213623046875,-0.0042724609375,1.5509033203125,-0.029296875,10.0140380859375,0.000152587890625,0.000152587890625,0.000152587890625,0.000152587890625
31.0598793029785,0.001068115234375,-0.001068115234375,-0.003204345703125,1.61956787109375,-0.01373291015625,9.9884033203125,0.000152587890625,0.000152587890625,0.000152587890625,0.000152587890625
31.0707814693451,0,0.00213623046875,-0.001068115234375,1.622314453125,0.01739501953125,9.9627685546875,0.000152587890625,0.000152587890625,0.000152587890625,0.000152587890625
31.0798351764679,-0.005340576171875,0.001068115234375,-0.00213623046875,1.58660888671875,0.01190185546875,9.95269775390625,0.000152587890625,0.000152587890625,0.000152587890625,0.000152587890625
31.1038181781769,0,0.001068115234375,-0.003204345703125,1.56463623046875,-0.00823974609375,9.95819091796875,0.000152587890625,0.000152587890625,0.000152587890625,0.000152587890625
31.1118159294128,0.001068115234375,-0.001068115234375,-0.003204345703125,1.59759521484375,-0.00091552734375,9.9407958984375,0.000152587890625,0.000152587890625,0.000152587890625,0.000152587890625
31.1206023693085,-0.003204345703125,0.001068115234375,-0.0042724609375,1.5875244140625,0.00640869140625,9.93621826171875,0.000152587890625,0.000152587890625,0.000152587890625,0.000152587890625
31.1306161880493,-0.0042724609375,0.00213623046875,-0.00213623046875,1.55181884765625,0.029296875,9.9591064453125,0.000152587890625,0.000152587890625,0.000152587890625,0.000152587890625
31.1396601200104,-0.00213623046875,0,-0.00213623046875,1.55731201171875,0.02471923828125,9.96734619140625,0.000152587890625,0.000152587890625,0.000152587890625,0.000152587890625
31.153641462326,-0.00213623046875,0,-0.00213623046875,1.5948486328125,-0.0146484375,9.97100830078125,0.000152587890625,0.000152587890625,0.000152587890625,0.000152587890625
31.1597445011139,-0.001068115234375,0,-0.003204345703125,1.60125732421875,-0.01556396484375,9.9591064453125,0.000152587890625,0.000152587890625,0.000152587890625,0.000152587890625
31.1709134578705,0,0.001068115234375,-0.0042724609375,1.58111572265625,0.0201416015625,9.927978515625,0.000152587890625,0.000152587890625,0.000152587890625,0.000152587890625
31.1806502342224,-0.001068115234375,-0.001068115234375,-0.0042724609375,1.571044921875,0.02838134765625,9.92706298828125,0.000152587890625,0.000152587890625,0.000152587890625,0.000152587890625
31.1900482177734,-0.003204345703125,0.001068115234375,-0.00213623046875,1.58294677734375,0.0054931640625,9.931640625,0.000152587890625,0.000152587890625,0.000152587890625,0.000152587890625
31.2170701026917,0,0,-0.003204345703125,1.58294677734375,0.00732421875,9.92340087890625,0.000152587890625,0.000152587890625,0.000152587890625,0.000152587890625
31.2207777500153,-0.001068115234375,-0.001068115234375,-0.003204345703125,1.5802001953125,0.01190185546875,9.92156982421875,0.000152587890625,0.000152587890625,0.000152587890625,0.000152587890625
31.2307322025299,-0.001068115234375,0.00213623046875,-0.0042724609375,1.5802001953125,0.01373291015625,9.93896484375,0.000152587890625,0.000152587890625,0.000152587890625,0.000152587890625
31.2406620979309,-0.00213623046875,-0.00213623046875,-0.003204345703125,1.57928466796875,0.01556396484375,9.93255615234375,0.000152587890625,0.000152587890625,0.000152587890625,0.000152587890625
31.249668598175,-0.001068115234375,-0.00213623046875,-0.001068115234375,1.5875244140625,0.00732421875,9.93621826171875,0.000152587890625,0.000152587890625,0.000152587890625,0.000152587890625
31.2606122493744,-0.001068115234375,0.001068115234375,-0.003204345703125,1.58294677734375,-0.01373291015625,9.91973876953125,0.000152587890625,0.000152587890625,0.000152587890625,0.000152587890625
31.2717747688293,-0.001068115234375,0,-0.0042724609375,1.57379150390625,-0.01190185546875,9.906005859375,0.000152587890625,0.000152587890625,0.000152587890625,0.000152587890625
31.28000831604,-0.001068115234375,0.00213623046875,-0.0042724609375,1.57379150390625,-0.00091552734375,9.90509033203125,0.000152587890625,0.000152587890625,0.000152587890625,0.000152587890625
31.2900743484497,-0.001068115234375,0.001068115234375,-0.003204345703125,1.571044921875,-0.003662109375,9.89959716796875,0.000152587890625,0.000152587890625,0.000152587890625,0.000152587890625
31.3002023696899,-0.00213623046875,0.00213623046875,-0.00213623046875,1.57562255859375,-0.0091552734375,9.91424560546875,0.000152587890625,0.000152587890625,0.000152587890625,0.000152587890625
31.3097116947174,-0.00213623046875,0.001068115234375,-0.00213623046875,1.57928466796875,-0.00274658203125,9.9151611328125,0.000152587890625,0.000152587890625,0.000152587890625,0.000152587890625
31.3199830055237,-0.001068115234375,0,-0.003204345703125,1.58111572265625,0.00457763671875,9.92431640625,0.000152587890625,0.000152587890625,0.000152587890625,0.000152587890625
31.3401708602905,-0.001068115234375,-0.001068115234375,-0.003204345703125,1.58203125,-0.0054931640625,9.91790771484375,0.000152587890625,0.000152587890625,0.000152587890625,0.000152587890625
31.3500070571899,-0.00213623046875,-0.001068115234375,-0.00213623046875,1.5765380859375,0.0091552734375,9.91607666015625,0.000152587890625,0.000152587890625,0.000152587890625,0.000152587890625
31.3586604595184,0,-0.001068115234375,-0.00213623046875,1.5728759765625,0.00823974609375,9.90692138671875,0.000152587890625,0.000152587890625,0.000152587890625,0.000152587890625
31.3706221580505,-0.001068115234375,0,-0.003204345703125,1.57379150390625,0.0018310546875,9.8931884765625,0.000152587890625,0.000152587890625,0.000152587890625,0.000152587890625
31.3908686637878,0,0.001068115234375,-0.003204345703125,1.5692138671875,0.01373291015625,9.8858642578125,0.000152587890625,0.000152587890625,0.000152587890625,0.000152587890625
31.4212346076965,-0.001068115234375,0,-0.00213623046875,1.5875244140625,-0.0091552734375,9.89959716796875,0.000152587890625,0.000152587890625,0.000152587890625,0.000152587890625
31.4519741535187,-0.00213623046875,0.001068115234375,-0.003204345703125,1.56463623046875,0.00823974609375,9.869384765625,0.000152587890625,0.000152587890625,0.000152587890625,0.000152587890625
31.4608731269836,-0.00213623046875,0.001068115234375,-0.00213623046875,1.56829833984375,0.00732421875,9.88128662109375,0.000152587890625,0.000152587890625,0.000152587890625,0.000152587890625
31.4797322750092,-0.001068115234375,0,-0.00213623046875,1.5728759765625,-0.0018310546875,9.8583984375,0.000152587890625,0.000152587890625,0.000152587890625,0.000152587890625
31.5038733482361,0,0,-0.003204345703125,1.585693359375,0.00457763671875,9.87945556640625,0.000152587890625,0.000152587890625,0.000152587890625,0.000152587890625
31.5228567123413,-0.001068115234375,-0.001068115234375,-0.003204345703125,1.57745361328125,-0.0018310546875,9.88311767578125,0.000152587890625,0.000152587890625,0.000152587890625,0.000152587890625
31.5300171375275,0,-0.001068115234375,-0.003204345703125,1.58294677734375,-0.0054931640625,9.862060546875,0.000152587890625,0.000152587890625,0.000152587890625,0.000152587890625
31.5579917430878,-0.001068115234375,0.001068115234375,-0.003204345703125,1.563720703125,0.00732421875,9.8529052734375,0.000152587890625,0.000152587890625,0.000152587890625,0.000152587890625
31.5677435398102,-0.001068115234375,0.001068115234375,-0.00213623046875,1.563720703125,0.0018310546875,9.85931396484375,0.000152587890625,0.000152587890625,0.000152587890625,0.000152587890625
31.5799877643585,-0.001068115234375,0,-0.003204345703125,1.5728759765625,0.003662109375,9.854736328125,0.000152587890625,0.000152587890625,0.000152587890625,0.000152587890625
31.5876767635345,-0.001068115234375,0,-0.00213623046875,1.58203125,0.00640869140625,9.8565673828125,0.000152587890625,0.000152587890625,0.000152587890625,0.000152587890625
31.5982341766357,-0.001068115234375,0.001068115234375,-0.003204345703125,1.58477783203125,0.010986328125,9.862060546875,0.000152587890625,0.000152587890625,0.000152587890625,0.000152587890625
31.6125996112823,-0.00213623046875,0,-0.003204345703125,1.57745361328125,0.010986328125,9.85931396484375,0.000152587890625,0.000152587890625,0.000152587890625,0.000152587890625
31.6185922622681,-0.00213623046875,0,-0.00213623046875,1.578369140625,0.00823974609375,9.85748291015625,0.000152587890625,0.000152587890625,0.000152587890625,0.000152587890625
31.6298151016235,0,0.003204345703125,-0.00213623046875,1.5802001953125,0.00640869140625,9.84375,0.000152587890625,0.000152587890625,0.000152587890625,0.000152587890625
31.6606361865997,-0.001068115234375,0,-0.003204345703125,1.57470703125,0.0128173828125,9.8382568359375,0.000152587890625,0.000152587890625,0.000152587890625,0.000152587890625
31.6778059005737,-0.00213623046875,0,-0.00213623046875,1.5765380859375,0.01007080078125,9.847412109375,0.000152587890625,0.000152587890625,0.000152587890625,0.000152587890625
31.6876184940338,-0.001068115234375,0,-0.003204345703125,1.58111572265625,0.00823974609375,9.84375,0.000152587890625,0.000152587890625,0.000152587890625,0.000152587890625
31.6985948085785,0,0.001068115234375,-0.003204345703125,1.57928466796875,0.01007080078125,9.84832763671875,0.000152587890625,0.000152587890625,0.000152587890625,0.000152587890625
31.7183711528778,-0.003204345703125,-0.001068115234375,-0.00213623046875,1.57196044921875,0.00091552734375,9.825439453125,0.000152587890625,0.000152587890625,0.000152587890625,0.000152587890625
31.730110168457,-0.001068115234375,0,-0.00213623046875,1.57379150390625,-0.003662109375,9.810791015625,0.000152587890625,0.000152587890625,0.000152587890625,0.000152587890625
31.7386085987091,-0.001068115234375,0,-0.00213623046875,1.57470703125,-0.0054931640625,9.80438232421875,0.000152587890625,0.000152587890625,0.000152587890625,0.000152587890625
31.7491037845612,-0.003204345703125,0,-0.003204345703125,1.58203125,-0.0018310546875,9.80804443359375,0.000152587890625,0.000152587890625,0.000152587890625,0.000152587890625
31.7676694393158,-0.00213623046875,0.001068115234375,-0.00213623046875,1.5802001953125,0.00457763671875,9.84466552734375,0.000152587890625,0.000152587890625,0.000152587890625,0.000152587890625
31.7916624546051,-0.00213623046875,-0.001068115234375,-0.00213623046875,1.58660888671875,-0.00274658203125,9.8382568359375,0.000152587890625,0.000152587890625,0.000152587890625,0.000152587890625
31.7978940010071,-0.00213623046875,0.00213623046875,-0.003204345703125,1.5838623046875,-0.00640869140625,9.84283447265625,0.000152587890625,0.000152587890625,0.000152587890625,0.000152587890625
31.8078265190125,-0.00213623046875,0.001068115234375,-0.0042724609375,1.57562255859375,0.0018310546875,9.81353759765625,0.000152587890625,0.000152587890625,0.000152587890625,0.000152587890625
31.8176755905151,-0.00213623046875,0,-0.003204345703125,1.5728759765625,0.00640869140625,9.8126220703125,0.000152587890625,0.000152587890625,0.000152587890625,0.000152587890625
31.8389282226562,-0.00213623046875,0.001068115234375,-0.00213623046875,1.57745361328125,-0.003662109375,9.80712890625,0.000152587890625,0.000152587890625,0.000152587890625,0.000152587890625
31.849357843399,-0.00213623046875,0.001068115234375,-0.00213623046875,1.58203125,-0.00091552734375,9.82177734375,0.000152587890625,0.000152587890625,0.000152587890625,0.000152587890625
31.8586385250092,-0.001068115234375,0,-0.003204345703125,1.5838623046875,0.00457763671875,9.82177734375,0.000152587890625,0.000152587890625,0.000152587890625,0.000152587890625
31.8678002357483,-0.00213623046875,0.001068115234375,-0.003204345703125,1.58294677734375,0.00640869140625,9.83367919921875,0.000152587890625,0.000152587890625,0.000152587890625,0.000152587890625
31.8776061534882,-0.00213623046875,0,-0.00213623046875,1.58843994140625,0.00732421875,9.83642578125,0.000152587890625,0.000152587890625,0.000152587890625,0.000152587890625
31.8886775970459,-0.00213623046875,-0.001068115234375,-0.00213623046875,1.5911865234375,0.00640869140625,9.8345947265625,0.000152587890625,0.000152587890625,0.000152587890625,0.000152587890625
31.8993003368378,-0.00213623046875,-0.001068115234375,-0.003204345703125,1.5838623046875,0,9.81719970703125,0.000152587890625,0.000152587890625,0.000152587890625,0.000152587890625
31.9190502166748,-0.001068115234375,0.001068115234375,-0.00213623046875,1.5765380859375,0.00091552734375,9.79705810546875,0.000152587890625,0.000152587890625,0.000152587890625,0.000152587890625
31.9276294708252,-0.001068115234375,-0.001068115234375,-0.001068115234375,1.57379150390625,0.0054931640625,9.80072021484375,0.000152587890625,0.000152587890625,0.000152587890625,0.000152587890625
31.9388222694397,-0.001068115234375,0,-0.00213623046875,1.5673828125,-0.00274658203125,9.814453125,0.000152587890625,0.000152587890625,0.000152587890625,0.000152587890625
31.9476139545441,-0.001068115234375,0.001068115234375,-0.00213623046875,1.571044921875,-0.00823974609375,9.814453125,0.000152587890625,0.000152587890625,0.000152587890625,0.000152587890625
31.9779620170593,-0.00213623046875,0,-0.003204345703125,1.5765380859375,0.01007080078125,9.8236083984375,0.000152587890625,0.000152587890625,0.000152587890625,0.000152587890625
31.9888136386871,-0.00213623046875,-0.001068115234375,-0.003204345703125,1.58203125,0.01739501953125,9.8052978515625,0.000152587890625,0.000152587890625,0.000152587890625,0.000152587890625
32.0189542770386,-0.00213623046875,0.001068115234375,-0.003204345703125,1.56463623046875,0.0091552734375,9.78240966796875,0.000152587890625,0.000152587890625,0.000152587890625,0.000152587890625
32.028755903244,-0.00213623046875,-0.001068115234375,-0.003204345703125,1.57196044921875,0.0054931640625,9.80438232421875,0.000152587890625,0.000152587890625,0.000152587890625,0.000152587890625
32.0376770496368,-0.001068115234375,0.001068115234375,-0.00213623046875,1.57928466796875,-0.0018310546875,9.81903076171875,0.000152587890625,0.000152587890625,0.000152587890625,0.000152587890625
32.0507628917694,-0.00213623046875,0,-0.001068115234375,1.58111572265625,-0.00274658203125,9.81353759765625,0.000152587890625,0.000152587890625,0.000152587890625,0.000152587890625
32.0579497814178,-0.001068115234375,0,-0.00213623046875,1.58660888671875,0.00091552734375,9.81719970703125,0.000152587890625,0.000152587890625,0.000152587890625,0.000152587890625
32.0677025318146,0,0,-0.003204345703125,1.5765380859375,0.0091552734375,9.79248046875,0.000152587890625,0.000152587890625,0.000152587890625,0.000152587890625
32.0889213085175,-0.00213623046875,0,-0.001068115234375,1.57745361328125,0.00640869140625,9.78057861328125,0.000152587890625,0.000152587890625,0.000152587890625,0.000152587890625
32.0985960960388,-0.001068115234375,0,-0.001068115234375,1.58203125,0.0018310546875,9.77325439453125,0.000152587890625,0.000152587890625,0.000152587890625,0.000152587890625
32.1195378303528,-0.001068115234375,-0.001068115234375,-0.003204345703125,1.585693359375,0,9.7723388671875,0.000152587890625,0.000152587890625,0.000152587890625,0.000152587890625
32.119802236557,-0.00213623046875,0,-0.003204345703125,1.58294677734375,0.00640869140625,9.774169921875,0.000152587890625,0.000152587890625,0.000152587890625,0.000152587890625
32.1301431655884,-0.00213623046875,0.00213623046875,-0.003204345703125,1.57928466796875,0.003662109375,9.78790283203125,0.000152587890625,0.000152587890625,0.000152587890625,0.000152587890625
32.1408183574677,-0.00213623046875,0.00213623046875,-0.003204345703125,1.578369140625,-0.00091552734375,9.80072021484375,0.000152587890625,0.000152587890625,0.000152587890625,0.000152587890625
32.149836063385,-0.001068115234375,-0.001068115234375,-0.00213623046875,1.58294677734375,-0.0054931640625,9.80712890625,0.000152587890625,0.000152587890625,0.000152587890625,0.000152587890625
32.1600432395935,0,-0.001068115234375,-0.003204345703125,1.58660888671875,-0.00457763671875,9.7833251953125,0.000152587890625,0.000152587890625,0.000152587890625,0.000152587890625
32.1713960170746,-0.001068115234375,0.003204345703125,-0.00213623046875,1.58203125,0,9.77325439453125,0.000152587890625,0.000152587890625,0.000152587890625,0.000152587890625
32.179803609848,-0.001068115234375,0.00213623046875,-0.003204345703125,1.5765380859375,0.0054931640625,9.76043701171875,0.000152587890625,0.000152587890625,0.000152587890625,0.000152587890625
32.1906561851501,-0.00213623046875,0,-0.00213623046875,1.58111572265625,0.0018310546875,9.7723388671875,0.000152587890625,0.000152587890625,0.000152587890625,0.000152587890625
32.2001795768738,-0.00213623046875,0.001068115234375,-0.00213623046875,1.58203125,-0.0054931640625,9.7760009765625,0.000152587890625,0.000152587890625,0.000152587890625,0.000152587890625
32.2112278938293,0,-0.001068115234375,-0.00213623046875,1.57928466796875,-0.003662109375,9.76959228515625,0.000152587890625,0.000152587890625,0.000152587890625,0.000152587890625
32.2198765277863,0,0.001068115234375,-0.003204345703125,1.5802001953125,0.003662109375,9.781494140625,0.000152587890625,0.000152587890625,0.000152587890625,0.000152587890625
32.2307372093201,0,0,-0.003204345703125,1.57012939453125,0.010986328125,9.78240966796875,0.000152587890625,0.000152587890625,0.000152587890625,0.000152587890625
32.2406754493713,-0.00213623046875,-0.001068115234375,-0.00213623046875,1.5655517578125,0.01190185546875,9.8052978515625,0.000152587890625,0.000152587890625,0.000152587890625,0.000152587890625
32.248752117157,-0.00213623046875,0,-0.001068115234375,1.57379150390625,0.0091552734375,9.8016357421875,0.000152587890625,0.000152587890625,0.000152587890625,0.000152587890625
32.2586634159088,0,-0.003204345703125,-0.00213623046875,1.578369140625,0.0018310546875,9.7650146484375,0.000152587890625,0.000152587890625,0.000152587890625,0.000152587890625
32.2687270641327,-0.001068115234375,0,-0.00213623046875,1.57562255859375,-0.00732421875,9.76776123046875,0.000152587890625,0.000152587890625,0.000152587890625,0.000152587890625
32.2776753902435,-0.00213623046875,0.00213623046875,-0.00213623046875,1.57470703125,0.00457763671875,9.7503662109375,0.000152587890625,0.000152587890625,0.000152587890625,0.000152587890625
32.2900965213776,0,0,-0.00213623046875,1.58111572265625,0.01007080078125,9.7760009765625,0.000152587890625,0.000152587890625,0.000152587890625,0.000152587890625
32.2993316650391,-0.001068115234375,-0.001068115234375,-0.00213623046875,1.5838623046875,0.0054931640625,9.78607177734375,0.000152587890625,0.000152587890625,0.000152587890625,0.000152587890625
32.3134026527405,-0.001068115234375,-0.001068115234375,-0.00213623046875,1.58203125,-0.003662109375,9.7796630859375,0.000152587890625,0.000152587890625,0.000152587890625,0.000152587890625
32.3186764717102,-0.001068115234375,0.001068115234375,-0.00213623046875,1.58843994140625,0.003662109375,9.7869873046875,0.000152587890625,0.000152587890625,0.000152587890625,0.000152587890625
32.3300907611847,-0.00213623046875,0.001068115234375,-0.003204345703125,1.585693359375,0.01373291015625,9.781494140625,0.000152587890625,0.000152587890625,0.000152587890625,0.000152587890625
32.3399076461792,-0.00213623046875,0,-0.00213623046875,1.5765380859375,0.010986328125,9.78424072265625,0.000152587890625,0.000152587890625,0.000152587890625,0.000152587890625
32.3508553504944,-0.00213623046875,0,-0.001068115234375,1.571044921875,0.0054931640625,9.76226806640625,0.000152587890625,0.000152587890625,0.000152587890625,0.000152587890625
32.3612954616547,0,0.001068115234375,-0.00213623046875,1.5728759765625,-0.00091552734375,9.75128173828125,0.000152587890625,0.000152587890625,0.000152587890625,0.000152587890625
32.3707811832428,-0.001068115234375,0.00213623046875,-0.003204345703125,1.5838623046875,-0.003662109375,9.74761962890625,0.000152587890625,0.000152587890625,0.000152587890625,0.000152587890625
32.3814477920532,-0.001068115234375,0,-0.00213623046875,1.5802001953125,-0.003662109375,9.75311279296875,0.000152587890625,0.000152587890625,0.000152587890625,0.000152587890625
32.389618396759,-0.00213623046875,0.001068115234375,-0.00213623046875,1.571044921875,0.00274658203125,9.77142333984375,0.000152587890625,0.000152587890625,0.000152587890625,0.000152587890625
32.4005832672119,-0.00213623046875,0.001068115234375,-0.00213623046875,1.571044921875,0,9.77508544921875,0.000152587890625,0.000152587890625,0.000152587890625,0.000152587890625
32.4106230735779,-0.00213623046875,-0.001068115234375,-0.003204345703125,1.578369140625,-0.0054931640625,9.77691650390625,0.000152587890625,0.000152587890625,0.000152587890625,0.000152587890625
32.4206416606903,-0.001068115234375,0,-0.0042724609375,1.58203125,-0.0054931640625,9.76959228515625,0.000152587890625,0.000152587890625,0.000152587890625,0.000152587890625
32.4298655986786,-0.001068115234375,0,-0.00213623046875,1.57745361328125,0.00457763671875,9.7540283203125,0.000152587890625,0.000152587890625,0.000152587890625,0.000152587890625
32.4407312870026,-0.003204345703125,0,-0.00213623046875,1.5673828125,0.00732421875,9.74761962890625,0.000152587890625,0.000152587890625,0.000152587890625,0.000152587890625
32.4528977870941,-0.00213623046875,0,-0.00213623046875,1.5728759765625,0.00732421875,9.75860595703125,0.000152587890625,0.000152587890625,0.000152587890625,0.000152587890625
32.4698367118835,-0.001068115234375,0,-0.003204345703125,1.57562255859375,0.00091552734375,9.74761962890625,0.000152587890625,0.000152587890625,0.000152587890625,0.000152587890625
32.4901196956635,-0.001068115234375,0.001068115234375,-0.003204345703125,1.56829833984375,0.01007080078125,9.75860595703125,0.000152587890625,0.000152587890625,0.000152587890625,0.000152587890625
32.5104098320007,-0.00213623046875,0,-0.00213623046875,1.56829833984375,0.00640869140625,9.78424072265625,0.000152587890625,0.000152587890625,0.000152587890625,0.000152587890625
32.5180149078369,-0.00213623046875,0,-0.00213623046875,1.56646728515625,-0.003662109375,9.7650146484375,0.000152587890625,0.000152587890625,0.000152587890625,0.000152587890625
32.5306606292725,-0.001068115234375,0.00213623046875,-0.003204345703125,1.571044921875,-0.0054931640625,9.74761962890625,0.000152587890625,0.000152587890625,0.000152587890625,0.000152587890625
32.5409994125366,-0.001068115234375,0.00213623046875,-0.003204345703125,1.57379150390625,-0.0054931640625,9.73297119140625,0.000152587890625,0.000152587890625,0.000152587890625,0.000152587890625
32.5518712997437,-0.001068115234375,0,-0.003204345703125,1.57562255859375,-0.0018310546875,9.76043701171875,0.000152587890625,0.000152587890625,0.000152587890625,0.000152587890625
32.5606427192688,-0.001068115234375,0,-0.001068115234375,1.57562255859375,0.003662109375,9.752197265625,0.000152587890625,0.000152587890625,0.000152587890625,0.000152587890625
32.5677721500397,-0.001068115234375,-0.001068115234375,-0.001068115234375,1.5765380859375,0.0091552734375,9.75128173828125,0.000152587890625,0.000152587890625,0.000152587890625,0.000152587890625
32.5818958282471,-0.001068115234375,0.001068115234375,-0.0042724609375,1.5802001953125,0.00823974609375,9.76593017578125,0.000152587890625,0.000152587890625,0.000152587890625,0.000152587890625
32.5906581878662,0,0,-0.003204345703125,1.58294677734375,0.01739501953125,9.76409912109375,0.000152587890625,0.000152587890625,0.000152587890625,0.000152587890625
32.6018197536469,-0.001068115234375,-0.00213623046875,-0.00213623046875,1.58660888671875,0.01739501953125,9.781494140625,0.000152587890625,0.000152587890625,0.000152587890625,0.000152587890625
32.6198544502258,-0.003204345703125,-0.00213623046875,-0.001068115234375,1.578369140625,0.0054931640625,9.75677490234375,0.000152587890625,0.000152587890625,0.000152587890625,0.000152587890625
32.6206548213959,-0.001068115234375,-0.001068115234375,-0.00213623046875,1.57470703125,-0.00274658203125,9.74945068359375,0.000152587890625,0.000152587890625,0.000152587890625,0.000152587890625
32.6406910419464,-0.001068115234375,-0.00213623046875,-0.003204345703125,1.58660888671875,0,9.7320556640625,0.000152587890625,0.000152587890625,0.000152587890625,0.000152587890625
32.6506924629211,-0.00213623046875,-0.001068115234375,-0.003204345703125,1.5765380859375,0.00091552734375,9.74945068359375,0.000152587890625,0.000152587890625,0.000152587890625,0.000152587890625
32.6613471508026,-0.00213623046875,0,-0.00213623046875,1.57470703125,0,9.76043701171875,0.000152587890625,0.000152587890625,0.000152587890625,0.000152587890625
32.6721935272217,-0.001068115234375,-0.001068115234375,-0.00213623046875,1.57745361328125,-0.00457763671875,9.7613525390625,0.000152587890625,0.000152587890625,0.000152587890625,0.000152587890625
32.6846916675568,-0.001068115234375,0,-0.003204345703125,1.5838623046875,-0.00823974609375,9.76959228515625,0.000152587890625,0.000152587890625,0.000152587890625,0.000152587890625
32.7006678581238,-0.00213623046875,0,-0.00213623046875,1.58294677734375,0.0018310546875,9.74945068359375,0.000152587890625,0.000152587890625,0.000152587890625,0.000152587890625
32.7112941741943,-0.00213623046875,0.001068115234375,-0.00213623046875,1.57745361328125,0.00457763671875,9.75311279296875,0.000152587890625,0.000152587890625,0.000152587890625,0.000152587890625
32.7256298065186,-0.00213623046875,0.00213623046875,-0.00213623046875,1.57196044921875,-0.003662109375,9.7430419921875,0.000152587890625,0.000152587890625,0.000152587890625,0.000152587890625
32.7298905849457,-0.001068115234375,0.00213623046875,-0.00213623046875,1.57745361328125,-0.0018310546875,9.74578857421875,0.000152587890625,0.000152587890625,0.000152587890625,0.000152587890625
32.7414019107819,-0.001068115234375,0.001068115234375,-0.003204345703125,1.5802001953125,-0.00640869140625,9.74761962890625,0.000152587890625,0.000152587890625,0.000152587890625,0.000152587890625
32.7511987686157,-0.001068115234375,-0.001068115234375,-0.003204345703125,1.57379150390625,-0.010986328125,9.73846435546875,0.000152587890625,0.000152587890625,0.000152587890625,0.000152587890625
32.7602870464325,-0.001068115234375,0.001068115234375,-0.00213623046875,1.57562255859375,-0.0018310546875,9.7650146484375,0.000152587890625,0.000152587890625,0.000152587890625,0.000152587890625
32.7699282169342,-0.001068115234375,0,-0.003204345703125,1.5802001953125,-0.00091552734375,9.759521484375,0.000152587890625,0.000152587890625,0.000152587890625,0.000152587890625
32.7798104286194,-0.001068115234375,-0.003204345703125,-0.00213623046875,1.578369140625,-0.0054931640625,9.752197265625,0.000152587890625,0.000152587890625,0.000152587890625,0.000152587890625
32.7898826599121,0,0,-0.00213623046875,1.578369140625,-0.00457763671875,9.75677490234375,0.000152587890625,0.000152587890625,0.000152587890625,0.000152587890625
32.7999942302704,-0.001068115234375,0,-0.003204345703125,1.58111572265625,0.003662109375,9.737548828125,0.000152587890625,0.000152587890625,0.000152587890625,0.000152587890625
32.8099975585938,-0.001068115234375,0,-0.003204345703125,1.58477783203125,0.0054931640625,9.7467041015625,0.000152587890625,0.000152587890625,0.000152587890625,0.000152587890625
32.8207800388336,-0.001068115234375,0,-0.00213623046875,1.58111572265625,0.00091552734375,9.74761962890625,0.000152587890625,0.000152587890625,0.000152587890625,0.000152587890625
32.8306233882904,-0.001068115234375,0.001068115234375,-0.003204345703125,1.57928466796875,0.00457763671875,9.74853515625,0.000152587890625,0.000152587890625,0.000152587890625,0.000152587890625
32.8416757583618,-0.00213623046875,0.00213623046875,-0.003204345703125,1.57928466796875,0.00091552734375,9.7503662109375,0.000152587890625,0.000152587890625,0.000152587890625,0.000152587890625
32.8526217937469,-0.00213623046875,0,-0.003204345703125,1.57379150390625,-0.0018310546875,9.73846435546875,0.000152587890625,0.000152587890625,0.000152587890625,0.000152587890625
32.8591639995575,0,0.001068115234375,-0.00213623046875,1.57379150390625,0.00640869140625,9.75860595703125,0.000152587890625,0.000152587890625,0.000152587890625,0.000152587890625
32.8711771965027,-0.00213623046875,0.001068115234375,-0.00213623046875,1.56829833984375,0.01739501953125,9.766845703125,0.000152587890625,0.000152587890625,0.000152587890625,0.000152587890625
32.8807032108307,-0.00213623046875,-0.001068115234375,-0.00213623046875,1.56829833984375,0.00732421875,9.7613525390625,0.000152587890625,0.000152587890625,0.000152587890625,0.000152587890625
32.8909595012665,-0.001068115234375,0.001068115234375,-0.003204345703125,1.58203125,-0.00274658203125,9.755859375,0.000152587890625,0.000152587890625,0.000152587890625,0.000152587890625
32.9008162021637,0,0.001068115234375,-0.003204345703125,1.59027099609375,0,9.737548828125,0.000152587890625,0.000152587890625,0.000152587890625,0.000152587890625
32.9104716777802,-0.00213623046875,0,-0.00213623046875,1.58477783203125,0.003662109375,9.73297119140625,0.000152587890625,0.000152587890625,0.000152587890625,0.000152587890625
32.917801618576,-0.00213623046875,0,-0.00213623046875,1.578369140625,0.0054931640625,9.73388671875,0.000152587890625,0.000152587890625,0.000152587890625,0.000152587890625
32.9288613796234,-0.00213623046875,0,-0.00213623046875,1.578369140625,0.0018310546875,9.7357177734375,0.000152587890625,0.000152587890625,0.000152587890625,0.000152587890625
32.937824010849,-0.00213623046875,0,-0.003204345703125,1.59210205078125,-0.00732421875,9.7467041015625,0.000152587890625,0.000152587890625,0.000152587890625,0.000152587890625
32.947660446167,-0.001068115234375,-0.001068115234375,-0.003204345703125,1.5911865234375,-0.003662109375,9.74945068359375,0.000152587890625,0.000152587890625,0.000152587890625,0.000152587890625
32.9578421115875,-0.001068115234375,-0.00213623046875,-0.00213623046875,1.5765380859375,0.00091552734375,9.7412109375,0.000152587890625,0.000152587890625,0.000152587890625,0.000152587890625
32.9681012630463,0,0.001068115234375,-0.003204345703125,1.571044921875,0.00274658203125,9.75494384765625,0.000152587890625,0.000152587890625,0.000152587890625,0.000152587890625
32.9777140617371,-0.00213623046875,0.00213623046875,-0.00213623046875,1.57470703125,-0.00457763671875,9.7503662109375,0.000152587890625,0.000152587890625,0.000152587890625,0.000152587890625
32.9878752231598,-0.001068115234375,-0.00213623046875,-0.003204345703125,1.5802001953125,-0.0091552734375,9.73388671875,0.000152587890625,0.000152587890625,0.000152587890625,0.000152587890625
32.9978139400482,-0.001068115234375,0.001068115234375,-0.003204345703125,1.57928466796875,-0.00640869140625,9.7265625,0.000152587890625,0.000152587890625,0.000152587890625,0.000152587890625
33.007684469223,-0.00213623046875,0.001068115234375,-0.003204345703125,1.5692138671875,0,9.71099853515625,0.000152587890625,0.000152587890625,0.000152587890625,0.000152587890625
33.0176658630371,-0.001068115234375,0.001068115234375,-0.00213623046875,1.5673828125,0.003662109375,9.7283935546875,0.000152587890625,0.000152587890625,0.000152587890625,0.000152587890625
33.0288169384003,-0.001068115234375,0.001068115234375,-0.00213623046875,1.5802001953125,0.003662109375,9.75677490234375,0.000152587890625,0.000152587890625,0.000152587890625,0.000152587890625
33.0378577709198,-0.00213623046875,-0.001068115234375,-0.00213623046875,1.5875244140625,-0.0018310546875,9.75494384765625,0.000152587890625,0.000152587890625,0.000152587890625,0.000152587890625
33.0576756000519,-0.001068115234375,0,-0.003204345703125,1.5728759765625,-0.003662109375,9.7283935546875,0.000152587890625,0.000152587890625,0.000152587890625,0.000152587890625
33.0698153972626,-0.001068115234375,0.001068115234375,-0.00213623046875,1.57745361328125,0.00457763671875,9.7357177734375,0.000152587890625,0.000152587890625,0.000152587890625,0.000152587890625
33.0777883529663,-0.003204345703125,-0.001068115234375,-0.00213623046875,1.5728759765625,0.003662109375,9.737548828125,0.000152587890625,0.000152587890625,0.000152587890625,0.000152587890625
33.0876305103302,-0.00213623046875,-0.00213623046875,-0.00213623046875,1.5673828125,-0.0018310546875,9.73114013671875,0.000152587890625,0.000152587890625,0.000152587890625,0.000152587890625
33.0992019176483,-0.001068115234375,0.001068115234375,-0.00213623046875,1.57012939453125,-0.00732421875,9.73663330078125,0.000152587890625,0.000152587890625,0.000152587890625,0.000152587890625
33.1076641082764,-0.001068115234375,0.00213623046875,-0.003204345703125,1.57562255859375,-0.0054931640625,9.7210693359375,0.000152587890625,0.000152587890625,0.000152587890625,0.000152587890625
33.1290290355682,-0.001068115234375,0,-0.00213623046875,1.578369140625,0.00732421875,9.7412109375,0.000152587890625,0.000152587890625,0.000152587890625,0.000152587890625
33.1318442821503,-0.001068115234375,0.001068115234375,-0.003204345703125,1.571044921875,0.00640869140625,9.75311279296875,0.000152587890625,0.000152587890625,0.000152587890625,0.000152587890625
33.1376576423645,-0.00213623046875,-0.001068115234375,-0.00213623046875,1.57562255859375,-0.00091552734375,9.74945068359375,0.000152587890625,0.000152587890625,0.000152587890625,0.000152587890625
33.1476893424988,-0.00213623046875,0.001068115234375,-0.003204345703125,1.58294677734375,0.00274658203125,9.74761962890625,0.000152587890625,0.000152587890625,0.000152587890625,0.000152587890625
33.1577847003937,-0.001068115234375,0,-0.003204345703125,1.58660888671875,0.00640869140625,9.73663330078125,0.000152587890625,0.000152587890625,0.000152587890625,0.000152587890625
33.1676297187805,-0.00213623046875,0.001068115234375,-0.003204345703125,1.5802001953125,0.00823974609375,9.73297119140625,0.000152587890625,0.000152587890625,0.000152587890625,0.000152587890625
33.1782608032227,-0.00213623046875,0.001068115234375,-0.00213623046875,1.57012939453125,0.00640869140625,9.7283935546875,0.000152587890625,0.000152587890625,0.000152587890625,0.000152587890625
33.1887829303741,-0.001068115234375,0.001068115234375,-0.001068115234375,1.56829833984375,-0.003662109375,9.73114013671875,0.000152587890625,0.000152587890625,0.000152587890625,0.000152587890625
33.1979880332947,-0.001068115234375,0,-0.00213623046875,1.58111572265625,-0.00457763671875,9.72381591796875,0.000152587890625,0.000152587890625,0.000152587890625,0.000152587890625
33.2078175544739,-0.00213623046875,0.001068115234375,-0.003204345703125,1.58843994140625,0.0018310546875,9.73663330078125,0.000152587890625,0.000152587890625,0.000152587890625,0.000152587890625
33.2218499183655,-0.001068115234375,0.001068115234375,-0.003204345703125,1.58203125,0.00640869140625,9.7430419921875,0.000152587890625,0.000152587890625,0.000152587890625,0.000152587890625
33.2288773059845,-0.001068115234375,0.001068115234375,-0.003204345703125,1.57562255859375,0.0054931640625,9.74578857421875,0.000152587890625,0.000152587890625,0.000152587890625,0.000152587890625
33.2376217842102,-0.003204345703125,0,-0.003204345703125,1.57562255859375,0.00274658203125,9.75311279296875,0.000152587890625,0.000152587890625,0.000152587890625,0.000152587890625
33.2480928897858,-0.003204345703125,-0.001068115234375,-0.00213623046875,1.57470703125,-0.00274658203125,9.73297119140625,0.000152587890625,0.000152587890625,0.000152587890625,0.000152587890625
33.2696602344513,-0.001068115234375,0.001068115234375,-0.003204345703125,1.57379150390625,0.00457763671875,9.7119140625,0.000152587890625,0.000152587890625,0.000152587890625,0.000152587890625
33.2801382541656,-0.00213623046875,0,-0.00213623046875,1.57928466796875,0.00732421875,9.722900390625,0.000152587890625,0.000152587890625,0.000152587890625,0.000152587890625
33.2897391319275,-0.00213623046875,0,-0.00213623046875,1.58111572265625,0.00091552734375,9.7357177734375,0.000152587890625,0.000152587890625,0.000152587890625,0.000152587890625
33.3006267547607,-0.00213623046875,-0.00213623046875,-0.00213623046875,1.5838623046875,0,9.7393798828125,0.000152587890625,0.000152587890625,0.000152587890625,0.000152587890625
33.3127069473267,0,0,-0.00213623046875,1.5802001953125,0.00457763671875,9.74212646484375,0.000152587890625,0.000152587890625,0.000152587890625,0.000152587890625
33.3208196163177,0,0,-0.003204345703125,1.57562255859375,0.00274658203125,9.72747802734375,0.000152587890625,0.000152587890625,0.000152587890625,0.000152587890625
33.3307459354401,-0.001068115234375,0,-0.003204345703125,1.57470703125,0.00457763671875,9.74761962890625,0.000152587890625,0.000152587890625,0.000152587890625,0.000152587890625
33.3398823738098,-0.001068115234375,0,-0.00213623046875,1.57928466796875,0.00274658203125,9.74395751953125,0.000152587890625,0.000152587890625,0.000152587890625,0.000152587890625
33.3497343063354,-0.001068115234375,-0.00213623046875,-0.003204345703125,1.58477783203125,-0.0018310546875,9.72930908203125,0.000152587890625,0.000152587890625,0.000152587890625,0.000152587890625
33.359836101532,0,0.001068115234375,-0.00213623046875,1.585693359375,-0.00274658203125,9.73388671875,0.000152587890625,0.000152587890625,0.000152587890625,0.000152587890625
33.3701958656311,-0.001068115234375,0.001068115234375,-0.003204345703125,1.585693359375,-0.00091552734375,9.71832275390625,0.000152587890625,0.000152587890625,0.000152587890625,0.000152587890625
33.3796875476837,-0.001068115234375,0,-0.00213623046875,1.58843994140625,0.0018310546875,9.72747802734375,0.000152587890625,0.000152587890625,0.000152587890625,0.000152587890625
33.3896629810333,-0.001068115234375,0.001068115234375,-0.001068115234375,1.58843994140625,0.0018310546875,9.74029541015625,0.000152587890625,0.000152587890625,0.000152587890625,0.000152587890625
33.4007334709167,-0.001068115234375,0.00213623046875,-0.001068115234375,1.58477783203125,0.00091552734375,9.73846435546875,0.000152587890625,0.000152587890625,0.000152587890625,0.000152587890625
33.4096448421478,-0.00213623046875,0,-0.00213623046875,1.58203125,0.00640869140625,9.72747802734375,0.000152587890625,0.000152587890625,0.000152587890625,0.000152587890625
33.4180505275726,-0.001068115234375,0.001068115234375,-0.003204345703125,1.58294677734375,0.00732421875,9.72747802734375,0.000152587890625,0.000152587890625,0.000152587890625,0.000152587890625
33.4312920570374,0,0.00213623046875,-0.003204345703125,1.5765380859375,0.00457763671875,9.7247314453125,0.000152587890625,0.000152587890625,0.000152587890625,0.000152587890625
33.4388632774353,-0.001068115234375,0,-0.00213623046875,1.57562255859375,0.00274658203125,9.72198486328125,0.000152587890625,0.000152587890625,0.000152587890625,0.000152587890625
33.4502415657043,-0.00213623046875,0,-0.003204345703125,1.5765380859375,0.00091552734375,9.72015380859375,0.000152587890625,0.000152587890625,0.000152587890625,0.000152587890625
33.4596271514893,-0.001068115234375,0,-0.003204345703125,1.57562255859375,0,9.7119140625,0.000152587890625,0.000152587890625,0.000152587890625,0.000152587890625
33.4696800708771,-0.001068115234375,0.001068115234375,-0.00213623046875,1.58477783203125,-0.0018310546875,9.72381591796875,0.000152587890625,0.000152587890625,0.000152587890625,0.000152587890625
33.479850769043,-0.001068115234375,0.001068115234375,-0.00213623046875,1.58660888671875,-0.003662109375,9.73297119140625,0.000152587890625,0.000152587890625,0.000152587890625,0.000152587890625
33.4907248020172,-0.001068115234375,0,-0.003204345703125,1.578369140625,0.00091552734375,9.744873046875,0.000152587890625,0.000152587890625,0.000152587890625,0.000152587890625
33.5001735687256,-0.003204345703125,0.001068115234375,-0.003204345703125,1.57379150390625,0.00274658203125,9.75311279296875,0.000152587890625,0.000152587890625,0.000152587890625,0.000152587890625
33.5099277496338,-0.00213623046875,0,-0.003204345703125,1.5765380859375,0.00091552734375,9.73846435546875,0.000152587890625,0.000152587890625,0.000152587890625,0.000152587890625
33.5197503566742,0,0,-0.003204345703125,1.58477783203125,-0.003662109375,9.73388671875,0.000152587890625,0.000152587890625,0.000152587890625,0.000152587890625
33.5296788215637,-0.001068115234375,0.001068115234375,-0.003204345703125,1.57745361328125,-0.00823974609375,9.71832275390625,0.000152587890625,0.000152587890625,0.000152587890625,0.000152587890625
33.5498390197754,-0.00213623046875,0.00213623046875,-0.00213623046875,1.571044921875,-0.00457763671875,9.7137451171875,0.000152587890625,0.000152587890625,0.000152587890625,0.000152587890625
33.55983710289,-0.001068115234375,0.001068115234375,-0.00213623046875,1.578369140625,-0.010986328125,9.7137451171875,0.000152587890625,0.000152587890625,0.000152587890625,0.000152587890625
33.5696802139282,-0.001068115234375,0.00213623046875,-0.003204345703125,1.585693359375,-0.0128173828125,9.73388671875,0.000152587890625,0.000152587890625,0.000152587890625,0.000152587890625
33.5796005725861,-0.001068115234375,0.001068115234375,-0.003204345703125,1.5838623046875,-0.00457763671875,9.72930908203125,0.000152587890625,0.000152587890625,0.000152587890625,0.000152587890625
33.5902080535889,-0.001068115234375,0,-0.00213623046875,1.57745361328125,0.00457763671875,9.737548828125,0.000152587890625,0.000152587890625,0.000152587890625,0.000152587890625
33.6003108024597,-0.00213623046875,0.00213623046875,-0.00213623046875,1.5728759765625,-0.00274658203125,9.73388671875,0.000152587890625,0.000152587890625,0.000152587890625,0.000152587890625
33.6108074188232,-0.00213623046875,0.00213623046875,-0.00213623046875,1.57379150390625,-0.0091552734375,9.72747802734375,0.000152587890625,0.000152587890625,0.000152587890625,0.000152587890625
33.6198029518127,-0.001068115234375,0.001068115234375,-0.00213623046875,1.57745361328125,-0.00823974609375,9.72015380859375,0.000152587890625,0.000152587890625,0.000152587890625,0.000152587890625
33.6759083271027,-0.001068115234375,0,-0.003204345703125,1.57470703125,-0.00640869140625,9.70916748046875,0.000152587890625,0.000152587890625,0.000152587890625,0.000152587890625
33.6769571304321,-0.003204345703125,0.001068115234375,-0.003204345703125,1.5728759765625,-0.0018310546875,9.7174072265625,0.000152587890625,0.000152587890625,0.000152587890625,0.000152587890625
33.677960395813,-0.001068115234375,0,-0.00213623046875,1.56829833984375,0.00823974609375,9.72381591796875,0.000152587890625,0.000152587890625,0.000152587890625,0.000152587890625
33.6797335147858,-0.001068115234375,-0.001068115234375,-0.00213623046875,1.57379150390625,0.00732421875,9.74212646484375,0.000152587890625,0.000152587890625,0.000152587890625,0.000152587890625
33.6806879043579,-0.001068115234375,-0.001068115234375,-0.003204345703125,1.578369140625,-0.0054931640625,9.75128173828125,0.000152587890625,0.000152587890625,0.000152587890625,0.000152587890625
33.6822183132172,-0.001068115234375,-0.001068115234375,-0.00213623046875,1.578369140625,-0.0146484375,9.73846435546875,0.000152587890625,0.000152587890625,0.000152587890625,0.000152587890625
33.6899118423462,-0.001068115234375,-0.001068115234375,-0.003204345703125,1.5765380859375,-0.003662109375,9.7320556640625,0.000152587890625,0.000152587890625,0.000152587890625,0.000152587890625
33.6997482776642,-0.00213623046875,-0.001068115234375,-0.003204345703125,1.5728759765625,0.0128173828125,9.730224609375,0.000152587890625,0.000152587890625,0.000152587890625,0.000152587890625
33.7097098827362,-0.00213623046875,-0.001068115234375,-0.00213623046875,1.56646728515625,0.010986328125,9.7265625,0.000152587890625,0.000152587890625,0.000152587890625,0.000152587890625
33.7299680709839,-0.001068115234375,0.00213623046875,-0.003204345703125,1.57196044921875,-0.00091552734375,9.72198486328125,0.000152587890625,0.000152587890625,0.000152587890625,0.000152587890625
33.7399835586548,-0.001068115234375,0.00213623046875,-0.0042724609375,1.57470703125,-0.00091552734375,9.72015380859375,0.000152587890625,0.000152587890625,0.000152587890625,0.000152587890625
33.7499389648438,-0.00213623046875,0.001068115234375,-0.00213623046875,1.57562255859375,-0.0018310546875,9.73114013671875,0.000152587890625,0.000152587890625,0.000152587890625,0.000152587890625
33.7598659992218,-0.001068115234375,0.003204345703125,-0.003204345703125,1.5802001953125,-0.003662109375,9.737548828125,0.000152587890625,0.000152587890625,0.000152587890625,0.000152587890625
33.7701616287231,-0.001068115234375,0,-0.003204345703125,1.58477783203125,-0.00640869140625,9.74029541015625,0.000152587890625,0.000152587890625,0.000152587890625,0.000152587890625
33.7798268795013,-0.001068115234375,0,-0.003204345703125,1.59027099609375,0,9.74761962890625,0.000152587890625,0.000152587890625,0.000152587890625,0.000152587890625
33.7898211479187,0,0,-0.003204345703125,1.58935546875,0.0054931640625,9.730224609375,0.000152587890625,0.000152587890625,0.000152587890625,0.000152587890625
33.799809217453,-0.00213623046875,0.00213623046875,-0.00213623046875,1.58203125,0.0091552734375,9.7265625,0.000152587890625,0.000152587890625,0.000152587890625,0.000152587890625
33.8127999305725,-0.00213623046875,0.00213623046875,-0.00213623046875,1.57562255859375,0.0128173828125,9.71649169921875,0.000152587890625,0.000152587890625,0.000152587890625,0.000152587890625
33.8198001384735,-0.001068115234375,0,-0.00213623046875,1.57745361328125,0.00640869140625,9.71923828125,0.000152587890625,0.000152587890625,0.000152587890625,0.000152587890625
33.8299839496613,-0.00213623046875,-0.001068115234375,-0.003204345703125,1.58111572265625,-0.0054931640625,9.72564697265625,0.000152587890625,0.000152587890625,0.000152587890625,0.000152587890625
33.8396806716919,-0.00213623046875,-0.001068115234375,-0.003204345703125,1.57470703125,-0.01190185546875,9.71649169921875,0.000152587890625,0.000152587890625,0.000152587890625,0.000152587890625
33.8497626781464,-0.001068115234375,0,-0.00213623046875,1.56829833984375,-0.00640869140625,9.73297119140625,0.000152587890625,0.000152587890625,0.000152587890625,0.000152587890625
33.8614509105682,0,0,-0.00213623046875,1.56829833984375,-0.0054931640625,9.74212646484375,0.000152587890625,0.000152587890625,0.000152587890625,0.000152587890625
33.8698637485504,-0.00213623046875,0,-0.00213623046875,1.57745361328125,-0.00274658203125,9.75494384765625,0.000152587890625,0.000152587890625,0.000152587890625,0.000152587890625
33.8802299499512,-0.00213623046875,0.001068115234375,-0.00213623046875,1.58111572265625,-0.0018310546875,9.74395751953125,0.000152587890625,0.000152587890625,0.000152587890625,0.000152587890625
33.8898396492004,0,0,-0.003204345703125,1.57562255859375,-0.00274658203125,9.71832275390625,0.000152587890625,0.000152587890625,0.000152587890625,0.000152587890625
33.8999059200287,-0.001068115234375,0.00213623046875,-0.003204345703125,1.5728759765625,-0.00091552734375,9.72198486328125,0.000152587890625,0.000152587890625,0.000152587890625,0.000152587890625
33.9106705188751,-0.001068115234375,0.003204345703125,-0.00213623046875,1.57470703125,0.0018310546875,9.72198486328125,0.000152587890625,0.000152587890625,0.000152587890625,0.000152587890625
33.9198501110077,-0.00213623046875,-0.001068115234375,-0.00213623046875,1.5728759765625,-0.00091552734375,9.72747802734375,0.000152587890625,0.000152587890625,0.000152587890625,0.000152587890625
33.9296715259552,-0.001068115234375,0,-0.00213623046875,1.5728759765625,-0.003662109375,9.7357177734375,0.000152587890625,0.000152587890625,0.000152587890625,0.000152587890625
33.9406569004059,-0.001068115234375,0.00213623046875,-0.003204345703125,1.578369140625,-0.00091552734375,9.730224609375,0.000152587890625,0.000152587890625,0.000152587890625,0.000152587890625
33.9499707221985,0,0.00213623046875,-0.0042724609375,1.5838623046875,0.01007080078125,9.72198486328125,0.000152587890625,0.000152587890625,0.000152587890625,0.000152587890625
33.9601337909698,0,0.001068115234375,-0.003204345703125,1.57928466796875,0.0146484375,9.72381591796875,0.000152587890625,0.000152587890625,0.000152587890625,0.000152587890625
33.9698581695557,-0.001068115234375,0.001068115234375,-0.00213623046875,1.5728759765625,0.0054931640625,9.73480224609375,0.000152587890625,0.000152587890625,0.000152587890625,0.000152587890625
33.9799466133118,-0.001068115234375,0,-0.00213623046875,1.5673828125,0.0018310546875,9.72381591796875,0.000152587890625,0.000152587890625,0.000152587890625,0.000152587890625
33.9917969703674,-0.001068115234375,0.001068115234375,-0.00213623046875,1.57562255859375,0.00091552734375,9.71832275390625,0.000152587890625,0.000152587890625,0.000152587890625,0.000152587890625
34.0018153190613,-0.001068115234375,0.001068115234375,-0.003204345703125,1.57562255859375,-0.00457763671875,9.71466064453125,0.000152587890625,0.000152587890625,0.000152587890625,0.000152587890625
34.0098764896393,-0.001068115234375,0.001068115234375,-0.003204345703125,1.5655517578125,-0.00823974609375,9.7210693359375,0.000152587890625,0.000152587890625,0.000152587890625,0.000152587890625
34.0198760032654,-0.001068115234375,0,-0.003204345703125,1.5618896484375,-0.0054931640625,9.7265625,0.000152587890625,0.000152587890625,0.000152587890625,0.000152587890625
34.0306723117828,-0.001068115234375,0,-0.00213623046875,1.57379150390625,-0.01007080078125,9.73663330078125,0.000152587890625,0.000152587890625,0.000152587890625,0.000152587890625
34.0377244949341,-0.00213623046875,0.001068115234375,-0.00213623046875,1.58294677734375,-0.010986328125,9.744873046875,0.000152587890625,0.000152587890625,0.000152587890625,0.000152587890625
34.0546605587006,-0.001068115234375,0,-0.0042724609375,1.58203125,-0.00640869140625,9.7320556640625,0.000152587890625,0.000152587890625,0.000152587890625,0.000152587890625
34.0584652423859,0,-0.001068115234375,-0.0042724609375,1.57196044921875,0.00091552734375,9.73480224609375,0.000152587890625,0.000152587890625,0.000152587890625,0.000152587890625
34.0701501369476,-0.003204345703125,0.001068115234375,-0.003204345703125,1.56646728515625,0.0018310546875,9.737548828125,0.000152587890625,0.000152587890625,0.000152587890625,0.000152587890625
34.0798444747925,-0.00213623046875,0,-0.00213623046875,1.56646728515625,-0.00732421875,9.72198486328125,0.000152587890625,0.000152587890625,0.000152587890625,0.000152587890625
34.0998487472534,-0.001068115234375,0.00213623046875,-0.003204345703125,1.57470703125,-0.00732421875,9.71649169921875,0.000152587890625,0.000152587890625,0.000152587890625,0.000152587890625
34.1079013347626,-0.00213623046875,0.001068115234375,-0.0042724609375,1.5728759765625,-0.0018310546875,9.7174072265625,0.000152587890625,0.000152587890625,0.000152587890625,0.000152587890625
34.1184170246124,-0.00213623046875,0.003204345703125,-0.001068115234375,1.5728759765625,0.01007080078125,9.72747802734375,0.000152587890625,0.000152587890625,0.000152587890625,0.000152587890625
34.1347317695618,-0.00213623046875,0.001068115234375,-0.00213623046875,1.5802001953125,0.0146484375,9.7320556640625,0.000152587890625,0.000152587890625,0.000152587890625,0.000152587890625
34.1399388313293,-0.00213623046875,0.001068115234375,-0.00213623046875,1.58843994140625,0.00823974609375,9.74945068359375,0.000152587890625,0.000152587890625,0.000152587890625,0.000152587890625
34.1478822231293,-0.001068115234375,0.001068115234375,-0.003204345703125,1.5875244140625,0.00457763671875,9.7357177734375,0.000152587890625,0.000152587890625,0.000152587890625,0.000152587890625
34.1588580608368,-0.00213623046875,0.001068115234375,-0.003204345703125,1.58294677734375,0.00640869140625,9.715576171875,0.000152587890625,0.000152587890625,0.000152587890625,0.000152587890625
34.1683218479156,-0.001068115234375,0.001068115234375,-0.003204345703125,1.578369140625,0.0054931640625,9.7100830078125,0.000152587890625,0.000152587890625,0.000152587890625,0.000152587890625
34.1778585910797,-0.001068115234375,0.00213623046875,-0.00213623046875,1.57745361328125,0.0054931640625,9.72930908203125,0.000152587890625,0.000152587890625,0.000152587890625,0.000152587890625
34.1889119148254,-0.001068115234375,-0.00213623046875,-0.00213623046875,1.57470703125,0.003662109375,9.72930908203125,0.000152587890625,0.000152587890625,0.000152587890625,0.000152587890625
34.1982464790344,-0.001068115234375,-0.003204345703125,-0.003204345703125,1.57012939453125,-0.00091552734375,9.7137451171875,0.000152587890625,0.000152587890625,0.000152587890625,0.000152587890625
34.2098956108093,-0.001068115234375,0.00213623046875,-0.0042724609375,1.57470703125,-0.0018310546875,9.73388671875,0.000152587890625,0.000152587890625,0.000152587890625,0.000152587890625
34.2178506851196,0,0.00213623046875,-0.003204345703125,1.58203125,0.00457763671875,9.74029541015625,0.000152587890625,0.000152587890625,0.000152587890625,0.000152587890625
34.2279131412506,0,-0.001068115234375,-0.003204345703125,1.5911865234375,0.00732421875,9.75494384765625,0.000152587890625,0.000152587890625,0.000152587890625,0.000152587890625
34.2387678623199,-0.001068115234375,0,-0.00213623046875,1.5875244140625,0,9.74578857421875,0.000152587890625,0.000152587890625,0.000152587890625,0.000152587890625
34.2478215694427,0,0.001068115234375,-0.003204345703125,1.57745361328125,-0.0128173828125,9.7210693359375,0.000152587890625,0.000152587890625,0.000152587890625,0.000152587890625
34.2597680091858,0,0.001068115234375,-0.003204345703125,1.57745361328125,-0.0128173828125,9.71282958984375,0.000152587890625,0.000152587890625,0.000152587890625,0.000152587890625
