time,rollrate,pitchrate,yawrate,accx,accy,accz,thrust1,thrust2,thrust3,thrust4
0,0,0.001068115234375,-0.001068115234375,-0.1666259765625,0.062255859375,9.88861083984375,0.000152587890625,0.000152587890625,0.000152587890625,0.000152587890625
0.011317253112793,0,0,-0.001068115234375,-0.1666259765625,0.05401611328125,9.8968505859375,0.000152587890625,0.000152587890625,0.000152587890625,0.000152587890625
0.0199713706970215,-0.001068115234375,-0.001068115234375,0,-0.16387939453125,0.05126953125,9.89501953125,0.000152587890625,0.000152587890625,0.000152587890625,0.000152587890625
0.0299825668334961,-0.001068115234375,-0.001068115234375,-0.00213623046875,-0.15289306640625,0.05767822265625,9.8638916015625,0.000152587890625,0.000152587890625,0.000152587890625,0.000152587890625
0.0400807857513428,0,0,-0.00213623046875,-0.16204833984375,0.0567626953125,9.8638916015625,0.000152587890625,0.000152587890625,0.000152587890625,0.000152587890625
0.0501587390899658,-0.001068115234375,-0.001068115234375,-0.001068115234375,-0.1776123046875,0.05035400390625,9.88494873046875,0.000152587890625,0.000152587890625,0.000152587890625,0.000152587890625
0.0599689483642578,0,0,-0.001068115234375,-0.1702880859375,0.047607421875,9.87396240234375,0.000152587890625,0.000152587890625,0.000152587890625,0.000152587890625
0.0699973106384277,-0.001068115234375,0.001068115234375,-0.001068115234375,-0.16021728515625,0.05401611328125,9.8675537109375,0.000152587890625,0.000152587890625,0.000152587890625,0.000152587890625
0.0801892280578613,-0.001068115234375,0,-0.001068115234375,-0.1611328125,0.05584716796875,9.91424560546875,0.000152587890625,0.000152587890625,0.000152587890625,0.000152587890625
0.0913076400756836,-0.001068115234375,0.001068115234375,0,-0.1666259765625,0.0567626953125,9.90692138671875,0.000152587890625,0.000152587890625,0.000152587890625,0.000152587890625
0.103382349014282,0,0.00213623046875,0,-0.16204833984375,0.05767822265625,9.88128662109375,0.000152587890625,0.000152587890625,0.000152587890625,0.000152587890625
0.110211849212646,0,0.001068115234375,-0.001068115234375,-0.1593017578125,0.05767822265625,9.8968505859375,0.000152587890625,0.000152587890625,0.000152587890625,0.000152587890625
0.121126651763916,-0.00213623046875,0.00213623046875,-0.001068115234375,-0.16387939453125,0.05859375,9.88677978515625,0.000152587890625,0.000152587890625,0.000152587890625,0.000152587890625
0.137900114059448,-0.001068115234375,0.00213623046875,0,-0.16021728515625,0.05950927734375,9.86663818359375,0.000152587890625,0.000152587890625,0.000152587890625,0.000152587890625
0.142083406448364,0,0.00213623046875,0,-0.15380859375,0.05767822265625,9.86663818359375,0.000152587890625,0.000152587890625,0.000152587890625,0.000152587890625
0.150973081588745,-0.001068115234375,0.00213623046875,-0.001068115234375,-0.164794921875,0.05950927734375,9.8748779296875,0.000152587890625,0.000152587890625,0.000152587890625,0.000152587890625
0.164177179336548,0,0.001068115234375,-0.001068115234375,-0.16937255859375,0.05950927734375,9.8858642578125,0.000152587890625,0.000152587890625,0.000152587890625,0.000152587890625
0.181296110153198,0,0.001068115234375,-0.001068115234375,-0.16021728515625,0.05218505859375,9.898681640625,0.000152587890625,0.000152587890625,0.000152587890625,0.000152587890625
0.199268341064453,0,0.001068115234375,-0.001068115234375,-0.172119140625,0.05218505859375,9.906005859375,0.000152587890625,0.000152587890625,0.000152587890625,0.000152587890625
0.202893495559692,0,0.00213623046875,-0.001068115234375,-0.172119140625,0.062255859375,9.88677978515625,0.000152587890625,0.000152587890625,0.000152587890625,0.000152587890625
0.212563514709473,-0.001068115234375,0,-0.001068115234375,-0.172119140625,0.06134033203125,9.86572265625,0.000152587890625,0.000152587890625,0.000152587890625,0.000152587890625
0.220981121063232,0,0,-0.001068115234375,-0.16937255859375,0.05035400390625,9.87945556640625,0.000152587890625,0.000152587890625,0.000152587890625,0.000152587890625
0.230178833007812,0,0,0,-0.1629638671875,0.047607421875,9.88677978515625,0.000152587890625,0.000152587890625,0.000152587890625,0.000152587890625
0.239980697631836,0.001068115234375,0,0,-0.1593017578125,0.05401611328125,9.8583984375,0.000152587890625,0.000152587890625,0.000152587890625,0.000152587890625
0.252121448516846,0,0.001068115234375,0,-0.16571044921875,0.06134033203125,9.87396240234375,0.000152587890625,0.000152587890625,0.000152587890625,0.000152587890625
0.260167598724365,-0.001068115234375,0.00213623046875,0,-0.1739501953125,0.0604248046875,9.90234375,0.000152587890625,0.000152587890625,0.000152587890625,0.000152587890625
0.280089139938354,-0.001068115234375,0.00213623046875,-0.00213623046875,-0.15838623046875,0.0604248046875,9.88494873046875,0.000152587890625,0.000152587890625,0.000152587890625,0.000152587890625
0.292178392410278,-0.00213623046875,0.001068115234375,-0.001068115234375,-0.16204833984375,0.0531005859375,9.90692138671875,0.000152587890625,0.000152587890625,0.000152587890625,0.000152587890625
0.300084590911865,-0.001068115234375,0.001068115234375,-0.001068115234375,-0.16021728515625,0.06134033203125,9.8858642578125,0.000152587890625,0.000152587890625,0.000152587890625,0.000152587890625
0.307935953140259,0,0.001068115234375,-0.001068115234375,-0.1593017578125,0.06500244140625,9.85198974609375,0.000152587890625,0.000152587890625,0.000152587890625,0.000152587890625
0.330320835113525,-0.001068115234375,-0.001068115234375,0,-0.164794921875,0.05035400390625,9.88128662109375,0.000152587890625,0.000152587890625,0.000152587890625,0.000152587890625
0.34518837928772,-0.001068115234375,0.00213623046875,-0.001068115234375,-0.1556396484375,0.0604248046875,9.86297607421875,0.000152587890625,0.000152587890625,0.000152587890625,0.000152587890625
0.349925994873047,-0.00213623046875,0,-0.001068115234375,-0.15380859375,0.069580078125,9.9005126953125,0.000152587890625,0.000152587890625,0.000152587890625,0.000152587890625
0.360210657119751,-0.001068115234375,0.001068115234375,-0.001068115234375,-0.1629638671875,0.06500244140625,9.89959716796875,0.000152587890625,0.000152587890625,0.000152587890625,0.000152587890625
0.372042894363403,0,-0.001068115234375,0,-0.1702880859375,0.06317138671875,9.88128662109375,0.000152587890625,0.000152587890625,0.000152587890625,0.000152587890625
0.392038106918335,0,0,-0.001068115234375,-0.16204833984375,0.069580078125,9.8858642578125,0.000152587890625,0.000152587890625,0.000152587890625,0.000152587890625
0.400958776473999,0.001068115234375,0,-0.001068115234375,-0.172119140625,0.06866455078125,9.873046875,0.000152587890625,0.000152587890625,0.000152587890625,0.000152587890625
0.410137414932251,0,0,-0.001068115234375,-0.16754150390625,0.07049560546875,9.87945556640625,0.000152587890625,0.000152587890625,0.000152587890625,0.000152587890625
0.420097351074219,-0.001068115234375,-0.001068115234375,-0.00213623046875,-0.16021728515625,0.06134033203125,9.8785400390625,0.000152587890625,0.000152587890625,0.000152587890625,0.000152587890625
0.431614637374878,0,0,-0.001068115234375,-0.15838623046875,0.0494384765625,9.88311767578125,0.000152587890625,0.000152587890625,0.000152587890625,0.000152587890625
0.439960241317749,0,0.001068115234375,-0.001068115234375,-0.1556396484375,0.05401611328125,9.8931884765625,0.000152587890625,0.000152587890625,0.000152587890625,0.000152587890625
0.450933218002319,-0.001068115234375,0.001068115234375,-0.001068115234375,-0.1629638671875,0.0640869140625,9.876708984375,0.000152587890625,0.000152587890625,0.000152587890625,0.000152587890625
0.461021661758423,-0.001068115234375,0.003204345703125,-0.001068115234375,-0.17120361328125,0.0677490234375,9.90234375,0.000152587890625,0.000152587890625,0.000152587890625,0.000152587890625
0.471194744110107,-0.001068115234375,0.001068115234375,0,-0.16937255859375,0.07415771484375,9.91241455078125,0.000152587890625,0.000152587890625,0.000152587890625,0.000152587890625
0.480084657669067,-0.001068115234375,0.001068115234375,-0.001068115234375,-0.1629638671875,0.07781982421875,9.8748779296875,0.000152587890625,0.000152587890625,0.000152587890625,0.000152587890625
0.490973472595215,0,0.001068115234375,-0.00213623046875,-0.15655517578125,0.0640869140625,9.88677978515625,0.000152587890625,0.000152587890625,0.000152587890625,0.000152587890625
0.499985456466675,-0.001068115234375,0.00213623046875,-0.001068115234375,-0.15380859375,0.06134033203125,9.89227294921875,0.000152587890625,0.000152587890625,0.000152587890625,0.000152587890625
0.510768413543701,-0.001068115234375,0.00213623046875,-0.001068115234375,-0.1593017578125,0.07232666015625,9.8638916015625,0.000152587890625,0.000152587890625,0.000152587890625,0.000152587890625
0.520964384078979,0,0.001068115234375,-0.001068115234375,-0.16204833984375,0.0677490234375,9.869384765625,0.000152587890625,0.000152587890625,0.000152587890625,0.000152587890625
0.531251192092896,0,-0.00213623046875,-0.001068115234375,-0.1629638671875,0.0531005859375,9.90692138671875,0.000152587890625,0.000152587890625,0.000152587890625,0.000152587890625
0.540057897567749,-0.001068115234375,-0.001068115234375,-0.001068115234375,-0.1666259765625,0.05584716796875,9.8822021484375,0.000152587890625,0.000152587890625,0.000152587890625,0.000152587890625
0.549964427947998,0.001068115234375,0,-0.001068115234375,-0.1629638671875,0.05950927734375,9.88037109375,0.000152587890625,0.000152587890625,0.000152587890625,0.000152587890625
0.559974193572998,0,0,-0.001068115234375,-0.1593017578125,0.054931640625,9.89227294921875,0.000152587890625,0.000152587890625,0.000152587890625,0.000152587890625
0.570708513259888,0,0,-0.001068115234375,-0.15838623046875,0.054931640625,9.86297607421875,0.000152587890625,0.000152587890625,0.000152587890625,0.000152587890625
0.579964637756348,-0.001068115234375,0.001068115234375,-0.00213623046875,-0.16021728515625,0.05584716796875,9.87396240234375,0.000152587890625,0.000152587890625,0.000152587890625,0.000152587890625
0.591261386871338,-0.001068115234375,0,-0.001068115234375,-0.16937255859375,0.05859375,9.8876953125,0.000152587890625,0.000152587890625,0.000152587890625,0.000152587890625
0.60008978843689,-0.001068115234375,0,-0.001068115234375,-0.1702880859375,0.05584716796875,9.87213134765625,0.000152587890625,0.000152587890625,0.000152587890625,0.000152587890625
0.610981225967407,0,0,-0.001068115234375,-0.164794921875,0.0604248046875,9.87396240234375,0.000152587890625,0.000152587890625,0.000152587890625,0.000152587890625
0.619927406311035,-0.001068115234375,0,0,-0.1629638671875,0.06317138671875,9.88128662109375,0.000152587890625,0.000152587890625,0.000152587890625,0.000152587890625
0.627933740615845,-0.001068115234375,0,0,-0.16204833984375,0.06500244140625,9.8822021484375,0.000152587890625,0.000152587890625,0.000152587890625,0.000152587890625
0.637990236282349,-0.001068115234375,-0.001068115234375,0,-0.15838623046875,0.0677490234375,9.88311767578125,0.000152587890625,0.000152587890625,0.000152587890625,0.000152587890625
0.648124933242798,-0.001068115234375,0,0,-0.16021728515625,0.06134033203125,9.89959716796875,0.000152587890625,0.000152587890625,0.000152587890625,0.000152587890625
0.658108711242676,-0.001068115234375,0,-0.001068115234375,-0.164794921875,0.05401611328125,9.89410400390625,0.000152587890625,0.000152587890625,0.000152587890625,0.000152587890625
0.667980909347534,-0.001068115234375,0.001068115234375,0,-0.1611328125,0.05218505859375,9.88494873046875,0.000152587890625,0.000152587890625,0.000152587890625,0.000152587890625
0.687925338745117,0,0,0,-0.17578125,0.0604248046875,9.8748779296875,0.000152587890625,0.000152587890625,0.000152587890625,0.000152587890625
0.703256845474243,0,0.001068115234375,-0.001068115234375,-0.17303466796875,0.0604248046875,9.9005126953125,0.000152587890625,0.000152587890625,0.000152587890625,0.000152587890625
0.708194494247437,-0.001068115234375,0,0,-0.1666259765625,0.0640869140625,9.884033203125,0.000152587890625,0.000152587890625,0.000152587890625,0.000152587890625
0.717967510223389,-0.001068115234375,0,0,-0.1629638671875,0.06683349609375,9.8895263671875,0.000152587890625,0.000152587890625,0.000152587890625,0.000152587890625
0.729996919631958,-0.001068115234375,0,-0.001068115234375,-0.16571044921875,0.054931640625,9.913330078125,0.000152587890625,0.000152587890625,0.000152587890625,0.000152587890625
0.738577127456665,-0.00213623046875,0,-0.00213623046875,-0.1666259765625,0.0604248046875,9.90142822265625,0.000152587890625,0.000152587890625,0.000152587890625,0.000152587890625
0.749011516571045,-0.001068115234375,0,-0.00213623046875,-0.16021728515625,0.0604248046875,9.88494873046875,0.000152587890625,0.000152587890625,0.000152587890625,0.000152587890625
0.757994413375854,-0.001068115234375,0,-0.001068115234375,-0.16387939453125,0.054931640625,9.8858642578125,0.000152587890625,0.000152587890625,0.000152587890625,0.000152587890625
0.768376588821411,-0.001068115234375,0.001068115234375,-0.001068115234375,-0.16021728515625,0.0531005859375,9.89227294921875,0.000152587890625,0.000152587890625,0.000152587890625,0.000152587890625
0.779205560684204,-0.001068115234375,-0.001068115234375,-0.001068115234375,-0.1629638671875,0.06683349609375,9.86297607421875,0.000152587890625,0.000152587890625,0.000152587890625,0.000152587890625
0.788115978240967,-0.001068115234375,0,-0.001068115234375,-0.16204833984375,0.06500244140625,9.876708984375,0.000152587890625,0.000152587890625,0.000152587890625,0.000152587890625
0.809937000274658,0,0,-0.001068115234375,-0.15655517578125,0.06866455078125,9.88861083984375,0.000152587890625,0.000152587890625,0.000152587890625,0.000152587890625
0.818095445632935,-0.001068115234375,0.001068115234375,-0.001068115234375,-0.16571044921875,0.069580078125,9.88861083984375,0.000152587890625,0.000152587890625,0.000152587890625,0.000152587890625
0.830430507659912,0,0.001068115234375,-0.001068115234375,-0.17303466796875,0.062255859375,9.89959716796875,0.000152587890625,0.000152587890625,0.000152587890625,0.000152587890625
0.839179515838623,-0.001068115234375,0.001068115234375,0,-0.1666259765625,0.06134033203125,9.8858642578125,0.000152587890625,0.000152587890625,0.000152587890625,0.000152587890625
0.851004838943481,-0.001068115234375,0.001068115234375,0,-0.16204833984375,0.0677490234375,9.862060546875,0.000152587890625,0.000152587890625,0.000152587890625,0.000152587890625
0.859961271286011,-0.001068115234375,0.00213623046875,0,-0.164794921875,0.06317138671875,9.884033203125,0.000152587890625,0.000152587890625,0.000152587890625,0.000152587890625
0.871923446655273,-0.00213623046875,0.00213623046875,-0.001068115234375,-0.1629638671875,0.0604248046875,9.87762451171875,0.000152587890625,0.000152587890625,0.000152587890625,0.000152587890625
0.880184412002563,-0.001068115234375,0.00213623046875,-0.001068115234375,-0.15838623046875,0.0604248046875,9.8675537109375,0.000152587890625,0.000152587890625,0.000152587890625,0.000152587890625
0.893158912658691,0,0,-0.001068115234375,-0.1666259765625,0.054931640625,9.89227294921875,0.000152587890625,0.000152587890625,0.000152587890625,0.000152587890625
0.910418272018433,-0.001068115234375,0,-0.001068115234375,-0.16571044921875,0.05767822265625,9.87945556640625,0.000152587890625,0.000152587890625,0.000152587890625,0.000152587890625
0.919922590255737,-0.001068115234375,0,-0.001068115234375,-0.16204833984375,0.05950927734375,9.87579345703125,0.000152587890625,0.000152587890625,0.000152587890625,0.000152587890625
0.931128978729248,-0.001068115234375,0.001068115234375,-0.001068115234375,-0.16204833984375,0.06317138671875,9.89044189453125,0.000152587890625,0.000152587890625,0.000152587890625,0.000152587890625
0.940023422241211,-0.001068115234375,0.001068115234375,-0.001068115234375,-0.16387939453125,0.06591796875,9.88128662109375,0.000152587890625,0.000152587890625,0.000152587890625,0.000152587890625
0.957981586456299,0,-0.001068115234375,-0.001068115234375,-0.16021728515625,0.06683349609375,9.87396240234375,0.000152587890625,0.000152587890625,0.000152587890625,0.000152587890625
0.9720458984375,-0.001068115234375,0,-0.001068115234375,-0.15655517578125,0.06317138671875,9.8931884765625,0.000152587890625,0.000152587890625,0.000152587890625,0.000152587890625
0.981990098953247,-0.001068115234375,0,-0.001068115234375,-0.1593017578125,0.0677490234375,9.891357421875,0.000152587890625,0.000152587890625,0.000152587890625,0.000152587890625
0.988034248352051,0,-0.001068115234375,-0.001068115234375,-0.16754150390625,0.076904296875,9.8785400390625,0.000152587890625,0.000152587890625,0.000152587890625,0.000152587890625
1.00003910064697,-0.001068115234375,0,0,-0.16845703125,0.07049560546875,9.89776611328125,0.000152587890625,0.000152587890625,0.000152587890625,0.000152587890625
1.01042771339417,-0.001068115234375,0.001068115234375,0,-0.16204833984375,0.06683349609375,9.89959716796875,0.000152587890625,0.000152587890625,0.000152587890625,0.000152587890625
1.01930117607117,-0.001068115234375,0.001068115234375,0,-0.16204833984375,0.06683349609375,9.86846923828125,0.000152587890625,0.000152587890625,0.000152587890625,0.000152587890625
1.02991461753845,-0.001068115234375,0.003204345703125,-0.001068115234375,-0.1666259765625,0.06134033203125,9.8822021484375,0.000152587890625,0.000152587890625,0.000152587890625,0.000152587890625
1.04002332687378,-0.001068115234375,0.00213623046875,0,-0.164794921875,0.06317138671875,9.88311767578125,0.000152587890625,0.000152587890625,0.000152587890625,0.000152587890625
1.05028319358826,0,0.001068115234375,0,-0.1611328125,0.06591796875,9.8712158203125,0.000152587890625,0.000152587890625,0.000152587890625,0.000152587890625
1.07007479667664,-0.001068115234375,0.00213623046875,-0.001068115234375,-0.15655517578125,0.0604248046875,9.90142822265625,0.000152587890625,0.000152587890625,0.000152587890625,0.000152587890625
1.07935786247253,0,0.001068115234375,-0.001068115234375,-0.15838623046875,0.05950927734375,9.9041748046875,0.000152587890625,0.000152587890625,0.000152587890625,0.000152587890625
1.09293818473816,0,0.001068115234375,0,-0.1611328125,0.062255859375,9.89227294921875,0.000152587890625,0.000152587890625,0.000152587890625,0.000152587890625
1.09976434707642,-0.001068115234375,0,-0.001068115234375,-0.1593017578125,0.054931640625,9.9114990234375,0.000152587890625,0.000152587890625,0.000152587890625,0.000152587890625
1.11025071144104,-0.00213623046875,0,-0.00213623046875,-0.15838623046875,0.05218505859375,9.90509033203125,0.000152587890625,0.000152587890625,0.000152587890625,0.000152587890625
1.1192193031311,-0.001068115234375,-0.001068115234375,-0.00213623046875,-0.15838623046875,0.06500244140625,9.87945556640625,0.000152587890625,0.000152587890625,0.000152587890625,0.000152587890625
1.1280460357666,0,-0.001068115234375,0,-0.1629638671875,0.069580078125,9.876708984375,0.000152587890625,0.000152587890625,0.000152587890625,0.000152587890625
1.14013671875,-0.001068115234375,-0.001068115234375,0,-0.16845703125,0.0604248046875,9.87396240234375,0.000152587890625,0.000152587890625,0.000152587890625,0.000152587890625
1.14998483657837,0,0,-0.001068115234375,-0.16204833984375,0.05035400390625,9.87396240234375,0.000152587890625,0.000152587890625,0.000152587890625,0.000152587890625
1.15912985801697,0,0,0,-0.16204833984375,0.04852294921875,9.8895263671875,0.000152587890625,0.000152587890625,0.000152587890625,0.000152587890625
1.16993856430054,-0.00213623046875,0.00213623046875,-0.001068115234375,-0.15655517578125,0.05401611328125,9.91058349609375,0.000152587890625,0.000152587890625,0.000152587890625,0.000152587890625
1.17998647689819,-0.001068115234375,0.001068115234375,-0.001068115234375,-0.15655517578125,0.0531005859375,9.89593505859375,0.000152587890625,0.000152587890625,0.000152587890625,0.000152587890625
1.19142484664917,0,0.001068115234375,-0.001068115234375,-0.164794921875,0.06500244140625,9.88128662109375,0.000152587890625,0.000152587890625,0.000152587890625,0.000152587890625
1.19892644882202,-0.001068115234375,0,-0.001068115234375,-0.1702880859375,0.069580078125,9.8876953125,0.000152587890625,0.000152587890625,0.000152587890625,0.000152587890625
1.21328163146973,0,0,-0.001068115234375,-0.16387939453125,0.06500244140625,9.873046875,0.000152587890625,0.000152587890625,0.000152587890625,0.000152587890625
1.230220079422,0,0.001068115234375,0,-0.1629638671875,0.06683349609375,9.8675537109375,0.000152587890625,0.000152587890625,0.000152587890625,0.000152587890625
1.23834204673767,-0.001068115234375,0.001068115234375,0,-0.16204833984375,0.06591796875,9.87213134765625,0.000152587890625,0.000152587890625,0.000152587890625,0.000152587890625
1.24795866012573,-0.001068115234375,0.001068115234375,0,-0.16021728515625,0.06683349609375,9.8785400390625,0.000152587890625,0.000152587890625,0.000152587890625,0.000152587890625
1.25827240943909,0,0,-0.001068115234375,-0.16845703125,0.062255859375,9.89044189453125,0.000152587890625,0.000152587890625,0.000152587890625,0.000152587890625
1.26799583435059,0,0,-0.001068115234375,-0.16937255859375,0.05859375,9.89959716796875,0.000152587890625,0.000152587890625,0.000152587890625,0.000152587890625
1.28008055686951,-0.001068115234375,0.001068115234375,-0.001068115234375,-0.157470703125,0.05767822265625,9.8968505859375,0.000152587890625,0.000152587890625,0.000152587890625,0.000152587890625
1.28796219825745,-0.001068115234375,0.001068115234375,-0.001068115234375,-0.15380859375,0.05218505859375,9.8858642578125,0.000152587890625,0.000152587890625,0.000152587890625,0.000152587890625
1.30821943283081,-0.001068115234375,-0.00213623046875,-0.001068115234375,-0.164794921875,0.054931640625,9.86846923828125,0.000152587890625,0.000152587890625,0.000152587890625,0.000152587890625
1.31812381744385,0,-0.001068115234375,-0.001068115234375,-0.16571044921875,0.05126953125,9.876708984375,0.000152587890625,0.000152587890625,0.000152587890625,0.000152587890625
1.32794380187988,0,0.001068115234375,-0.001068115234375,-0.17303466796875,0.0567626953125,9.86572265625,0.000152587890625,0.000152587890625,0.000152587890625,0.000152587890625
1.33998131752014,-0.001068115234375,0.001068115234375,-0.001068115234375,-0.1739501953125,0.06866455078125,9.88494873046875,0.000152587890625,0.000152587890625,0.000152587890625,0.000152587890625
1.34794521331787,0,0.001068115234375,-0.001068115234375,-0.164794921875,0.07049560546875,9.8876953125,0.000152587890625,0.000152587890625,0.000152587890625,0.000152587890625
1.35798645019531,0,0.001068115234375,0,-0.1611328125,0.06500244140625,9.8822021484375,0.000152587890625,0.000152587890625,0.000152587890625,0.000152587890625
1.37795352935791,-0.001068115234375,0.003204345703125,0,-0.1593017578125,0.0604248046875,9.90325927734375,0.000152587890625,0.000152587890625,0.000152587890625,0.000152587890625
1.39233946800232,0,0.00213623046875,0,-0.1593017578125,0.0640869140625,9.86480712890625,0.000152587890625,0.000152587890625,0.000152587890625,0.000152587890625
1.39941906929016,0,0.001068115234375,-0.001068115234375,-0.172119140625,0.06591796875,9.86480712890625,0.000152587890625,0.000152587890625,0.000152587890625,0.000152587890625
1.42797708511353,-0.001068115234375,0.00213623046875,-0.001068115234375,-0.16937255859375,0.06866455078125,9.87213134765625,0.000152587890625,0.000152587890625,0.000152587890625,0.000152587890625
1.43799805641174,-0.00213623046875,0.001068115234375,-0.001068115234375,-0.1666259765625,0.062255859375,9.90325927734375,0.000152587890625,0.000152587890625,0.000152587890625,0.000152587890625
1.45013308525085,-0.001068115234375,0.001068115234375,-0.001068115234375,-0.15655517578125,0.06500244140625,9.88311767578125,0.000152587890625,0.000152587890625,0.000152587890625,0.000152587890625
1.45797562599182,-0.001068115234375,0.001068115234375,-0.001068115234375,-0.15655517578125,0.062255859375,9.89227294921875,0.000152587890625,0.000152587890625,0.000152587890625,0.000152587890625
1.46796083450317,-0.001068115234375,0.001068115234375,0,-0.16571044921875,0.05126953125,9.906005859375,0.000152587890625,0.000152587890625,0.000152587890625,0.000152587890625
1.47807645797729,-0.001068115234375,0,-0.001068115234375,-0.16387939453125,0.04852294921875,9.8822021484375,0.000152587890625,0.000152587890625,0.000152587890625,0.000152587890625
1.48792457580566,-0.001068115234375,0,-0.001068115234375,-0.15380859375,0.05401611328125,9.8583984375,0.000152587890625,0.000152587890625,0.000152587890625,0.000152587890625
1.49853444099426,-0.001068115234375,-0.001068115234375,0,-0.157470703125,0.05950927734375,9.86297607421875,0.000152587890625,0.000152587890625,0.000152587890625,0.000152587890625
1.50816869735718,-0.001068115234375,-0.001068115234375,0,-0.16754150390625,0.0640869140625,9.8675537109375,0.000152587890625,0.000152587890625,0.000152587890625,0.000152587890625
1.51852250099182,0,-0.001068115234375,-0.001068115234375,-0.1611328125,0.06683349609375,9.8712158203125,0.000152587890625,0.000152587890625,0.000152587890625,0.000152587890625
1.52819299697876,-0.001068115234375,0.001068115234375,0,-0.16021728515625,0.0567626953125,9.8785400390625,0.000152587890625,0.000152587890625,0.000152587890625,0.000152587890625
1.53794860839844,-0.00213623046875,0.001068115234375,0.001068115234375,-0.164794921875,0.04852294921875,9.8931884765625,0.000152587890625,0.000152587890625,0.000152587890625,0.000152587890625
1.54794335365295,-0.001068115234375,0.001068115234375,0,-0.15380859375,0.0604248046875,9.90875244140625,0.000152587890625,0.000152587890625,0.000152587890625,0.000152587890625
1.55833554267883,0,0.00213623046875,-0.001068115234375,-0.15106201171875,0.06683349609375,9.8785400390625,0.000152587890625,0.000152587890625,0.000152587890625,0.000152587890625
1.56809115409851,0,0.003204345703125,-0.001068115234375,-0.16387939453125,0.062255859375,9.86480712890625,0.000152587890625,0.000152587890625,0.000152587890625,0.000152587890625
1.57796454429626,0,0.001068115234375,-0.001068115234375,-0.16021728515625,0.06317138671875,9.88494873046875,0.000152587890625,0.000152587890625,0.000152587890625,0.000152587890625
1.58723664283752,0,0.001068115234375,-0.001068115234375,-0.14923095703125,0.06866455078125,9.86572265625,0.000152587890625,0.000152587890625,0.000152587890625,0.000152587890625
1.59911179542542,-0.001068115234375,0.001068115234375,0,-0.1519775390625,0.06591796875,9.85931396484375,0.000152587890625,0.000152587890625,0.000152587890625,0.000152587890625
1.60803151130676,-0.001068115234375,0.00213623046875,0,-0.16021728515625,0.05950927734375,9.8858642578125,0.000152587890625,0.000152587890625,0.000152587890625,0.000152587890625
1.61805844306946,-0.001068115234375,0.001068115234375,0,-0.157470703125,0.05859375,9.8931884765625,0.000152587890625,0.000152587890625,0.000152587890625,0.000152587890625
1.62808561325073,-0.00213623046875,0,-0.001068115234375,-0.1556396484375,0.05767822265625,9.87213134765625,0.000152587890625,0.000152587890625,0.000152587890625,0.000152587890625
1.63798594474792,-0.001068115234375,0,-0.001068115234375,-0.1702880859375,0.05401611328125,9.8931884765625,0.000152587890625,0.000152587890625,0.000152587890625,0.000152587890625
1.65794324874878,0,0,-0.001068115234375,-0.1629638671875,0.06866455078125,9.8638916015625,0.000152587890625,0.000152587890625,0.000152587890625,0.000152587890625
1.66794586181641,0,-0.001068115234375,-0.001068115234375,-0.16571044921875,0.062255859375,9.8529052734375,0.000152587890625,0.000152587890625,0.000152587890625,0.000152587890625
1.67814874649048,-0.001068115234375,0,-0.001068115234375,-0.172119140625,0.0494384765625,9.86297607421875,0.000152587890625,0.000152587890625,0.000152587890625,0.000152587890625
1.68810868263245,0,0.001068115234375,-0.001068115234375,-0.16754150390625,0.05584716796875,9.85748291015625,0.000152587890625,0.000152587890625,0.000152587890625,0.000152587890625
1.69793486595154,0,0,-0.001068115234375,-0.15838623046875,0.05950927734375,9.85107421875,0.000152587890625,0.000152587890625,0.000152587890625,0.000152587890625
1.71604561805725,0,0,0,-0.1611328125,0.0567626953125,9.873046875,0.000152587890625,0.000152587890625,0.000152587890625,0.000152587890625
1.71912860870361,-0.001068115234375,0.001068115234375,0,-0.16021728515625,0.06134033203125,9.891357421875,0.000152587890625,0.000152587890625,0.000152587890625,0.000152587890625
1.72807621955872,-0.001068115234375,0.00213623046875,-0.00213623046875,-0.15380859375,0.06500244140625,9.8785400390625,0.000152587890625,0.000152587890625,0.000152587890625,0.000152587890625
1.73812890052795,-0.001068115234375,0.001068115234375,-0.001068115234375,-0.15655517578125,0.05859375,9.88311767578125,0.000152587890625,0.000152587890625,0.000152587890625,0.000152587890625
1.74816107749939,-0.001068115234375,0.00213623046875,-0.001068115234375,-0.16204833984375,0.0567626953125,9.8748779296875,0.000152587890625,0.000152587890625,0.000152587890625,0.000152587890625
1.75793981552124,-0.001068115234375,0.003204345703125,-0.001068115234375,-0.1519775390625,0.06683349609375,9.87762451171875,0.000152587890625,0.000152587890625,0.000152587890625,0.000152587890625
1.7680332660675,-0.001068115234375,0.001068115234375,-0.001068115234375,-0.14739990234375,0.0640869140625,9.86114501953125,0.000152587890625,0.000152587890625,0.000152587890625,0.000152587890625
1.77806091308594,-0.001068115234375,0,-0.001068115234375,-0.1593017578125,0.05401611328125,9.8583984375,0.000152587890625,0.000152587890625,0.000152587890625,0.000152587890625
1.78806972503662,-0.001068115234375,0.001068115234375,-0.001068115234375,-0.16754150390625,0.05859375,9.89044189453125,0.000152587890625,0.000152587890625,0.000152587890625,0.000152587890625
1.79899001121521,-0.001068115234375,0,-0.00213623046875,-0.15472412109375,0.06317138671875,9.8748779296875,0.000152587890625,0.000152587890625,0.000152587890625,0.000152587890625
1.80797147750854,0.001068115234375,0,-0.001068115234375,-0.15380859375,0.05859375,9.88037109375,0.000152587890625,0.000152587890625,0.000152587890625,0.000152587890625
1.81803226470947,0,0.001068115234375,-0.001068115234375,-0.1611328125,0.05401611328125,9.89776611328125,0.000152587890625,0.000152587890625,0.000152587890625,0.000152587890625
1.83044457435608,-0.001068115234375,-0.001068115234375,-0.001068115234375,-0.1556396484375,0.0604248046875,9.876708984375,0.000152587890625,0.000152587890625,0.000152587890625,0.000152587890625
1.83792495727539,0,-0.001068115234375,-0.001068115234375,-0.15655517578125,0.0604248046875,9.85198974609375,0.000152587890625,0.000152587890625,0.000152587890625,0.000152587890625
1.84804940223694,0,0.001068115234375,-0.001068115234375,-0.164794921875,0.04852294921875,9.86846923828125,0.000152587890625,0.000152587890625,0.000152587890625,0.000152587890625
1.8582911491394,-0.001068115234375,0.001068115234375,-0.001068115234375,-0.1593017578125,0.0640869140625,9.87396240234375,0.000152587890625,0.000152587890625,0.000152587890625,0.000152587890625
1.8701446056366,0,-0.001068115234375,0,-0.142822265625,0.07965087890625,9.840087890625,0.000152587890625,0.000152587890625,0.000152587890625,0.000152587890625
1.89098620414734,0.001068115234375,0,-0.001068115234375,-0.15106201171875,0.0677490234375,9.8822021484375,0.000152587890625,0.000152587890625,0.000152587890625,0.000152587890625
1.89299035072327,0,0.001068115234375,0,-0.16937255859375,0.05859375,9.9005126953125,0.000152587890625,0.000152587890625,0.000152587890625,0.000152587890625
1.89800238609314,0,0.001068115234375,-0.001068115234375,-0.16204833984375,0.069580078125,9.86846923828125,0.000152587890625,0.000152587890625,0.000152587890625,0.000152587890625
1.90801811218262,-0.001068115234375,0.001068115234375,0,-0.16021728515625,0.0714111328125,9.87945556640625,0.000152587890625,0.000152587890625,0.000152587890625,0.000152587890625
1.91803741455078,-0.001068115234375,0.003204345703125,0,-0.17120361328125,0.06317138671875,9.88494873046875,0.000152587890625,0.000152587890625,0.000152587890625,0.000152587890625
1.94633865356445,-0.00213623046875,0.00213623046875,0,-0.17303466796875,0.06134033203125,9.86663818359375,0.000152587890625,0.000152587890625,0.000152587890625,0.000152587890625
1.94640254974365,-0.001068115234375,0.00213623046875,-0.001068115234375,-0.16937255859375,0.06500244140625,9.85015869140625,0.000152587890625,0.000152587890625,0.000152587890625,0.000152587890625
1.94794011116028,0,0.00213623046875,-0.00213623046875,-0.172119140625,0.062255859375,9.87213134765625,0.000152587890625,0.000152587890625,0.000152587890625,0.000152587890625
1.95797491073608,-0.001068115234375,0.00213623046875,-0.00213623046875,-0.16571044921875,0.054931640625,9.8785400390625,0.000152587890625,0.000152587890625,0.000152587890625,0.000152587890625
1.97108578681946,-0.001068115234375,0,-0.001068115234375,-0.15838623046875,0.0640869140625,9.87579345703125,0.000152587890625,0.000152587890625,0.000152587890625,0.000152587890625
1.97981977462769,0,0,-0.00213623046875,-0.1556396484375,0.06500244140625,9.87762451171875,0.000152587890625,0.000152587890625,0.000152587890625,0.000152587890625
1.98800182342529,0,0,-0.00213623046875,-0.16204833984375,0.05950927734375,9.89044189453125,0.000152587890625,0.000152587890625,0.000152587890625,0.000152587890625
1.99853706359863,-0.001068115234375,0,-0.001068115234375,-0.1629638671875,0.062255859375,9.88861083984375,0.000152587890625,0.000152587890625,0.000152587890625,0.000152587890625
2.00898361206055,-0.001068115234375,-0.001068115234375,0,-0.1593017578125,0.06134033203125,9.86572265625,0.000152587890625,0.000152587890625,0.000152587890625,0.000152587890625
2.0179238319397,0,0.001068115234375,0,-0.157470703125,0.05401611328125,9.8712158203125,0.000152587890625,0.000152587890625,0.000152587890625,0.000152587890625
2.03095865249634,-0.001068115234375,0.00213623046875,-0.00213623046875,-0.1556396484375,0.0567626953125,9.8638916015625,0.000152587890625,0.000152587890625,0.000152587890625,0.000152587890625
2.03902983665466,0,0.001068115234375,-0.00213623046875,-0.15838623046875,0.06317138671875,9.84283447265625,0.000152587890625,0.000152587890625,0.000152587890625,0.000152587890625
2.04899644851685,0,0,0,-0.15838623046875,0.06317138671875,9.854736328125,0.000152587890625,0.000152587890625,0.000152587890625,0.000152587890625
2.05910754203796,-0.001068115234375,0,0,-0.16387939453125,0.0494384765625,9.862060546875,0.000152587890625,0.000152587890625,0.000152587890625,0.000152587890625
2.06815385818481,-0.00213623046875,0.001068115234375,0,-0.16021728515625,0.054931640625,9.8675537109375,0.000152587890625,0.000152587890625,0.000152587890625,0.000152587890625
2.07800817489624,-0.001068115234375,0.001068115234375,-0.001068115234375,-0.1629638671875,0.06683349609375,9.8583984375,0.000152587890625,0.000152587890625,0.000152587890625,0.000152587890625
2.08894515037537,0,0.00213623046875,-0.001068115234375,-0.17303466796875,0.0640869140625,9.87945556640625,0.000152587890625,0.000152587890625,0.000152587890625,0.000152587890625
2.10001468658447,0,-0.001068115234375,0,-0.172119140625,0.0604248046875,9.88037109375,0.000152587890625,0.000152587890625,0.000152587890625,0.000152587890625
2.10819029808044,0,0,-0.00213623046875,-0.1702880859375,0.0567626953125,9.86480712890625,0.000152587890625,0.000152587890625,0.000152587890625,0.000152587890625
2.11898946762085,0,0.00213623046875,-0.001068115234375,-0.1702880859375,0.06134033203125,9.86572265625,0.000152587890625,0.000152587890625,0.000152587890625,0.000152587890625
2.12795782089233,-0.001068115234375,0.00213623046875,0,-0.1702880859375,0.0714111328125,9.85748291015625,0.000152587890625,0.000152587890625,0.000152587890625,0.000152587890625
2.13891053199768,0,0.001068115234375,-0.001068115234375,-0.16571044921875,0.07232666015625,9.85931396484375,0.000152587890625,0.000152587890625,0.000152587890625,0.000152587890625
2.14793801307678,-0.001068115234375,0,-0.001068115234375,-0.16845703125,0.05767822265625,9.854736328125,0.000152587890625,0.000152587890625,0.000152587890625,0.000152587890625
2.15893936157227,-0.001068115234375,0.003204345703125,0,-0.1629638671875,0.05218505859375,9.86297607421875,0.000152587890625,0.000152587890625,0.000152587890625,0.000152587890625
2.16803765296936,0,0.00213623046875,-0.001068115234375,-0.15380859375,0.05035400390625,9.88037109375,0.000152587890625,0.000152587890625,0.000152587890625,0.000152587890625
2.17908501625061,0,0.00213623046875,-0.001068115234375,-0.14923095703125,0.05584716796875,9.86114501953125,0.000152587890625,0.000152587890625,0.000152587890625,0.000152587890625
2.18799138069153,-0.001068115234375,0.001068115234375,-0.001068115234375,-0.157470703125,0.06317138671875,9.862060546875,0.000152587890625,0.000152587890625,0.000152587890625,0.000152587890625
2.19916868209839,0.001068115234375,0,-0.00213623046875,-0.16021728515625,0.06683349609375,9.85931396484375,0.000152587890625,0.000152587890625,0.000152587890625,0.000152587890625
2.20901536941528,0.001068115234375,-0.001068115234375,-0.001068115234375,-0.15655517578125,0.05950927734375,9.84375,0.000152587890625,0.000152587890625,0.000152587890625,0.000152587890625
2.22598719596863,0,-0.001068115234375,-0.001068115234375,-0.16021728515625,0.05126953125,9.85015869140625,0.000152587890625,0.000152587890625,0.000152587890625,0.000152587890625
2.2283046245575,0,-0.00213623046875,-0.001068115234375,-0.1629638671875,0.0531005859375,9.86663818359375,0.000152587890625,0.000152587890625,0.000152587890625,0.000152587890625
2.23932123184204,0.001068115234375,-0.001068115234375,0,-0.16021728515625,0.06591796875,9.85565185546875,0.000152587890625,0.000152587890625,0.000152587890625,0.000152587890625
2.24907732009888,0,0,-0.001068115234375,-0.16845703125,0.062255859375,9.869384765625,0.000152587890625,0.000152587890625,0.000152587890625,0.000152587890625
2.25804495811462,0,0,-0.001068115234375,-0.17303466796875,0.05859375,9.88037109375,0.000152587890625,0.000152587890625,0.000152587890625,0.000152587890625
2.27186155319214,0,0.001068115234375,-0.001068115234375,-0.16387939453125,0.05767822265625,9.8529052734375,0.000152587890625,0.000152587890625,0.000152587890625,0.000152587890625
2.27802181243896,0,0.001068115234375,0,-0.16021728515625,0.05126953125,9.862060546875,0.000152587890625,0.000152587890625,0.000152587890625,0.000152587890625
2.29105281829834,-0.001068115234375,0.001068115234375,-0.001068115234375,-0.1629638671875,0.0457763671875,9.86846923828125,0.000152587890625,0.000152587890625,0.000152587890625,0.000152587890625
2.29922556877136,0,0,-0.001068115234375,-0.16754150390625,0.05126953125,9.85015869140625,0.000152587890625,0.000152587890625,0.000152587890625,0.000152587890625
2.31015491485596,-0.001068115234375,0.001068115234375,-0.001068115234375,-0.16571044921875,0.05859375,9.85748291015625,0.000152587890625,0.000152587890625,0.000152587890625,0.000152587890625
2.31907558441162,-0.001068115234375,0.00213623046875,-0.001068115234375,-0.1629638671875,0.054931640625,9.86572265625,0.000152587890625,0.000152587890625,0.000152587890625,0.000152587890625
2.32794785499573,-0.00213623046875,0.001068115234375,-0.00213623046875,-0.1611328125,0.0531005859375,9.86114501953125,0.000152587890625,0.000152587890625,0.000152587890625,0.000152587890625
2.33896565437317,-0.00213623046875,0.001068115234375,-0.001068115234375,-0.16021728515625,0.06500244140625,9.86114501953125,0.000152587890625,0.000152587890625,0.000152587890625,0.000152587890625
2.34890484809875,-0.001068115234375,0,-0.001068115234375,-0.16204833984375,0.0714111328125,9.87213134765625,0.000152587890625,0.000152587890625,0.000152587890625,0.000152587890625
2.35820579528809,-0.001068115234375,0.001068115234375,-0.001068115234375,-0.16387939453125,0.06683349609375,9.8748779296875,0.000152587890625,0.000152587890625,0.000152587890625,0.000152587890625
2.36914563179016,-0.001068115234375,0.001068115234375,-0.001068115234375,-0.1556396484375,0.06500244140625,9.876708984375,0.000152587890625,0.000152587890625,0.000152587890625,0.000152587890625
2.37927770614624,0,0.001068115234375,-0.00213623046875,-0.14923095703125,0.05859375,9.8748779296875,0.000152587890625,0.000152587890625,0.000152587890625,0.000152587890625
2.38900279998779,0,0.001068115234375,-0.001068115234375,-0.15289306640625,0.054931640625,9.862060546875,0.000152587890625,0.000152587890625,0.000152587890625,0.000152587890625
2.3991072177887,-0.00213623046875,0,-0.001068115234375,-0.1629638671875,0.0531005859375,9.873046875,0.000152587890625,0.000152587890625,0.000152587890625,0.000152587890625
2.40899443626404,-0.001068115234375,0,-0.001068115234375,-0.164794921875,0.05950927734375,9.85931396484375,0.000152587890625,0.000152587890625,0.000152587890625,0.000152587890625
2.42107009887695,0,0.001068115234375,-0.001068115234375,-0.1666259765625,0.0604248046875,9.8529052734375,0.000152587890625,0.000152587890625,0.000152587890625,0.000152587890625
2.42911458015442,-0.00213623046875,0.001068115234375,-0.001068115234375,-0.16754150390625,0.062255859375,9.86572265625,0.000152587890625,0.000152587890625,0.000152587890625,0.000152587890625
2.43992185592651,-0.001068115234375,-0.001068115234375,-0.001068115234375,-0.16387939453125,0.062255859375,9.8583984375,0.000152587890625,0.000152587890625,0.000152587890625,0.000152587890625
2.45001316070557,-0.001068115234375,0,-0.00213623046875,-0.16204833984375,0.06683349609375,9.8675537109375,0.000152587890625,0.000152587890625,0.000152587890625,0.000152587890625
2.45795607566833,-0.00213623046875,0.001068115234375,-0.00213623046875,-0.16387939453125,0.06317138671875,9.88677978515625,0.000152587890625,0.000152587890625,0.000152587890625,0.000152587890625
2.47012257575989,-0.001068115234375,0.001068115234375,0,-0.16845703125,0.0677490234375,9.8822021484375,0.000152587890625,0.000152587890625,0.000152587890625,0.000152587890625
2.47815585136414,0,0.001068115234375,-0.001068115234375,-0.1629638671875,0.0714111328125,9.86114501953125,0.000152587890625,0.000152587890625,0.000152587890625,0.000152587890625
2.48994541168213,-0.001068115234375,0.00213623046875,-0.001068115234375,-0.164794921875,0.069580078125,9.86480712890625,0.000152587890625,0.000152587890625,0.000152587890625,0.000152587890625
2.49798655509949,-0.00213623046875,0.003204345703125,-0.001068115234375,-0.16754150390625,0.0677490234375,9.86480712890625,0.000152587890625,0.000152587890625,0.000152587890625,0.000152587890625
2.50816226005554,0,0.003204345703125,-0.001068115234375,-0.15838623046875,0.06866455078125,9.83184814453125,0.000152587890625,0.000152587890625,0.000152587890625,0.000152587890625
2.5291006565094,-0.001068115234375,0,0,-0.1666259765625,0.05035400390625,9.87945556640625,0.000152587890625,0.000152587890625,0.000152587890625,0.000152587890625
2.5428786277771,0,0.001068115234375,0,-0.16571044921875,0.05126953125,9.87030029296875,0.000152587890625,0.000152587890625,0.000152587890625,0.000152587890625
2.54890084266663,0,0,-0.001068115234375,-0.15380859375,0.05035400390625,9.87213134765625,0.000152587890625,0.000152587890625,0.000152587890625,0.000152587890625
2.55892705917358,-0.001068115234375,0,-0.00213623046875,-0.16021728515625,0.04669189453125,9.8748779296875,0.000152587890625,0.000152587890625,0.000152587890625,0.000152587890625
2.57106328010559,0,0,-0.001068115234375,-0.17120361328125,0.05401611328125,9.86297607421875,0.000152587890625,0.000152587890625,0.000152587890625,0.000152587890625
2.57894515991211,0,0,0,-0.1666259765625,0.0640869140625,9.854736328125,0.000152587890625,0.000152587890625,0.000152587890625,0.000152587890625
2.58889532089233,0,-0.001068115234375,0,-0.15838623046875,0.0640869140625,9.87030029296875,0.000152587890625,0.000152587890625,0.000152587890625,0.000152587890625
2.59952569007874,0.001068115234375,-0.001068115234375,0,-0.16021728515625,0.05401611328125,9.87579345703125,0.000152587890625,0.000152587890625,0.000152587890625,0.000152587890625
2.60993647575378,0.001068115234375,0,-0.001068115234375,-0.1593017578125,0.05584716796875,9.876708984375,0.000152587890625,0.000152587890625,0.000152587890625,0.000152587890625
2.61993622779846,0,0,-0.00213623046875,-0.1556396484375,0.05950927734375,9.87945556640625,0.000152587890625,0.000152587890625,0.000152587890625,0.000152587890625
2.63202476501465,0,-0.001068115234375,-0.00213623046875,-0.1593017578125,0.05859375,9.88128662109375,0.000152587890625,0.000152587890625,0.000152587890625,0.000152587890625
2.6389753818512,0,0,-0.001068115234375,-0.16387939453125,0.05584716796875,9.89501953125,0.000152587890625,0.000152587890625,0.000152587890625,0.000152587890625
2.65926241874695,-0.001068115234375,0,-0.001068115234375,-0.1593017578125,0.047607421875,9.86297607421875,0.000152587890625,0.000152587890625,0.000152587890625,0.000152587890625
2.66994380950928,-0.001068115234375,0.001068115234375,0,-0.1629638671875,0.04119873046875,9.8638916015625,0.000152587890625,0.000152587890625,0.000152587890625,0.000152587890625
2.68005728721619,-0.001068115234375,0.003204345703125,-0.00213623046875,-0.150146484375,0.04669189453125,9.86480712890625,0.000152587890625,0.000152587890625,0.000152587890625,0.000152587890625
2.68889427185059,-0.001068115234375,0.001068115234375,-0.001068115234375,-0.146484375,0.0494384765625,9.86846923828125,0.000152587890625,0.000152587890625,0.000152587890625,0.000152587890625
2.69941663742065,0,0.001068115234375,-0.001068115234375,-0.15380859375,0.04669189453125,9.884033203125,0.000152587890625,0.000152587890625,0.000152587890625,0.000152587890625
2.70917654037476,0,0,-0.001068115234375,-0.1629638671875,0.0531005859375,9.89959716796875,0.000152587890625,0.000152587890625,0.000152587890625,0.000152587890625
2.7273223400116,-0.001068115234375,0,0,-0.1611328125,0.0640869140625,9.87762451171875,0.000152587890625,0.000152587890625,0.000152587890625,0.000152587890625
2.7291247844696,-0.001068115234375,0,0,-0.15472412109375,0.06134033203125,9.8931884765625,0.000152587890625,0.000152587890625,0.000152587890625,0.000152587890625
2.73993825912476,-0.001068115234375,-0.001068115234375,-0.001068115234375,-0.15289306640625,0.0604248046875,9.89044189453125,0.000152587890625,0.000152587890625,0.000152587890625,0.000152587890625
2.75891900062561,0,0,-0.001068115234375,-0.1556396484375,0.06591796875,9.86663818359375,0.000152587890625,0.000152587890625,0.000152587890625,0.000152587890625
2.76996660232544,0,0,0,-0.16387939453125,0.05767822265625,9.8712158203125,0.000152587890625,0.000152587890625,0.000152587890625,0.000152587890625
2.77910423278809,0,0,-0.001068115234375,-0.16754150390625,0.05950927734375,9.8602294921875,0.000152587890625,0.000152587890625,0.000152587890625,0.000152587890625
2.79093217849731,0,0,-0.001068115234375,-0.1702880859375,0.06500244140625,9.88037109375,0.000152587890625,0.000152587890625,0.000152587890625,0.000152587890625
2.80220699310303,0,0.001068115234375,-0.001068115234375,-0.1739501953125,0.07232666015625,9.8968505859375,0.000152587890625,0.000152587890625,0.000152587890625,0.000152587890625
2.81409049034119,-0.001068115234375,0.001068115234375,-0.00213623046875,-0.16937255859375,0.069580078125,9.88128662109375,0.000152587890625,0.000152587890625,0.000152587890625,0.000152587890625
2.82198357582092,-0.001068115234375,0.001068115234375,-0.00213623046875,-0.16571044921875,0.0640869140625,9.8895263671875,0.000152587890625,0.000152587890625,0.000152587890625,0.000152587890625
2.82994866371155,-0.001068115234375,0,-0.001068115234375,-0.164794921875,0.06134033203125,9.8822021484375,0.000152587890625,0.000152587890625,0.000152587890625,0.000152587890625
2.83992767333984,0,0.001068115234375,-0.00213623046875,-0.16021728515625,0.0604248046875,9.85931396484375,0.000152587890625,0.000152587890625,0.000152587890625,0.000152587890625
2.85297632217407,-0.001068115234375,0.003204345703125,-0.001068115234375,-0.157470703125,0.0604248046875,9.876708984375,0.000152587890625,0.000152587890625,0.000152587890625,0.000152587890625
2.85936260223389,-0.001068115234375,0.003204345703125,-0.001068115234375,-0.16204833984375,0.05859375,9.86297607421875,0.000152587890625,0.000152587890625,0.000152587890625,0.000152587890625
2.87027907371521,-0.001068115234375,0.00213623046875,-0.001068115234375,-0.1666259765625,0.0567626953125,9.8712158203125,0.000152587890625,0.000152587890625,0.000152587890625,0.000152587890625
2.88002419471741,-0.001068115234375,0.00213623046875,-0.00213623046875,-0.16204833984375,0.05767822265625,9.8895263671875,0.000152587890625,0.000152587890625,0.000152587890625,0.000152587890625
2.89229679107666,-0.001068115234375,0.001068115234375,-0.001068115234375,-0.15655517578125,0.06317138671875,9.8931884765625,0.000152587890625,0.000152587890625,0.000152587890625,0.000152587890625
2.90214014053345,0,0,-0.001068115234375,-0.16204833984375,0.06134033203125,9.89227294921875,0.000152587890625,0.000152587890625,0.000152587890625,0.000152587890625
2.91330480575562,0,0.001068115234375,-0.001068115234375,-0.16387939453125,0.05950927734375,9.9005126953125,0.000152587890625,0.000152587890625,0.000152587890625,0.000152587890625
2.92293643951416,0,-0.001068115234375,-0.00213623046875,-0.16387939453125,0.062255859375,9.884033203125,0.000152587890625,0.000152587890625,0.000152587890625,0.000152587890625
2.94000887870789,0,0,-0.001068115234375,-0.17578125,0.05859375,9.88037109375,0.000152587890625,0.000152587890625,0.000152587890625,0.000152587890625
2.95191240310669,0,0,-0.001068115234375,-0.1666259765625,0.05401611328125,9.8712158203125,0.000152587890625,0.000152587890625,0.000152587890625,0.000152587890625
2.95921730995178,-0.001068115234375,0,0,-0.16021728515625,0.0567626953125,9.869384765625,0.000152587890625,0.000152587890625,0.000152587890625,0.000152587890625
2.98100733757019,0,0.001068115234375,-0.001068115234375,-0.16937255859375,0.0604248046875,9.884033203125,0.000152587890625,0.000152587890625,0.000152587890625,0.000152587890625
2.9902617931366,0,0.001068115234375,-0.001068115234375,-0.16204833984375,0.05584716796875,9.89593505859375,0.000152587890625,0.000152587890625,0.000152587890625,0.000152587890625
2.99991750717163,-0.001068115234375,-0.001068115234375,-0.001068115234375,-0.16204833984375,0.0531005859375,9.90234375,0.000152587890625,0.000152587890625,0.000152587890625,0.000152587890625
3.00993251800537,0,0.001068115234375,0,-0.16204833984375,0.05767822265625,9.87579345703125,0.000152587890625,0.000152587890625,0.000152587890625,0.000152587890625
3.02098965644836,-0.001068115234375,0.001068115234375,-0.001068115234375,-0.15472412109375,0.06683349609375,9.8565673828125,0.000152587890625,0.000152587890625,0.000152587890625,0.000152587890625
3.03018546104431,0,0.00213623046875,-0.001068115234375,-0.15838623046875,0.06683349609375,9.88677978515625,0.000152587890625,0.000152587890625,0.000152587890625,0.000152587890625
3.0391206741333,-0.001068115234375,0.00213623046875,-0.001068115234375,-0.1629638671875,0.06866455078125,9.8876953125,0.000152587890625,0.000152587890625,0.000152587890625,0.000152587890625
3.05139780044556,-0.00213623046875,0.001068115234375,-0.001068115234375,-0.16204833984375,0.06591796875,9.87213134765625,0.000152587890625,0.000152587890625,0.000152587890625,0.000152587890625
3.05994844436646,0,0.001068115234375,0,-0.16937255859375,0.06500244140625,9.90142822265625,0.000152587890625,0.000152587890625,0.000152587890625,0.000152587890625
3.06994295120239,-0.001068115234375,0.001068115234375,0,-0.172119140625,0.06866455078125,9.89593505859375,0.000152587890625,0.000152587890625,0.000152587890625,0.000152587890625
3.08051800727844,0,0.001068115234375,-0.001068115234375,-0.15838623046875,0.0714111328125,9.8876953125,0.000152587890625,0.000152587890625,0.000152587890625,0.000152587890625
3.091961145401,-0.001068115234375,0.001068115234375,-0.001068115234375,-0.16021728515625,0.06317138671875,9.91058349609375,0.000152587890625,0.000152587890625,0.000152587890625,0.000152587890625
3.10006546974182,-0.00213623046875,0.001068115234375,-0.001068115234375,-0.17120361328125,0.0567626953125,9.90234375,0.000152587890625,0.000152587890625,0.000152587890625,0.000152587890625
3.10995674133301,-0.00213623046875,0.001068115234375,-0.001068115234375,-0.16754150390625,0.06134033203125,9.88128662109375,0.000152587890625,0.000152587890625,0.000152587890625,0.000152587890625
3.12021374702454,-0.001068115234375,0,-0.00213623046875,-0.1611328125,0.0640869140625,9.8675537109375,0.000152587890625,0.000152587890625,0.000152587890625,0.000152587890625
3.1299524307251,0.001068115234375,-0.001068115234375,-0.001068115234375,-0.17486572265625,0.05767822265625,9.88128662109375,0.000152587890625,0.000152587890625,0.000152587890625,0.000152587890625
3.13993287086487,0,0,-0.001068115234375,-0.1849365234375,0.05401611328125,9.8748779296875,0.000152587890625,0.000152587890625,0.000152587890625,0.000152587890625
3.1501829624176,-0.001068115234375,0.001068115234375,-0.00213623046875,-0.1666259765625,0.054931640625,9.87762451171875,0.000152587890625,0.000152587890625,0.000152587890625,0.000152587890625
3.15931606292725,0,0.001068115234375,-0.001068115234375,-0.1556396484375,0.05767822265625,9.8895263671875,0.000152587890625,0.000152587890625,0.000152587890625,0.000152587890625
3.16999983787537,0,0.001068115234375,-0.001068115234375,-0.164794921875,0.05584716796875,9.89501953125,0.000152587890625,0.000152587890625,0.000152587890625,0.000152587890625
3.17999291419983,-0.001068115234375,0.00213623046875,-0.00213623046875,-0.16571044921875,0.05859375,9.9041748046875,0.000152587890625,0.000152587890625,0.000152587890625,0.000152587890625
3.19010019302368,-0.001068115234375,0,-0.00213623046875,-0.15655517578125,0.06500244140625,9.8895263671875,0.000152587890625,0.000152587890625,0.000152587890625,0.000152587890625
3.1998975276947,-0.001068115234375,0.001068115234375,-0.001068115234375,-0.16021728515625,0.06134033203125,9.8785400390625,0.000152587890625,0.000152587890625,0.000152587890625,0.000152587890625
3.21019673347473,-0.001068115234375,0.00213623046875,-0.00213623046875,-0.16387939453125,0.06134033203125,9.88128662109375,0.000152587890625,0.000152587890625,0.000152587890625,0.000152587890625
3.22008943557739,0,0.001068115234375,-0.001068115234375,-0.15472412109375,0.069580078125,9.8675537109375,0.000152587890625,0.000152587890625,0.000152587890625,0.000152587890625
3.23295855522156,-0.001068115234375,0.001068115234375,0,-0.16387939453125,0.06866455078125,9.87213134765625,0.000152587890625,0.000152587890625,0.000152587890625,0.000152587890625
3.23915243148804,-0.001068115234375,0.003204345703125,0,-0.17486572265625,0.06317138671875,9.89776611328125,0.000152587890625,0.000152587890625,0.000152587890625,0.000152587890625
3.26102495193481,0,0,-0.001068115234375,-0.1556396484375,0.062255859375,9.88861083984375,0.000152587890625,0.000152587890625,0.000152587890625,0.000152587890625
3.26993799209595,-0.001068115234375,0.001068115234375,-0.001068115234375,-0.16387939453125,0.05950927734375,9.91607666015625,0.000152587890625,0.000152587890625,0.000152587890625,0.000152587890625
3.27994298934937,-0.001068115234375,-0.001068115234375,-0.001068115234375,-0.16937255859375,0.06683349609375,9.89593505859375,0.000152587890625,0.000152587890625,0.000152587890625,0.000152587890625
3.29001307487488,0,0.001068115234375,-0.00213623046875,-0.157470703125,0.07232666015625,9.862060546875,0.000152587890625,0.000152587890625,0.000152587890625,0.000152587890625
3.29993677139282,0,0,-0.001068115234375,-0.15289306640625,0.0531005859375,9.891357421875,0.000152587890625,0.000152587890625,0.000152587890625,0.000152587890625
3.31002497673035,0,0,0.001068115234375,-0.1611328125,0.04852294921875,9.89959716796875,0.000152587890625,0.000152587890625,0.000152587890625,0.000152587890625
3.32002472877502,0,0.001068115234375,0,-0.15289306640625,0.0567626953125,9.88128662109375,0.000152587890625,0.000152587890625,0.000152587890625,0.000152587890625
3.33111882209778,0,-0.001068115234375,-0.001068115234375,-0.1483154296875,0.062255859375,9.891357421875,0.000152587890625,0.000152587890625,0.000152587890625,0.000152587890625
3.35015559196472,-0.00213623046875,0.001068115234375,0,-0.1666259765625,0.05859375,9.8931884765625,0.000152587890625,0.000152587890625,0.000152587890625,0.000152587890625
3.35991811752319,0,0.001068115234375,-0.001068115234375,-0.1483154296875,0.054931640625,9.891357421875,0.000152587890625,0.000152587890625,0.000152587890625,0.000152587890625
3.3714611530304,-0.001068115234375,0.00213623046875,0,-0.150146484375,0.04669189453125,9.89044189453125,0.000152587890625,0.000152587890625,0.000152587890625,0.000152587890625
3.3799455165863,-0.001068115234375,0.003204345703125,0,-0.1611328125,0.05126953125,9.8785400390625,0.000152587890625,0.000152587890625,0.000152587890625,0.000152587890625
3.38793897628784,0,0.00213623046875,-0.001068115234375,-0.15655517578125,0.0604248046875,9.88311767578125,0.000152587890625,0.000152587890625,0.000152587890625,0.000152587890625
3.39716553688049,0,0,-0.001068115234375,-0.1593017578125,0.06134033203125,9.88037109375,0.000152587890625,0.000152587890625,0.000152587890625,0.000152587890625
3.40733408927917,0,0,-0.001068115234375,-0.172119140625,0.0567626953125,9.87579345703125,0.000152587890625,0.000152587890625,0.000152587890625,0.000152587890625
3.41997194290161,-0.001068115234375,0.00213623046875,-0.001068115234375,-0.1666259765625,0.0567626953125,9.89044189453125,0.000152587890625,0.000152587890625,0.000152587890625,0.000152587890625
3.43010544776917,0.001068115234375,0.001068115234375,-0.001068115234375,-0.15106201171875,0.062255859375,9.8638916015625,0.000152587890625,0.000152587890625,0.000152587890625,0.000152587890625
3.4399585723877,0,0.001068115234375,-0.001068115234375,-0.1611328125,0.05859375,9.88861083984375,0.000152587890625,0.000152587890625,0.000152587890625,0.000152587890625
3.4509129524231,-0.001068115234375,0.001068115234375,-0.001068115234375,-0.16845703125,0.05584716796875,9.9151611328125,0.000152587890625,0.000152587890625,0.000152587890625,0.000152587890625
3.48032450675964,-0.001068115234375,0.001068115234375,0,-0.16021728515625,0.06683349609375,9.90692138671875,0.000152587890625,0.000152587890625,0.000152587890625,0.000152587890625
3.48998475074768,-0.001068115234375,0,0,-0.16021728515625,0.06866455078125,9.89227294921875,0.000152587890625,0.000152587890625,0.000152587890625,0.000152587890625
3.50208353996277,0,0,-0.001068115234375,-0.157470703125,0.06591796875,9.876708984375,0.000152587890625,0.000152587890625,0.000152587890625,0.000152587890625
3.50999689102173,0,0.001068115234375,-0.001068115234375,-0.164794921875,0.05218505859375,9.8968505859375,0.000152587890625,0.000152587890625,0.000152587890625,0.000152587890625
3.51992416381836,-0.001068115234375,0,-0.001068115234375,-0.172119140625,0.05035400390625,9.90966796875,0.000152587890625,0.000152587890625,0.000152587890625,0.000152587890625
3.53017663955688,0,0.001068115234375,0,-0.16387939453125,0.06500244140625,9.90142822265625,0.000152587890625,0.000152587890625,0.000152587890625,0.000152587890625
3.54020810127258,-0.001068115234375,0.001068115234375,0,-0.16387939453125,0.06683349609375,9.9114990234375,0.000152587890625,0.000152587890625,0.000152587890625,0.000152587890625
3.55014157295227,0,0.00213623046875,-0.001068115234375,-0.17669677734375,0.06317138671875,9.90325927734375,0.000152587890625,0.000152587890625,0.000152587890625,0.000152587890625
3.55996489524841,-0.001068115234375,0,-0.001068115234375,-0.17120361328125,0.062255859375,9.88311767578125,0.000152587890625,0.000152587890625,0.000152587890625,0.000152587890625
3.56702446937561,-0.001068115234375,0.001068115234375,-0.001068115234375,-0.1593017578125,0.0640869140625,9.876708984375,0.000152587890625,0.000152587890625,0.000152587890625,0.000152587890625
3.57860708236694,0,0.001068115234375,-0.00213623046875,-0.16021728515625,0.05859375,9.88677978515625,0.000152587890625,0.000152587890625,0.000152587890625,0.000152587890625
3.58824276924133,0,0,-0.001068115234375,-0.1702880859375,0.0567626953125,9.88128662109375,0.000152587890625,0.000152587890625,0.000152587890625,0.000152587890625
3.59728956222534,-0.001068115234375,0,0,-0.1666259765625,0.06866455078125,9.88861083984375,0.000152587890625,0.000152587890625,0.000152587890625,0.000152587890625
3.60710954666138,-0.001068115234375,0,0,-0.1629638671875,0.0677490234375,9.8968505859375,0.000152587890625,0.000152587890625,0.000152587890625,0.000152587890625
3.61797404289246,-0.001068115234375,0,-0.001068115234375,-0.1666259765625,0.06317138671875,9.91241455078125,0.000152587890625,0.000152587890625,0.000152587890625,0.000152587890625
3.62797403335571,-0.001068115234375,0.001068115234375,-0.001068115234375,-0.1611328125,0.06683349609375,9.93072509765625,0.000152587890625,0.000152587890625,0.000152587890625,0.000152587890625
3.63850784301758,0,0,-0.00213623046875,-0.15380859375,0.0677490234375,9.9005126953125,0.000152587890625,0.000152587890625,0.000152587890625,0.000152587890625
3.6472384929657,0.001068115234375,0,0,-0.1629638671875,0.06500244140625,9.8876953125,0.000152587890625,0.000152587890625,0.000152587890625,0.000152587890625
3.65819787979126,-0.001068115234375,0.00213623046875,0,-0.16754150390625,0.0604248046875,9.89501953125,0.000152587890625,0.000152587890625,0.000152587890625,0.000152587890625
3.67025208473206,0,0.001068115234375,0,-0.15838623046875,0.0640869140625,9.884033203125,0.000152587890625,0.000152587890625,0.000152587890625,0.000152587890625
3.67894601821899,0,0,-0.00213623046875,-0.16204833984375,0.0640869140625,9.88494873046875,0.000152587890625,0.000152587890625,0.000152587890625,0.000152587890625
3.68789577484131,0,0.001068115234375,0,-0.1702880859375,0.062255859375,9.9005126953125,0.000152587890625,0.000152587890625,0.000152587890625,0.000152587890625
3.69819569587708,-0.001068115234375,0.001068115234375,-0.001068115234375,-0.16937255859375,0.0640869140625,9.920654296875,0.000152587890625,0.000152587890625,0.000152587890625,0.000152587890625
3.70739769935608,-0.001068115234375,0,-0.001068115234375,-0.17120361328125,0.05859375,9.8876953125,0.000152587890625,0.000152587890625,0.000152587890625,0.000152587890625
3.71815609931946,-0.001068115234375,0.001068115234375,-0.001068115234375,-0.1776123046875,0.05950927734375,9.89959716796875,0.000152587890625,0.000152587890625,0.000152587890625,0.000152587890625
3.73495054244995,-0.00213623046875,0.001068115234375,-0.001068115234375,-0.17120361328125,0.06134033203125,9.9224853515625,0.000152587890625,0.000152587890625,0.000152587890625,0.000152587890625
3.73794317245483,-0.001068115234375,0,-0.001068115234375,-0.16021728515625,0.06591796875,9.87213134765625,0.000152587890625,0.000152587890625,0.000152587890625,0.000152587890625
3.74901390075684,-0.001068115234375,0.001068115234375,0,-0.16387939453125,0.06500244140625,9.891357421875,0.000152587890625,0.000152587890625,0.000152587890625,0.000152587890625
3.75868153572083,-0.00213623046875,0.001068115234375,-0.001068115234375,-0.1702880859375,0.062255859375,9.906005859375,0.000152587890625,0.000152587890625,0.000152587890625,0.000152587890625
3.76791858673096,-0.00213623046875,0.001068115234375,-0.001068115234375,-0.164794921875,0.062255859375,9.87945556640625,0.000152587890625,0.000152587890625,0.000152587890625,0.000152587890625
3.78108525276184,0,-0.001068115234375,0,-0.15655517578125,0.062255859375,9.9078369140625,0.000152587890625,0.000152587890625,0.000152587890625,0.000152587890625
3.79032111167908,0,0,0,-0.15655517578125,0.05859375,9.90692138671875,0.000152587890625,0.000152587890625,0.000152587890625,0.000152587890625
3.80093455314636,0,0,0,-0.16204833984375,0.054931640625,9.8931884765625,0.000152587890625,0.000152587890625,0.000152587890625,0.000152587890625
3.8210084438324,0,0.001068115234375,-0.001068115234375,-0.1702880859375,0.05767822265625,9.906005859375,0.000152587890625,0.000152587890625,0.000152587890625,0.000152587890625
3.82281684875488,0,0,0,-0.1629638671875,0.05950927734375,9.89776611328125,0.000152587890625,0.000152587890625,0.000152587890625,0.000152587890625
3.83046293258667,0,0,-0.001068115234375,-0.1556396484375,0.0531005859375,9.88861083984375,0.000152587890625,0.000152587890625,0.000152587890625,0.000152587890625
3.84009027481079,-0.001068115234375,0.001068115234375,0,-0.15655517578125,0.05401611328125,9.90875244140625,0.000152587890625,0.000152587890625,0.000152587890625,0.000152587890625
3.85214638710022,-0.001068115234375,0,-0.001068115234375,-0.16204833984375,0.05950927734375,9.88677978515625,0.000152587890625,0.000152587890625,0.000152587890625,0.000152587890625
3.86023306846619,-0.001068115234375,0,-0.001068115234375,-0.16845703125,0.06591796875,9.87945556640625,0.000152587890625,0.000152587890625,0.000152587890625,0.000152587890625
3.87558627128601,-0.001068115234375,0,-0.001068115234375,-0.1611328125,0.0677490234375,9.906005859375,0.000152587890625,0.000152587890625,0.000152587890625,0.000152587890625
3.88096642494202,-0.001068115234375,0,-0.00213623046875,-0.15289306640625,0.06134033203125,9.9041748046875,0.000152587890625,0.000152587890625,0.000152587890625,0.000152587890625
3.89297986030579,-0.001068115234375,0.001068115234375,-0.001068115234375,-0.157470703125,0.054931640625,9.906005859375,0.000152587890625,0.000152587890625,0.000152587890625,0.000152587890625
3.90093421936035,0,0.001068115234375,-0.001068115234375,-0.15838623046875,0.05584716796875,9.90692138671875,0.000152587890625,0.000152587890625,0.000152587890625,0.000152587890625
3.91101288795471,-0.001068115234375,0.001068115234375,-0.00213623046875,-0.16204833984375,0.06591796875,9.8968505859375,0.000152587890625,0.000152587890625,0.000152587890625,0.000152587890625
3.92105650901794,-0.001068115234375,0.001068115234375,-0.001068115234375,-0.16571044921875,0.06317138671875,9.87396240234375,0.000152587890625,0.000152587890625,0.000152587890625,0.000152587890625
3.92805337905884,0,0,-0.001068115234375,-0.16937255859375,0.06134033203125,9.8931884765625,0.000152587890625,0.000152587890625,0.000152587890625,0.000152587890625
3.94098591804504,-0.00213623046875,0,-0.001068115234375,-0.1666259765625,0.05950927734375,9.8822021484375,0.000152587890625,0.000152587890625,0.000152587890625,0.000152587890625
3.95114183425903,-0.001068115234375,0.001068115234375,-0.001068115234375,-0.1556396484375,0.06134033203125,9.8492431640625,0.000152587890625,0.000152587890625,0.000152587890625,0.000152587890625
3.96019124984741,-0.001068115234375,0.001068115234375,-0.00213623046875,-0.1629638671875,0.05859375,9.88037109375,0.000152587890625,0.000152587890625,0.000152587890625,0.000152587890625
3.97015810012817,0,0.001068115234375,0,-0.1666259765625,0.05950927734375,9.8785400390625,0.000152587890625,0.000152587890625,0.000152587890625,0.000152587890625
3.98018932342529,0,0.001068115234375,-0.001068115234375,-0.1556396484375,0.05767822265625,9.87762451171875,0.000152587890625,0.000152587890625,0.000152587890625,0.000152587890625
3.99010634422302,0,0,-0.001068115234375,-0.15838623046875,0.05401611328125,9.90966796875,0.000152587890625,0.000152587890625,0.000152587890625,0.000152587890625
4.00016593933105,0,0.001068115234375,-0.001068115234375,-0.157470703125,0.0567626953125,9.8931884765625,0.000152587890625,0.000152587890625,0.000152587890625,0.000152587890625
4.01113629341125,-0.001068115234375,0.001068115234375,-0.001068115234375,-0.1611328125,0.06134033203125,9.884033203125,0.000152587890625,0.000152587890625,0.000152587890625,0.000152587890625
4.02111530303955,-0.001068115234375,0.001068115234375,-0.001068115234375,-0.1629638671875,0.0640869140625,9.88128662109375,0.000152587890625,0.000152587890625,0.000152587890625,0.000152587890625
4.03191637992859,-0.001068115234375,-0.001068115234375,-0.001068115234375,-0.16845703125,0.05859375,9.8858642578125,0.000152587890625,0.000152587890625,0.000152587890625,0.000152587890625
4.04101228713989,0,-0.001068115234375,-0.001068115234375,-0.1702880859375,0.04669189453125,9.89227294921875,0.000152587890625,0.000152587890625,0.000152587890625,0.000152587890625
4.05198621749878,-0.001068115234375,0,-0.00213623046875,-0.1739501953125,0.0439453125,9.9151611328125,0.000152587890625,0.000152587890625,0.000152587890625,0.000152587890625
4.06207036972046,0,0.001068115234375,-0.00213623046875,-0.1702880859375,0.05035400390625,9.91424560546875,0.000152587890625,0.000152587890625,0.000152587890625,0.000152587890625
4.07100510597229,0,0.001068115234375,-0.001068115234375,-0.16845703125,0.05126953125,9.91058349609375,0.000152587890625,0.000152587890625,0.000152587890625,0.000152587890625
4.08097958564758,0,0,0,-0.16937255859375,0.05218505859375,9.91058349609375,0.000152587890625,0.000152587890625,0.000152587890625,0.000152587890625
4.091059923172,0,0,-0.001068115234375,-0.16387939453125,0.05767822265625,9.90234375,0.000152587890625,0.000152587890625,0.000152587890625,0.000152587890625
4.10212993621826,-0.001068115234375,0.001068115234375,-0.001068115234375,-0.15655517578125,0.06317138671875,9.891357421875,0.000152587890625,0.000152587890625,0.000152587890625,0.000152587890625
4.1109733581543,-0.001068115234375,0.001068115234375,0,-0.1519775390625,0.06500244140625,9.8712158203125,0.000152587890625,0.000152587890625,0.000152587890625,0.000152587890625
4.12016320228577,0,0.001068115234375,0,-0.157470703125,0.069580078125,9.87396240234375,0.000152587890625,0.000152587890625,0.000152587890625,0.000152587890625
4.13209271430969,0,0.001068115234375,0,-0.16204833984375,0.06500244140625,9.87945556640625,0.000152587890625,0.000152587890625,0.000152587890625,0.000152587890625
4.13806700706482,0,0.001068115234375,-0.001068115234375,-0.16845703125,0.06500244140625,9.88494873046875,0.000152587890625,0.000152587890625,0.000152587890625,0.000152587890625
4.15192604064941,-0.001068115234375,0.00213623046875,-0.001068115234375,-0.1702880859375,0.06866455078125,9.91058349609375,0.000152587890625,0.000152587890625,0.000152587890625,0.000152587890625
4.16012763977051,0,0.001068115234375,-0.001068115234375,-0.16571044921875,0.07049560546875,9.9005126953125,0.000152587890625,0.000152587890625,0.000152587890625,0.000152587890625
4.17094230651855,0.001068115234375,0,-0.001068115234375,-0.1666259765625,0.07049560546875,9.8968505859375,0.000152587890625,0.000152587890625,0.000152587890625,0.000152587890625
4.18212676048279,-0.00213623046875,0,-0.001068115234375,-0.1702880859375,0.06317138671875,9.89593505859375,0.000152587890625,0.000152587890625,0.000152587890625,0.000152587890625
4.19118714332581,-0.001068115234375,0,-0.001068115234375,-0.16754150390625,0.05767822265625,9.8895263671875,0.000152587890625,0.000152587890625,0.000152587890625,0.000152587890625
4.20197153091431,0,-0.001068115234375,0,-0.1593017578125,0.0604248046875,9.88494873046875,0.000152587890625,0.000152587890625,0.000152587890625,0.000152587890625
4.2109227180481,0,0.001068115234375,0,-0.15472412109375,0.0640869140625,9.873046875,0.000152587890625,0.000152587890625,0.000152587890625,0.000152587890625
4.220134973526,0.001068115234375,0.001068115234375,0,-0.150146484375,0.06317138671875,9.8748779296875,0.000152587890625,0.000152587890625,0.000152587890625,0.000152587890625
4.23228406906128,0,0.001068115234375,-0.001068115234375,-0.1483154296875,0.06134033203125,9.89501953125,0.000152587890625,0.000152587890625,0.000152587890625,0.000152587890625
4.24548673629761,-0.001068115234375,0,-0.001068115234375,-0.157470703125,0.0640869140625,9.90325927734375,0.000152587890625,0.000152587890625,0.000152587890625,0.000152587890625
4.25114321708679,0,0,-0.001068115234375,-0.16021728515625,0.05859375,9.88494873046875,0.000152587890625,0.000152587890625,0.000152587890625,0.000152587890625
4.26098346710205,0,0,0,-0.1593017578125,0.05767822265625,9.891357421875,0.000152587890625,0.000152587890625,0.000152587890625,0.000152587890625
4.27194213867188,-0.001068115234375,0.001068115234375,0,-0.15472412109375,0.062255859375,9.89044189453125,0.000152587890625,0.000152587890625,0.000152587890625,0.000152587890625
4.28411841392517,0,0.001068115234375,-0.001068115234375,-0.157470703125,0.062255859375,9.85931396484375,0.000152587890625,0.000152587890625,0.000152587890625,0.000152587890625
4.29299807548523,0,0.00213623046875,-0.001068115234375,-0.16571044921875,0.0604248046875,9.87579345703125,0.000152587890625,0.000152587890625,0.000152587890625,0.000152587890625
4.30111646652222,-0.00213623046875,0.00213623046875,-0.00213623046875,-0.1629638671875,0.054931640625,9.8876953125,0.000152587890625,0.000152587890625,0.000152587890625,0.000152587890625
4.31204104423523,-0.001068115234375,0.00213623046875,-0.00213623046875,-0.1593017578125,0.05767822265625,9.8748779296875,0.000152587890625,0.000152587890625,0.000152587890625,0.000152587890625
4.32218289375305,-0.001068115234375,0.001068115234375,-0.001068115234375,-0.164794921875,0.062255859375,9.891357421875,0.000152587890625,0.000152587890625,0.000152587890625,0.000152587890625
4.33198475837708,-0.001068115234375,0.00213623046875,0,-0.1556396484375,0.06500244140625,9.90325927734375,0.000152587890625,0.000152587890625,0.000152587890625,0.000152587890625
4.3423707485199,0,0.00213623046875,0,-0.1611328125,0.07049560546875,9.8968505859375,0.000152587890625,0.000152587890625,0.000152587890625,0.000152587890625
4.35090279579163,0.001068115234375,0.001068115234375,-0.001068115234375,-0.1629638671875,0.07049560546875,9.89501953125,0.000152587890625,0.000152587890625,0.000152587890625,0.000152587890625
4.37090039253235,-0.001068115234375,0,-0.001068115234375,-0.14923095703125,0.05950927734375,9.88037109375,0.000152587890625,0.000152587890625,0.000152587890625,0.000152587890625
4.38118386268616,0,0.001068115234375,0,-0.150146484375,0.0604248046875,9.8785400390625,0.000152587890625,0.000152587890625,0.000152587890625,0.000152587890625
4.39214277267456,0,-0.001068115234375,-0.001068115234375,-0.15380859375,0.05950927734375,9.87030029296875,0.000152587890625,0.000152587890625,0.000152587890625,0.000152587890625
4.40197134017944,-0.001068115234375,0,0,-0.15472412109375,0.05950927734375,9.88128662109375,0.000152587890625,0.000152587890625,0.000152587890625,0.000152587890625
4.41146349906921,-0.001068115234375,-0.001068115234375,0,-0.15472412109375,0.05767822265625,9.89501953125,0.000152587890625,0.000152587890625,0.000152587890625,0.000152587890625
4.42015719413757,-0.001068115234375,0.001068115234375,0,-0.16021728515625,0.06134033203125,9.89501953125,0.000152587890625,0.000152587890625,0.000152587890625,0.000152587890625
4.43102383613586,0,0.00213623046875,-0.001068115234375,-0.1666259765625,0.0640869140625,9.9114990234375,0.000152587890625,0.000152587890625,0.000152587890625,0.000152587890625
4.44020771980286,-0.001068115234375,0.001068115234375,-0.00213623046875,-0.1629638671875,0.05950927734375,9.906005859375,0.000152587890625,0.000152587890625,0.000152587890625,0.000152587890625
4.45143461227417,0,0,-0.001068115234375,-0.17303466796875,0.05859375,9.884033203125,0.000152587890625,0.000152587890625,0.000152587890625,0.000152587890625
4.46205925941467,0,0.001068115234375,0,-0.1702880859375,0.05767822265625,9.8858642578125,0.000152587890625,0.000152587890625,0.000152587890625,0.000152587890625
4.47099184989929,0,0,-0.001068115234375,-0.15655517578125,0.06134033203125,9.88037109375,0.000152587890625,0.000152587890625,0.000152587890625,0.000152587890625
4.48098850250244,-0.001068115234375,0.001068115234375,-0.001068115234375,-0.15655517578125,0.06500244140625,9.87579345703125,0.000152587890625,0.000152587890625,0.000152587890625,0.000152587890625
4.49267506599426,-0.001068115234375,0.001068115234375,0,-0.16754150390625,0.06500244140625,9.87213134765625,0.000152587890625,0.000152587890625,0.000152587890625,0.000152587890625
4.50050067901611,0,0.00213623046875,0,-0.16754150390625,0.05767822265625,9.88494873046875,0.000152587890625,0.000152587890625,0.000152587890625,0.000152587890625
4.51394152641296,0,0,-0.001068115234375,-0.15838623046875,0.05401611328125,9.891357421875,0.000152587890625,0.000152587890625,0.000152587890625,0.000152587890625
4.52027797698975,0,-0.001068115234375,-0.001068115234375,-0.15838623046875,0.05584716796875,9.88677978515625,0.000152587890625,0.000152587890625,0.000152587890625,0.000152587890625
4.53194713592529,-0.00213623046875,0.00213623046875,-0.001068115234375,-0.15838623046875,0.06500244140625,9.89501953125,0.000152587890625,0.000152587890625,0.000152587890625,0.000152587890625
4.54090428352356,0,0,0,-0.1556396484375,0.0677490234375,9.89593505859375,0.000152587890625,0.000152587890625,0.000152587890625,0.000152587890625
4.55117034912109,0,-0.001068115234375,-0.001068115234375,-0.1629638671875,0.06317138671875,9.88037109375,0.000152587890625,0.000152587890625,0.000152587890625,0.000152587890625
4.56114530563354,0,-0.001068115234375,0,-0.16845703125,0.06134033203125,9.87213134765625,0.000152587890625,0.000152587890625,0.000152587890625,0.000152587890625
4.5700957775116,0,-0.001068115234375,0,-0.16021728515625,0.05950927734375,9.87396240234375,0.000152587890625,0.000152587890625,0.000152587890625,0.000152587890625
4.5809965133667,0,-0.001068115234375,-0.001068115234375,-0.15472412109375,0.05767822265625,9.87396240234375,0.000152587890625,0.000152587890625,0.000152587890625,0.000152587890625
4.5924973487854,0,0,0,-0.164794921875,0.06134033203125,9.87030029296875,0.000152587890625,0.000152587890625,0.000152587890625,0.000152587890625
4.59748697280884,0,0,-0.001068115234375,-0.16754150390625,0.06134033203125,9.87213134765625,0.000152587890625,0.000152587890625,0.000152587890625,0.000152587890625
4.60793519020081,0,0,-0.001068115234375,-0.1666259765625,0.06317138671875,9.876708984375,0.000152587890625,0.000152587890625,0.000152587890625,0.000152587890625
4.61856961250305,0,0,-0.00213623046875,-0.16571044921875,0.0677490234375,9.88494873046875,0.000152587890625,0.000152587890625,0.000152587890625,0.000152587890625
4.62726092338562,0,0.00213623046875,-0.001068115234375,-0.16387939453125,0.062255859375,9.89227294921875,0.000152587890625,0.000152587890625,0.000152587890625,0.000152587890625
4.64791750907898,-0.001068115234375,0.001068115234375,-0.001068115234375,-0.1593017578125,0.06591796875,9.86297607421875,0.000152587890625,0.000152587890625,0.000152587890625,0.000152587890625
4.65738415718079,-0.001068115234375,0.001068115234375,0,-0.16571044921875,0.062255859375,9.854736328125,0.000152587890625,0.000152587890625,0.000152587890625,0.000152587890625
4.66719055175781,-0.00213623046875,0.00213623046875,-0.001068115234375,-0.17120361328125,0.06317138671875,9.88311767578125,0.000152587890625,0.000152587890625,0.000152587890625,0.000152587890625
4.67780995368958,-0.001068115234375,0,-0.001068115234375,-0.16021728515625,0.0732421875,9.85748291015625,0.000152587890625,0.000152587890625,0.000152587890625,0.000152587890625
4.69979476928711,-0.001068115234375,0,-0.001068115234375,-0.1739501953125,0.07415771484375,9.8876953125,0.000152587890625,0.000152587890625,0.000152587890625,0.000152587890625
4.70907759666443,0,0,-0.001068115234375,-0.16571044921875,0.0677490234375,9.87762451171875,0.000152587890625,0.000152587890625,0.000152587890625,0.000152587890625
4.72747492790222,-0.001068115234375,-0.001068115234375,-0.001068115234375,-0.16845703125,0.05126953125,9.89227294921875,0.000152587890625,0.000152587890625,0.000152587890625,0.000152587890625
4.73813247680664,-0.001068115234375,0,-0.001068115234375,-0.164794921875,0.05584716796875,9.873046875,0.000152587890625,0.000152587890625,0.000152587890625,0.000152587890625
4.75453495979309,0,0,-0.001068115234375,-0.15838623046875,0.06317138671875,9.85382080078125,0.000152587890625,0.000152587890625,0.000152587890625,0.000152587890625
4.75751447677612,0,-0.001068115234375,-0.001068115234375,-0.16845703125,0.05859375,9.84649658203125,0.000152587890625,0.000152587890625,0.000152587890625,0.000152587890625
4.76897811889648,-0.001068115234375,0,0,-0.1702880859375,0.0567626953125,9.8785400390625,0.000152587890625,0.000152587890625,0.000152587890625,0.000152587890625
4.77990674972534,0,-0.001068115234375,0,-0.15655517578125,0.06317138671875,9.87762451171875,0.000152587890625,0.000152587890625,0.000152587890625,0.000152587890625
4.78930187225342,0,0,-0.001068115234375,-0.15838623046875,0.0604248046875,9.876708984375,0.000152587890625,0.000152587890625,0.000152587890625,0.000152587890625
4.7989296913147,-0.001068115234375,0.001068115234375,-0.001068115234375,-0.1629638671875,0.0567626953125,9.89044189453125,0.000152587890625,0.000152587890625,0.000152587890625,0.000152587890625
4.81201410293579,-0.001068115234375,0.001068115234375,-0.001068115234375,-0.16387939453125,0.0567626953125,9.8931884765625,0.000152587890625,0.000152587890625,0.000152587890625,0.000152587890625
4.81906247138977,-0.001068115234375,0,-0.001068115234375,-0.1593017578125,0.05401611328125,9.87213134765625,0.000152587890625,0.000152587890625,0.000152587890625,0.000152587890625
4.82907199859619,-0.00213623046875,0,-0.00213623046875,-0.16845703125,0.0604248046875,9.87213134765625,0.000152587890625,0.000152587890625,0.000152587890625,0.000152587890625
4.84010887145996,0,0.001068115234375,-0.001068115234375,-0.164794921875,0.06500244140625,9.8712158203125,0.000152587890625,0.000152587890625,0.000152587890625,0.000152587890625
4.84910893440247,0,0.001068115234375,0,-0.15472412109375,0.0677490234375,9.85382080078125,0.000152587890625,0.000152587890625,0.000152587890625,0.000152587890625
4.85925483703613,0,0.001068115234375,0,-0.15289306640625,0.05767822265625,9.85198974609375,0.000152587890625,0.000152587890625,0.000152587890625,0.000152587890625
4.87014412879944,-0.001068115234375,0,0,-0.16021728515625,0.0531005859375,9.8858642578125,0.000152587890625,0.000152587890625,0.000152587890625,0.000152587890625
4.88114953041077,-0.001068115234375,0,-0.001068115234375,-0.15472412109375,0.05950927734375,9.89227294921875,0.000152587890625,0.000152587890625,0.000152587890625,0.000152587890625
4.89096760749817,0,0,-0.001068115234375,-0.1593017578125,0.062255859375,9.8748779296875,0.000152587890625,0.000152587890625,0.000152587890625,0.000152587890625
4.90201354026794,-0.001068115234375,0,-0.001068115234375,-0.17120361328125,0.0567626953125,9.90692138671875,0.000152587890625,0.000152587890625,0.000152587890625,0.000152587890625
4.90798950195312,-0.001068115234375,0,-0.001068115234375,-0.17120361328125,0.05401611328125,9.898681640625,0.000152587890625,0.000152587890625,0.000152587890625,0.000152587890625
4.91900372505188,0,-0.001068115234375,-0.001068115234375,-0.15472412109375,0.06317138671875,9.84649658203125,0.000152587890625,0.000152587890625,0.000152587890625,0.000152587890625
4.93096327781677,0,0,-0.001068115234375,-0.1556396484375,0.054931640625,9.869384765625,0.000152587890625,0.000152587890625,0.000152587890625,0.000152587890625
4.94011783599854,-0.001068115234375,-0.001068115234375,-0.00213623046875,-0.1593017578125,0.05401611328125,9.87030029296875,0.000152587890625,0.000152587890625,0.000152587890625,0.000152587890625
4.95000410079956,0,-0.001068115234375,-0.00213623046875,-0.1556396484375,0.05950927734375,9.86846923828125,0.000152587890625,0.000152587890625,0.000152587890625,0.000152587890625
4.9619665145874,-0.001068115234375,0.001068115234375,0,-0.15838623046875,0.06134033203125,9.8638916015625,0.000152587890625,0.000152587890625,0.000152587890625,0.000152587890625
4.96993708610535,-0.001068115234375,0,-0.001068115234375,-0.1666259765625,0.05218505859375,9.8895263671875,0.000152587890625,0.000152587890625,0.000152587890625,0.000152587890625
4.97993540763855,-0.001068115234375,0,-0.001068115234375,-0.16387939453125,0.0567626953125,9.8968505859375,0.000152587890625,0.000152587890625,0.000152587890625,0.000152587890625
4.99033260345459,-0.001068115234375,0.001068115234375,-0.00213623046875,-0.15472412109375,0.0640869140625,9.87030029296875,0.000152587890625,0.000152587890625,0.000152587890625,0.000152587890625
4.99995875358582,-0.00213623046875,0,-0.001068115234375,-0.16021728515625,0.05950927734375,9.87945556640625,0.000152587890625,0.000152587890625,0.000152587890625,0.000152587890625
5.01328825950623,-0.001068115234375,0,-0.001068115234375,-0.16754150390625,0.062255859375,9.87762451171875,0.000152587890625,0.000152587890625,0.000152587890625,0.000152587890625
5.02192497253418,0,0.00213623046875,-0.001068115234375,-0.16571044921875,0.0714111328125,9.85748291015625,0.000152587890625,0.000152587890625,0.000152587890625,0.000152587890625
5.03193736076355,-0.001068115234375,0,-0.001068115234375,-0.1611328125,0.069580078125,9.8638916015625,0.000152587890625,0.000152587890625,0.000152587890625,0.000152587890625
5.04098987579346,-0.001068115234375,0,-0.001068115234375,-0.16845703125,0.06134033203125,9.87213134765625,0.000152587890625,0.000152587890625,0.000152587890625,0.000152587890625
5.05408906936646,-0.001068115234375,0,-0.001068115234375,-0.16571044921875,0.0640869140625,9.8822021484375,0.000152587890625,0.000152587890625,0.000152587890625,0.000152587890625
5.05795621871948,-0.001068115234375,0,-0.001068115234375,-0.16204833984375,0.06591796875,9.87030029296875,0.000152587890625,0.000152587890625,0.000152587890625,0.000152587890625
5.08001255989075,0,0,-0.001068115234375,-0.17120361328125,0.062255859375,9.8968505859375,0.000152587890625,0.000152587890625,0.000152587890625,0.000152587890625
5.09417104721069,-0.001068115234375,-0.001068115234375,-0.00213623046875,-0.1611328125,0.06866455078125,9.88037109375,0.000152587890625,0.000152587890625,0.000152587890625,0.000152587890625
5.10258221626282,-0.00213623046875,-0.001068115234375,-0.001068115234375,-0.157470703125,0.062255859375,9.8565673828125,0.000152587890625,0.000152587890625,0.000152587890625,0.000152587890625
5.10998797416687,-0.00213623046875,-0.001068115234375,-0.001068115234375,-0.16937255859375,0.062255859375,9.87945556640625,0.000152587890625,0.000152587890625,0.000152587890625,0.000152587890625
5.11993908882141,-0.001068115234375,0,-0.001068115234375,-0.16937255859375,0.05859375,9.8638916015625,0.000152587890625,0.000152587890625,0.000152587890625,0.000152587890625
5.13309001922607,0,0.001068115234375,-0.001068115234375,-0.16937255859375,0.05584716796875,9.83734130859375,0.000152587890625,0.000152587890625,0.000152587890625,0.000152587890625
5.14498472213745,0,0,-0.00213623046875,-0.17852783203125,0.05584716796875,9.87945556640625,0.000152587890625,0.000152587890625,0.000152587890625,0.000152587890625
5.15093207359314,0,0,-0.001068115234375,-0.17120361328125,0.0567626953125,9.884033203125,0.000152587890625,0.000152587890625,0.000152587890625,0.000152587890625
5.1599428653717,0,0,-0.001068115234375,-0.15655517578125,0.05859375,9.87762451171875,0.000152587890625,0.000152587890625,0.000152587890625,0.000152587890625
5.16915202140808,-0.001068115234375,0,-0.001068115234375,-0.15380859375,0.05950927734375,9.891357421875,0.000152587890625,0.000152587890625,0.000152587890625,0.000152587890625
5.19110298156738,-0.001068115234375,0,0,-0.1629638671875,0.06683349609375,9.85748291015625,0.000152587890625,0.000152587890625,0.000152587890625,0.000152587890625
5.19998669624329,-0.001068115234375,0.001068115234375,-0.001068115234375,-0.16387939453125,0.06500244140625,9.84466552734375,0.000152587890625,0.000152587890625,0.000152587890625,0.000152587890625
5.20903539657593,-0.00213623046875,0,-0.001068115234375,-0.16387939453125,0.05859375,9.87213134765625,0.000152587890625,0.000152587890625,0.000152587890625,0.000152587890625
5.21990847587585,0,0,-0.001068115234375,-0.1629638671875,0.0640869140625,9.8675537109375,0.000152587890625,0.000152587890625,0.000152587890625,0.000152587890625
5.22906804084778,0,0,-0.00213623046875,-0.157470703125,0.0640869140625,9.869384765625,0.000152587890625,0.000152587890625,0.000152587890625,0.000152587890625
5.24002885818481,0,0.001068115234375,-0.00213623046875,-0.157470703125,0.06317138671875,9.88861083984375,0.000152587890625,0.000152587890625,0.000152587890625,0.000152587890625
5.25635766983032,-0.001068115234375,0,-0.00213623046875,-0.16204833984375,0.05950927734375,9.89044189453125,0.000152587890625,0.000152587890625,0.000152587890625,0.000152587890625
5.25794911384583,-0.001068115234375,0,-0.001068115234375,-0.1593017578125,0.0604248046875,9.891357421875,0.000152587890625,0.000152587890625,0.000152587890625,0.000152587890625
5.27070689201355,0,0,-0.001068115234375,-0.164794921875,0.0677490234375,9.86663818359375,0.000152587890625,0.000152587890625,0.000152587890625,0.000152587890625
5.27997469902039,0,-0.001068115234375,-0.001068115234375,-0.1666259765625,0.06500244140625,9.86297607421875,0.000152587890625,0.000152587890625,0.000152587890625,0.000152587890625
5.28989291191101,-0.001068115234375,0,-0.00213623046875,-0.16754150390625,0.062255859375,9.8675537109375,0.000152587890625,0.000152587890625,0.000152587890625,0.000152587890625
5.29993438720703,-0.001068115234375,0.001068115234375,-0.001068115234375,-0.16571044921875,0.05950927734375,9.85107421875,0.000152587890625,0.000152587890625,0.000152587890625,0.000152587890625
5.31020188331604,-0.001068115234375,0.001068115234375,-0.001068115234375,-0.16571044921875,0.0604248046875,9.86480712890625,0.000152587890625,0.000152587890625,0.000152587890625,0.000152587890625
5.31971836090088,0,0.001068115234375,-0.001068115234375,-0.16387939453125,0.05950927734375,9.88861083984375,0.000152587890625,0.000152587890625,0.000152587890625,0.000152587890625
5.32961678504944,-0.001068115234375,0,-0.001068115234375,-0.16387939453125,0.05950927734375,9.88037109375,0.000152587890625,0.000152587890625,0.000152587890625,0.000152587890625
5.33996725082397,0,0,-0.001068115234375,-0.1702880859375,0.05950927734375,9.876708984375,0.000152587890625,0.000152587890625,0.000152587890625,0.000152587890625
5.34910798072815,0,0,-0.001068115234375,-0.164794921875,0.054931640625,9.89410400390625,0.000152587890625,0.000152587890625,0.000152587890625,0.000152587890625
5.35995554924011,-0.00213623046875,0,-0.001068115234375,-0.16021728515625,0.05401611328125,9.87579345703125,0.000152587890625,0.000152587890625,0.000152587890625,0.000152587890625
5.37025475502014,-0.001068115234375,0,-0.001068115234375,-0.157470703125,0.0531005859375,9.86663818359375,0.000152587890625,0.000152587890625,0.000152587890625,0.000152587890625
5.37930464744568,-0.001068115234375,0.00213623046875,0,-0.16204833984375,0.05401611328125,9.8675537109375,0.000152587890625,0.000152587890625,0.000152587890625,0.000152587890625
5.39034223556519,-0.001068115234375,0,0,-0.16204833984375,0.05767822265625,9.85107421875,0.000152587890625,0.000152587890625,0.000152587890625,0.000152587890625
5.39992213249207,0,0,-0.001068115234375,-0.1611328125,0.05401611328125,9.8675537109375,0.000152587890625,0.000152587890625,0.000152587890625,0.000152587890625
5.40995621681213,-0.001068115234375,0.001068115234375,-0.001068115234375,-0.16021728515625,0.0531005859375,9.87945556640625,0.000152587890625,0.000152587890625,0.000152587890625,0.000152587890625
5.41993856430054,-0.001068115234375,0,0,-0.15472412109375,0.0640869140625,9.8876953125,0.000152587890625,0.000152587890625,0.000152587890625,0.000152587890625
5.42992520332336,-0.001068115234375,0.001068115234375,0,-0.15655517578125,0.0604248046875,9.88311767578125,0.000152587890625,0.000152587890625,0.000152587890625,0.000152587890625
5.44001078605652,0,0,0,-0.1593017578125,0.054931640625,9.87396240234375,0.000152587890625,0.000152587890625,0.000152587890625,0.000152587890625
5.44998049736023,-0.001068115234375,0,-0.001068115234375,-0.157470703125,0.0457763671875,9.88037109375,0.000152587890625,0.000152587890625,0.000152587890625,0.000152587890625
5.45909142494202,-0.001068115234375,0,-0.00213623046875,-0.15106201171875,0.05035400390625,9.8583984375,0.000152587890625,0.000152587890625,0.000152587890625,0.000152587890625
5.47022533416748,0,-0.001068115234375,-0.001068115234375,-0.16204833984375,0.054931640625,9.86114501953125,0.000152587890625,0.000152587890625,0.000152587890625,0.000152587890625
5.47995185852051,0,0.001068115234375,-0.00213623046875,-0.16754150390625,0.05767822265625,9.8748779296875,0.000152587890625,0.000152587890625,0.000152587890625,0.000152587890625
5.4902663230896,-0.001068115234375,0.001068115234375,-0.001068115234375,-0.16021728515625,0.062255859375,9.873046875,0.000152587890625,0.000152587890625,0.000152587890625,0.000152587890625
5.50025272369385,-0.001068115234375,-0.001068115234375,-0.001068115234375,-0.16204833984375,0.06317138671875,9.88494873046875,0.000152587890625,0.000152587890625,0.000152587890625,0.000152587890625
5.51200413703918,0.001068115234375,0,-0.001068115234375,-0.1666259765625,0.05126953125,9.89959716796875,0.000152587890625,0.000152587890625,0.000152587890625,0.000152587890625
5.52002429962158,0,0,-0.001068115234375,-0.1666259765625,0.054931640625,9.9078369140625,0.000152587890625,0.000152587890625,0.000152587890625,0.000152587890625
5.52974200248718,0,0,0,-0.15472412109375,0.062255859375,9.891357421875,0.000152587890625,0.000152587890625,0.000152587890625,0.000152587890625
5.53932356834412,0,0.001068115234375,0,-0.15655517578125,0.06683349609375,9.884033203125,0.000152587890625,0.000152587890625,0.000152587890625,0.000152587890625
5.55015993118286,-0.001068115234375,0,-0.00213623046875,-0.1666259765625,0.06134033203125,9.873046875,0.000152587890625,0.000152587890625,0.000152587890625,0.000152587890625
5.56014370918274,-0.001068115234375,0.001068115234375,0,-0.15838623046875,0.05950927734375,9.86846923828125,0.000152587890625,0.000152587890625,0.000152587890625,0.000152587890625
5.56898641586304,0,0.001068115234375,-0.001068115234375,-0.1593017578125,0.06134033203125,9.87945556640625,0.000152587890625,0.000152587890625,0.000152587890625,0.000152587890625
5.57708740234375,-0.001068115234375,0.00213623046875,-0.001068115234375,-0.16845703125,0.0604248046875,9.8785400390625,0.000152587890625,0.000152587890625,0.000152587890625,0.000152587890625
5.58805751800537,0,0.00213623046875,-0.001068115234375,-0.1629638671875,0.062255859375,9.86846923828125,0.000152587890625,0.000152587890625,0.000152587890625,0.000152587890625
5.59892511367798,0.001068115234375,0,-0.00213623046875,-0.15838623046875,0.062255859375,9.88861083984375,0.000152587890625,0.000152587890625,0.000152587890625,0.000152587890625
5.60802817344666,0,0,-0.001068115234375,-0.1666259765625,0.0604248046875,9.89501953125,0.000152587890625,0.000152587890625,0.000152587890625,0.000152587890625
5.61902809143066,-0.001068115234375,0,-0.001068115234375,-0.16937255859375,0.05950927734375,9.88311767578125,0.000152587890625,0.000152587890625,0.000152587890625,0.000152587890625
5.62895226478577,-0.001068115234375,0,-0.001068115234375,-0.16021728515625,0.06591796875,9.88128662109375,0.000152587890625,0.000152587890625,0.000152587890625,0.000152587890625
5.6409752368927,-0.001068115234375,-0.001068115234375,-0.001068115234375,-0.16754150390625,0.07232666015625,9.869384765625,0.000152587890625,0.000152587890625,0.000152587890625,0.000152587890625
5.6479218006134,0,-0.001068115234375,-0.001068115234375,-0.16845703125,0.06317138671875,9.85931396484375,0.000152587890625,0.000152587890625,0.000152587890625,0.000152587890625
5.65896129608154,0,0,-0.001068115234375,-0.16387939453125,0.05950927734375,9.88037109375,0.000152587890625,0.000152587890625,0.000152587890625,0.000152587890625
5.66802906990051,0,0.001068115234375,0,-0.1556396484375,0.054931640625,9.8675537109375,0.000152587890625,0.000152587890625,0.000152587890625,0.000152587890625
5.67719507217407,0,0.00213623046875,-0.001068115234375,-0.15472412109375,0.0567626953125,9.88494873046875,0.000152587890625,0.000152587890625,0.000152587890625,0.000152587890625
5.68791317939758,0,0.001068115234375,-0.001068115234375,-0.1629638671875,0.06134033203125,9.89776611328125,0.000152587890625,0.000152587890625,0.000152587890625,0.000152587890625
5.69815850257874,-0.001068115234375,0.001068115234375,-0.001068115234375,-0.16387939453125,0.06317138671875,9.8822021484375,0.000152587890625,0.000152587890625,0.000152587890625,0.000152587890625
5.70796799659729,0,0.001068115234375,-0.001068115234375,-0.16387939453125,0.0531005859375,9.89959716796875,0.000152587890625,0.000152587890625,0.000152587890625,0.000152587890625
5.72108626365662,-0.001068115234375,0,-0.00213623046875,-0.1702880859375,0.05126953125,9.9041748046875,0.000152587890625,0.000152587890625,0.000152587890625,0.000152587890625
5.72794508934021,0.001068115234375,0.001068115234375,-0.001068115234375,-0.16571044921875,0.0640869140625,9.88128662109375,0.000152587890625,0.000152587890625,0.000152587890625,0.000152587890625
5.73803019523621,0,0,-0.001068115234375,-0.15838623046875,0.07049560546875,9.87396240234375,0.000152587890625,0.000152587890625,0.000152587890625,0.000152587890625
5.75702452659607,0,0,0,-0.1611328125,0.07049560546875,9.87396240234375,0.000152587890625,0.000152587890625,0.000152587890625,0.000152587890625
5.75815939903259,-0.001068115234375,0,-0.001068115234375,-0.16754150390625,0.07049560546875,9.88128662109375,0.000152587890625,0.000152587890625,0.000152587890625,0.000152587890625
5.76996898651123,0,0.001068115234375,-0.001068115234375,-0.16387939453125,0.06317138671875,9.8858642578125,0.000152587890625,0.000152587890625,0.000152587890625,0.000152587890625
5.77999210357666,0.001068115234375,0.001068115234375,-0.001068115234375,-0.164794921875,0.0494384765625,9.91973876953125,0.000152587890625,0.000152587890625,0.000152587890625,0.000152587890625
5.79049444198608,0,0.001068115234375,-0.00213623046875,-0.1629638671875,0.0494384765625,9.8968505859375,0.000152587890625,0.000152587890625,0.000152587890625,0.000152587890625
5.80018949508667,0,0.001068115234375,-0.00213623046875,-0.1611328125,0.06134033203125,9.88677978515625,0.000152587890625,0.000152587890625,0.000152587890625,0.000152587890625
5.81004858016968,0,0.001068115234375,-0.001068115234375,-0.157470703125,0.06500244140625,9.90875244140625,0.000152587890625,0.000152587890625,0.000152587890625,0.000152587890625
5.81936192512512,-0.001068115234375,0,-0.001068115234375,-0.1593017578125,0.06500244140625,9.88128662109375,0.000152587890625,0.000152587890625,0.000152587890625,0.000152587890625
5.82990217208862,0.001068115234375,-0.001068115234375,-0.001068115234375,-0.1611328125,0.0714111328125,9.869384765625,0.000152587890625,0.000152587890625,0.000152587890625,0.000152587890625
5.83992576599121,0,-0.001068115234375,-0.00213623046875,-0.15472412109375,0.0714111328125,9.8785400390625,0.000152587890625,0.000152587890625,0.000152587890625,0.000152587890625
5.85101413726807,0,0,-0.00213623046875,-0.157470703125,0.06134033203125,9.87213134765625,0.000152587890625,0.000152587890625,0.000152587890625,0.000152587890625
5.85993432998657,-0.001068115234375,0,-0.00213623046875,-0.15838623046875,0.05767822265625,9.87945556640625,0.000152587890625,0.000152587890625,0.000152587890625,0.000152587890625
5.86995792388916,-0.001068115234375,0,-0.001068115234375,-0.16021728515625,0.0531005859375,9.9005126953125,0.000152587890625,0.000152587890625,0.000152587890625,0.000152587890625
5.87825727462769,0,-0.001068115234375,-0.001068115234375,-0.1556396484375,0.04852294921875,9.89593505859375,0.000152587890625,0.000152587890625,0.000152587890625,0.000152587890625
5.88892912864685,-0.001068115234375,0.00213623046875,-0.001068115234375,-0.1519775390625,0.047607421875,9.9005126953125,0.000152587890625,0.000152587890625,0.000152587890625,0.000152587890625
5.90899968147278,0,0.00213623046875,-0.001068115234375,-0.1556396484375,0.0604248046875,9.86114501953125,0.000152587890625,0.000152587890625,0.000152587890625,0.000152587890625
5.91816902160645,0,0.001068115234375,-0.001068115234375,-0.157470703125,0.06134033203125,9.87396240234375,0.000152587890625,0.000152587890625,0.000152587890625,0.000152587890625
5.92716407775879,-0.001068115234375,0.001068115234375,-0.001068115234375,-0.1556396484375,0.062255859375,9.873046875,0.000152587890625,0.000152587890625,0.000152587890625,0.000152587890625
5.93996047973633,0,0.001068115234375,0,-0.1611328125,0.0604248046875,9.87396240234375,0.000152587890625,0.000152587890625,0.000152587890625,0.000152587890625
5.94901084899902,-0.001068115234375,0.001068115234375,-0.001068115234375,-0.164794921875,0.05035400390625,9.8895263671875,0.000152587890625,0.000152587890625,0.000152587890625,0.000152587890625
5.96000933647156,0,0.001068115234375,-0.001068115234375,-0.1611328125,0.05584716796875,9.88861083984375,0.000152587890625,0.000152587890625,0.000152587890625,0.000152587890625
5.96941685676575,0,-0.001068115234375,0,-0.157470703125,0.06317138671875,9.8931884765625,0.000152587890625,0.000152587890625,0.000152587890625,0.000152587890625
5.98098039627075,0,0,-0.001068115234375,-0.1593017578125,0.0604248046875,9.8858642578125,0.000152587890625,0.000152587890625,0.000152587890625,0.000152587890625
5.99032044410706,0,0,-0.001068115234375,-0.15655517578125,0.0567626953125,9.9005126953125,0.000152587890625,0.000152587890625,0.000152587890625,0.000152587890625
5.99907779693604,0,0.001068115234375,-0.001068115234375,-0.1611328125,0.05950927734375,9.87762451171875,0.399932861328125,0.39794921875,0.399322509765625,0.397186279296875
6.00922203063965,0,0,-0.00213623046875,-0.18402099609375,0.05401611328125,9.86846923828125,0.400390625,0.39703369140625,0.400390625,0.39642333984375
6.01995277404785,0.007476806640625,0.00640869140625,0.008544921875,-0.17303466796875,0.018310546875,9.8712158203125,0.386505126953125,0.41473388671875,0.38726806640625,0.405731201171875
6.02808856964111,-0.0042724609375,-0.008544921875,0.003204345703125,-0.24993896484375,0.05218505859375,9.88037109375,0.392913818359375,0.39947509765625,0.395355224609375,0.406646728515625
6.05825471878052,-0.00213623046875,0.0042724609375,-0.005340576171875,-0.12908935546875,0.4046630859375,10.045166015625,0.4071044921875,0.39276123046875,0.403289794921875,0.391082763671875
6.07804322242737,0.01068115234375,0.01708984375,-0.025634765625,-0.42755126953125,0.5401611328125,10.0003051757812,0.43182373046875,0.37567138671875,0.428314208984375,0.358428955078125
6.09048509597778,-0.001068115234375,-0.00640869140625,0.00640869140625,-0.465087890625,0.33233642578125,9.98931884765625,0.387725830078125,0.406036376953125,0.390625,0.409698486328125
6.09850120544434,-0.001068115234375,0.00640869140625,0.02777099609375,-0.60150146484375,0.25177001953125,10.0103759765625,0.36590576171875,0.43548583984375,0.361480712890625,0.431365966796875
6.10824012756348,-0.016021728515625,0.00640869140625,0.009613037109375,-0.48980712890625,0.45867919921875,9.986572265625,0.392303466796875,0.409088134765625,0.378875732421875,0.41412353515625
6.11827802658081,-0.01068115234375,0.0128173828125,-0.013885498046875,-0.31402587890625,0.443115234375,10.0259399414062,0.4217529296875,0.383148193359375,0.40771484375,0.381622314453125
6.1303722858429,-0.00640869140625,0.005340576171875,-0.020294189453125,-0.5072021484375,-0.0787353515625,10.1275634765625,0.4266357421875,0.373992919921875,0.419769287109375,0.373992919921875
6.13910388946533,-0.0128173828125,0.0128173828125,0.01708984375,-0.787353515625,-0.3973388671875,10.0277709960938,0.384979248046875,0.420379638671875,0.369110107421875,0.419769287109375
6.14997243881226,0.00213623046875,0.011749267578125,0.030975341796875,0.08697509765625,-0.172119140625,10.04150390625,0.362701416015625,0.44219970703125,0.356597900390625,0.432891845703125
6.15900778770447,0.00640869140625,-0.01708984375,-0.033111572265625,0.04486083984375,0.2618408203125,10.074462890625,0.432586669921875,0.3546142578125,0.44647216796875,0.360565185546875
6.17023658752441,-0.011749267578125,0.001068115234375,-0.007476806640625,-0.8660888671875,0.18035888671875,9.8126220703125,0.4107666015625,0.38726806640625,0.40313720703125,0.39306640625
6.17993330955505,0.011749267578125,0.016021728515625,0.022430419921875,-0.87615966796875,0.20416259765625,9.862060546875,0.37109375,0.43609619140625,0.368499755859375,0.418548583984375
6.1899619102478,0.01068115234375,-0.0299072265625,0.0384521484375,-0.5438232421875,-0.01922607421875,10.2310180664062,0.337677001953125,0.441741943359375,0.362548828125,0.452423095703125
6.19988632202148,-0.003204345703125,-0.0042724609375,0.03204345703125,-0.1556396484375,-0.303955078125,10.25390625,0.357666015625,0.437469482421875,0.3582763671875,0.440826416015625
6.21794843673706,0.00213623046875,-0.01495361328125,-0.02349853515625,0.0128173828125,-0.01190185546875,10.0982666015625,0.42205810546875,0.366668701171875,0.432281494140625,0.37322998046875
6.22932291030884,0.018157958984375,-0.022430419921875,0.024566650390625,-0.3424072265625,-0.00640869140625,10.316162109375,0.3558349609375,0.428314208984375,0.37994384765625,0.4302978515625
6.23836779594421,-0.01068115234375,-0.009613037109375,0.03631591796875,-0.16845703125,-0.41656494140625,10.2841186523438,0.35308837890625,0.438690185546875,0.35247802734375,0.45013427734375
6.2491250038147,-0.009613037109375,0.016021728515625,0.003204345703125,0.23895263671875,-0.13641357421875,10.11474609375,0.401153564453125,0.4058837890625,0.38604736328125,0.40130615234375
6.26095938682556,0.005340576171875,-0.005340576171875,-0.054473876953125,0.65093994140625,-0.26275634765625,10.0726318359375,0.462188720703125,0.331878662109375,0.46905517578125,0.331268310546875
6.27989506721497,-0.018157958984375,-0.059814453125,0.037384033203125,0.11260986328125,0.03570556640625,10.125732421875,0.33905029296875,0.422210693359375,0.3643798828125,0.46875
6.29006242752075,0.001068115234375,0.07476806640625,0.039520263671875,0.51544189453125,-0.19317626953125,10.133056640625,0.37078857421875,0.47149658203125,0.326385498046875,0.42572021484375
6.29810667037964,-0.007476806640625,-0.039520263671875,-0.005340576171875,0.3662109375,0.2581787109375,10.2822875976562,0.394287109375,0.379180908203125,0.41412353515625,0.406646728515625
6.30759382247925,0.022430419921875,0.042724609375,-0.052337646484375,0.2911376953125,0.00457763671875,10.279541015625,0.46875,0.354461669921875,0.45654296875,0.314483642578125
6.31792092323303,0.018157958984375,-0.024566650390625,-0.008544921875,0.1995849609375,0.08514404296875,10.506591796875,0.39581298828125,0.386962890625,0.421142578125,0.39031982421875
6.32909393310547,0.008544921875,0.059814453125,0.041656494140625,0.49896240234375,-0.41473388671875,10.37841796875,0.36102294921875,0.471954345703125,0.330352783203125,0.430908203125
6.33826899528503,0.008544921875,-0.039520263671875,0.028839111328125,0.5126953125,-0.6298828125,10.484619140625,0.347747802734375,0.426177978515625,0.37628173828125,0.44403076171875
6.34912443161011,-0.01068115234375,0.03204345703125,-0.035247802734375,0.2728271484375,-0.5291748046875,10.3005981445312,0.45440673828125,0.362548828125,0.428619384765625,0.348663330078125
6.35752844810486,-0.008544921875,-0.041656494140625,-0.07049560546875,-0.35247802734375,-0.35614013671875,10.3546142578125,0.476226806640625,0.29632568359375,0.49591064453125,0.325775146484375
6.36912608146667,0.018157958984375,0.037384033203125,0.0384521484375,-0.684814453125,-0.098876953125,10.177001953125,0.355987548828125,0.464019775390625,0.34454345703125,0.429840087890625
6.37709712982178,-0.01068115234375,-0.022430419921875,0.041656494140625,-0.1995849609375,0.36346435546875,10.345458984375,0.34271240234375,0.441131591796875,0.350189208984375,0.460205078125
6.3879451751709,0.008544921875,0.028839111328125,0.041656494140625,0.28289794921875,0.2691650390625,10.1522827148438,0.35186767578125,0.462646484375,0.33966064453125,0.4400634765625
6.39828944206238,0.003204345703125,-0.041656494140625,-0.0811767578125,0.37261962890625,0.5950927734375,9.93438720703125,0.485992431640625,0.286407470703125,0.513153076171875,0.308685302734375
6.40912818908691,-0.003204345703125,-0.007476806640625,-0.011749267578125,-0.0604248046875,0.18951416015625,9.83184814453125,0.41107177734375,0.382080078125,0.413818359375,0.387420654296875
6.41755890846252,0.00640869140625,-0.025634765625,0.005340576171875,-0.443115234375,-0.31494140625,10.169677734375,0.381317138671875,0.4010009765625,0.400390625,0.41168212890625
6.42992258071899,0.02349853515625,0.026702880859375,0.067291259765625,0.07232666015625,-0.34698486328125,10.20263671875,0.3143310546875,0.499420166015625,0.31219482421875,0.468292236328125
6.43795132637024,-0.007476806640625,-0.00213623046875,-0.008544921875,-0.15472412109375,-0.16937255859375,10.23193359375,0.410308837890625,0.3857421875,0.4071044921875,0.391082763671875
6.44798946380615,0.007476806640625,0.0213623046875,-0.045928955078125,0.25543212890625,-0.30670166015625,10.1998901367188,0.459442138671875,0.351104736328125,0.451202392578125,0.3326416015625
6.45794129371643,-0.008544921875,-0.00213623046875,-0.0299072265625,-0.216064453125,0.30303955078125,10.3958129882812,0.436553955078125,0.359649658203125,0.432891845703125,0.365142822265625
6.46796536445618,0.009613037109375,0.01708984375,0.03204345703125,0.2581787109375,0.3350830078125,10.037841796875,0.360107421875,0.447540283203125,0.3558349609375,0.430755615234375
6.4783923625946,-0.025634765625,0.00213623046875,0.058746337890625,0.2471923828125,0.36346435546875,9.891357421875,0.332183837890625,0.466461181640625,0.3155517578125,0.479888916015625
6.48996043205261,-0.001068115234375,-0.0213623046875,-0.02349853515625,0.43487548828125,0.01922607421875,9.92156982421875,0.421142578125,0.36376953125,0.433349609375,0.376129150390625
6.49822640419006,0.0042724609375,0.0213623046875,-0.059814453125,0.14739990234375,0.15289306640625,10.0955200195312,0.47821044921875,0.332183837890625,0.467987060546875,0.316009521484375
6.50805592536926,-0.001068115234375,-0.02777099609375,-0.013885498046875,-0.11810302734375,-0.31585693359375,9.9810791015625,1.4501953125,1.68167114257812,1.53045654296875,1.71173095703125
6.51813459396362,0.008544921875,0.0341796875,0.05340576171875,-0.311279296875,-0.4742431640625,10.0955200195312,1.3818359375,1.7877197265625,1.4410400390625,1.77993774414062
6.52896356582642,0.007476806640625,-0.0341796875,0.037384033203125,-0.70037841796875,-0.8587646484375,10.5477905273438,1.38351440429688,1.74972534179688,1.48696899414062,1.78466796875
6.53824186325073,0.028839111328125,0.06195068359375,-0.0299072265625,-0.40191650390625,-0.6317138671875,10.8489990234375,1.49276733398438,1.708984375,1.54861450195312,1.6680908203125
6.54794573783875,0.0213623046875,-0.01495361328125,-0.045928955078125,-0.13275146484375,-1.0345458984375,10.3720092773438,1.49765014648438,1.67068481445312,1.59164428710938,1.6741943359375
6.5580677986145,-0.025634765625,0.05126953125,-0.041656494140625,0.14007568359375,0.05401611328125,10.36376953125,1.53289794921875,1.68411254882812,1.55410766601562,1.67816162109375
6.56791591644287,0.016021728515625,0.030975341796875,0.028839111328125,0.04119873046875,0.87432861328125,10.5001831054688,1.4337158203125,1.78176879882812,1.48513793945312,1.76544189453125
6.57789611816406,-0.018157958984375,-0.030975341796875,0.05340576171875,-0.42755126953125,1.0162353515625,9.95819091796875,1.39846801757812,1.783447265625,1.46804809570312,1.8280029296875
6.5879123210907,-0.01922607421875,0.009613037109375,-0.018157958984375,-0.91552734375,2.49755859375,10.48828125,1.50344848632812,1.70547485351562,1.55349731445312,1.727294921875
6.59822678565979,-0.03631591796875,-0.0299072265625,-0.111083984375,0.50262451171875,4.11163330078125,9.7906494140625,1.61529541015625,1.5716552734375,1.68304443359375,1.630859375
6.6084291934967,-0.001068115234375,0.1153564453125,-0.080108642578125,2.2503662109375,3.09814453125,9.78057861328125,1.60873413085938,1.66534423828125,1.61087036132812,1.61590576171875
6.61794185638428,0.058746337890625,0.127105712890625,-0.093994140625,4.02008056640625,-0.1702880859375,11.2298583984375,1.62429809570312,1.678466796875,1.64398193359375,1.57562255859375
6.62897801399231,-0.003204345703125,-0.041656494140625,-0.084381103515625,3.32977294921875,-0.2655029296875,11.0366821289062,1.5826416015625,1.6253662109375,1.66580200195312,1.65725708007812
6.64000058174133,0.001068115234375,-0.01922607421875,-0.080108642578125,5.15716552734375,1.89788818359375,9.320068359375,1.58721923828125,1.64382934570312,1.65634155273438,1.65313720703125
6.65007328987122,-0.008544921875,0.213623046875,-0.218963623046875,6.0186767578125,0.435791015625,9.239501953125,1.83700561523438,1.539306640625,1.7626953125,1.41250610351562
6.65892910957336,0.011749267578125,-0.137786865234375,0,1.27532958984375,0.39459228515625,10.572509765625,1.45431518554688,1.70989990234375,1.60537719726562,1.79229736328125
6.66896820068359,0.042724609375,-0.447540283203125,0.112152099609375,-6.265869140625,-2.9058837890625,11.66748046875,1.21429443359375,1.7730712890625,1.56951904296875,2.01461791992188
6.67798852920532,-0.1495361328125,0.025634765625,0.043792724609375,-5.804443359375,-2.0526123046875,11.2271118164062,1.50375366210938,1.77566528320312,1.4556884765625,1.84585571289062
6.68802928924561,-0.1324462890625,0.236053466796875,-0.06195068359375,-2.00592041015625,2.01873779296875,11.2591552734375,1.69723510742188,1.71157836914062,1.531982421875,1.64901733398438
6.69794797897339,-0.067291259765625,0.19012451171875,-0.355682373046875,2.391357421875,3.09722900390625,10.1870727539062,2.03018188476562,1.35147094726562,1.9329833984375,1.27517700195312
6.70928478240967,-0.07049560546875,0.171966552734375,-0.2520751953125,3.2080078125,6.1834716796875,10.1934814453125,1.90231323242188,1.4764404296875,1.80999755859375,1.40975952148438
6.71818876266479,0.001068115234375,0.268096923828125,-0.068359375,1.74224853515625,5.9197998046875,11.2655639648438,1.68655395507812,1.75216674804688,1.5869140625,1.59271240234375
6.72802424430847,-0.05340576171875,0.370635986328125,-0.028839111328125,1.48681640625,4.193115234375,12.6791381835938,1.68563842773438,1.8121337890625,1.49887084960938,1.62979125976562
6.74103593826294,0.00213623046875,0.3118896484375,0.07904052734375,0.55938720703125,2.17803955078125,11.9924926757812,1.51901245117188,1.947021484375,1.39801025390625,1.77093505859375
6.74952387809753,-0.009613037109375,0.2691650390625,-0.045928955078125,2.66876220703125,0.40374755859375,11.0403442382812,1.6717529296875,1.77780151367188,1.5643310546875,1.62689208984375
6.76743412017822,-0.08331298828125,0.152740478515625,-0.052337646484375,3.6822509765625,-0.00457763671875,11.3873291015625,1.66763305664062,1.71188354492188,1.585693359375,1.6754150390625
6.76801514625549,-0.205078125,0.1837158203125,-0.04058837890625,1.86859130859375,-0.8514404296875,11.3507080078125,1.71524047851562,1.70272827148438,1.51702880859375,1.71432495117188
6.77889943122864,-0.191192626953125,0.171966552734375,-0.0128173828125,0.5987548828125,-2.6788330078125,10.75927734375,1.68502807617188,1.74179077148438,1.48330688476562,1.7431640625
6.78992652893066,-0.1751708984375,0.076904296875,-0.086517333984375,-2.11669921875,-0.01190185546875,10.7235717773438,1.74957275390625,1.62979125976562,1.6033935546875,1.67221069335938
6.79882311820984,-0.097198486328125,0.327911376953125,-0.2520751953125,-0.03204345703125,1.695556640625,9.9920654296875,2.01766967773438,1.52587890625,1.7498779296875,1.36138916015625
6.8100221157074,-0.097198486328125,0.524444580078125,-0.24139404296875,2.1990966796875,1.38153076171875,11.2591552734375,2.07260131835938,1.59988403320312,1.67160034179688,1.3116455078125
6.81907749176025,-0.059814453125,0.3887939453125,-0.161285400390625,1.36322021484375,0.5035400390625,10.9194946289062,1.92642211914062,1.67160034179688,1.6217041015625,1.4349365234375
6.82989192008972,0.039520263671875,0.411224365234375,-0.073699951171875,4.40185546875,0.84869384765625,9.83734130859375,1.79885864257812,1.81961059570312,1.53244018554688,1.50543212890625
6.83992528915405,0.112152099609375,0.129241943359375,-0.08544921875,2.6019287109375,-2.2283935546875,8.9923095703125,1.71798706054688,1.749267578125,1.64047241210938,1.54937744140625
6.84890198707581,-0.128173828125,0.28411865234375,0.0640869140625,1.11419677734375,-2.97454833984375,9.49676513671875,1.64993286132812,1.91009521484375,1.33468627929688,1.76254272460938
6.85994577407837,-0.23284912109375,0.247802734375,0.039520263671875,1.66900634765625,-4.1143798828125,9.74212646484375,1.7236328125,1.85302734375,1.31729125976562,1.76101684570312
6.86907815933228,-0.139923095703125,0.065155029296875,-0.0897216796875,-1.46392822265625,-3.37921142578125,10.0689697265625,1.80160522460938,1.66610717773438,1.56082153320312,1.62643432617188
6.87799286842346,-0.09613037109375,0.12176513671875,-0.195465087890625,-3.41583251953125,-1.212158203125,11.0000610351562,1.94900512695312,1.56478881835938,1.6845703125,1.4501953125
6.88787746429443,-0.052337646484375,0.07476806640625,-0.118560791015625,0.95672607421875,1.89056396484375,11.7123413085938,1.82998657226562,1.66061401367188,1.61239624023438,1.54388427734375
6.89901041984558,-0.011749267578125,-0.097198486328125,-0.0897216796875,-0.72509765625,3.69781494140625,10.653076171875,1.73080444335938,1.65603637695312,1.640625,1.6192626953125
6.90790915489197,-0.05340576171875,-0.162353515625,-0.10040283203125,0.0439453125,4.28558349609375,11.3113403320312,1.7401123046875,1.59957885742188,1.66732788085938,1.63970947265625
6.91794943809509,-0.088653564453125,0.050201416015625,-0.114288330078125,3.662109375,3.33251953125,12.3779296875,1.83547973632812,1.62918090820312,1.60903930664062,1.57333374023438
6.92994499206543,-0.056610107421875,-0.38665771484375,-0.120697021484375,-1.768798828125,0.318603515625,10.7720947265625,1.70684814453125,1.49795532226562,1.75247192382812,1.68807983398438
6.9399425983429,-0.001068115234375,-0.36102294921875,-0.069427490234375,-2.08831787109375,-2.5946044921875,8.9337158203125,1.6326904296875,1.57989501953125,1.70364379882812,1.72576904296875
6.94793105125427,0.09185791015625,-0.26275634765625,-0.039520263671875,-0.95489501953125,-3.24737548828125,9.76226806640625,1.59576416015625,1.67526245117188,1.6644287109375,1.70639038085938
6.95953679084778,-0.045928955078125,0.076904296875,-0.201873779296875,3.05328369140625,-1.38519287109375,8.11065673828125,1.9415283203125,1.53106689453125,1.72576904296875,1.44058227539062
6.97018933296204,-0.01495361328125,-0.162353515625,-0.16021728515625,2.7996826171875,0.23895263671875,9.891357421875,1.80938720703125,1.51535034179688,1.75430297851562,1.54953002929688
6.98026180267334,0.110015869140625,-0.268096923828125,-0.274505615234375,-0.33233642578125,1.37420654296875,9.5965576171875,1.88125610351562,1.37619018554688,1.96929931640625,1.40274047851562
6.98994755744934,0.07049560546875,-0.1153564453125,-0.15380859375,-1.1553955078125,-0.42022705078125,10.6906127929688,1.78787231445312,1.56036376953125,1.76116943359375,1.51840209960938
7.00008511543274,0.07049560546875,-0.174102783203125,0.013885498046875,-1.64337158203125,-1.4520263671875,11.4056396484375,1.56112670898438,1.75033569335938,1.56768798828125,1.74224853515625
7.00993776321411,-0.020294189453125,-0.2606201171875,0.186920166015625,2.398681640625,0.71136474609375,10.594482421875,1.34658813476562,1.90902709960938,1.35009765625,2.0111083984375
7.01895999908447,-0.00213623046875,-0.04486083984375,-0.043792724609375,4.97222900390625,3.10455322265625,11.1630249023438,1.69281005859375,1.68975830078125,1.57455444335938,1.65252685546875
7.02998542785645,-0.068359375,0.041656494140625,-0.347137451171875,2.4407958984375,-0.9320068359375,10.3317260742188,2.11807250976562,1.31591796875,1.90811157226562,1.26434326171875
7.03995800018311,0.07476806640625,-0.18585205078125,-0.07049560546875,-1.93267822265625,-0.0421142578125,11.4157104492188,1.66183471679688,1.63330078125,1.67449951171875,1.63436889648438
7.04987978935242,0.04913330078125,-0.001068115234375,-0.058746337890625,-1.26617431640625,0.83404541015625,11.16943359375,1.71157836914062,1.69219970703125,1.5960693359375,1.59942626953125
7.06002306938171,-0.028839111328125,0.076904296875,-0.04058837890625,0.43670654296875,5.1507568359375,11.0211181640625,1.73385620117188,1.71356201171875,1.52587890625,1.62445068359375
7.06986570358276,0.0811767578125,-0.2777099609375,-0.13458251953125,-1.065673828125,7.53936767578125,11.8917846679688,1.71112060546875,1.51412963867188,1.7822265625,1.58538818359375
7.07988977432251,0.10894775390625,0.23712158203125,-0.182647705078125,2.16339111328125,5.4052734375,11.282958984375,1.91436767578125,1.60919189453125,1.70486450195312,1.36444091796875
7.0899395942688,0.15167236328125,-0.22430419921875,0.101470947265625,-0.8770751953125,2.76123046875,10.880126953125,1.40823364257812,1.83746337890625,1.50177001953125,1.84539794921875
7.10011672973633,-0.04913330078125,-0.059814453125,0.016021728515625,-2.0452880859375,-0.25634765625,9.94537353515625,1.62994384765625,1.72042846679688,1.494140625,1.74606323242188
7.11008977890015,-0.131378173828125,0.13458251953125,0.13885498046875,0.303955078125,1.15081787109375,10.8920288085938,1.56051635742188,1.90582275390625,1.256103515625,1.866455078125
7.11961102485657,-0.118560791015625,0.016021728515625,-0.295867919921875,-3.44970703125,1.18927001953125,9.3695068359375,2.06817626953125,1.32919311523438,1.83868408203125,1.35055541992188
7.12992930412292,-0.04913330078125,0.026702880859375,-0.242462158203125,-4.32037353515625,-0.6610107421875,9.4757080078125,1.98150634765625,1.41693115234375,1.7926025390625,1.39480590820312
7.13993430137634,0.08544921875,0.13671875,-0.150604248046875,-2.89306640625,-3.0120849609375,11.7123413085938,1.86187744140625,1.60659790039062,1.68319702148438,1.43341064453125
7.15091848373413,0.0341796875,0.02777099609375,0.042724609375,0.0640869140625,-4.04388427734375,11.7050170898438,1.61209106445312,1.80496215820312,1.44515991210938,1.72119140625
7.15896964073181,-0.178375244140625,0.059814453125,-0.13885498046875,3.57879638671875,-0.0567626953125,11.9485473632812,1.91757202148438,1.5228271484375,1.59255981445312,1.54876708984375
7.17038941383362,-0.086517333984375,-0.10894775390625,-0.312957763671875,1.7852783203125,2.75482177734375,11.0073852539062,2.05764770507812,1.27716064453125,1.89041137695312,1.3555908203125
7.17919158935547,-0.04913330078125,-0.223236083984375,0.058746337890625,-0.03753662109375,0.6591796875,12.0428466796875,1.54922485351562,1.71401977539062,1.47491455078125,1.84127807617188
7.18992447853088,-0.0128173828125,-0.131378173828125,-0.0726318359375,0.3204345703125,-1.6241455078125,12.2186279296875,1.7315673828125,1.58676147460938,1.62139892578125,1.63970947265625
7.20095658302307,-0.184783935546875,-0.0726318359375,-0.01922607421875,1.32659912109375,-3.49456787109375,11.5036010742188,1.73355102539062,1.61300659179688,1.49154663085938,1.7413330078125
7.20996332168579,-0.22216796875,0.022430419921875,-0.128173828125,2.8619384765625,4.17205810546875,12.4758911132812,1.90643310546875,1.4892578125,1.5911865234375,1.59423828125
7.22098875045776,0.189056396484375,-0.276641845703125,-0.10894775390625,-2.75299072265625,1.1663818359375,12.9949951171875,1.67098999023438,1.5325927734375,1.7852783203125,1.59393310546875
7.22993159294128,-0.001068115234375,-0.411224365234375,-0.171966552734375,-5.90972900390625,-0.33050537109375,12.9995727539062,1.76681518554688,1.35177612304688,1.84860229492188,1.6156005859375
7.249178647995,-0.13671875,-0.5426025390625,0.169830322265625,-1.40350341796875,-1.7779541015625,9.5654296875,1.3433837890625,1.69830322265625,1.41845703125,2.12173461914062
7.2608950138092,-0.003204345703125,-0.39093017578125,0.00640869140625,-0.5126953125,-2.00042724609375,10.3115844726562,1.55059814453125,1.57501220703125,1.62017822265625,1.83624267578125
7.270840883255,0.137786865234375,-0.18585205078125,-0.042724609375,0.08056640625,-3.65203857421875,9.70550537109375,1.63055419921875,1.61788940429688,1.66183471679688,1.67160034179688
7.28098034858704,-0.07904052734375,-0.464630126953125,-0.0341796875,-0.47332763671875,-1.75140380859375,8.8970947265625,1.59942626953125,1.47140502929688,1.6705322265625,1.84524536132812
7.28987312316895,0.0042724609375,-0.0555419921875,-0.333251953125,3.98162841796875,2.79693603515625,8.177490234375,2.0697021484375,1.2445068359375,1.94564819335938,1.32827758789062
7.30107593536377,0.404815673828125,-0.069427490234375,-0.304412841796875,0.52276611328125,2.43621826171875,11.114501953125,1.90719604492188,1.392822265625,2.03659057617188,1.2530517578125
7.31010818481445,0.5426025390625,0.2606201171875,-0.022430419921875,1.46575927734375,2.4298095703125,12.6690673828125,1.61422729492188,1.88674926757812,1.62612915039062,1.46270751953125
7.31990718841553,0.221099853515625,-0.052337646484375,0.180511474609375,-0.83770751953125,1.01348876953125,12.7194213867188,1.35986328125,1.94168090820312,1.38214111328125,1.9061279296875
7.33013701438904,0.2008056640625,0.00640869140625,0.195465087890625,-0.71685791015625,-0.62255859375,12.69287109375,1.3592529296875,1.97174072265625,1.34414672851562,1.91299438476562
7.34086632728577,0.289459228515625,-0.041656494140625,0.162353515625,-2.36663818359375,-2.274169921875,10.8993530273438,1.35986328125,1.94671630859375,1.42318725585938,1.85928344726562
7.34911370277405,0.043792724609375,-0.257415771484375,0.05767822265625,-1.563720703125,-0.65460205078125,10.7061767578125,1.50314331054688,1.68380737304688,1.5399169921875,1.8621826171875
7.35995888710022,0.18157958984375,-0.122833251953125,-0.08758544921875,0.6719970703125,-1.1334228515625,9.3310546875,1.68212890625,1.58126831054688,1.72500610351562,1.59896850585938
7.36965608596802,-0.052337646484375,0.0640869140625,-0.272369384765625,-0.0054931640625,0.6756591796875,9.66522216796875,2.03887939453125,1.3385009765625,1.83380126953125,1.37542724609375
7.37994408607483,0.105743408203125,0.152740478515625,-0.481719970703125,1.2579345703125,6.37481689453125,10.6484985351562,2.27432250976562,1.15310668945312,2.12142944335938,1.0369873046875
7.39052772521973,0.154876708984375,0.186920166015625,-0.4400634765625,-0.59783935546875,8.07861328125,12.7569580078125,2.21603393554688,1.23214721679688,2.07778930664062,1.05880737304688
7.40002012252808,0.316162109375,0.41656494140625,-0.056610107421875,1.15264892578125,5.95916748046875,12.2067260742188,1.76040649414062,1.83059692382812,1.58050537109375,1.41357421875
7.40917062759399,0.210418701171875,0.291595458984375,0.045928955078125,1.86676025390625,1.5911865234375,11.7214965820312,1.62643432617188,1.89010620117188,1.46194458007812,1.6064453125
7.42808938026428,0.06622314453125,0.084381103515625,0.251007080078125,3.006591796875,-0.31951904296875,10.9716796875,1.35787963867188,2.04345703125,1.22406005859375,1.96182250976562
7.43311190605164,0.0640869140625,-0.165557861328125,0.212554931640625,-1.04461669921875,-1.5399169921875,9.5855712890625,1.326904296875,1.91787719726562,1.34979248046875,1.99050903320312
7.44700193405151,0.01495361328125,0.0897216796875,-0.179443359375,-3.36090087890625,-0.40924072265625,9.70733642578125,1.90887451171875,1.49642944335938,1.74667358398438,1.43386840820312
7.45812106132507,0.069427490234375,-0.01922607421875,-0.2520751953125,-4.48150634765625,-0.2362060546875,11.5658569335938,1.951904296875,1.39114379882812,1.88644409179688,1.356201171875
7.46802830696106,-0.058746337890625,0.059814453125,-0.25634765625,-2.05902099609375,-0.1446533203125,11.8844604492188,2.01431274414062,1.36856079101562,1.83746337890625,1.36703491210938
7.47910189628601,-0.030975341796875,0.1153564453125,-0.02777099609375,-0.20965576171875,1.47857666015625,10.8480834960938,1.7425537109375,1.68136596679688,1.53854370117188,1.62811279296875
7.48994112014771,0.133514404296875,-0.111083984375,-0.0384521484375,1.00341796875,-0.37994384765625,10.5386352539062,1.64138793945312,1.64947509765625,1.66519165039062,1.63619995117188
7.49792051315308,-0.0042724609375,-0.0555419921875,0.24139404296875,3.16864013671875,-0.0018310546875,10.5532836914062,1.3531494140625,1.97769165039062,1.25289916992188,2.00912475585938
7.5079939365387,-0.088653564453125,-0.21575927734375,0.15167236328125,1.61407470703125,-0.39642333984375,10.24658203125,1.44332885742188,1.79534912109375,1.38504028320312,1.96929931640625
7.51792693138123,-0.011749267578125,-0.037384033203125,0.08758544921875,5.7403564453125,-1.1004638671875,9.100341796875,1.55441284179688,1.79168701171875,1.43417358398438,1.812744140625
7.52795457839966,-0.030975341796875,-0.230712890625,0.11962890625,1.52801513671875,-2.7978515625,10.4598999023438,1.45904541015625,1.75811767578125,1.4532470703125,1.9281005859375
7.53797674179077,-0.003204345703125,-0.189056396484375,-0.016021728515625,0.20599365234375,-3.34991455078125,10.0790405273438,1.63314819335938,1.60858154296875,1.61865234375,1.73812866210938
7.54827666282654,-0.048065185546875,-0.18585205078125,-0.022430419921875,1.64520263671875,-2.61932373046875,9.92706298828125,1.6558837890625,1.57989501953125,1.61544799804688,1.7535400390625
7.55989336967468,0.054473876953125,-0.2093505859375,-0.35675048828125,-0.5657958984375,-0.73883056640625,9.7503662109375,2.03704833984375,1.18392944335938,2.07122802734375,1.3128662109375
7.56792259216309,0.02777099609375,-0.048065185546875,-0.302276611328125,-0.20782470703125,1.14532470703125,9.18914794921875,2.02072143554688,1.28570556640625,1.95587158203125,1.34323120117188
7.57844638824463,-0.06622314453125,0.191192626953125,-0.35247802734375,4.96490478515625,6.163330078125,11.1923217773438,2.17910766601562,1.2615966796875,1.92779541015625,1.2347412109375
7.58790755271912,0.116424560546875,0.29052734375,0.042724609375,2.29522705078125,3.4552001953125,12.3330688476562,1.66000366210938,1.8359375,1.46102905273438,1.64627075195312
7.59795117378235,0.045928955078125,0.338592529296875,0.13458251953125,-0.05950927734375,2.4041748046875,12.8475952148438,1.58157348632812,1.94076538085938,1.31423950195312,1.76742553710938
7.60794615745544,0.15380859375,-0.024566650390625,0.178375244140625,0.113525390625,-2.53875732421875,11.4926147460938,1.38458251953125,1.92031860351562,1.40411376953125,1.89651489257812
7.61710453033447,0.075836181640625,-0.247802734375,0.426177978515625,-1.1480712890625,-4.0850830078125,10.1541137695312,1.02645874023438,2.1368408203125,1.14425659179688,2.29812622070312
7.62792491912842,0.059814453125,-0.3973388671875,-0.042724609375,-2.75482177734375,-3.343505859375,9.7320556640625,1.57440185546875,1.49826049804688,1.7694091796875,1.76345825195312
7.63831114768982,-0.093994140625,0.073699951171875,-0.21575927734375,0.911865234375,-1.99676513671875,9.00238037109375,1.98013305664062,1.37741088867188,1.80709838867188,1.448974609375
7.64893913269043,-0.0726318359375,0.29693603515625,-0.24993896484375,6.19720458984375,6.55059814453125,8.8641357421875,2.07870483398438,1.40411376953125,1.79061889648438,1.33773803710938
7.65719795227051,0.142059326171875,-0.18157958984375,-0.2606201171875,-0.4156494140625,3.79486083984375,9.935302734375,1.88247680664062,1.30645751953125,2.01553344726562,1.405029296875
7.66913604736328,0.107879638671875,-0.122833251953125,-0.21575927734375,-5.45196533203125,-0.1025390625,13.1698608398438,1.85394287109375,1.3702392578125,1.93206787109375,1.4532470703125
7.67838740348816,0.280914306640625,0.137786865234375,-0.01068115234375,-6.05072021484375,-2.94891357421875,12.4813842773438,1.62521362304688,1.75918579101562,1.65618896484375,1.572265625
7.68989443778992,0.238189697265625,0.27130126953125,0.240325927734375,-1.739501953125,-4.7406005859375,11.5109252929688,1.36322021484375,2.09915161132812,1.29791259765625,1.854248046875
7.69822096824646,0.25848388671875,0.25421142578125,0.090789794921875,6.917724609375,-3.74267578125,9.2889404296875,1.53793334960938,1.91329956054688,1.49703979492188,1.66595458984375
7.70790958404541,0.048065185546875,0.0042724609375,0.31402587890625,7.5311279296875,-2.43896484375,8.5089111328125,1.246337890625,2.05612182617188,1.23733520507812,2.08084106445312
7.71925497055054,-0.27130126953125,0.2349853515625,0.20721435546875,5.77789306640625,-0.047607421875,7.4267578125,1.5447998046875,1.89468383789062,1.20269775390625,1.97769165039062
7.72914958000183,-0.09613037109375,0.04486083984375,-0.14739990234375,3.6712646484375,2.91229248046875,8.7030029296875,1.8853759765625,1.45721435546875,1.74713134765625,1.53656005859375
7.73791456222534,0.152740478515625,-0.063018798828125,-0.396270751953125,-1.26708984375,3.97705078125,10.7730102539062,2.08465576171875,1.19003295898438,2.17117309570312,1.180419921875
7.74990630149841,-0.043792724609375,0.225372314453125,-0.124969482421875,-1.52069091796875,-0.7177734375,10.9634399414062,1.89926147460938,1.55593872070312,1.68685913085938,1.48666381835938
7.75991368293762,-0.08758544921875,0.118560791015625,-0.208282470703125,0.1611328125,-1.571044921875,10.9487915039062,1.98593139648438,1.4080810546875,1.81106567382812,1.4251708984375
7.77244257926941,-0.114288330078125,0.01068115234375,-0.0640869140625,0.65277099609375,-0.9722900390625,11.268310546875,1.7816162109375,1.54739379882812,1.65512084960938,1.6461181640625
7.77996873855591,-0.0897216796875,0.067291259765625,-0.107879638671875,-0.2655029296875,-0.4522705078125,11.8011474609375,1.84707641601562,1.51641845703125,1.71463012695312,1.56005859375
7.78996968269348,-0.0042724609375,0.127105712890625,0.1025390625,2.127685546875,-1.01348876953125,10.8480834960938,1.57501220703125,1.82113647460938,1.4599609375,1.78359985351562
7.79988551139832,-0.01708984375,-0.058746337890625,-0.008544921875,2.5341796875,-0.33416748046875,9.67987060546875,1.66473388671875,1.61849975585938,1.65725708007812,1.7071533203125
7.81400203704834,-0.007476806640625,0.04058837890625,-0.0640869140625,2.79327392578125,-1.14990234375,9.4903564453125,1.76132202148438,1.5814208984375,1.70013427734375,1.60476684570312
7.82152009010315,-0.08331298828125,0.142059326171875,0.2349853515625,1.9647216796875,-3.0670166015625,10.3912353515625,1.43905639648438,1.95205688476562,1.280517578125,1.98715209960938
7.83049631118774,-0.223236083984375,-0.063018798828125,0.01068115234375,-0.377197265625,0.1300048828125,9.97833251953125,1.70196533203125,1.5704345703125,1.57745361328125,1.812744140625
7.84011077880859,-0.039520263671875,0.12176513671875,-0.1153564453125,1.69647216796875,2.0892333984375,9.82177734375,1.86508178710938,1.52908325195312,1.72576904296875,1.54769897460938
7.8491313457489,-0.076904296875,-0.054473876953125,-0.127105712890625,0.21148681640625,2.559814453125,9.8272705078125,1.8463134765625,1.45523071289062,1.77520751953125,1.59622192382812
7.85989284515381,-0.09613037109375,0.0982666015625,-0.13458251953125,-0.32501220703125,1.834716796875,9.70184326171875,1.90322875976562,1.48239135742188,1.74087524414062,1.549072265625
7.86790323257446,0.05767822265625,0.159149169921875,0.0128173828125,0.91644287109375,0.27740478515625,10.8316040039062,1.69021606445312,1.72698974609375,1.59332275390625,1.67221069335938
7.87803268432617,0.0640869140625,0.01922607421875,0.073699951171875,-1.0308837890625,-1.01165771484375,10.404052734375,1.56967163085938,1.75872802734375,1.56463623046875,1.79183959960938
7.8878915309906,-0.08331298828125,-0.028839111328125,0.15167236328125,1.02447509765625,-0.8056640625,9.9700927734375,1.50436401367188,1.79718017578125,1.44012451171875,1.94656372070312
7.89846634864807,-0.00213623046875,0.037384033203125,0.007476806640625,2.63031005859375,0.7232666015625,9.16900634765625,1.680908203125,1.66091918945312,1.62521362304688,1.72119140625
7.9080798625946,0.08544921875,0.103607177734375,-0.073699951171875,0.41015625,4.16473388671875,9.656982421875,1.77566528320312,1.60919189453125,1.7327880859375,1.57760620117188
7.91791152954102,0.03204345703125,0.005340576171875,-0.1837158203125,-0.2490234375,2.98004150390625,8.8970947265625,1.9024658203125,1.42578125,1.88629150390625,1.4825439453125
7.92801666259766,0.086517333984375,0.124969482421875,0.0042724609375,0.04302978515625,-0.44952392578125,10.2401733398438,1.69570922851562,1.71920776367188,1.62796020507812,1.66351318359375
7.93710088729858,0.131378173828125,0.118560791015625,-0.080108642578125,1.10504150390625,-1.9940185546875,9.22393798828125,1.79183959960938,1.62628173828125,1.74835205078125,1.54373168945312
7.94790291786194,-0.04486083984375,0.1068115234375,0.080108642578125,-1.07208251953125,-1.4849853515625,10.08544921875,1.64093017578125,1.77276611328125,1.50421142578125,1.800537109375
7.96011710166931,-0.01068115234375,0.18585205078125,-0.0982666015625,-0.9063720703125,0.5072021484375,9.96185302734375,1.87591552734375,1.58599853515625,1.71554565429688,1.5447998046875
7.96988844871521,0.007476806640625,0.199737548828125,-0.095062255859375,-0.22064208984375,1.4373779296875,10.1596069335938,1.8756103515625,1.60751342773438,1.71173095703125,1.5338134765625
7.97995018959045,0.02349853515625,0.0469970703125,-0.050201416015625,-0.50994873046875,0.74981689453125,9.7357177734375,1.76773071289062,1.61651611328125,1.71096801757812,1.63909912109375
7.99089932441711,-0.018157958984375,0.139923095703125,0.008544921875,0.0421142578125,-0.8624267578125,9.01885986328125,1.73233032226562,1.70425415039062,1.6046142578125,1.69769287109375
7.99988269805908,-0.065155029296875,0.10040283203125,0.075836181640625,0.560302734375,0.65826416015625,9.93255615234375,1.6552734375,1.7626953125,1.52008056640625,1.81121826171875
8.00994181632996,-0.088653564453125,0.07476806640625,0.011749267578125,2.15972900390625,2.0123291015625,8.88427734375,1.73858642578125,1.671142578125,1.59912109375,1.744384765625
8.01902532577515,-0.050201416015625,0.162353515625,-0.001068115234375,1.640625,1.87957763671875,10.4461669921875,1.77093505859375,1.69357299804688,1.6070556640625,1.689453125
8.03020286560059,-0.0213623046875,0.048065185546875,-0.076904296875,-2.12493896484375,-1.1407470703125,9.935302734375,1.822509765625,1.57516479492188,1.74972534179688,1.61788940429688
8.03910374641418,-0.04913330078125,0.142059326171875,-0.06622314453125,-1.680908203125,-2.15423583984375,10.0946044921875,1.846923828125,1.6094970703125,1.7022705078125,1.61041259765625
8.05990219116211,-0.01708984375,0.129241943359375,-0.099334716796875,-0.89630126953125,0.743408203125,10.0845336914062,1.8817138671875,1.58538818359375,1.75582885742188,1.55807495117188
8.07404971122742,0.042724609375,0.065155029296875,-0.00213623046875,-0.2838134765625,0.662841796875,11.2857055664062,1.7333984375,1.71432495117188,1.66793823242188,1.67724609375
8.08002471923828,-0.0128173828125,0.33966064453125,-0.024566650390625,1.116943359375,-1.74591064453125,8.44024658203125,1.86569213867188,1.75033569335938,1.5924072265625,1.58523559570312
8.090327501297,-0.063018798828125,0.052337646484375,0.08544921875,0.882568359375,-1.439208984375,7.81585693359375,1.65634155273438,1.78909301757812,1.5264892578125,1.82510375976562
8.09987163543701,-0.0213623046875,-0.0640869140625,-0.048065185546875,1.63970947265625,-0.970458984375,6.6448974609375,1.78207397460938,1.60614013671875,1.73477172851562,1.68258666992188
8.10991048812866,0.058746337890625,0.208282470703125,-0.025634765625,2.2906494140625,-1.2396240234375,9.16259765625,1.81655883789062,1.74636840820312,1.64337158203125,1.60171508789062
8.12110733985901,-0.058746337890625,0.15594482421875,-0.03631591796875,1.27532958984375,-0.948486328125,10.2447509765625,1.84982299804688,1.68228149414062,1.63665771484375,1.63925170898438
8.13010001182556,0.107879638671875,0.10040283203125,-0.1025390625,2.578125,-3.94317626953125,9.97833251953125,1.86874389648438,1.6253662109375,1.7938232421875,1.5350341796875
8.13990926742554,0.05767822265625,0.013885498046875,-0.02349853515625,0.60882568359375,-2.58453369140625,10.3070068359375,1.75918579101562,1.68136596679688,1.710205078125,1.6754150390625
8.1504180431366,0.024566650390625,-0.084381103515625,-0.050201416015625,-1.56646728515625,-1.519775390625,9.45281982421875,1.7755126953125,1.61041259765625,1.76620483398438,1.68121337890625
8.15791177749634,-0.16021728515625,-0.272369384765625,-0.0897216796875,-1.937255859375,0.20782470703125,9.884033203125,1.82403564453125,1.4501953125,1.81472778320312,1.744384765625
8.16985535621643,-0.111083984375,-0.310821533203125,0.041656494140625,-5.03448486328125,0.44403076171875,11.1895751953125,1.63192749023438,1.61300659179688,1.68960571289062,1.9091796875
8.1799840927124,-0.11749267578125,-0.264892578125,0.03204345703125,-8.5089111328125,1.18194580078125,11.8167114257812,1.65863037109375,1.61041259765625,1.68853759765625,1.88766479492188
8.18989276885986,-0.030975341796875,-0.111083984375,0.024566650390625,-5.10223388671875,-0.2069091796875,11.0458374023438,1.689453125,1.676025390625,1.67724609375,1.80419921875
8.19997406005859,0.008544921875,0.0213623046875,0.01708984375,-4.80743408203125,-0.78460693359375,10.9194946289062,1.72607421875,1.71905517578125,1.65786743164062,1.74392700195312
8.21005511283875,-0.084381103515625,0.073699951171875,-0.04913330078125,-1.7156982421875,1.97021484375,10.5487060546875,1.85928344726562,1.62261962890625,1.70089721679688,1.67755126953125
8.22003412246704,0.01495361328125,0.08544921875,-0.114288330078125,1.22955322265625,1.45477294921875,9.9041748046875,1.9091796875,1.57150268554688,1.80877685546875,1.56692504882812
8.2300136089325,0.0299072265625,0.082244873046875,0.028839111328125,0.08148193359375,1.89422607421875,11.173095703125,1.7303466796875,1.75399780273438,1.63162231445312,1.75704956054688
8.24009323120117,0.092926025390625,0.145263671875,-0.04913330078125,-0.36895751953125,0.85418701171875,10.4196166992188,1.8292236328125,1.69708251953125,1.727294921875,1.62429809570312
8.25017189979553,-0.08758544921875,0.01708984375,-0.068359375,0.1446533203125,1.607666015625,9.34478759765625,1.875,1.57989501953125,1.73751831054688,1.69418334960938
8.25994634628296,-0.020294189453125,0.169830322265625,-0.00640869140625,0.36163330078125,1.094970703125,9.5672607421875,1.8206787109375,1.72637939453125,1.640625,1.70028686523438
8.27042031288147,-0.04058837890625,0.04913330078125,0.04486083984375,-1.93817138671875,0.69305419921875,9.95635986328125,1.73309326171875,1.75125122070312,1.60202026367188,1.8096923828125
8.28091859817505,0.0042724609375,0.16021728515625,-0.150604248046875,0.31036376953125,-0.32684326171875,9.61029052734375,1.99615478515625,1.55487060546875,1.82586669921875,1.51901245117188
8.29000329971313,0.07476806640625,0.0555419921875,-0.01708984375,1.39617919921875,-1.18560791015625,10.48095703125,1.78848266601562,1.7291259765625,1.69937133789062,1.68548583984375
8.29996132850647,0.067291259765625,0.17303466796875,0.011749267578125,2.22564697265625,1.53717041015625,9.957275390625,1.79519653320312,1.8060302734375,1.6180419921875,1.6839599609375
8.32225489616394,-0.007476806640625,0.22430419921875,-0.097198486328125,-1.50146484375,1.051025390625,8.7158203125,1.98348999023438,1.67922973632812,1.70425415039062,1.539306640625
8.33025288581848,0.118560791015625,0.227508544921875,0.035247802734375,-2.38677978515625,-1.395263671875,8.7652587890625,1.778564453125,1.88507080078125,1.57470703125,1.6656494140625
8.33991813659668,0.137786865234375,0.247802734375,0.065155029296875,-1.85302734375,-1.563720703125,9.6734619140625,1.741943359375,1.9317626953125,1.54373168945312,1.68655395507812
8.34992980957031,0.01068115234375,0.08331298828125,0.1068115234375,-0.1629638671875,-2.7081298828125,11.4605712890625,1.68197631835938,1.89559936523438,1.50421142578125,1.826171875
8.3599419593811,-0.042724609375,-0.08758544921875,0.04913330078125,0.94207763671875,-2.33917236328125,11.0760498046875,1.71478271484375,1.75994873046875,1.6143798828125,1.81961059570312
8.37012934684753,-0.039520263671875,-0.15167236328125,-0.0042724609375,0.24993896484375,-1.2506103515625,8.53179931640625,1.76422119140625,1.67861938476562,1.70059204101562,1.7694091796875
8.3798987865448,-0.088653564453125,-0.161285400390625,0.011749267578125,1.12884521484375,-0.80291748046875,7.7947998046875,1.75628662109375,1.67037963867188,1.67144775390625,1.81610107421875
8.38994145393372,-0.128173828125,-0.246734619140625,-0.11322021484375,-1.640625,0.38818359375,8.5272216796875,1.89804077148438,1.47430419921875,1.84585571289062,1.69692993164062
8.39797139167786,-0.048065185546875,-0.2178955078125,-0.144195556640625,-3.55133056640625,1.18560791015625,8.8458251953125,1.92474365234375,1.46743774414062,1.90185546875,1.62734985351562
8.4101197719574,-0.042724609375,-0.2349853515625,-0.161285400390625,-4.65362548828125,0.42938232421875,10.2044677734375,1.93695068359375,1.44134521484375,1.93222045898438,1.60552978515625
8.41994094848633,0.037384033203125,-0.31402587890625,-0.11322021484375,-6.6357421875,-1.3201904296875,10.6622314453125,1.82205200195312,1.49948120117188,1.91864013671875,1.66366577148438
8.43069672584534,-0.03631591796875,-0.1495361328125,0.02349853515625,-5.6341552734375,-0.94940185546875,10.1641845703125,1.72821044921875,1.70501708984375,1.67999267578125,1.81289672851562
8.44015645980835,-0.00213623046875,-0.01708984375,0.142059326171875,-0.98052978515625,-0.92376708984375,8.9520263671875,1.61361694335938,1.9091796875,1.4990234375,1.91162109375
8.44991087913513,0.11962890625,-0.21575927734375,0.12603759765625,0.040283203125,-3.39019775390625,9.48211669921875,1.54556274414062,1.87118530273438,1.6107177734375,1.917724609375
8.45989584922791,0.103607177734375,-0.270233154296875,0.105743408203125,-1.7376708984375,-5.0738525390625,9.05181884765625,1.56417846679688,1.82601928710938,1.64413452148438,1.9140625
8.46996235847473,-0.152740478515625,-0.355682373046875,0.178375244140625,-3.12652587890625,-3.86810302734375,10.0927734375,1.53182983398438,1.81900024414062,1.50039672851562,2.1051025390625
8.48292279243469,-0.077972412109375,-0.086517333984375,-0.003204345703125,-0.08697509765625,-0.61981201171875,10.5706787109375,1.81793212890625,1.69570922851562,1.668701171875,1.7755126953125
8.4920346736908,-0.0299072265625,0.04058837890625,-0.139923095703125,1.13525390625,0.14556884765625,12.2634887695312,2.00729370117188,1.57623291015625,1.82220458984375,1.55548095703125
8.50013136863708,-0.001068115234375,0.09613037109375,-0.291595458984375,1.63604736328125,1.59393310546875,11.0714721679688,2.20535278320312,1.41220092773438,2.0086669921875,1.3397216796875
8.5100634098053,0.024566650390625,0.0811767578125,-0.300140380859375,3.27484130859375,0.5438232421875,7.84698486328125,2.2021484375,1.40182495117188,2.03506469726562,1.324462890625
8.51988363265991,-0.097198486328125,0.077972412109375,-0.213623046875,4.31304931640625,2.12493896484375,6.84722900390625,2.13180541992188,1.46621704101562,1.88980102539062,1.4666748046875
8.53020143508911,0.07049560546875,0.00213623046875,-0.00640869140625,2.6385498046875,1.0235595703125,7.12005615234375,1.79153442382812,1.7462158203125,1.70394897460938,1.697998046875
8.53989291191101,0.09613037109375,0.25421142578125,0.04486083984375,0.85784912109375,4.3853759765625,9.31732177734375,1.7889404296875,1.88644409179688,1.5704345703125,1.6754150390625
8.54905366897583,0.07049560546875,0.280914306640625,0.07049560546875,-2.1588134765625,1.73583984375,11.3397216796875,1.77200317382812,1.91314697265625,1.52053833007812,1.70700073242188
8.55827164649963,-0.048065185546875,0.05340576171875,0.1837158203125,-3.856201171875,0.16845703125,13.3090209960938,1.59164428710938,1.94747924804688,1.40838623046875,1.94931030273438
8.56784677505493,-0.02349853515625,-0.020294189453125,-0.026702880859375,-4.04571533203125,-0.6134033203125,11.7095947265625,1.81884765625,1.66275024414062,1.70684814453125,1.69876098632812
8.57889938354492,-0.13031005859375,-0.197601318359375,0.0555419921875,-1.28631591796875,0.1263427734375,11.9439697265625,1.6949462890625,1.68045043945312,1.62567138671875,1.88613891601562
8.58786773681641,0.105743408203125,0.174102783203125,-0.128173828125,1.75323486328125,-2.706298828125,10.2310180664062,1.9549560546875,1.62216186523438,1.81671142578125,1.47369384765625
8.5980224609375,-0.05340576171875,-0.0341796875,0.084381103515625,-1.98486328125,-3.66119384765625,10.7931518554688,1.67007446289062,1.771240234375,1.56387329101562,1.84799194335938
8.60889291763306,-0.128173828125,-0.043792724609375,-0.058746337890625,0.55572509765625,-0.21514892578125,8.27178955078125,1.85958862304688,1.56219482421875,1.72073364257812,1.69189453125
8.61837887763977,-0.0341796875,-0.184783935546875,-0.163421630859375,3.87542724609375,3.255615234375,8.8916015625,1.9207763671875,1.41220092773438,1.92214965820312,1.58050537109375
8.62989139556885,-0.052337646484375,-0.122833251953125,-0.09185791015625,3.91845703125,4.75433349609375,9.44549560546875,1.85272216796875,1.50894165039062,1.80648803710938,1.65481567382812
8.63801693916321,-0.15594482421875,-0.283050537109375,0.1025390625,-2.45269775390625,3.66851806640625,11.4752197265625,1.5875244140625,1.669921875,1.57684326171875,1.97433471679688
8.65003514289856,-0.063018798828125,0.1068115234375,0.071563720703125,-2.2265625,3.16680908203125,12.381591796875,1.72027587890625,1.77490234375,1.51611328125,1.78955078125
8.6579749584198,0.0897216796875,-0.430450439453125,0.065155029296875,-7.55950927734375,-0.74249267578125,12.5299072265625,1.51885986328125,1.64276123046875,1.72592163085938,1.90383911132812
8.67006087303162,-0.039520263671875,-0.065155029296875,0.15167236328125,-2.8143310546875,-3.49365234375,10.3948974609375,1.55960083007812,1.8212890625,1.46133422851562,1.94427490234375
8.67826747894287,0.007476806640625,0.0555419921875,0.13458251953125,1.36871337890625,-2.86102294921875,9.510498046875,1.60079956054688,1.851806640625,1.4508056640625,1.87118530273438
8.68791532516479,0.02349853515625,-0.122833251953125,-0.0042724609375,0.57952880859375,-0.9942626953125,10.6494140625,1.71630859375,1.62933349609375,1.683349609375,1.74560546875
8.69772815704346,0.016021728515625,0.09613037109375,-0.197601318359375,-0.66375732421875,-0.93475341796875,9.57550048828125,2.02072143554688,1.44424438476562,1.85256958007812,1.43966674804688
8.70801973342896,-0.020294189453125,-0.204010009765625,-0.2435302734375,-2.41424560546875,-0.79742431640625,9.71649169921875,1.99722290039062,1.28021240234375,1.98898315429688,1.4788818359375
8.71800422668457,-0.0384521484375,-0.052337646484375,0.001068115234375,-1.2835693359375,-1.62689208984375,10.59814453125,1.73751831054688,1.62277221679688,1.63558959960938,1.74453735351562
8.72806739807129,-0.063018798828125,-0.308685302734375,-0.016021728515625,-4.08416748046875,0.457763671875,12.2525024414062,1.6839599609375,1.51107788085938,1.72897338867188,1.80526733398438
8.73805332183838,-0.0128173828125,-0.028839111328125,0.15380859375,-4.2535400390625,-0.6134033203125,10.9918212890625,1.53854370117188,1.81442260742188,1.45217895507812,1.91390991210938
8.74800705909729,-0.13031005859375,-0.137786865234375,-0.112152099609375,-2.15972900390625,-0.7598876953125,9.700927734375,1.8701171875,1.40899658203125,1.78207397460938,1.65237426757812
8.75988817214966,0.1153564453125,0.189056396484375,-0.189056396484375,0.1666259765625,-1.16455078125,9.078369140625,1.98577880859375,1.48193359375,1.85226440429688,1.3824462890625
8.76988077163696,0.06195068359375,-0.205078125,0.133514404296875,-4.29473876953125,1.09771728515625,9.85565185546875,1.47445678710938,1.74972534179688,1.54861450195312,1.91925048828125
8.79990601539612,-0.075836181640625,0.30975341796875,-0.13885498046875,0.1629638671875,2.25128173828125,9.964599609375,2.00790405273438,1.50955200195312,1.68792724609375,1.46987915039062
8.8101921081543,-0.095062255859375,0.319366455078125,-0.033111572265625,5.6671142578125,0.66558837890625,7.745361328125,1.88262939453125,1.63360595703125,1.54342651367188,1.60629272460938
8.82094526290894,0.039520263671875,0.02777099609375,-0.13031005859375,3.21624755859375,-0.27191162109375,7.99713134765625,1.8780517578125,1.46148681640625,1.79473876953125,1.52923583984375
8.8278694152832,0.11749267578125,0.13458251953125,0.01495361328125,1.54266357421875,-0.35064697265625,8.73870849609375,1.70272827148438,1.69937133789062,1.60110473632812,1.651611328125
8.83901953697205,-0.165557861328125,-0.112152099609375,0.223236083984375,-2.65960693359375,-0.498046875,8.68194580078125,1.451416015625,1.79962158203125,1.32919311523438,2.06756591796875
8.84786295890808,-0.028839111328125,0.2520751953125,0.02777099609375,0.062255859375,0.5126953125,9.60205078125,1.7633056640625,1.705322265625,1.50253295898438,1.67236328125
8.85802745819092,0.030975341796875,0.161285400390625,0.17730712890625,0.3955078125,0.146484375,9.05364990234375,1.53289794921875,1.87759399414062,1.3568115234375,1.86691284179688
8.87108898162842,-0.080108642578125,-0.15380859375,-0.00213623046875,-0.19683837890625,1.93634033203125,7.529296875,1.69509887695312,1.53244018554688,1.63681030273438,1.76681518554688
8.87799477577209,0.142059326171875,0.210418701171875,0.076904296875,3.47259521484375,1.53076171875,9.02252197265625,1.6424560546875,1.81137084960938,1.48712158203125,1.68228149414062
8.88788533210754,0.27557373046875,0.037384033203125,-0.186920166015625,1.82098388671875,-1.45111083984375,10.1980590820312,1.87881469726562,1.475830078125,1.900634765625,1.35894775390625
8.89890718460083,0.048065185546875,-0.238189697265625,0.111083984375,-1.3641357421875,-2.72369384765625,10.14404296875,1.49551391601562,1.70623779296875,1.53305053710938,1.8756103515625
8.90803742408752,-0.137786865234375,0.039520263671875,0.1751708984375,3.1036376953125,0.83221435546875,8.03375244140625,1.551513671875,1.81365966796875,1.31240844726562,1.92413330078125
8.91801357269287,0.13458251953125,-0.073699951171875,0.107879638671875,3.75091552734375,0.6243896484375,10.8526611328125,1.5203857421875,1.77871704101562,1.51336669921875,1.78512573242188
8.93054699897766,0.16448974609375,-0.08331298828125,-0.118560791015625,1.53717041015625,0.70404052734375,11.6748046875,1.78924560546875,1.50115966796875,1.80999755859375,1.4892578125
8.93842840194702,0.005340576171875,-0.167694091796875,-0.01708984375,-1.22406005859375,1.9921875,11.6757202148438,1.68228149414062,1.55441284179688,1.65939331054688,1.6864013671875
8.94805979728699,-0.01922607421875,0.056610107421875,-0.01922607421875,5.328369140625,2.96722412109375,8.78082275390625,1.75857543945312,1.60842895507812,1.588134765625,1.6259765625
8.95725703239441,0.111083984375,0.0341796875,0.050201416015625,6.23382568359375,1.18927001953125,7.060546875,1.62124633789062,1.72271728515625,1.55380249023438,1.67709350585938
8.96790409088135,-0.082244873046875,-0.114288330078125,0.093994140625,4.0887451171875,-0.8203125,6.60186767578125,1.57485961914062,1.6705322265625,1.49200439453125,1.83242797851562
8.98111939430237,-0.013885498046875,-0.120697021484375,-0.128173828125,1.53076171875,0.34881591796875,7.28485107421875,1.82769775390625,1.40853881835938,1.7962646484375,1.53823852539062
8.9898841381073,0.105743408203125,-0.01922607421875,-0.206146240234375,0.9686279296875,2.51312255859375,8.24249267578125,1.91543579101562,1.37496948242188,1.90505981445312,1.37542724609375
8.99926686286926,0.10467529296875,0.139923095703125,-0.167694091796875,0.44952392578125,2.47283935546875,7.86529541015625,1.91253662109375,1.46499633789062,1.8133544921875,1.37496948242188
9.00999116897583,0.154876708984375,-0.0384521484375,-0.08544921875,0.5072021484375,0.9796142578125,8.48876953125,1.73858642578125,1.52496337890625,1.7828369140625,1.51626586914062
9.02010798454285,0.227508544921875,0.285186767578125,0.01068115234375,4.6966552734375,-1.67266845703125,10.08544921875,1.69281005859375,1.75933837890625,1.5863037109375,1.52511596679688
9.02892279624939,0.07049560546875,0.008544921875,0.09185791015625,3.42315673828125,0.05401611328125,10.4132080078125,1.551513671875,1.73187255859375,1.52053833007812,1.75384521484375
9.03896069526672,-0.013885498046875,-0.1409912109375,0.18585205078125,3.34808349609375,-1.32293701171875,8.521728515625,1.41265869140625,1.77764892578125,1.42578125,1.937255859375
9.05009937286377,-0.0384521484375,-0.052337646484375,0.401611328125,4.01275634765625,-1.776123046875,8.6737060546875,1.17507934570312,2.06985473632812,1.1199951171875,2.18917846679688
9.06088209152222,-0.1495361328125,-0.2691650390625,0.255279541015625,2.1148681640625,-3.03497314453125,8.86688232421875,1.32064819335938,1.78726196289062,1.33895874023438,2.10479736328125
9.06993770599365,-0.1153564453125,0.001068115234375,-0.095062255859375,4.53826904296875,-4.31304931640625,9.4866943359375,1.82708740234375,1.42807006835938,1.70745849609375,1.58599853515625
9.079918384552,-0.082244873046875,-0.0726318359375,-0.1025390625,2.80792236328125,-2.49481201171875,9.82818603515625,1.80526733398438,1.4056396484375,1.74911499023438,1.58843994140625
9.09077548980713,0.02777099609375,-0.039520263671875,-0.195465087890625,2.2650146484375,-2.581787109375,8.91448974609375,1.89300537109375,1.3238525390625,1.89590454101562,1.4373779296875
9.10926961898804,-0.01922607421875,-0.03204345703125,-0.246734619140625,-0.4083251953125,-1.64154052734375,8.97308349609375,1.97174072265625,1.23733520507812,1.9512939453125,1.38900756835938
9.12008261680603,0.073699951171875,-0.007476806640625,0.011749267578125,-2.05535888671875,-2.5579833984375,9.67803955078125,1.62826538085938,1.59423828125,1.64932250976562,1.6796875
9.12897849082947,-0.092926025390625,-0.169830322265625,-0.101470947265625,-1.71478271484375,0.933837890625,8.94744873046875,1.76910400390625,1.35116577148438,1.79046630859375,1.636962890625
9.13988280296326,0.101470947265625,0.330047607421875,-0.020294189453125,1.505126953125,1.1517333984375,10.0762939453125,1.7572021484375,1.65908813476562,1.597900390625,1.52969360351562
9.14888548851013,0.007476806640625,0.065155029296875,0.011749267578125,-0.61431884765625,1.35498046875,10.0927734375,1.66595458984375,1.59317016601562,1.60858154296875,1.67694091796875
9.16096758842468,0.06195068359375,0.19439697265625,-0.048065185546875,2.66693115234375,0.08514404296875,8.36700439453125,1.76223754882812,1.571044921875,1.6607666015625,1.54495239257812
9.17331981658936,0.05767822265625,0.159149169921875,0.300140380859375,2.303466796875,-3.03680419921875,8.345947265625,1.31805419921875,1.99920654296875,1.234130859375,1.98837280273438
9.17889356613159,-0.0640869140625,-0.0299072265625,0.349273681640625,-0.6939697265625,-2.61474609375,7.63916015625,1.23306274414062,1.96548461914062,1.19384765625,2.14508056640625
9.18914175033569,0.025634765625,0.1837158203125,0.052337646484375,-0.92926025390625,0.59783935546875,8.49700927734375,1.63955688476562,1.68685913085938,1.5283203125,1.67877197265625
9.19989061355591,-0.008544921875,0.067291259765625,-0.157012939453125,-2.589111328125,1.4044189453125,9.8712158203125,1.8780517578125,1.38320922851562,1.80892944335938,1.46499633789062
9.20945906639099,-0.071563720703125,0.035247802734375,-0.21575927734375,-3.3306884765625,2.0782470703125,8.57574462890625,1.96395874023438,1.27822875976562,1.87118530273438,1.41693115234375
9.21999192237854,0.02777099609375,0.163421630859375,-0.120697021484375,-3.680419921875,0.9906005859375,7.71240234375,1.85546875,1.46942138671875,1.74575805664062,1.46194458007812
9.23033738136292,0.1409912109375,0.38238525390625,-0.12176513671875,-2.50762939453125,0.23162841796875,7.763671875,1.888427734375,1.5667724609375,1.71157836914062,1.36260986328125
9.24029183387756,0.068359375,0.33966064453125,0.19012451171875,-2.6898193359375,0.27191162109375,8.7396240234375,1.51107788085938,1.92779541015625,1.30569458007812,1.78085327148438
9.2502601146698,-0.02777099609375,0.251007080078125,0.161285400390625,0.11260986328125,0.87249755859375,7.62542724609375,1.54983520507812,1.842041015625,1.33544921875,1.79397583007812
9.25994968414307,-0.01708984375,0.274505615234375,0.238189697265625,4.42840576171875,2.2100830078125,8.01361083984375,1.46011352539062,1.94747924804688,1.2347412109375,1.88064575195312
9.2699568271637,0.02777099609375,-0.073699951171875,0.24139404296875,0.72052001953125,1.40167236328125,10.3646850585938,1.34063720703125,1.86767578125,1.34597778320312,1.97036743164062
9.2798924446106,-0.018157958984375,0.24566650390625,-0.07904052734375,-0.09246826171875,0.19683837890625,9.15802001953125,1.849365234375,1.549072265625,1.63238525390625,1.48590087890625
9.29032039642334,-0.001068115234375,0.184783935546875,-0.0811767578125,-0.948486328125,0.1702880859375,10.089111328125,1.82815551757812,1.53366088867188,1.65817260742188,1.49688720703125
9.3009569644928,-0.0555419921875,-0.09185791015625,-0.176239013671875,-4.793701171875,-0.1885986328125,9.26055908203125,1.88949584960938,1.32492065429688,1.83822631835938,1.4642333984375
9.31064629554749,-0.02777099609375,0.09185791015625,-0.052337646484375,-2.38311767578125,-1.48681640625,9.990234375,1.78955078125,1.5509033203125,1.62994384765625,1.54953002929688
9.31826162338257,0.01708984375,0.146331787109375,-0.0299072265625,-0.81024169921875,-3.1842041015625,9.93621826171875,1.768798828125,1.61605834960938,1.59225463867188,1.53884887695312
9.33102965354919,-0.07904052734375,0.21575927734375,-0.048065185546875,-1.3714599609375,-0.5511474609375,9.59197998046875,1.84707641601562,1.58782958984375,1.5655517578125,1.51718139648438
9.33884954452515,-0.090789794921875,0.1409912109375,-0.06622314453125,0.238037109375,0.53009033203125,9.21295166015625,1.85089111328125,1.53884887695312,1.60797119140625,1.51992797851562
9.35012269020081,-0.016021728515625,0.13885498046875,0.05126953125,0.728759765625,0.19317626953125,9.3621826171875,1.685791015625,1.70272827148438,1.4794921875,1.6510009765625
9.36019539833069,-0.19012451171875,0.0341796875,0.1153564453125,0.20050048828125,1.33026123046875,9.09210205078125,1.62628173828125,1.700439453125,1.3763427734375,1.81365966796875
9.37051606178284,-0.058746337890625,0.0469970703125,0.0213623046875,0.1043701171875,1.57470703125,9.287109375,1.7132568359375,1.62887573242188,1.53030395507812,1.64825439453125
9.37987184524536,-0.0341796875,-0.08544921875,0.037384033203125,-1.57562255859375,0.16204833984375,9.20562744140625,1.64566040039062,1.61514282226562,1.55654907226562,1.70272827148438
9.38791251182556,-0.092926025390625,-0.01922607421875,-0.024566650390625,-2.55157470703125,-0.31494140625,9.6295166015625,1.76345825195312,1.5380859375,1.59469604492188,1.6229248046875
9.39888787269592,-0.099334716796875,0.028839111328125,-0.01922607421875,-0.81298828125,0.849609375,9.078369140625,1.77444458007812,1.5521240234375,1.5716552734375,1.6241455078125
9.40913248062134,-0.037384033203125,0.001068115234375,-0.120697021484375,-1.24786376953125,2.7667236328125,9.34295654296875,1.87332153320312,1.43905639648438,1.72439575195312,1.48468017578125
9.42095375061035,0.107879638671875,-0.19012451171875,-0.0726318359375,-0.80474853515625,0.24993896484375,9.759521484375,1.71371459960938,1.48666381835938,1.7681884765625,1.55853271484375
9.42990517616272,-0.00213623046875,-0.15167236328125,0.154876708984375,-0.56396484375,-0.498046875,9.31365966796875,1.473388671875,1.74591064453125,1.4398193359375,1.86721801757812
9.43995523452759,-0.150604248046875,-0.13671875,0.214691162109375,1.37054443359375,2.3895263671875,8.4283447265625,1.44577026367188,1.77886962890625,1.3165283203125,1.9842529296875
9.44899153709412,0.0042724609375,-0.097198486328125,0.1239013671875,2.900390625,2.1844482421875,9.08294677734375,1.5228271484375,1.72378540039062,1.46026611328125,1.8194580078125
9.4599871635437,0.02349853515625,-0.1580810546875,-0.063018798828125,1.11328125,0.44677734375,9.5050048828125,1.7340087890625,1.48040771484375,1.71646118164062,1.59927368164062
9.47811985015869,0.03631591796875,-0.01068115234375,-0.180511474609375,0.05401611328125,1.42181396484375,9.04083251953125,1.92123413085938,1.38717651367188,1.82403564453125,1.400146484375
9.49003386497498,0.103607177734375,-0.03631591796875,-0.082244873046875,-0.46234130859375,1.35223388671875,9.62677001953125,1.768798828125,1.52145385742188,1.73446655273438,1.50711059570312
9.50012564659119,0.159149169921875,-0.159149169921875,0.093994140625,-2.7081298828125,0.32135009765625,9.99755859375,1.49490356445312,1.724853515625,1.56967163085938,1.74636840820312
9.50995516777039,0.10467529296875,-0.097198486328125,0.15380859375,-1.1865234375,0.8221435546875,9.964599609375,1.44973754882812,1.79885864257812,1.46240234375,1.82403564453125
9.51892781257629,0.11749267578125,-0.0384521484375,0.01495361328125,1.29547119140625,1.94366455078125,9.4134521484375,1.63436889648438,1.64718627929688,1.6253662109375,1.632080078125
9.5278959274292,0.084381103515625,-0.148468017578125,-0.19866943359375,1.6680908203125,3.91204833984375,7.96142578125,1.87713623046875,1.3336181640625,1.91665649414062,1.41082763671875
9.54004979133606,0.2264404296875,0.048065185546875,-0.03204345703125,2.3236083984375,0.1666259765625,9.9371337890625,1.68258666992188,1.64505004882812,1.6937255859375,1.51519775390625
9.54711604118347,0.054473876953125,0.03204345703125,-0.0341796875,1.25335693359375,1.22589111328125,10.5459594726562,1.73080444335938,1.59454345703125,1.64962768554688,1.56494140625
9.55794811248779,0.112152099609375,0.118560791015625,-0.0555419921875,2.33917236328125,1.424560546875,9.356689453125,1.763916015625,1.614990234375,1.66946411132812,1.49063110351562
9.5678699016571,0.1409912109375,0.259552001953125,0.180511474609375,4.19677734375,0.17852783203125,9.41986083984375,1.50405883789062,1.9610595703125,1.34185791015625,1.73614501953125
9.57827353477478,0.144195556640625,-0.0640869140625,0.073699951171875,-1.93084716796875,-1.083984375,9.2669677734375,1.53823852539062,1.73294067382812,1.57333374023438,1.6986083984375
9.58890843391418,0.02777099609375,-0.2435302734375,0.204010009765625,-5.050048828125,-1.44927978515625,10.6512451171875,1.35406494140625,1.80587768554688,1.43325805664062,1.9482421875
9.59690356254578,-0.065155029296875,0.12603759765625,0.05767822265625,-0.63079833984375,1.395263671875,10.6805419921875,1.67282104492188,1.71676635742188,1.47720336914062,1.67694091796875
9.60790371894836,-0.02349853515625,0.120697021484375,-0.0726318359375,-0.977783203125,1.7303466796875,10.587158203125,1.820068359375,1.5667724609375,1.6552734375,1.50070190429688
9.61685562133789,-0.073699951171875,-0.005340576171875,-0.17730712890625,-2.0654296875,0.69305419921875,11.5274047851562,1.93008422851562,1.38412475585938,1.80679321289062,1.42654418945312
9.62686324119568,0.01495361328125,0.139923095703125,-0.073699951171875,-1.1260986328125,-2.39501953125,10.7308959960938,1.81732177734375,1.58584594726562,1.66015625,1.48452758789062
9.63794302940369,-0.157012939453125,-0.00640869140625,0.101470947265625,-2.56072998046875,-0.9979248046875,10.2923583984375,1.60568237304688,1.71066284179688,1.43356323242188,1.79718017578125
9.64933347702026,-0.097198486328125,0.092926025390625,0.04058837890625,2.39959716796875,-0.81207275390625,8.40911865234375,1.69723510742188,1.68075561523438,1.49383544921875,1.67831420898438
9.65901708602905,-0.07476806640625,-0.075836181640625,0.092926025390625,0.0384521484375,-2.021484375,8.7432861328125,1.57363891601562,1.70364379882812,1.48452758789062,1.7889404296875
9.66790366172791,-0.150604248046875,-0.0299072265625,-0.02777099609375,1.97845458984375,-1.98028564453125,8.86871337890625,1.76925659179688,1.54754638671875,1.59439086914062,1.64276123046875
9.67710995674133,-0.283050537109375,-0.01922607421875,0.03631591796875,2.62115478515625,-0.78460693359375,9.752197265625,1.73187255859375,1.5924072265625,1.46621704101562,1.7626953125
9.68795418739319,-0.27984619140625,-0.176239013671875,-0.08544921875,-0.35247802734375,2.96173095703125,9.37774658203125,1.84173583984375,1.39785766601562,1.66351318359375,1.654052734375
9.69898462295532,-0.101470947265625,0.01495361328125,-0.11322021484375,-0.421142578125,1.55914306640625,10.155029296875,1.88140869140625,1.47537231445312,1.69097900390625,1.5087890625
9.70796251296997,-0.082244873046875,-0.092926025390625,-0.016021728515625,-2.21923828125,0.50262451171875,11.2966918945312,1.72164916992188,1.57012939453125,1.60797119140625,1.65664672851562
9.71803426742554,-0.054473876953125,-0.028839111328125,-0.00213623046875,-1.65618896484375,0.32318115234375,9.83184814453125,1.71920776367188,1.61392211914062,1.57638549804688,1.64779663085938
9.72822999954224,-0.048065185546875,0.018157958984375,0.133514404296875,-1.58111572265625,0.963134765625,8.8861083984375,1.56005859375,1.79611206054688,1.39862060546875,1.8072509765625
9.73884725570679,0.0384521484375,-0.11962890625,-0.129241943359375,-2.42523193359375,0.80841064453125,8.32489013671875,1.82098388671875,1.44805908203125,1.7950439453125,1.500244140625
9.747891664505,0.00213623046875,-0.0469970703125,0.024566650390625,-3.05694580078125,0.6317138671875,8.448486328125,1.66351318359375,1.64825439453125,1.57180786132812,1.68716430664062
9.75837326049805,-0.107879638671875,-0.127105712890625,0.152740478515625,-1.49688720703125,0.57586669921875,9.54071044921875,1.51153564453125,1.74911499023438,1.40396118164062,1.90841674804688
9.76797485351562,0.092926025390625,-0.227508544921875,0.13671875,-0.18310546875,-1.614990234375,10.2850341796875,1.44210815429688,1.75827026367188,1.51519775390625,1.85745239257812
9.77723121643066,0.02349853515625,-0.213623046875,0.05767822265625,-1.072998046875,-2.67242431640625,9.65606689453125,1.56890869140625,1.646728515625,1.58554077148438,1.77658081054688
9.79920291900635,0.050201416015625,-0.06622314453125,-0.116424560546875,2.958984375,0.6646728515625,8.83575439453125,1.82357788085938,1.48193359375,1.76605224609375,1.50558471679688
9.80693340301514,0.025634765625,0.092926025390625,-0.008544921875,5.3466796875,4.808349609375,8.5711669921875,1.73965454101562,1.6546630859375,1.5869140625,1.60202026367188
9.81895732879639,0.090789794921875,0.146331787109375,-0.128173828125,3.35723876953125,3.56964111328125,10.4965209960938,1.884765625,1.536865234375,1.74362182617188,1.41891479492188
9.82789182662964,0.056610107421875,0.04058837890625,0.05340576171875,0.7855224609375,0.89263916015625,10.726318359375,1.63589477539062,1.72195434570312,1.5399169921875,1.69204711914062
9.83889698982239,0.035247802734375,0.095062255859375,0.003204345703125,0.83221435546875,0.1702880859375,7.9266357421875,1.71737670898438,1.66656494140625,1.58187866210938,1.62384033203125
9.84808659553528,0.041656494140625,-0.169830322265625,0.07049560546875,2.1405029296875,-0.4742431640625,7.12646484375,1.55166625976562,1.67449951171875,1.5826416015625,1.78573608398438
9.85796022415161,0.03631591796875,-0.129241943359375,0.07904052734375,2.442626953125,1.39892578125,6.70989990234375,1.55029296875,1.69754028320312,1.55868530273438,1.7864990234375
9.86786508560181,0.041656494140625,-0.101470947265625,0.02777099609375,-2.24578857421875,0.60150146484375,9.08294677734375,1.61972045898438,1.64108276367188,1.617431640625,1.71798706054688
9.87888407707214,0.05340576171875,-0.076904296875,-0.008544921875,-1.93817138671875,-0.23345947265625,10.0717163085938,1.66854858398438,1.60659790039062,1.658935546875,1.6619873046875
9.8878972530365,0.1324462890625,0.08758544921875,-0.095062255859375,0.01739501953125,2.5048828125,9.70367431640625,1.79428100585938,1.56982421875,1.74484252929688,1.48330688476562
9.89787578582764,0.043792724609375,-0.0469970703125,-0.088653564453125,0.0347900390625,2.85186767578125,10.0973510742188,1.77291870117188,1.50726318359375,1.75140380859375,1.56707763671875
9.90717267990112,0.137786865234375,0.17303466796875,-0.009613037109375,4.193115234375,-0.9796142578125,9.228515625,1.71218872070312,1.70013427734375,1.61468505859375,1.57150268554688
9.91992855072021,0.045928955078125,0.15380859375,0.114288330078125,3.5595703125,-0.838623046875,9.0234375,1.57180786132812,1.8206787109375,1.43707275390625,1.75933837890625
9.92807030677795,-0.01068115234375,-0.045928955078125,0.112152099609375,-0.5712890625,-0.59234619140625,8.37799072265625,1.534423828125,1.74301147460938,1.48941040039062,1.8316650390625
9.93787026405334,-0.008544921875,-0.144195556640625,-0.0341796875,-2.05902099609375,-0.71685791015625,8.55194091796875,1.68304443359375,1.53030395507812,1.70318603515625,1.6778564453125
9.94789719581604,-0.01068115234375,0.163421630859375,0.037384033203125,-0.47149658203125,0.4815673828125,10.1724243164062,1.68853759765625,1.71615600585938,1.52114868164062,1.6766357421875
9.95790886878967,-0.077972412109375,0.135650634765625,-0.03204345703125,0.377197265625,2.56256103515625,10.9707641601562,1.78848266601562,1.60415649414062,1.595458984375,1.62002563476562
9.96713471412659,-0.133514404296875,-0.005340576171875,0.025634765625,3.40118408203125,-0.45501708984375,10.3244018554688,1.6912841796875,1.61834716796875,1.54830932617188,1.75567626953125
9.97923588752747,-0.162353515625,-0.080108642578125,0.182647705078125,1.8768310546875,-0.77178955078125,10.1348876953125,1.47857666015625,1.78009033203125,1.36383056640625,1.99111938476562
9.98751950263977,-0.248870849609375,-0.13458251953125,0.035247802734375,1.3165283203125,-0.60791015625,8.287353515625,1.67404174804688,1.55258178710938,1.53900146484375,1.84783935546875
9.99799585342407,-0.171966552734375,-0.144195556640625,0.0299072265625,0.41656494140625,-1.387939453125,10.5706787109375,1.65420532226562,1.56982421875,1.56631469726562,1.82159423828125
10.0071880817413,-0.1495361328125,-0.27130126953125,0.05340576171875,-3.60260009765625,0.22613525390625,10.7958984375,1.58782958984375,1.57150268554688,1.56967163085938,1.88690185546875
10.0188436508179,-0.092926025390625,-0.08758544921875,-0.037384033203125,-3.79486083984375,1.46942138671875,10.5889892578125,1.74362182617188,1.53091430664062,1.6424560546875,1.70211791992188
10.0280616283417,-0.19012451171875,0,-0.080108642578125,-2.29339599609375,2.2705078125,10.5331420898438,1.85272216796875,1.4739990234375,1.63818359375,1.65252685546875
10.0380594730377,-0.120697021484375,0.1025390625,-0.152740478515625,-1.93084716796875,2.87017822265625,9.02069091796875,1.95602416992188,1.4337158203125,1.71981811523438,1.50634765625
10.048896074295,-0.009613037109375,-0.039520263671875,-0.041656494140625,0.52459716796875,2.186279296875,10.3829956054688,1.74041748046875,1.56326293945312,1.65634155273438,1.6558837890625
10.0582528114319,0.101470947265625,0.0982666015625,-0.02777099609375,3.76922607421875,0.1593017578125,9.14154052734375,1.73431396484375,1.65237426757812,1.63238525390625,1.60018920898438
10.0679922103882,0.171966552734375,0.229644775390625,0.0897216796875,4.0631103515625,-2.552490234375,9.7613525390625,1.6058349609375,1.85699462890625,1.468505859375,1.68624877929688
10.078343629837,0.133514404296875,0.11749267578125,0.110015869140625,2.940673828125,-2.6348876953125,9.0380859375,1.5582275390625,1.8377685546875,1.46514892578125,1.75949096679688
10.0881490707397,0.073699951171875,0.05126953125,0.05767822265625,3.0816650390625,-2.911376953125,7.0440673828125,1.62109375,1.73629760742188,1.53228759765625,1.72927856445312
10.0981285572052,0.042724609375,0.114288330078125,0.04486083984375,4.2681884765625,-0.8349609375,7.68585205078125,1.6650390625,1.73004150390625,1.519775390625,1.70425415039062
10.1079947948456,0.05767822265625,0.05767822265625,0.030975341796875,2.12310791015625,0.838623046875,7.88360595703125,1.6595458984375,1.70013427734375,1.56478881835938,1.69708251953125
10.1279039382935,-0.03204345703125,0.116424560546875,-0.221099853515625,0.47698974609375,2.33367919921875,10.118408203125,2.01461791992188,1.37161254882812,1.84829711914062,1.39083862304688
10.1378684043884,0.084381103515625,-0.043792724609375,0.007476806640625,-1.2908935546875,1.8841552734375,10.0003051757812,1.64642333984375,1.64352416992188,1.64566040039062,1.68975830078125
10.1500492095947,0.065155029296875,-0.059814453125,0.111083984375,-2.1221923828125,1.95648193359375,10.7244873046875,1.51336669921875,1.7578125,1.5191650390625,1.83441162109375
10.1579828262329,0.112152099609375,0.028839111328125,0.01068115234375,-2.5067138671875,0.9466552734375,12.2314453125,1.64657592773438,1.66473388671875,1.63848876953125,1.67877197265625
10.1679663658142,0.20294189453125,-0.31829833984375,-0.088653564453125,-6.38214111328125,-3.08624267578125,11.6400146484375,1.63955688476562,1.46453857421875,1.89483642578125,1.63284301757812
10.1799504756927,0.09185791015625,-0.14739990234375,0.16448974609375,-7.39013671875,-3.387451171875,10.8078002929688,1.4031982421875,1.80389404296875,1.49398803710938,1.92840576171875
10.1878409385681,-0.037384033203125,0.09613037109375,0.1837158203125,-1.06292724609375,0.02471923828125,9.14703369140625,1.490478515625,1.86233520507812,1.35726928710938,1.917724609375
10.1979489326477,0.035247802734375,-0.025634765625,-0.011749267578125,0.31951904296875,1.72210693359375,9.078369140625,1.67648315429688,1.60293579101562,1.66046142578125,1.68792724609375
10.2080917358398,-0.011749267578125,-0.088653564453125,-0.043792724609375,-0.1776123046875,2.9205322265625,8.21685791015625,1.70654296875,1.53411865234375,1.7095947265625,1.67999267578125
10.2179133892059,-0.028839111328125,-0.01495361328125,-0.24993896484375,-1.13067626953125,4.4329833984375,7.3681640625,1.99005126953125,1.2939453125,1.94412231445312,1.40518188476562
10.228830575943,0.041656494140625,0.00213623046875,-0.007476806640625,-0.03662109375,0.35247802734375,8.6993408203125,1.66717529296875,1.62429809570312,1.65969848632812,1.68212890625
10.2379612922668,-0.001068115234375,0.124969482421875,-0.08758544921875,-2.376708984375,1.77703857421875,10.0808715820312,1.81594848632812,1.54937744140625,1.70989990234375,1.55838012695312
10.2479245662689,0.088653564453125,0.383453369140625,-0.001068115234375,-3.30230712890625,1.04827880859375,8.81011962890625,1.7596435546875,1.76315307617188,1.55258178710938,1.56112670898438
10.2879054546356,-0.01922607421875,-0.048065185546875,0.205078125,-1.61224365234375,0.2471923828125,7.87353515625,1.40182495117188,1.86431884765625,1.38687133789062,1.98211669921875
10.299738407135,-0.114288330078125,0.067291259765625,0.1708984375,-0.9979248046875,0.63629150390625,7.48443603515625,1.50619506835938,1.8280029296875,1.36581420898438,1.934814453125
10.3080477714539,-0.14739990234375,0.274505615234375,-0.137786865234375,1.53350830078125,2.047119140625,7.45697021484375,1.96731567382812,1.50115966796875,1.680908203125,1.48880004882812
10.3179152011871,-0.0640869140625,0.25634765625,-0.12176513671875,1.83380126953125,0.72052001953125,9.195556640625,1.917724609375,1.53961181640625,1.69235229492188,1.48849487304688
10.3279585838318,0.039520263671875,0.18157958984375,0.005340576171875,-0.47332763671875,-0.40740966796875,10.9249877929688,1.71295166015625,1.71005249023438,1.58065795898438,1.63848876953125
10.3391315937042,0.17730712890625,0.037384033203125,0.127105712890625,-4.25262451171875,-6.31805419921875,9.90966796875,1.47628784179688,1.86279296875,1.50894165039062,1.79336547851562
10.3480637073517,-0.06622314453125,-0.05340576171875,0.065155029296875,-1.60400390625,-4.49798583984375,10.21728515625,1.60202026367188,1.6876220703125,1.53457641601562,1.8218994140625
10.359171628952,-0.0811767578125,0.08544921875,0.128173828125,-1.34033203125,-0.18035888671875,10.4544067382812,1.57257080078125,1.80572509765625,1.4056396484375,1.86065673828125
10.3678650856018,-0.124969482421875,0.264892578125,0.118560791015625,1.63238525390625,2.80426025390625,9.7247314453125,1.65756225585938,1.84036254882812,1.34490966796875,1.80404663085938
10.3789036273956,-0.043792724609375,0.259552001953125,-0.0726318359375,3.57879638671875,2.54150390625,10.1852416992188,1.8707275390625,1.6290283203125,1.60507202148438,1.54052734375
10.3898556232452,-0.2691650390625,-0.35675048828125,-0.152740478515625,-3.55499267578125,-0.35980224609375,10.2923583984375,1.85638427734375,1.27777099609375,1.81869506835938,1.69189453125
10.3978459835052,-0.116424560546875,-0.105743408203125,-0.01708984375,-4.92279052734375,-1.629638671875,9.9462890625,1.72271728515625,1.57089233398438,1.61712646484375,1.737060546875
10.4090967178345,-0.1324462890625,0.018157958984375,0.025634765625,-1.124267578125,-2.3602294921875,9.26422119140625,1.712646484375,1.65939331054688,1.51931762695312,1.7547607421875
10.4180617332458,-0.024566650390625,-0.063018798828125,-0.268096923828125,-0.90728759765625,0.61065673828125,8.35418701171875,2.02499389648438,1.30462646484375,1.93817138671875,1.38137817382812
10.4308471679688,-0.076904296875,-0.157012939453125,-0.06622314453125,-1.259765625,0.68756103515625,7.4725341796875,1.76193237304688,1.51412963867188,1.69708251953125,1.6754150390625
10.447952747345,0.048065185546875,-0.035247802734375,0.0469970703125,-1.11328125,1.27166748046875,8.126220703125,1.61895751953125,1.728515625,1.55914306640625,1.7449951171875
10.4588794708252,0.101470947265625,-0.120697021484375,0.0299072265625,-1.9720458984375,0.9210205078125,9.5361328125,1.5966796875,1.69281005859375,1.6241455078125,1.73797607421875
10.4678771495819,0.233917236328125,-0.2392578125,0.127105712890625,-1.47125244140625,-0.55572509765625,9.62677001953125,1.396484375,1.81625366210938,1.58096313476562,1.85806274414062
10.4809868335724,0.0469970703125,-0.050201416015625,0.020294189453125,0.1409912109375,0.9173583984375,9.071044921875,1.63848876953125,1.67648315429688,1.6070556640625,1.73446655273438
10.4988124370575,0.04913330078125,-0.099334716796875,0.048065185546875,2.00408935546875,2.490234375,8.9703369140625,1.58355712890625,1.69235229492188,1.59576416015625,1.78878784179688
10.5099232196808,0.18585205078125,-0.054473876953125,0.11749267578125,-2.2174072265625,-0.897216796875,10.6640625,1.46560668945312,1.8359375,1.53701782226562,1.820068359375
10.5179600715637,0.195465087890625,0.18157958984375,-0.005340576171875,-1.78070068359375,-2.6202392578125,10.9918212890625,1.68731689453125,1.75521850585938,1.62322998046875,1.59286499023438
10.5290532112122,0.065155029296875,0.076904296875,-0.067291259765625,1.549072265625,-5.10406494140625,10.8380126953125,1.77169799804688,1.61285400390625,1.69357299804688,1.58294677734375
10.537976026535,0.097198486328125,0.10040283203125,0,3.1494140625,-3.6822509765625,10.5972290039062,1.68136596679688,1.71829223632812,1.61422729492188,1.64566040039062
10.5499255657196,0.088653564453125,-0.065155029296875,-0.0128173828125,0.19775390625,-2.66693115234375,9.57366943359375,1.651611328125,1.65115356445312,1.68228149414062,1.67861938476562
10.5589463710785,-0.080108642578125,-0.142059326171875,0.06195068359375,0.904541015625,-1.46392822265625,10.3939819335938,1.58309936523438,1.67373657226562,1.56295776367188,1.84310913085938
10.5690350532532,-0.1666259765625,-0.144195556640625,0.073699951171875,-0.23529052734375,-0.8990478515625,10.1239013671875,1.59454345703125,1.65939331054688,1.51962280273438,1.89239501953125
10.5788879394531,-0.090789794921875,-0.1495361328125,0.069427490234375,-3.94775390625,1.43096923828125,10.9597778320312,1.57546997070312,1.67434692382812,1.55029296875,1.866455078125
10.5879673957825,-0.033111572265625,-0.075836181640625,-0.07049560546875,-3.8177490234375,2.4755859375,10.546875,1.75460815429688,1.53839111328125,1.71905517578125,1.65298461914062
10.5989072322845,0.043792724609375,0.129241943359375,-0.033111572265625,-1.11968994140625,0.6427001953125,11.4825439453125,1.7474365234375,1.6693115234375,1.63558959960938,1.6168212890625
10.6088767051697,-0.063018798828125,0.191192626953125,-0.035247802734375,0.94482421875,2.8619384765625,10.8151245117188,1.8017578125,1.65023803710938,1.585693359375,1.63131713867188
10.6189332008362,-0.022430419921875,0.2862548828125,-0.084381103515625,-0.11077880859375,4.3743896484375,10.29052734375,1.88308715820312,1.63040161132812,1.62796020507812,1.52999877929688
10.6289303302765,-0.0299072265625,0.154876708984375,0.063018798828125,1.89788818359375,4.0411376953125,9.1571044921875,1.66290283203125,1.77261352539062,1.478271484375,1.75613403320312
10.6388921737671,0.06622314453125,0.24993896484375,0.21148681640625,1.5252685546875,1.3677978515625,8.9666748046875,1.47918701171875,2.01492309570312,1.29013061523438,1.884765625
10.648859500885,-0.1837158203125,-0.054473876953125,0.060882568359375,-2.7154541015625,0.27374267578125,8.3770751953125,1.6497802734375,1.66107177734375,1.49581909179688,1.86233520507812
10.6599688529968,-0.0726318359375,0.111083984375,-0.093994140625,-0.1611328125,-1.98394775390625,9.814453125,1.86737060546875,1.55258178710938,1.66488647460938,1.5826416015625
10.6689002513885,-0.150604248046875,-0.1666259765625,-0.037384033203125,-0.44036865234375,-2.52685546875,9.7503662109375,1.73797607421875,1.5234375,1.64901733398438,1.75460815429688
10.6809077262878,-0.22003173828125,-0.15594482421875,-0.1580810546875,-1.13067626953125,-2.78228759765625,8.90716552734375,1.91314697265625,1.35513305664062,1.77490234375,1.62200927734375
10.6898739337921,-0.1580810546875,-0.04486083984375,-0.144195556640625,-2.55157470703125,-1.52252197265625,9.77691650390625,1.91024780273438,1.42669677734375,1.74148559570312,1.58203125
10.6989121437073,0.067291259765625,0.16448974609375,-0.086517333984375,-1.51702880859375,-2.215576171875,8.6297607421875,1.844482421875,1.64321899414062,1.66183471679688,1.51412963867188
10.7099332809448,-0.042724609375,-0.069427490234375,0.17730712890625,-1.20391845703125,0.8551025390625,9.89410400390625,1.478271484375,1.86874389648438,1.37008666992188,1.9464111328125
10.7221734523773,-0.00213623046875,0.073699951171875,-0.0341796875,0.472412109375,1.13616943359375,9.30450439453125,1.76895141601562,1.66061401367188,1.60140991210938,1.62384033203125
10.730970621109,0.071563720703125,0.229644775390625,0.148468017578125,2.3272705078125,0.01007080078125,10.2978515625,1.57669067382812,1.96151733398438,1.3446044921875,1.78390502929688
10.7398934364319,0.04058837890625,0.092926025390625,0.176239013671875,5.4180908203125,0.28289794921875,11.4743041992188,1.50985717773438,1.94625854492188,1.34231567382812,1.8682861328125
10.7498531341553,0.06195068359375,-0.11322021484375,0.001068115234375,3.70513916015625,0.194091796875,11.6336059570312,1.65679931640625,1.67343139648438,1.6290283203125,1.70272827148438
10.7589054107666,0.0897216796875,-0.1708984375,0.084381103515625,0.487060546875,-1.90338134765625,11.715087890625,1.52938842773438,1.77474975585938,1.55044555664062,1.8145751953125
10.7701358795166,-0.035247802734375,-0.097198486328125,0.2734375,0.867919921875,-3.27484130859375,10.9982299804688,1.35482788085938,1.99539184570312,1.25839233398438,2.06695556640625
10.7809474468231,-0.184783935546875,-0.221099853515625,-0.233917236328125,1.09130859375,-0.82672119140625,7.86346435546875,1.9976806640625,1.27365112304688,1.88751220703125,1.51809692382812
10.78884100914,-0.00213623046875,-0.0555419921875,-0.3460693359375,2.14874267578125,0.9796142578125,6.44256591796875,2.13134765625,1.2384033203125,2.03292846679688,1.2744140625
10.7998425960541,0.04486083984375,-0.268096923828125,-0.1239013671875,-0.4486083984375,2.63214111328125,6.29608154296875,1.77566528320312,1.466064453125,1.83319091796875,1.6021728515625
10.8111107349396,0.08544921875,-0.065155029296875,-0.114288330078125,-2.38311767578125,3.0853271484375,7.95684814453125,1.8133544921875,1.54251098632812,1.7803955078125,1.54464721679688
10.8300626277924,0.22430419921875,-0.10894775390625,-0.069427490234375,-3.53759765625,-0.55206298828125,12.103271484375,1.7022705078125,1.62628173828125,1.7822265625,1.57180786132812
10.8565742969513,0.013885498046875,-0.05126953125,0.2520751953125,5.58197021484375,-0.01190185546875,7.21343994140625,1.378173828125,1.98532104492188,1.2994384765625,2.01873779296875
10.8699054718018,-0.163421630859375,-0.186920166015625,0.080108642578125,-0.28656005859375,-0.3131103515625,9.9774169921875,1.60186767578125,1.676025390625,1.50466918945312,1.8975830078125
10.8788602352142,-0.075836181640625,-0.22857666015625,-0.2435302734375,-1.86309814453125,0.81573486328125,8.865966796875,1.96517944335938,1.2872314453125,1.95175170898438,1.47842407226562
10.8899767398834,-0.09185791015625,-0.101470947265625,-0.182647705078125,-1.1407470703125,2.25677490234375,8.96209716796875,1.93023681640625,1.39312744140625,1.84005737304688,1.51824951171875
10.9088981151581,0.092926025390625,-0.069427490234375,-0.16448974609375,-2.18994140625,2.14599609375,9.7503662109375,1.85745239257812,1.48162841796875,1.86477661132812,1.47796630859375
10.9303729534149,0.02349853515625,-0.110015869140625,0.122833251953125,0.7086181640625,2.3712158203125,11.7013549804688,1.510009765625,1.810302734375,1.49398803710938,1.86737060546875
10.9399435520172,-0.116424560546875,0.001068115234375,0.162353515625,-3.988037109375,3.28582763671875,11.2664794921875,1.53488159179688,1.85150146484375,1.36825561523438,1.92718505859375
10.9488410949707,0.0128173828125,0.1153564453125,0.154876708984375,-0.692138671875,1.09405517578125,9.949951171875,1.53884887695312,1.91192626953125,1.38259887695312,1.84677124023438
10.9609212875366,0.025634765625,0.04058837890625,0.005340576171875,-0.85601806640625,-1.351318359375,9.94171142578125,1.69525146484375,1.6998291015625,1.59896850585938,1.68441772460938
10.9689402580261,-0.12603759765625,-0.080108642578125,-0.0897216796875,-0.4229736328125,1.08123779296875,9.69085693359375,1.82769775390625,1.49871826171875,1.70761108398438,1.64779663085938
10.980019569397,0.018157958984375,-0.022430419921875,-0.052337646484375,1.7559814453125,-0.01373291015625,9.429931640625,1.75155639648438,1.60308837890625,1.68716430664062,1.64016723632812
10.9898931980133,0.0299072265625,-0.111083984375,-0.110015869140625,-1.10595703125,-1.19476318359375,10.4360961914062,1.79153442382812,1.50375366210938,1.79214477539062,1.5936279296875
10.9990446567535,-0.008544921875,-0.060882568359375,0.048065185546875,-1.3787841796875,-2.178955078125,11.282958984375,1.62185668945312,1.69876098632812,1.571044921875,1.79412841796875
11.0088658332825,-0.103607177734375,0.050201416015625,-0.101470947265625,-0.24078369140625,0.2838134765625,10.2639770507812,1.86981201171875,1.51596069335938,1.69540405273438,1.60232543945312
11.0280187129974,-0.07904052734375,0.02349853515625,-0.059814453125,1.71661376953125,0.39276123046875,10.469970703125,1.80511474609375,1.571044921875,1.65634155273438,1.65237426757812
11.0319571495056,-0.08331298828125,-0.110015869140625,-0.003204345703125,-1.16546630859375,1.644287109375,9.580078125,1.69509887695312,1.60064697265625,1.6241455078125,1.76498413085938
11.0698962211609,-0.0897216796875,0.045928955078125,0.026702880859375,1.33026123046875,1.96746826171875,8.690185546875,0.8123779296875,1.57470703125,1.1151123046875,3.15109252929688
11.0992093086243,-0.013885498046875,0.2777099609375,-0.451812744140625,-3.72894287109375,2.9901123046875,10.48095703125,1.5435791015625,1.1297607421875,1.767578125,2.31781005859375
11.1099128723145,0.1068115234375,0.391998291015625,-0.4656982421875,-5.89324951171875,1.93634033203125,9.2889404296875,1.5899658203125,1.201171875,1.81365966796875,2.18643188476562
11.1200137138367,0.3375244140625,0.79254150390625,-0.394134521484375,-4.33319091796875,3.2666015625,9.0234375,1.5771484375,1.49917602539062,1.70181274414062,2.04010009765625
11.1288747787476,0.806427001953125,1.25930786132812,-0.391998291015625,-2.07733154296875,3.131103515625,9.6240234375,1.5966796875,1.79885864257812,1.72760009765625,1.71905517578125
11.1399593353271,0.889739990234375,1.35009765625,-0.261688232421875,2.48931884765625,3.577880859375,10.1861572265625,1.43844604492188,2.01400756835938,1.55838012695312,1.83135986328125
11.1505854129791,0.780792236328125,1.6192626953125,-0.377044677734375,3.6383056640625,3.65020751953125,11.1026000976562,1.74545288085938,1.9561767578125,1.63131713867188,1.5423583984375
11.1601588726044,0.77972412109375,1.58401489257812,-0.40802001953125,2.51953125,3.41400146484375,10.814208984375,1.79534912109375,1.9268798828125,1.70074462890625,1.46133422851562
11.1698927879333,0.95916748046875,1.88522338867188,-0.39306640625,2.39593505859375,2.7996826171875,10.7162475585938,1.83868408203125,2.10525512695312,1.66046142578125,1.28768920898438
11.1788561344147,0.851287841796875,2.05612182617188,-0.325775146484375,1.7266845703125,2.2412109375,11.1923217773438,1.86492919921875,2.23831176757812,1.50421142578125,1.29257202148438
11.1895432472229,0.887603759765625,1.8798828125,-0.255279541015625,1.26800537109375,1.7340087890625,11.5750122070312,1.74072265625,2.31063842773438,1.4849853515625,1.368408203125
11.199942111969,0.800018310546875,1.81365966796875,-0.3289794921875,0.17669677734375,0.5877685546875,9.9481201171875,1.86492919921875,2.20260620117188,1.58050537109375,1.25991821289062
11.2108256816864,0.513763427734375,1.89056396484375,-0.178375244140625,-0.509033203125,-2.3895263671875,11.1886596679688,1.7919921875,2.32711791992188,1.2762451171875,1.512451171875
11.2188894748688,0.623779296875,2.11380004882812,-0.0982666015625,1.7303466796875,-3.4588623046875,11.663818359375,1.7779541015625,2.57461547851562,1.15493774414062,1.38931274414062
11.2308566570282,0.63446044921875,1.95892333984375,-0.349273681640625,1.38702392578125,-5.2825927734375,9.90509033203125,2.05398559570312,2.24563598632812,1.53335571289062,1.05361938476562
11.2398827075958,0.46142578125,1.7047119140625,-0.310821533203125,4.1693115234375,-1.1663818359375,9.67620849609375,2.01171875,2.191162109375,1.50543212890625,1.16317749023438
11.259833574295,-0.060882568359375,1.50177001953125,-0.118560791015625,0.46051025390625,-0.56854248046875,8.851318359375,1.91864013671875,2.26272583007812,1.14532470703125,1.49871826171875
11.2689180374146,-0.011749267578125,1.1749267578125,-0.263824462890625,-0.33050537109375,0.223388671875,10.9588623046875,2.00225830078125,2.017822265625,1.43508911132812,1.34246826171875
11.3032250404358,-0.3289794921875,0.26275634765625,-0.3546142578125,-0.435791015625,-0.494384765625,11.6921997070312,1.95785522460938,1.54495239257812,1.72378540039062,1.5472412109375
11.3112185001373,-0.48919677734375,0.289459228515625,-0.039520263671875,-1.483154296875,-2.2503662109375,11.5109252929688,1.65802001953125,1.92276000976562,1.26388549804688,1.85211181640625
11.3208789825439,-0.546875,0.011749267578125,-0.15594482421875,2.4188232421875,0.78826904296875,9.37042236328125,1.73919677734375,1.67694091796875,1.47506713867188,1.80572509765625
11.3307354450226,-0.526580810546875,-0.63232421875,-0.137786865234375,0.63629150390625,1.05560302734375,8.4613037109375,1.57821655273438,1.50833129882812,1.646728515625,1.93344116210938
11.3399319648743,-0.603485107421875,-0.473175048828125,-0.16448974609375,-0.8038330078125,-0.38543701171875,7.8936767578125,1.71432495117188,1.49917602539062,1.602783203125,1.83441162109375
11.3490314483643,-0.66650390625,-0.61737060546875,-0.174102783203125,-1.611328125,2.90313720703125,9.5068359375,1.73171997070312,1.40533447265625,1.64169311523438,1.86798095703125
11.3601109981537,-0.57037353515625,-0.744476318359375,-0.261688232421875,-1.1077880859375,2.1185302734375,10.4891967773438,1.80313110351562,1.27777099609375,1.81472778320312,1.74179077148438
11.3689062595367,-0.63446044921875,-0.70281982421875,-0.206146240234375,-0.9283447265625,0.911865234375,11.5841674804688,1.78985595703125,1.31820678710938,1.72348022460938,1.806640625
11.3802967071533,-0.695343017578125,-0.78399658203125,-0.242462158203125,-0.96954345703125,2.530517578125,10.5752563476562,1.84295654296875,1.21551513671875,1.78451538085938,1.78955078125
11.3899748325348,-0.538330078125,-0.896148681640625,-0.205078125,-2.63214111328125,3.07708740234375,10.1779174804688,1.7254638671875,1.25396728515625,1.83700561523438,1.81289672851562
11.3989055156708,-0.51910400390625,-1.10549926757812,0.005340576171875,0.50628662109375,1.7724609375,8.851318359375,1.39617919921875,1.43524169921875,1.66595458984375,2.1368408203125
11.4102175235748,-0.33111572265625,-1.03073120117188,-0.067291259765625,-1.322021484375,-0.87249755859375,9.876708984375,1.45492553710938,1.42166137695312,1.79000854492188,1.96762084960938
11.4188911914825,-0.490264892578125,-1.15036010742188,0.0128173828125,-2.27783203125,-0.721435546875,11.9869995117188,1.38763427734375,1.39572143554688,1.7132568359375,2.14309692382812
11.4300644397736,-0.332183837890625,-0.808563232421875,-0.03631591796875,-0.172119140625,-0.22247314453125,10.2923583984375,1.52206420898438,1.46194458007812,1.7333984375,1.92138671875
11.4398739337921,-0.213623046875,-0.782928466796875,-0.04058837890625,2.17437744140625,-0.64544677734375,10.8297729492188,1.50466918945312,1.47674560546875,1.790771484375,1.86279296875
11.449887752533,-0.178375244140625,-1.04248046875,-0.218963623046875,-2.51220703125,2.4847412109375,9.8565673828125,1.65573120117188,1.16455078125,2.11929321289062,1.69921875
11.4609291553497,-0.255279541015625,-0.7647705078125,-0.150604248046875,-5.83740234375,2.4554443359375,10.39306640625,1.69036865234375,1.2969970703125,1.94061279296875,1.70700073242188
11.4706053733826,-0.304412841796875,-0.691070556640625,-0.12603759765625,-6.17340087890625,3.9532470703125,11.4468383789062,1.71157836914062,1.326904296875,1.8804931640625,1.71371459960938
11.4799447059631,-0.186920166015625,-0.159149169921875,-0.16021728515625,-0.1776123046875,3.84613037109375,10.89111328125,1.8914794921875,1.47323608398438,1.80892944335938,1.455078125
11.4871211051941,-0.163421630859375,-0.255279541015625,-0.159149169921875,4.1107177734375,2.99835205078125,10.45166015625,1.86325073242188,1.44500732421875,1.85562133789062,1.4599609375
11.4989542961121,0.186920166015625,0.1068115234375,-0.205078125,7.63824462890625,3.211669921875,9.81536865234375,1.92291259765625,1.60110473632812,1.91162109375,1.18820190429688
11.5079076290131,0.030975341796875,-0.04058837890625,0.009613037109375,6.31805419921875,3.262939453125,9.93804931640625,1.68136596679688,1.76528930664062,1.66183471679688,1.50344848632812
11.5171961784363,0.020294189453125,-0.182647705078125,-0.01495361328125,6.49200439453125,2.2100830078125,8.14910888671875,1.68441772460938,1.68426513671875,1.73919677734375,1.49383544921875
11.5273504257202,0.11749267578125,0.041656494140625,0.199737548828125,7.47528076171875,-1.70196533203125,9.58831787109375,1.46408081054688,2.0404052734375,1.44577026367188,1.644287109375
11.5378656387329,-0.09613037109375,-0.26275634765625,0.13031005859375,1.76605224609375,-0.82305908203125,8.94287109375,1.53305053710938,1.79489135742188,1.56982421875,1.6864013671875
11.5468981266022,-0.10467529296875,-0.370635986328125,0.086517333984375,-2.00958251953125,-1.64520263671875,9.1351318359375,1.56906127929688,1.70135498046875,1.65969848632812,1.64764404296875
11.5589733123779,-0.259552001953125,-0.184783935546875,-0.086517333984375,-2.5177001953125,-0.12908935546875,9.03533935546875,1.90185546875,1.49139404296875,1.77703857421875,1.396484375
11.5668864250183,-0.342864990234375,-0.02349853515625,-0.169830322265625,0.17120361328125,2.135009765625,9.312744140625,2.09182739257812,1.40167236328125,1.8206787109375,1.24542236328125
11.5888688564301,-0.2435302734375,-0.350341796875,-0.050201416015625,2.20458984375,1.1810302734375,10.0588989257812,1.8408203125,1.46575927734375,1.81549072265625,1.42486572265625
11.5977890491486,-0.351409912109375,-0.79681396484375,0.165557861328125,0.736083984375,-1.2615966796875,10.7904052734375,1.47994995117188,1.56387329101562,1.65420532226562,1.84326171875
11.6071269512177,-0.567169189453125,-0.5084228515625,0.110015869140625,0.72967529296875,-2.41241455078125,8.74786376953125,1.71630859375,1.507568359375,1.575927734375,1.7376708984375
11.6180551052094,-0.6622314453125,-0.558624267578125,0.18585205078125,-1.717529296875,-0.36529541015625,9.24041748046875,1.64993286132812,1.5484619140625,1.47216796875,1.865234375
11.6268882751465,-0.594940185546875,-0.537261962890625,0.037384033203125,-1.29547119140625,0.9906005859375,10.7034301757812,1.83837890625,1.376953125,1.67755126953125,1.64215087890625
11.6378836631775,-0.52337646484375,-0.63232421875,-0.15594482421875,1.29180908203125,1.885986328125,10.9414672851562,2.04727172851562,1.11328125,1.97509765625,1.40090942382812
11.647896528244,-0.445404052734375,-0.70281982421875,-0.056610107421875,0.39642333984375,0.86700439453125,10.7583618164062,1.8853759765625,1.22451782226562,1.91177368164062,1.51809692382812
11.6678183078766,-0.351409912109375,-0.750885009765625,0.221099853515625,-1.962890625,-0.46875,11.0174560546875,1.50299072265625,1.5740966796875,1.62139892578125,1.84295654296875
11.6768555641174,-0.45928955078125,-0.926055908203125,0.268096923828125,-1.710205078125,-1.8603515625,10.13671875,1.44989013671875,1.51168823242188,1.60781860351562,1.9854736328125
11.6888673305511,-0.56396484375,-1.21871948242188,0.17303466796875,-2.95257568359375,1.44287109375,9.375,1.52587890625,1.25717163085938,1.79443359375,1.98287963867188
11.6978828907013,-0.38238525390625,-0.923919677734375,-0.0042724609375,-1.59942626953125,1.21490478515625,9.4189453125,1.80007934570312,1.15402221679688,1.99127197265625,1.62628173828125
11.706889629364,-0.47637939453125,-0.606689453125,-0.043792724609375,1.45294189453125,-0.80841064453125,9.53887939453125,1.98501586914062,1.1541748046875,1.92977905273438,1.50802612304688
11.7172231674194,-0.283050537109375,-0.765838623046875,-0.02777099609375,0.24169921875,1.2835693359375,9.95819091796875,1.87240600585938,1.165771484375,2.02743530273438,1.51702880859375
11.7278878688812,-0.233917236328125,-0.684661865234375,0.088653564453125,2.7557373046875,4.68292236328125,8.08868408203125,1.73492431640625,1.35101318359375,1.87362670898438,1.62307739257812
11.7379865646362,-0.247802734375,-0.582122802734375,0.139923095703125,3.9166259765625,7.152099609375,8.10333251953125,1.728515625,1.409912109375,1.80084228515625,1.6552734375
11.7479109764099,-0.276641845703125,-0.78399658203125,0.201873779296875,-2.59735107421875,7.47528076171875,11.6390991210938,1.6058349609375,1.40640258789062,1.79168701171875,1.79702758789062
11.7589249610901,-0.116424560546875,-0.54473876953125,0.063018798828125,1.2506103515625,3.4716796875,10.95703125,1.81365966796875,1.33712768554688,1.9500732421875,1.4984130859375
11.7668359279633,-0.1025390625,-0.432586669921875,0.333251953125,4.77447509765625,-0.4632568359375,10.1467895507812,1.51397705078125,1.70013427734375,1.59317016601562,1.79046630859375
11.7800877094269,-0.088653564453125,-0.80963134765625,0.59600830078125,-0.6536865234375,-2.5360107421875,9.22393798828125,1.06399536132812,1.92352294921875,1.38824462890625,2.22198486328125
11.7909381389618,-0.179443359375,-0.740203857421875,0.280914306640625,-0.79193115234375,-1.021728515625,9.224853515625,1.52145385742188,1.50009155273438,1.75796508789062,1.82937622070312
11.8042550086975,-0.16876220703125,-0.63018798828125,0.15594482421875,-1.6241455078125,-0.39459228515625,9.57366943359375,1.70883178710938,1.37939453125,1.88140869140625,1.63909912109375
11.8100588321686,-0.180511474609375,-0.518035888671875,0.146331787109375,-3.0340576171875,0.186767578125,10.6173706054688,1.76742553710938,1.38473510742188,1.87255859375,1.58966064453125
11.8199248313904,-0.07904052734375,-0.25421142578125,0.048065185546875,-1.69189453125,-0.18035888671875,9.08477783203125,1.96273803710938,1.35223388671875,1.96609497070312,1.34033203125
11.8308284282684,-0.06622314453125,-0.12176513671875,0.195465087890625,-0.0384521484375,-0.87982177734375,8.67462158203125,1.82586669921875,1.57028198242188,1.75750732421875,1.46942138671875
11.8410270214081,-0.1580810546875,-0.4315185546875,-0.076904296875,-3.5302734375,-0.0054931640625,8.76800537109375,2.11074829101562,1.10107421875,2.17132568359375,1.24237060546875
11.8498909473419,0.159149169921875,-0.0640869140625,0.201873779296875,-4.71954345703125,-1.53533935546875,10.111083984375,1.7877197265625,1.64947509765625,1.82342529296875,1.37039184570312
11.860967874527,-0.033111572265625,-0.494537353515625,0.48919677734375,-7.28851318359375,-1.21307373046875,10.1101684570312,1.36245727539062,1.81381225585938,1.54998779296875,1.90719604492188
11.8710961341858,-0.1751708984375,-0.434722900390625,0.541534423828125,-4.27001953125,-1.01348876953125,9.30450439453125,1.36688232421875,1.84661865234375,1.43463134765625,1.99081420898438
11.8799140453339,-0.041656494140625,-0.214691162109375,0.41015625,3.0194091796875,1.201171875,7.76824951171875,1.57150268554688,1.78054809570312,1.580810546875,1.707763671875
11.8879284858704,-0.176239013671875,-0.453948974609375,0.213623046875,1.52618408203125,0.98876953125,8.8531494140625,1.79656982421875,1.41250610351562,1.868896484375,1.56494140625
11.8968417644501,-0.2734375,-0.469970703125,-0.0213623046875,-1.7669677734375,6.3482666015625,12.2698974609375,2.12692260742188,1.0736083984375,2.14401245117188,1.30233764648438
11.9081561565399,-0.1495361328125,-0.351409912109375,0.1068115234375,-2.3345947265625,4.053955078125,11.759033203125,1.97463989257812,1.29684448242188,1.99478149414062,1.38381958007812
11.9182417392731,-0.16448974609375,-0.3076171875,0.201873779296875,-2.85552978515625,2.26318359375,10.858154296875,1.884765625,1.414794921875,1.8658447265625,1.4886474609375
11.9280836582184,0.116424560546875,-0.36102294921875,0.42724609375,-6.3226318359375,-4.23065185546875,10.9158325195312,1.51275634765625,1.75765991210938,1.693115234375,1.69204711914062
11.9379456043243,-0.09613037109375,-0.708160400390625,0.469970703125,-2.01416015625,-3.416748046875,9.03717041015625,1.42318725585938,1.63345336914062,1.69357299804688,1.90704345703125
11.9468414783478,-0.248870849609375,-0.7135009765625,0.565032958984375,-1.36871337890625,-0.93658447265625,7.86346435546875,1.35772705078125,1.68930053710938,1.54464721679688,2.07275390625
11.9574666023254,-0.30975341796875,-0.316162109375,0.402679443359375,2.29888916015625,4.127197265625,7.39471435546875,1.712646484375,1.56936645507812,1.61331176757812,1.77139282226562
11.9674394130707,-0.24139404296875,-0.347137451171875,0.191192626953125,2.34375,4.453125,8.40911865234375,1.96014404296875,1.30264282226562,1.91543579101562,1.49078369140625
11.9787237644196,-0.366363525390625,-0.55328369140625,0.107879638671875,-1.29547119140625,3.75823974609375,10.6961059570312,2.04940795898438,1.085205078125,2.052001953125,1.4801025390625
11.991144657135,-0.216827392578125,-0.515899658203125,0.276641845703125,0.076904296875,2.89215087890625,10.8151245117188,1.80908203125,1.34521484375,1.88385009765625,1.62857055664062
12.0000643730164,-0.1666259765625,-0.449676513671875,0.299072265625,-0.97503662109375,3.41949462890625,11.5347290039062,1.79428100585938,1.39877319335938,1.8603515625,1.62216186523438
12.009850025177,-0.238189697265625,-0.424041748046875,0.306549072265625,-2.87567138671875,2.36663818359375,12.5473022460938,1.82022094726562,1.38290405273438,1.83151245117188,1.64474487304688
12.0208902359009,-0.02349853515625,-0.441131591796875,0.383453369140625,-0.63812255859375,0.50445556640625,10.5258178710938,1.66183471679688,1.5313720703125,1.81106567382812,1.68167114257812
12.0278899669647,-0.073699951171875,-0.569305419921875,0.6365966796875,-0.03021240234375,-0.384521484375,8.5931396484375,1.32736206054688,1.78314208984375,1.52984619140625,2.0477294921875
12.0419886112213,-0.033111572265625,-0.4913330078125,0.35247802734375,-1.4886474609375,-0.5914306640625,10.0323486328125,1.70516967773438,1.44500732421875,1.88125610351562,1.65924072265625
12.0468800067902,0.15594482421875,-0.703887939453125,0.430450439453125,-3.270263671875,-3.56781005859375,12.1380615234375,1.49490356445312,1.52313232421875,1.91848754882812,1.75949096679688
12.0709164142609,-0.10467529296875,-0.30120849609375,0.129241943359375,-0.69580078125,0.9979248046875,11.2380981445312,2.07977294921875,1.16958618164062,2.10540771484375,1.34292602539062
12.079868555069,-0.095062255859375,-0.210418701171875,0.355682373046875,1.380615234375,4.3597412109375,9.993896484375,1.832275390625,1.45645141601562,1.82373046875,1.5899658203125
12.0924599170685,0.01708984375,-0.27984619140625,0.46356201171875,0.89080810546875,4.44305419921875,10.103759765625,1.64764404296875,1.595458984375,1.75369262695312,1.70394897460938
12.1001644134521,0.359954833984375,-0.018157958984375,0.351409912109375,1.029052734375,-0.7745361328125,11.7608642578125,1.771240234375,1.62612915039062,1.9281005859375,1.37847900390625
12.1100261211395,0.171966552734375,-0.2435302734375,0.400543212890625,4.332275390625,-3.75,11.3241577148438,1.70257568359375,1.55532836914062,1.890869140625,1.5545654296875
12.1210653781891,0.065155029296875,-0.2392578125,0.5511474609375,5.5316162109375,-3.739013671875,9.86846923828125,1.55242919921875,1.705322265625,1.67953491210938,1.76666259765625
12.1302750110626,0.071563720703125,-0.33538818359375,0.657958984375,5.68084716796875,-0.75439453125,7.32330322265625,1.39373779296875,1.800537109375,1.58676147460938,1.92214965820312
12.1409368515015,0.195465087890625,-0.24139404296875,0.464630126953125,3.8873291015625,-3.01025390625,6.37664794921875,1.63314819335938,1.61514282226562,1.84402465820312,1.60919189453125
12.1512658596039,0.133514404296875,-0.426177978515625,0.605621337890625,-0.77728271484375,-7.0770263671875,7.61444091796875,1.42608642578125,1.7059326171875,1.71951293945312,1.851806640625
12.1608648300171,0.0341796875,-0.432586669921875,0.385589599609375,-3.76922607421875,-6.492919921875,9.927978515625,1.73614501953125,1.38916015625,1.9732666015625,1.60385131835938
12.1719899177551,-0.15594482421875,-0.107879638671875,0.265960693359375,-1.7156982421875,-5.2386474609375,10.0112915039062,2.04940795898438,1.2677001953125,1.97601318359375,1.40777587890625
12.1799380779266,-0.03204345703125,-0.268096923828125,0.2606201171875,-0.35888671875,-1.0400390625,9.61029052734375,1.97586059570312,1.24114990234375,2.07656860351562,1.40975952148438
12.190878868103,-0.0299072265625,-0.218963623046875,0.3802490234375,-0.6427001953125,1.116943359375,9.82269287109375,1.84036254882812,1.40579223632812,1.91329956054688,1.54373168945312
12.1998538970947,0.065155029296875,0.10467529296875,0.385589599609375,2.19451904296875,3.5101318359375,10.7601928710938,1.92047119140625,1.5155029296875,1.85287475585938,1.416015625
12.2110974788666,0.016021728515625,-0.028839111328125,0.479583740234375,2.59918212890625,2.41241455078125,10.938720703125,1.78619384765625,1.56478881835938,1.76712036132812,1.58599853515625
12.2210359573364,-0.035247802734375,-0.206146240234375,0.537261962890625,0.60333251953125,0.98419189453125,10.1083374023438,1.67984008789062,1.56768798828125,1.73355102539062,1.72210693359375
12.2311942577362,-0.06622314453125,-0.270233154296875,0.6536865234375,-0.6134033203125,-0.94573974609375,10.5084228515625,1.52862548828125,1.67648315429688,1.60507202148438,1.89300537109375
12.2399249076843,-0.050201416015625,-0.29266357421875,0.569305419921875,-2.62939453125,-0.09063720703125,10.2474975585938,1.63192749023438,1.55685424804688,1.72607421875,1.78848266601562
12.2509531974792,-0.110015869140625,0.0128173828125,0.432586669921875,-1.42913818359375,-0.7672119140625,10.48095703125,1.92367553710938,1.44134521484375,1.793212890625,1.54800415039062
12.2570242881775,-0.0213623046875,-0.056610107421875,0.4058837890625,1.49688720703125,-0.37628173828125,10.5001831054688,1.91925048828125,1.39907836914062,1.88140869140625,1.50665283203125
12.2708835601807,0.008544921875,-0.145263671875,0.372772216796875,-0.3936767578125,1.89056396484375,10.7034301757812,1.93328857421875,1.3287353515625,1.96624755859375,1.47796630859375
12.2799518108368,0.137786865234375,0.186920166015625,0.28839111328125,-0.340576171875,2.33642578125,11.7160034179688,2.1112060546875,1.34933471679688,2.01370239257812,1.2353515625
12.2918713092804,0.037384033203125,-0.030975341796875,0.507354736328125,-0.29937744140625,1.23687744140625,11.422119140625,1.80770874023438,1.51641845703125,1.77871704101562,1.6058349609375
12.3059968948364,0.1837158203125,-0.184783935546875,0.4827880859375,0.97320556640625,-1.4959716796875,10.037841796875,1.75765991210938,1.4715576171875,1.90399169921875,1.5777587890625
12.3078756332397,0.07476806640625,-0.01922607421875,0.6280517578125,1.57745361328125,-3.3123779296875,10.0845336914062,1.66473388671875,1.66000366210938,1.64291381835938,1.74270629882812
12.3210730552673,0.0897216796875,-0.1025390625,0.69000244140625,-1.49871826171875,-3.109130859375,11.2921142578125,1.56219482421875,1.71112060546875,1.60049438476562,1.8389892578125
12.3311440944672,0.060882568359375,-0.095062255859375,0.615234375,-2.96356201171875,-1.3311767578125,10.58349609375,1.67068481445312,1.6082763671875,1.68533325195312,1.74591064453125
12.3398966789246,0.154876708984375,-0.056610107421875,0.511627197265625,-2.003173828125,0.86700439453125,9.37042236328125,1.78955078125,1.51473999023438,1.83334350585938,1.57196044921875
12.3508424758911,0.230712890625,-0.042724609375,0.430450439453125,-2.21832275390625,3.13385009765625,9.69085693359375,1.878662109375,1.43356323242188,1.95297241210938,1.44744873046875
12.3599607944489,0.475311279296875,0.007476806640625,0.445404052734375,-1.4739990234375,0.77362060546875,11.2554931640625,1.80770874023438,1.54098510742188,1.99203491210938,1.37039184570312
12.3679633140564,0.1666259765625,-0.05126953125,0.55755615234375,-0.43853759765625,-0.1300048828125,10.8233642578125,1.746826171875,1.56723022460938,1.78115844726562,1.617431640625
12.3808581829071,0.230712890625,-0.059814453125,0.606689453125,0.406494140625,-2.135009765625,9.84649658203125,1.67007446289062,1.63986206054688,1.7462158203125,1.65573120117188
12.3901560306549,0.18157958984375,-0.007476806640625,0.709228515625,2.0306396484375,-1.69464111328125,10.1010131835938,1.57806396484375,1.76162719726562,1.58828735351562,1.77597045898438
12.401939868927,0.2178955078125,-0.2349853515625,0.571441650390625,-1.4227294921875,-1.17095947265625,10.1174926757812,1.67495727539062,1.52069091796875,1.86492919921875,1.65298461914062
12.409882068634,0.201873779296875,0.10894775390625,0.468902587890625,-0.06134033203125,1.02996826171875,9.298095703125,1.9232177734375,1.48223876953125,1.88888549804688,1.41845703125
12.4199039936066,0.37811279296875,-0.082244873046875,0.4998779296875,-0.51910400390625,1.2030029296875,8.63800048828125,1.78009033203125,1.52023315429688,1.96823120117188,1.44729614257812
12.4310619831085,0.274505615234375,0.1025390625,0.5169677734375,-1.7010498046875,1.2890625,9.15985107421875,1.85348510742188,1.55975341796875,1.8701171875,1.4324951171875
12.4399216175079,0.347137451171875,0.24993896484375,0.569305419921875,-0.8221435546875,1.56280517578125,10.1834106445312,1.81503295898438,1.6827392578125,1.78726196289062,1.43264770507812
12.4519937038422,0.319366455078125,-0.088653564453125,0.61309814453125,-0.0823974609375,0.5035400390625,9.700927734375,1.6717529296875,1.63253784179688,1.83181762695312,1.58218383789062
12.4611148834229,0.242462158203125,0.00213623046875,0.572509765625,0.41107177734375,0.4962158203125,8.7359619140625,1.776123046875,1.5802001953125,1.842041015625,1.51840209960938
12.467875957489,0.21575927734375,0.10040283203125,0.530853271484375,1.724853515625,0.882568359375,10.5780029296875,1.86965942382812,1.5496826171875,1.85806274414062,1.44180297851562
12.4809458255768,0.18798828125,0.14739990234375,0.66650390625,0.38543701171875,-0.89447021484375,10.5697631835938,1.72164916992188,1.72622680664062,1.66458129882812,1.60430908203125
12.4908185005188,0.171966552734375,0.165557861328125,0.537261962890625,1.93267822265625,-0.88897705078125,9.466552734375,1.89865112304688,1.5582275390625,1.82220458984375,1.43844604492188
12.5008778572083,0.15380859375,-0.0811767578125,0.505218505859375,0.655517578125,1.55181884765625,10.31982421875,1.87789916992188,1.42974853515625,1.94503784179688,1.4703369140625
12.5109164714813,0.25848388671875,-0.016021728515625,0.44219970703125,0.02471923828125,0.63629150390625,11.4614868164062,1.95098876953125,1.39663696289062,2.04071044921875,1.33560180664062
12.5218849182129,0.114288330078125,0.14312744140625,0.592803955078125,0.61065673828125,-0.1336669921875,10.8627319335938,1.85592651367188,1.5887451171875,1.76437377929688,1.51809692382812
12.5299632549286,0.120697021484375,-0.008544921875,0.693206787109375,0.04852294921875,-1.41815185546875,10.6558227539062,1.68563842773438,1.67388916015625,1.68594360351562,1.68167114257812
12.5409171581268,0.069427490234375,-0.09185791015625,0.744476318359375,-0.7012939453125,-2.7593994140625,10.9561157226562,1.61453247070312,1.69891357421875,1.63055419921875,1.78131103515625
12.550906419754,0.024566650390625,0.00213623046875,0.695343017578125,-0.74981689453125,-2.43896484375,9.82635498046875,1.72164916992188,1.65145874023438,1.64947509765625,1.70440673828125
12.5600576400757,0.129241943359375,0.08331298828125,0.656890869140625,-0.5401611328125,-1.36962890625,10.3857421875,1.767578125,1.65771484375,1.7071533203125,1.593017578125
12.5713279247284,0.07904052734375,-0.18798828125,0.63446044921875,-0.933837890625,-0.35797119140625,9.36859130859375,1.7303466796875,1.5350341796875,1.807861328125,1.65542602539062
12.5801107883453,0.159149169921875,0.020294189453125,0.4571533203125,0.0146484375,-2.45635986328125,9.6221923828125,2.00210571289062,1.39190673828125,1.9903564453125,1.34429931640625
12.5879509449005,0.097198486328125,-0.06195068359375,0.589599609375,-1.12060546875,-2.59918212890625,10.1211547851562,1.83914184570312,1.50955200195312,1.83456420898438,1.54541015625
12.5988876819611,0.0726318359375,-0.08544921875,0.52337646484375,-0.53192138671875,0.32684326171875,9.8236083984375,1.92138671875,1.41265869140625,1.91665649414062,1.47796630859375
12.6072373390198,0.24993896484375,0.048065185546875,0.569305419921875,-0.82489013671875,-1.81365966796875,11.0430908203125,1.8621826171875,1.55990600585938,1.87606811523438,1.43356323242188
12.6178975105286,0.024566650390625,0.154876708984375,0.59600830078125,-0.5126953125,0.6243896484375,11.5548706054688,1.939697265625,1.5447998046875,1.75506591796875,1.49139404296875
12.6270756721497,0.07904052734375,0.082244873046875,0.5810546875,0.13275146484375,-0.60516357421875,9.1534423828125,1.92886352539062,1.51748657226562,1.81777954101562,1.47064208984375
12.6372046470642,0.197601318359375,0.13885498046875,0.726318359375,3.629150390625,-1.9775390625,9.17449951171875,1.73629760742188,1.74301147460938,1.66213989257812,1.59500122070312
12.6468298435211,0.236053466796875,-0.110015869140625,0.607757568359375,-0.83770751953125,-3.0615234375,9.91058349609375,1.80007934570312,1.52328491210938,1.91024780273438,1.5093994140625
12.6572635173798,0.069427490234375,0.1025390625,0.714569091796875,1.08489990234375,-0.9320068359375,10.1513671875,1.78298950195312,1.65985107421875,1.6693115234375,1.63070678710938
12.6679244041443,0.135650634765625,0.093994140625,0.623779296875,1.15631103515625,3.3984375,10.4342651367188,1.87530517578125,1.56356811523438,1.80557250976562,1.4984130859375
12.6769106388092,0.299072265625,0.067291259765625,0.520172119140625,1.34124755859375,1.97113037109375,10.2621459960938,1.96548461914062,1.46835327148438,2.00576782226562,1.3104248046875
12.686975479126,0.35675048828125,0.135650634765625,0.629119873046875,2.59552001953125,0.09613037109375,10.4580688476562,1.84097290039062,1.640625,1.86614990234375,1.40243530273438
12.6969435214996,0.341796875,-0.1025390625,0.63873291015625,-0.69488525390625,-1.06842041015625,10.3802490234375,1.76498413085938,1.57028198242188,1.932373046875,1.483154296875
12.7071135044098,0.347137451171875,0.10894775390625,0.767974853515625,2.70172119140625,-2.80242919921875,8.96026611328125,1.673583984375,1.79534912109375,1.71279907226562,1.57379150390625
12.7179439067841,0.167694091796875,-0.039520263671875,0.70709228515625,-0.34332275390625,-2.32452392578125,9.04998779296875,1.75918579101562,1.62200927734375,1.78451538085938,1.58828735351562
12.7288386821747,0.255279541015625,-0.0128173828125,0.729522705078125,0.50628662109375,1.17645263671875,9.561767578125,1.71493530273438,1.68838500976562,1.77490234375,1.57913208007812
12.7392568588257,0.247802734375,-0.10040283203125,0.590667724609375,-0.78277587890625,1.86492919921875,9.862060546875,1.86370849609375,1.4874267578125,1.97494506835938,1.43020629882812
12.7469885349274,0.204010009765625,-0.048065185546875,0.59600830078125,0.36529541015625,1.435546875,10.3216552734375,1.88751220703125,1.49673461914062,1.94564819335938,1.42959594726562
12.7568752765656,0.19012451171875,0.11962890625,0.5810546875,0.4156494140625,2.52593994140625,9.52606201171875,1.96563720703125,1.52008056640625,1.91146850585938,1.3623046875
12.7679493427277,0.338592529296875,0.17730712890625,0.725250244140625,0.263671875,0.6134033203125,9.55078125,1.761474609375,1.76284790039062,1.756591796875,1.47872924804688
12.7781105041504,0.150604248046875,-0.10467529296875,0.8203125,-1.18377685546875,-0.9521484375,9.47296142578125,1.61697387695312,1.73049926757812,1.68472290039062,1.732177734375
12.787163734436,0.127105712890625,0,0.7049560546875,0.50537109375,0.42205810546875,8.69842529296875,1.80908203125,1.60873413085938,1.78955078125,1.5570068359375
12.7988710403442,0.18157958984375,-0.129241943359375,0.80535888671875,-0.6939697265625,-0.325927734375,9.72198486328125,1.6387939453125,1.71737670898438,1.72103881835938,1.69174194335938
12.8178579807281,0.082244873046875,0.020294189453125,0.68145751953125,-1.1590576171875,-0.19134521484375,9.561767578125,1.87713623046875,1.57730102539062,1.7987060546875,1.51519775390625
12.8188605308533,0.178375244140625,0.043792724609375,0.607757568359375,-0.8697509765625,0.14190673828125,9.25048828125,1.959228515625,1.52236938476562,1.91055297851562,1.37451171875
12.8288946151733,0.1666259765625,0.157012939453125,0.684661865234375,-0.9375,0.849609375,9.63043212890625,1.9146728515625,1.64703369140625,1.77627563476562,1.43264770507812
12.8399970531464,0.129241943359375,0.229644775390625,0.556488037109375,1.0675048828125,1.2762451171875,11.4578247070312,2.11410522460938,1.49307250976562,1.90673828125,1.25686645507812
12.8489215373993,0.16021728515625,0.0213623046875,0.772247314453125,0.86700439453125,-0.16387939453125,9.9517822265625,1.77703857421875,1.70867919921875,1.71615600585938,1.573486328125
12.8575711250305,0.15167236328125,-0.0299072265625,0.778656005859375,0.845947265625,0.11077880859375,8.49151611328125,1.763916015625,1.6973876953125,1.72134399414062,1.5911865234375
12.8708248138428,0.17730712890625,-0.26702880859375,0.780792236328125,-2.35565185546875,-1.6351318359375,9.5086669921875,1.68731689453125,1.63894653320312,1.80084228515625,1.64596557617188
12.8788447380066,-0.058746337890625,0.04486083984375,0.7733154296875,-2.24212646484375,-1.13983154296875,9.03900146484375,1.86447143554688,1.64474487304688,1.64993286132812,1.61697387695312
12.8888339996338,0.14312744140625,0.02777099609375,0.573577880859375,-0.98785400390625,1.0858154296875,8.57666015625,2.05337524414062,1.45034790039062,1.9671630859375,1.30630493164062
12.8988904953003,0.247802734375,0.13671875,0.71990966796875,0.13824462890625,0.3607177734375,9.92889404296875,1.88323974609375,1.6937255859375,1.78390502929688,1.4208984375
12.9068734645844,0.18798828125,-0.04913330078125,0.671844482421875,0.51910400390625,0.43487548828125,11.0220336914062,1.90704345703125,1.55517578125,1.88720703125,1.43386840820312
12.9171643257141,0.146331787109375,-0.10040283203125,0.763702392578125,0.40191650390625,-0.1812744140625,10.4049682617188,1.79443359375,1.63772583007812,1.78070068359375,1.57211303710938
12.9280276298523,0.10894775390625,-0.080108642578125,0.844879150390625,0.230712890625,0.19683837890625,10.3317260742188,1.717529296875,1.73309326171875,1.66732788085938,1.6717529296875
12.939962387085,0.218963623046875,-0.157012939453125,0.75836181640625,-0.64727783203125,-0.6298828125,10.6072998046875,1.77108764648438,1.6357421875,1.83197021484375,1.55105590820312
12.9478352069855,0.2947998046875,-0.139923095703125,0.6793212890625,-1.79443359375,0.14739990234375,11.3882446289062,1.8560791015625,1.56204223632812,1.95037841796875,1.42044067382812
12.9580907821655,0.3546142578125,-0.204010009765625,0.712432861328125,-1.204833984375,0.604248046875,11.5072631835938,1.78253173828125,1.59927368164062,1.96258544921875,1.45095825195312
12.9688777923584,0.186920166015625,-0.139923095703125,0.688934326171875,-2.713623046875,2.15240478515625,11.5933227539062,1.88232421875,1.5325927734375,1.92825317382812,1.45050048828125
12.9770264625549,0.287322998046875,-0.12176513671875,0.785064697265625,-1.4263916015625,3.51837158203125,11.0037231445312,1.73934936523438,1.6864013671875,1.84341430664062,1.53167724609375
12.9892268180847,0.30548095703125,-0.05767822265625,0.80108642578125,1.146240234375,2.1954345703125,10.4489135742188,1.73690795898438,1.72836303710938,1.81411743164062,1.52053833007812
12.999546289444,0.321502685546875,-0.1666259765625,0.845947265625,0.05035400390625,0.1300048828125,10.469970703125,1.64443969726562,1.76071166992188,1.7999267578125,1.5972900390625
13.0088903903961,0.186920166015625,-0.18157958984375,0.785064697265625,-0.5548095703125,-1.41082763671875,11.65283203125,1.7578125,1.6351318359375,1.84844970703125,1.56021118164062
13.0189321041107,0.103607177734375,-0.045928955078125,0.66009521484375,-0.93017578125,0.3955078125,9.5379638671875,1.98257446289062,1.494140625,1.94290161132812,1.38275146484375
13.0268642902374,0.3118896484375,0.095062255859375,0.7562255859375,-1.11236572265625,0.208740234375,10.0927734375,1.85150146484375,1.71661376953125,1.84310913085938,1.387939453125
13.0389127731323,0.214691162109375,-0.071563720703125,0.81390380859375,-0.87066650390625,-0.65093994140625,10.499267578125,1.75888061523438,1.70608520507812,1.7987060546875,1.53228759765625
13.0489022731781,0.205078125,0.05126953125,0.684661865234375,-2.07000732421875,-0.31768798828125,10.5816650390625,1.96807861328125,1.5777587890625,1.92047119140625,1.33285522460938
13.0588326454163,0.184783935546875,-0.231781005859375,0.889739990234375,-3.43597412109375,-0.77545166015625,10.1486206054688,1.63711547851562,1.74224853515625,1.74880981445312,1.66946411132812
13.0705230236053,0.176239013671875,0.0726318359375,0.785064697265625,-1.1187744140625,-0.96588134765625,9.32098388671875,1.86676025390625,1.69540405273438,1.78695678710938,1.44943237304688
13.0788998603821,0.1837158203125,-0.022430419921875,0.806427001953125,-0.40374755859375,-0.78369140625,9.7869873046875,1.80252075195312,1.69509887695312,1.79901123046875,1.50009155273438
13.0909230709076,0.13671875,0.145263671875,0.810699462890625,-0.28106689453125,1.15447998046875,10.6997680664062,1.85745239257812,1.72805786132812,1.737060546875,1.473388671875
13.0989677906036,0.146331787109375,0.22430419921875,0.684661865234375,-0.3973388671875,1.3421630859375,11.612548828125,2.03643798828125,1.59622192382812,1.87393188476562,1.28952026367188
13.1098296642303,0.144195556640625,-0.050201416015625,0.814971923828125,-0.5914306640625,-0.03753662109375,10.40771484375,1.781005859375,1.67831420898438,1.806640625,1.5277099609375
13.1200656890869,0.18798828125,-0.067291259765625,0.819244384765625,1.66351318359375,1.6644287109375,9.10308837890625,1.75369262695312,1.69265747070312,1.8280029296875,1.52252197265625
13.1309587955475,0.090789794921875,-0.043792724609375,0.7989501953125,2.61932373046875,1.45477294921875,8.29742431640625,1.81198120117188,1.63650512695312,1.82586669921875,1.52084350585938
13.1399030685425,-0.003204345703125,0.058746337890625,0.819244384765625,2.9791259765625,0.91552734375,7.6080322265625,1.84417724609375,1.66091918945312,1.74468994140625,1.5423583984375
13.148895740509,0.16876220703125,-0.01708984375,0.75408935546875,2.720947265625,-0.721435546875,8.5491943359375,1.85211181640625,1.61102294921875,1.90719604492188,1.42410278320312
13.1592795848846,0.23712158203125,0.107879638671875,0.671844482421875,2.43804931640625,0.52276611328125,8.94561767578125,1.97097778320312,1.56326293945312,1.99386596679688,1.26327514648438
13.1704449653625,0.2734375,-0.059814453125,0.777587890625,0.457763671875,0.45318603515625,10.0982666015625,1.77642822265625,1.65695190429688,1.93023681640625,1.42990112304688
13.1788930892944,0.28411865234375,-0.42510986328125,1.025390625,-1.1297607421875,-3.175048828125,10.9451293945312,1.357421875,1.86874389648438,1.73828125,1.82846069335938
13.1918241977692,0.0726318359375,-0.19866943359375,0.8502197265625,0.450439453125,0.263671875,8.37890625,1.7156982421875,1.64871215820312,1.82205200195312,1.6046142578125
13.1999967098236,0.11749267578125,-0.01495361328125,0.881195068359375,0.38726806640625,1.12701416015625,10.4965209960938,1.72882080078125,1.7547607421875,1.74118041992188,1.56890869140625
13.2099344730377,-0.001068115234375,-0.022430419921875,0.74554443359375,0.04669189453125,0.26092529296875,9.31915283203125,1.92779541015625,1.54281616210938,1.87942504882812,1.43646240234375
13.2189590930939,0.148468017578125,-0.159149169921875,0.740203857421875,0.84136962890625,2.13134765625,8.17291259765625,1.85012817382812,1.52862548828125,1.98867797851562,1.42303466796875
13.2300782203674,0.251007080078125,-0.060882568359375,0.6964111328125,0.08697509765625,1.99676513671875,10.0405883789062,1.904296875,1.52481079101562,2.05307006835938,1.30996704101562
13.237761259079,0.01922607421875,0.026702880859375,0.673980712890625,1.5234375,0.85968017578125,9.99298095703125,2.02529907226562,1.44485473632812,1.99234008789062,1.32720947265625
13.2513520717621,0.06622314453125,-0.197601318359375,0.9271240234375,0.20416259765625,-0.01007080078125,10.0048828125,1.62673950195312,1.71127319335938,1.76803588867188,1.68594360351562
13.2588987350464,-0.01068115234375,-0.11322021484375,1.0809326171875,-2.65594482421875,1.07574462890625,9.13970947265625,1.4801025390625,1.89926147460938,1.53182983398438,1.87942504882812
13.2688732147217,0.122833251953125,0.003204345703125,0.76690673828125,1.3714599609375,0.40191650390625,10.6686401367188,1.87454223632812,1.58737182617188,1.92520141601562,1.40823364257812
13.2787737846375,0.05767822265625,0.075836181640625,0.74554443359375,1.5838623046875,0.55389404296875,11.0211181640625,1.9464111328125,1.56280517578125,1.90643310546875,1.37725830078125
13.289222240448,0.246734619140625,0.1153564453125,0.760498046875,4.30389404296875,3.76556396484375,10.8297729492188,1.8902587890625,1.65802001953125,1.92153930664062,1.31988525390625
13.2989678382874,0.306549072265625,0.210418701171875,0.8587646484375,-0.82489013671875,-0.7012939453125,11.3433837890625,1.7840576171875,1.82891845703125,1.78634643554688,1.39129638671875
13.3099045753479,0.065155029296875,0.171966552734375,0.855560302734375,1.25335693359375,-2.13775634765625,12.4273681640625,1.84768676757812,1.73553466796875,1.73477172851562,1.47079467773438
13.3239333629608,0.127105712890625,-0.178375244140625,0.941009521484375,0.8734130859375,-3.47625732421875,9.25506591796875,1.61346435546875,1.76193237304688,1.75506591796875,1.65847778320312
13.3298931121826,0.01708984375,-0.111083984375,0.88226318359375,-0.2252197265625,-1.88232421875,8.5675048828125,1.74758911132812,1.66946411132812,1.7852783203125,1.58401489257812
13.3388698101044,0.11322021484375,-0.035247802734375,0.6964111328125,-2.39959716796875,0.11444091796875,9.2779541015625,1.97738647460938,1.484375,2.02545166015625,1.29379272460938
13.3489050865173,-0.073699951171875,0.327911376953125,0.6878662109375,-0.27557373046875,1.57562255859375,8.4613037109375,2.15408325195312,1.51657104492188,1.88003540039062,1.23184204101562
13.3593628406525,0.216827392578125,0.18798828125,0.844879150390625,-0.13092041015625,2.29248046875,12.2799682617188,1.83090209960938,1.75857543945312,1.81320190429688,1.37664794921875
13.3691337108612,0.09185791015625,0.1068115234375,0.845947265625,-0.04486083984375,-2.9534912109375,12.2845458984375,1.84066772460938,1.69342041015625,1.800537109375,1.43905639648438
13.3788466453552,-0.077972412109375,-0.116424560546875,0.92926025390625,2.120361328125,-0.13916015625,9.55169677734375,1.72256469726562,1.68212890625,1.715087890625,1.65878295898438
13.3889286518097,0.07904052734375,-0.162353515625,0.9912109375,0.08880615234375,-1.46209716796875,9.393310546875,1.5899658203125,1.78878784179688,1.69570922851562,1.69845581054688
13.3988876342773,-0.114288330078125,0.1409912109375,0.915374755859375,-1.3421630859375,-2.68707275390625,9.7137451171875,1.83792114257812,1.71127319335938,1.63909912109375,1.57928466796875
13.4088864326477,-0.0897216796875,0.161285400390625,0.759429931640625,0.787353515625,1.669921875,10.8380126953125,2.03506469726562,1.53549194335938,1.83914184570312,1.35772705078125
13.4189336299896,0.028839111328125,0.1708984375,0.73272705078125,-0.311279296875,2.22381591796875,11.3333129882812,2.03903198242188,1.54891967773438,1.90780639648438,1.27578735351562
13.4293787479401,0.041656494140625,0.163421630859375,0.84381103515625,-0.67108154296875,1.16546630859375,11.5118408203125,1.89498901367188,1.68487548828125,1.77719116210938,1.409912109375
13.4388728141785,0.0384521484375,-0.116424560546875,0.84808349609375,2.14141845703125,1.0198974609375,9.74853515625,1.80343627929688,1.60263061523438,1.86264038085938,1.49871826171875
13.4468815326691,-0.0555419921875,-0.069427490234375,0.853424072265625,1.512451171875,2.13775634765625,8.35784912109375,1.84188842773438,1.59820556640625,1.81625366210938,1.513671875
13.4588508605957,-0.001068115234375,0.01068115234375,0.948486328125,1.0162353515625,-2.061767578125,10.748291015625,1.734619140625,1.75811767578125,1.6851806640625,1.5887451171875
13.4690628051758,-0.133514404296875,0.157012939453125,0.795745849609375,1.44561767578125,0.4998779296875,9.906005859375,2.01583862304688,1.5716552734375,1.78939819335938,1.39373779296875
13.4801235198975,0.103607177734375,-0.033111572265625,0.8160400390625,0.79742431640625,2.58270263671875,9.53887939453125,1.87332153320312,1.61544799804688,1.88674926757812,1.3958740234375
13.488828420639,0.213623046875,-0.052337646484375,0.77972412109375,-0.17578125,-0.40740966796875,11.3076782226562,1.8865966796875,1.59713745117188,1.96624755859375,1.32232666015625
13.4998922348022,0.08758544921875,-0.13458251953125,0.934600830078125,-1.0107421875,-0.41015625,11.4569091796875,1.70944213867188,1.73080444335938,1.76528930664062,1.57058715820312
13.508918762207,0.088653564453125,-0.2947998046875,1.0125732421875,-3.4716796875,1.09954833984375,11.5704345703125,1.56204223632812,1.78421020507812,1.7181396484375,1.70867919921875
13.5188715457916,0.13458251953125,-0.045928955078125,0.97198486328125,-2.65228271484375,0.61065673828125,11.693115234375,1.68060302734375,1.81930541992188,1.70867919921875,1.5667724609375
13.5268547534943,0.159149169921875,-0.054473876953125,0.868377685546875,-1.32659912109375,-1.05377197265625,11.8222045898438,1.79595947265625,1.6943359375,1.85272216796875,1.42837524414062
13.5399723052979,0.007476806640625,-0.068359375,0.65155029296875,-1.3623046875,3.94134521484375,9.521484375,2.1014404296875,1.36932373046875,2.09014892578125,1.20819091796875
13.5508770942688,0.276641845703125,-0.05126953125,0.8203125,-0.27923583984375,5.0738525390625,9.31732177734375,1.81381225585938,1.666259765625,1.96334838867188,1.32736206054688
13.5598769187927,0.11962890625,-0.298004150390625,0.965576171875,-3.8507080078125,0.1849365234375,11.40380859375,1.60308837890625,1.728515625,1.81167602539062,1.62582397460938
13.5698204040527,0.033111572265625,0.052337646484375,0.9613037109375,-6.50848388671875,-1.00067138671875,11.5475463867188,1.75003051757812,1.80252075195312,1.67984008789062,1.53976440429688
13.5788660049438,0.003204345703125,0.167694091796875,0.8544921875,-1.73858642578125,-2.14324951171875,12.2763061523438,1.92779541015625,1.69113159179688,1.771240234375,1.38137817382812
13.599054813385,0.005340576171875,0.050201416015625,0.847015380859375,4.083251953125,-0.882568359375,10.3683471679688,1.88461303710938,1.63482666015625,1.8408203125,1.41036987304688
13.6101467609406,0.03204345703125,-0.009613037109375,0.9527587890625,1.41998291015625,0.56396484375,9.81353759765625,1.72164916992188,1.75216674804688,1.741943359375,1.55319213867188
13.6169054508209,0.09613037109375,-0.05767822265625,0.86090087890625,4.27093505859375,1.59942626953125,9.65789794921875,1.8023681640625,1.64169311523438,1.89605712890625,1.43218994140625
13.626806974411,-0.001068115234375,-0.244598388671875,0.8544921875,1.5032958984375,1.74774169921875,8.9959716796875,1.7791748046875,1.54510498046875,1.93939208984375,1.5069580078125
13.6369998455048,-0.08331298828125,-0.112152099609375,0.8758544921875,2.26593017578125,3.944091796875,8.5052490234375,1.8157958984375,1.580810546875,1.84799194335938,1.5228271484375
13.646842956543,0.003204345703125,0.12176513671875,0.863037109375,2.50213623046875,3.2025146484375,7.855224609375,1.88003540039062,1.65924072265625,1.81503295898438,1.41326904296875
13.656907081604,-0.2093505859375,0.105743408203125,0.9228515625,1.30645751953125,2.87384033203125,6.53045654296875,1.86279296875,1.65985107421875,1.68685913085938,1.55242919921875
13.6678776741028,0.0811767578125,0.075836181640625,0.83099365234375,2.81158447265625,4.57763671875,6.947021484375,1.88796997070312,1.62002563476562,1.89361572265625,1.35635375976562
13.6769080162048,0.063018798828125,-0.152740478515625,0.90362548828125,1.629638671875,2.05169677734375,9.16900634765625,1.74026489257812,1.63894653320312,1.864013671875,1.51702880859375
13.6875445842743,-0.16448974609375,-0.323638916015625,0.9100341796875,1.640625,2.5872802734375,8.01544189453125,1.74972534179688,1.524658203125,1.8377685546875,1.64566040039062
13.7008790969849,0.011749267578125,-0.042724609375,0.7861328125,1.68365478515625,1.74041748046875,8.09783935546875,1.95327758789062,1.50070190429688,1.9525146484375,1.35635375976562
13.7108957767487,0.013885498046875,0.082244873046875,0.955963134765625,0.45684814453125,0.00640869140625,10.4425048828125,1.7791748046875,1.74972534179688,1.70120239257812,1.53274536132812
13.7169189453125,-0.148468017578125,0.052337646484375,0.735931396484375,4.04754638671875,1.01531982421875,11.0421752929688,2.09320068359375,1.40914916992188,1.94061279296875,1.3214111328125
13.7272028923035,0.093994140625,0.033111572265625,0.885467529296875,5.028076171875,-0.09246826171875,11.8515014648438,1.82861328125,1.66046142578125,1.83242797851562,1.44134521484375
13.7368583679199,0.163421630859375,-0.111083984375,0.97412109375,2.00958251953125,-1.248779296875,13.828125,1.6522216796875,1.75430297851562,1.78375244140625,1.56768798828125
13.7469708919525,-0.020294189453125,0.073699951171875,0.894012451171875,4.0008544921875,-0.135498046875,13.39599609375,1.86141967773438,1.64581298828125,1.78146362304688,1.46942138671875
13.7581975460052,-0.022430419921875,-0.041656494140625,0.955963134765625,0.13916015625,1.06842041015625,11.158447265625,1.741943359375,1.68365478515625,1.744384765625,1.585693359375
13.7669241428375,0.08758544921875,0.013885498046875,0.998687744140625,-1.34033203125,1.3916015625,9.91058349609375,1.66854858398438,1.78146362304688,1.708984375,1.59347534179688
13.7788548469543,0.13885498046875,-0.011749267578125,0.95703125,-1.18194580078125,2.3052978515625,9.74212646484375,1.69448852539062,1.7376708984375,1.79122924804688,1.52984619140625
13.7878434658051,0.182647705078125,0.063018798828125,0.780792236328125,1.51153564453125,5.02716064453125,10.5569458007812,1.92428588867188,1.55303955078125,2.0001220703125,1.27578735351562
13.7970180511475,0.07904052734375,-0.011749267578125,0.8203125,2.200927734375,5.70098876953125,10.7290649414062,1.87973022460938,1.54464721679688,1.94900512695312,1.37893676757812
13.8068928718567,0.058746337890625,-0.06622314453125,0.994415283203125,1.08306884765625,1.97479248046875,10.3271484375,1.6473388671875,1.7333984375,1.75216674804688,1.61941528320312
13.8188805580139,0.0128173828125,-0.154876708984375,1.04248046875,-0.186767578125,-3.035888671875,7.78472900390625,1.57821655273438,1.754150390625,1.7034912109375,1.71661376953125
13.8310744762421,0.039520263671875,-0.112152099609375,0.861968994140625,-0.58502197265625,-4.302978515625,7.51373291015625,1.80999755859375,1.54830932617188,1.9232177734375,1.470947265625
13.8388733863831,-0.022430419921875,0.008544921875,0.982666015625,0.34881591796875,-2.808837890625,8.8604736328125,1.72164916992188,1.71218872070312,1.7156982421875,1.60537719726562
13.8488924503326,0.06195068359375,0.003204345703125,0.8587646484375,0.8642578125,-0.1959228515625,11.1758422851562,1.85043334960938,1.57989501953125,1.90399169921875,1.4227294921875
13.8598735332489,0.084381103515625,0.065155029296875,0.894012451171875,0.4998779296875,-2.581787109375,11.0842895507812,1.82022094726562,1.64718627929688,1.84783935546875,1.43951416015625
13.8688879013062,0.01708984375,0.09613037109375,0.8587646484375,-1.1920166015625,-2.59368896484375,10.7354736328125,1.89453125,1.58981323242188,1.865234375,1.40762329101562
13.8790154457092,-0.052337646484375,0.059814453125,0.9271240234375,-1.18194580078125,-1.93359375,9.64599609375,1.82037353515625,1.639404296875,1.768798828125,1.52542114257812
13.8900091648102,-0.05340576171875,0.00640869140625,1.08413696289062,-2.288818359375,-2.48199462890625,8.70758056640625,1.6143798828125,1.8170166015625,1.58447265625,1.73568725585938
13.8991487026215,-0.071563720703125,0.01068115234375,0.93994140625,-0.9136962890625,-1.8988037109375,9.11773681640625,1.80130004882812,1.63253784179688,1.7578125,1.55990600585938
13.9088690280914,-0.15380859375,0.15380859375,0.817108154296875,-0.3680419921875,0.3240966796875,9.17449951171875,2.04208374023438,1.49688720703125,1.83181762695312,1.38015747070312
13.9188365936279,-0.21148681640625,0.330047607421875,0.71136474609375,2.40142822265625,5.62225341796875,9.81353759765625,2.24563598632812,1.39862060546875,1.89178466796875,1.214599609375
13.9279632568359,-0.1153564453125,0.154876708984375,0.932464599609375,1.79443359375,3.97430419921875,9.5013427734375,1.91360473632812,1.65756225585938,1.680908203125,1.4996337890625
13.9372065067291,-0.022430419921875,0.19012451171875,0.9228515625,1.71844482421875,2.21832275390625,10.4095458984375,1.92001342773438,1.68746948242188,1.697998046875,1.44287109375
13.9471719264984,-0.07049560546875,0.011749267578125,0.9912109375,-0.0823974609375,0.43121337890625,11.5182495117188,1.80313110351562,1.7071533203125,1.651611328125,1.59042358398438
13.9580478668213,-0.077972412109375,0.159149169921875,0.95916748046875,-1.065673828125,-0.81298828125,10.8059692382812,1.89346313476562,1.70379638671875,1.64047241210938,1.51229858398438
13.9669554233551,-0.0299072265625,0.16448974609375,0.938873291015625,0.10894775390625,-0.27557373046875,9.64691162109375,1.90994262695312,1.69509887695312,1.673583984375,1.46652221679688
13.9794154167175,0.052337646484375,0.067291259765625,0.908966064453125,0.435791015625,-0.5548095703125,11.3232421875,1.90383911132812,1.65328979492188,1.7584228515625,1.43142700195312
13.9869141578674,0.003204345703125,-0.1153564453125,0.95916748046875,-1.01898193359375,0.3094482421875,10.740966796875,1.80252075195312,1.64337158203125,1.73004150390625,1.563720703125
13.9972007274628,0.11322021484375,0.01922607421875,0.919647216796875,-0.2215576171875,0.43212890625,9.276123046875,1.8701171875,1.66778564453125,1.77276611328125,1.44180297851562
14.0080454349518,0.1239013671875,-0.052337646484375,0.97625732421875,-1.007080078125,0.38818359375,10.389404296875,1.77566528320312,1.71844482421875,1.72348022460938,1.53411865234375
14.0190582275391,0.090789794921875,-0.099334716796875,0.915374755859375,0.845947265625,-0.47149658203125,9.36676025390625,1.8450927734375,1.61224365234375,1.81304931640625,1.48529052734375
14.0293600559235,0.18157958984375,-0.127105712890625,0.962371826171875,-0.0238037109375,-0.743408203125,10.1092529296875,1.746826171875,1.688232421875,1.79275512695312,1.52694702148438
14.0399708747864,0.201873779296875,-0.15167236328125,0.9954833984375,0.16204833984375,-3.9276123046875,10.6219482421875,1.685791015625,1.72576904296875,1.77154541015625,1.57089233398438
14.0508692264557,0.16876220703125,-0.15594482421875,0.91217041015625,0.90362548828125,-3.35723876953125,9.840087890625,1.7913818359375,1.60552978515625,1.87973022460938,1.48147583007812
14.0588779449463,0.283050537109375,-0.193328857421875,0.938873291015625,-0.15838623046875,0.6573486328125,10.0836181640625,1.71066284179688,1.65939331054688,1.89041137695312,1.494140625
14.0690829753876,0.417633056640625,-0.03631591796875,0.885467529296875,-1.593017578125,-0.7305908203125,10.4598999023438,1.79061889648438,1.67984008789062,1.9482421875,1.34002685546875
14.079078912735,0.244598388671875,-0.259552001953125,0.948486328125,-2.0050048828125,-1.42822265625,10.8297729492188,1.689453125,1.63848876953125,1.89315795898438,1.534423828125
14.090131521225,0.214691162109375,-0.316162109375,0.934600830078125,1.0235595703125,-0.8404541015625,7.8314208984375,1.69708251953125,1.5960693359375,1.91909790039062,1.54342651367188
14.0989174842834,0.289459228515625,-0.169830322265625,0.975189208984375,1.790771484375,-1.74774169921875,8.67919921875,1.67999267578125,1.7138671875,1.842041015625,1.5203857421875
14.1069259643555,0.19866943359375,-0.27130126953125,1.04248046875,-1.453857421875,-1.376953125,10.7876586914062,1.59027099609375,1.7413330078125,1.76223754882812,1.66259765625
14.1188206672668,0.1580810546875,-0.13031005859375,0.926055908203125,-0.06500244140625,2.01141357421875,8.87969970703125,1.79473876953125,1.62353515625,1.85089111328125,1.48468017578125
14.1388483047485,0.1708984375,0.1153564453125,0.88653564453125,1.6571044921875,-0.9613037109375,10.5972290039062,1.91970825195312,1.64871215820312,1.83120727539062,1.3568115234375
14.1488869190216,0.12176513671875,-0.152740478515625,0.95489501953125,1.82098388671875,-0.46234130859375,10.7666015625,1.76712036132812,1.63955688476562,1.82144165039062,1.53228759765625
14.1588549613953,0.10040283203125,-0.142059326171875,1.00936889648438,1.11236572265625,-0.03753662109375,10.0790405273438,1.7108154296875,1.70211791992188,1.7437744140625,1.600341796875
14.1689474582672,0.13885498046875,-0.02777099609375,0.9271240234375,1.70379638671875,-0.02288818359375,10.1687622070312,1.8402099609375,1.6400146484375,1.82815551757812,1.45187377929688
14.1768519878387,0.1837158203125,-0.17730712890625,0.926055908203125,-0.6427001953125,-1.05377197265625,9.8492431640625,1.78146362304688,1.61026000976562,1.8890380859375,1.4794921875
14.1868162155151,0.120697021484375,-0.15594482421875,0.9228515625,-1.20849609375,-2.6513671875,10.6805419921875,1.806640625,1.58050537109375,1.87210083007812,1.4996337890625
14.1970777511597,0.03204345703125,-0.067291259765625,0.9783935546875,-0.3607177734375,-1.0418701171875,10.8700561523438,1.7913818359375,1.64718627929688,1.75521850585938,1.56753540039062
14.2088367938995,0.0897216796875,-0.065155029296875,1.02645874023438,-0.908203125,1.11328125,10.8673095703125,1.71493530273438,1.7218017578125,1.71493530273438,1.60781860351562
14.2179374694824,0.030975341796875,0.11962890625,1.00296020507812,-1.578369140625,0.6884765625,10.6695556640625,1.81930541992188,1.72622680664062,1.66915893554688,1.5447998046875
14.2289378643036,-0.001068115234375,0.15594482421875,0.906829833984375,0.2142333984375,0.8349609375,9.92340087890625,1.95205688476562,1.60049438476562,1.7828369140625,1.42654418945312
14.2388551235199,0.116424560546875,-0.022430419921875,0.93994140625,0.465087890625,0.31402587890625,9.38690185546875,1.8206787109375,1.62796020507812,1.83059692382812,1.4825439453125
14.2468738555908,0.15594482421875,0.0469970703125,0.98480224609375,0.39276123046875,0.194091796875,11.1172485351562,1.77520751953125,1.71112060546875,1.77459716796875,1.502685546875
14.2569420337677,0.04058837890625,0.08544921875,0.966644287109375,0.7489013671875,-1.18927001953125,10.426025390625,1.84249877929688,1.66397094726562,1.75125122070312,1.50588989257812
14.2671992778778,-0.026702880859375,0.080108642578125,1.02218627929688,0.43670654296875,-0.556640625,9.4171142578125,1.78207397460938,1.69815063476562,1.673583984375,1.60507202148438
14.2780454158783,0.110015869140625,0.0469970703125,0.982666015625,0.384521484375,-0.79833984375,9.78607177734375,1.7816162109375,1.6827392578125,1.7718505859375,1.52252197265625
14.286922454834,0.0982666015625,0.0640869140625,0.914306640625,-1.41265869140625,-1.3897705078125,11.1273193359375,1.871337890625,1.58416748046875,1.86187744140625,1.4404296875
14.2968893051147,0.088653564453125,0.0640869140625,0.885467529296875,-1.1700439453125,-0.2874755859375,11.458740234375,1.90841674804688,1.54754638671875,1.89712524414062,1.40731811523438
14.3071224689484,0.17730712890625,0.080108642578125,0.928192138671875,0.66925048828125,2.4462890625,9.730224609375,1.8359375,1.63070678710938,1.8621826171875,1.4276123046875
14.3192565441132,0.238189697265625,-0.007476806640625,0.9912109375,-0.09521484375,0.20599365234375,10.960693359375,1.7181396484375,1.70745849609375,1.8231201171875,1.50924682617188
14.3338360786438,0.105743408203125,0.03204345703125,1.00189208984375,-0.32318115234375,0.428466796875,10.3829956054688,1.75872802734375,1.69525146484375,1.75338745117188,1.5484619140625
14.3381276130676,0.2178955078125,0.035247802734375,1.00616455078125,1.483154296875,0.95489501953125,10.2850341796875,1.7230224609375,1.7352294921875,1.77810668945312,1.51519775390625
14.3468277454376,0.213623046875,0.056610107421875,1.033935546875,-0.80841064453125,-1.42913818359375,10.9396362304688,1.69570922851562,1.77536010742188,1.73507690429688,1.54541015625
14.3569345474243,0.146331787109375,0.18585205078125,0.992279052734375,0.11627197265625,-1.57196044921875,10.7867431640625,1.81640625,1.75064086914062,1.71981811523438,1.46087646484375
14.3679268360138,0.133514404296875,0.114288330078125,1.01577758789062,-0.8642578125,-0.1080322265625,10.2227783203125,1.7626953125,1.75872802734375,1.712646484375,1.51519775390625
14.3789105415344,0.2862548828125,0.233917236328125,0.938873291015625,0.186767578125,1.2451171875,10.3390502929688,1.851806640625,1.74545288085938,1.8145751953125,1.3372802734375
14.3889327049255,0.214691162109375,-0.0640869140625,0.98480224609375,0.340576171875,0.04669189453125,9.854736328125,1.71783447265625,1.69403076171875,1.82876586914062,1.50543212890625
14.397851228714,0.13458251953125,-0.05767822265625,0.930328369140625,1.57196044921875,0.849609375,9.232177734375,1.81549072265625,1.60629272460938,1.873779296875,1.448974609375
14.4070756435394,0.247802734375,0.059814453125,0.979461669921875,2.1734619140625,1.1956787109375,10.543212890625,1.7608642578125,1.73904418945312,1.80343627929688,1.43798828125
14.4182507991791,0.214691162109375,0.268096923828125,0.966644287109375,0.02655029296875,-1.58660888671875,9.8895263671875,1.85440063476562,1.77154541015625,1.74301147460938,1.36993408203125
14.4268801212311,0.077972412109375,0.124969482421875,1.00830078125,1.64703369140625,-0.7598876953125,8.3001708984375,1.79656982421875,1.73965454101562,1.69662475585938,1.50604248046875
14.4369451999664,0.13031005859375,-0.0640869140625,1.0296630859375,-1.02996826171875,-0.08148193359375,10.20263671875,1.69189453125,1.72821044921875,1.7474365234375,1.56982421875
14.4479281902313,0.090789794921875,-0.0555419921875,1.06170654296875,-3.44512939453125,-0.88714599609375,11.173095703125,1.663818359375,1.76116943359375,1.69677734375,1.62033081054688
14.4572319984436,-0.054473876953125,0.0299072265625,1.10549926757812,-3.1915283203125,-0.56396484375,11.8203735351562,1.67831420898438,1.79336547851562,1.57440185546875,1.69601440429688
14.4670512676239,-0.024566650390625,0.063018798828125,0.999755859375,-1.9500732421875,0.8349609375,10.7437133789062,1.81442260742188,1.68014526367188,1.70303344726562,1.54129028320312
14.4768853187561,0.133514404296875,0.01495361328125,0.891876220703125,0.09063720703125,-0.5621337890625,10.0643920898438,1.89239501953125,1.59225463867188,1.89956665039062,1.35848999023438
14.486852645874,0.02777099609375,-0.01495361328125,0.857696533203125,-1.2249755859375,-0.1959228515625,10.1010131835938,1.95770263671875,1.5106201171875,1.92031860351562,1.35345458984375
14.497763633728,0.097198486328125,-0.016021728515625,0.973052978515625,0.1904296875,1.142578125,9.76226806640625,1.79107666015625,1.67922973632812,1.8011474609375,1.47552490234375
14.5071415901184,0.0897216796875,0.01708984375,0.990142822265625,-0.20233154296875,-0.5731201171875,10.6503295898438,1.78253173828125,1.70516967773438,1.76849365234375,1.48971557617188
14.517648935318,0.076904296875,-0.052337646484375,1.0595703125,-0.28564453125,-1.39617919921875,11.4825439453125,1.6754150390625,1.76773071289062,1.70089721679688,1.60110473632812
14.5268802642822,-0.005340576171875,-0.1025390625,1.00296020507812,-0.06134033203125,-1.23870849609375,9.55810546875,1.7547607421875,1.65771484375,1.766357421875,1.57135009765625
14.5379912853241,0.0384521484375,-0.0341796875,1.016845703125,1.05926513671875,0.65185546875,9.345703125,1.74652099609375,1.70822143554688,1.73980712890625,1.55563354492188
14.5468459129333,0.09613037109375,-0.0042724609375,0.958099365234375,-0.37811279296875,-0.83038330078125,10.2108764648438,1.81594848632812,1.66473388671875,1.82052612304688,1.45278930664062
14.5574014186859,0.05340576171875,-0.008544921875,0.94207763671875,-0.3131103515625,-0.1263427734375,9.82177734375,1.85012817382812,1.62796020507812,1.83242797851562,1.4434814453125
14.5674662590027,0.092926025390625,0.01708984375,0.951690673828125,-1.94732666015625,1.4447021484375,10.1202392578125,1.83151245117188,1.65939331054688,1.82586669921875,1.43646240234375
14.5768723487854,0.059814453125,-0.042724609375,0.981597900390625,-0.87249755859375,0.556640625,10.9039306640625,1.78512573242188,1.6693115234375,1.79794311523438,1.5008544921875
14.5872600078583,0.05340576171875,-0.18585205078125,1.03927612304688,-1.505126953125,1.9940185546875,11.9778442382812,1.66641235351562,1.70089721679688,1.77932739257812,1.61041259765625
14.5978758335114,-0.005340576171875,-0.095062255859375,1.0809326171875,-0.556640625,1.907958984375,11.5155029296875,1.66030883789062,1.75933837890625,1.68258666992188,1.65496826171875
14.6078541278839,-0.08758544921875,0.1922607421875,1.01470947265625,2.02789306640625,2.6605224609375,11.7938232421875,1.85714721679688,1.73309326171875,1.65145874023438,1.51473999023438
14.6171057224274,-0.028839111328125,0.05126953125,0.9271240234375,2.48291015625,1.61590576171875,10.3298950195312,1.91024780273438,1.61117553710938,1.82388305664062,1.4166259765625
14.6279022693634,0.07476806640625,-0.018157958984375,1.01577758789062,3.1146240234375,-1.37969970703125,10.6109619140625,1.74819946289062,1.73492431640625,1.76422119140625,1.51458740234375
14.6379969120026,-0.0128173828125,-0.127105712890625,1.00509643554688,-0.05218505859375,-0.84686279296875,11.41845703125,1.76788330078125,1.66702270507812,1.77764892578125,1.5423583984375
14.6468136310577,-0.009613037109375,-0.009613037109375,0.992279052734375,-0.0714111328125,1.73126220703125,10.9359741210938,1.82388305664062,1.68914794921875,1.7535400390625,1.48971557617188
14.6579055786133,0.026702880859375,0.025634765625,1.01150512695312,-0.27557373046875,4.52911376953125,10.8526611328125,1.800537109375,1.73492431640625,1.728515625,1.49246215820312
14.6672520637512,0.039520263671875,0.0128173828125,0.968780517578125,-1.3677978515625,3.36456298828125,11.202392578125,1.85546875,1.68869018554688,1.78421020507812,1.42730712890625
14.6779081821442,0.058746337890625,0.01068115234375,1.20803833007812,-0.35888671875,1.44561767578125,10.6805419921875,1.56173706054688,2.00164794921875,1.48788452148438,1.70913696289062
14.6881017684937,0.201873779296875,-0.04058837890625,0.97412109375,0.67291259765625,1.15081787109375,10.8444213867188,1.79763793945312,1.73843383789062,1.83868408203125,1.385498046875
14.697163105011,0.319366455078125,-0.0897216796875,0.998687744140625,1.38519287109375,1.56280517578125,12.0254516601562,1.71173095703125,1.79244995117188,1.85760498046875,1.402587890625
14.7069509029388,0.043792724609375,-0.088653564453125,0.894012451171875,3.27850341796875,2.9901123046875,12.081298828125,1.92428588867188,1.56967163085938,1.90963745117188,1.36383056640625
14.7168414592743,0.03631591796875,-0.148468017578125,0.92071533203125,3.189697265625,4.8980712890625,10.4580688476562,1.87667846679688,1.58645629882812,1.89010620117188,1.4166259765625
14.7281363010406,0.068359375,-0.024566650390625,0.930328369140625,4.984130859375,4.21600341796875,11.1566162109375,1.89483642578125,1.6436767578125,1.84829711914062,1.38290405273438
14.7380709648132,0.1922607421875,-0.103607177734375,0.90576171875,2.57171630859375,1.2506103515625,10.6182861328125,1.86630249023438,1.62872314453125,1.93710327148438,1.33544921875
14.7479104995728,0.163421630859375,-0.195465087890625,0.9912109375,1.2396240234375,-0.8551025390625,10.3738403320312,1.73690795898438,1.6961669921875,1.85165405273438,1.48513793945312
14.756906747818,0.144195556640625,-0.332183837890625,0.9869384765625,0.85968017578125,0.68389892578125,8.3642578125,1.70440673828125,1.64199829101562,1.89498901367188,1.52694702148438
14.7670836448669,0.180511474609375,-0.31829833984375,1.13540649414062,-0.1904296875,-0.18402099609375,10.5148315429688,1.505126953125,1.8341064453125,1.7236328125,1.70455932617188
14.777943611145,-0.018157958984375,-0.394134521484375,1.05743408203125,-1.636962890625,1.5032958984375,10.3665161132812,1.6229248046875,1.6461181640625,1.8023681640625,1.69601440429688
14.7889287471771,0.097198486328125,-0.144195556640625,0.95916748046875,-0.8441162109375,1.885986328125,10.0424194335938,1.79168701171875,1.63055419921875,1.87911987304688,1.46621704101562
14.7988831996918,0.129241943359375,-0.1153564453125,1.04141235351562,-1.3311767578125,-0.3131103515625,10.8554077148438,1.683349609375,1.75582885742188,1.78375244140625,1.5478515625
14.8068528175354,-0.00640869140625,-0.120697021484375,0.91217041015625,-0.72235107421875,0.172119140625,11.5328979492188,1.87164306640625,1.558837890625,1.90826416015625,1.42959594726562
14.8179032802582,-0.08331298828125,-0.11749267578125,0.817108154296875,-0.14007568359375,2.35748291015625,11.8057250976562,2.01416015625,1.4312744140625,2.00393676757812,1.32278442382812
14.8358407020569,-0.068359375,-0.34393310546875,0.983734130859375,1.08673095703125,2.62939453125,11.2271118164062,1.72897338867188,1.58706665039062,1.87042236328125,1.58584594726562
14.8378975391388,-0.075836181640625,-0.162353515625,1.07666015625,1.3330078125,2.8802490234375,9.48760986328125,1.6705322265625,1.75399780273438,1.69418334960938,1.6534423828125
14.848007440567,-0.0982666015625,-0.056610107421875,1.08413696289062,2.80517578125,2.362060546875,8.93096923828125,1.69815063476562,1.79351806640625,1.646728515625,1.636962890625
14.8608782291412,-0.23284912109375,0.043792724609375,1.05850219726562,2.94708251953125,-0.6646728515625,8.54095458984375,1.80343627929688,1.74224853515625,1.60629272460938,1.62506103515625
14.8707327842712,-0.278778076171875,-0.050201416015625,1.0809326171875,1.92626953125,-0.1373291015625,8.82293701171875,1.756591796875,1.7266845703125,1.59576416015625,1.69952392578125
14.8801085948944,-0.139923095703125,0.06195068359375,0.94207763671875,1.351318359375,1.73858642578125,9.188232421875,1.92413330078125,1.62307739257812,1.77902221679688,1.458740234375
14.8904163837433,0.06622314453125,0.184783935546875,0.95916748046875,0.66558837890625,1.03729248046875,10.8123779296875,1.88003540039062,1.734619140625,1.77627563476562,1.396484375
14.8989255428314,0.0982666015625,-0.01495361328125,0.994415283203125,-1.56280517578125,0.809326171875,12.528076171875,1.75918579101562,1.7144775390625,1.81503295898438,1.50421142578125
14.9089024066925,-0.03631591796875,0.056610107421875,1.0125732421875,1.76055908203125,1.6204833984375,10.0021362304688,1.79473876953125,1.70196533203125,1.73431396484375,1.56204223632812
14.9169819355011,-0.146331787109375,0.02777099609375,1.05636596679688,3.5687255859375,0.9521484375,8.57666015625,1.76666259765625,1.69036865234375,1.66046142578125,1.67999267578125
14.9296190738678,-0.052337646484375,-0.003204345703125,1.00082397460938,3.9312744140625,-0.21331787109375,7.20062255859375,1.80007934570312,1.64169311523438,1.766357421875,1.58950805664062
14.9393339157104,0.007476806640625,-0.227508544921875,1.0040283203125,1.69647216796875,-0.2508544921875,8.3074951171875,1.7169189453125,1.572265625,1.84844970703125,1.65298461914062
14.9498701095581,0.018157958984375,-0.1751708984375,0.97198486328125,-2.0745849609375,-0.2471923828125,11.3204956054688,1.78070068359375,1.546630859375,1.86721801757812,1.59133911132812
14.9588263034821,-0.01922607421875,0.075836181640625,0.876922607421875,-1.761474609375,0.96954345703125,12.2488403320312,1.9927978515625,1.4813232421875,1.8927001953125,1.4141845703125
14.9668915271759,0.13671875,0,0.96771240234375,-0.699462890625,0.860595703125,11.3644409179688,1.81228637695312,1.61178588867188,1.8505859375,1.50711059570312
14.9780220985413,0.150604248046875,-0.118560791015625,1.02218627929688,1.585693359375,1.856689453125,9.92156982421875,1.6943359375,1.63665771484375,1.82769775390625,1.61758422851562
14.9889297485352,0.17730712890625,-0.18585205078125,1.12472534179688,1.9757080078125,1.83563232421875,9.415283203125,1.52908325195312,1.74179077148438,1.73370361328125,1.76620483398438
14.996878862381,0.097198486328125,-0.2008056640625,1.11618041992188,0.40008544921875,0.7305908203125,9.90325927734375,1.55853271484375,1.700439453125,1.727294921875,1.78436279296875
15.0069625377655,0.022430419921875,-0.011749267578125,1.01791381835938,2.288818359375,1.0675048828125,9.2413330078125,1.74713134765625,1.59774780273438,1.77902221679688,1.64596557617188
15.0198738574982,0.208282470703125,0.037384033203125,1.04248046875,-0.7965087890625,-2.8656005859375,11.5869140625,1.678466796875,1.70196533203125,1.78497314453125,1.60446166992188
15.0279335975647,0.067291259765625,0.01495361328125,0.990142822265625,-2.07366943359375,-1.51885986328125,12.89794921875,1.77780151367188,1.57852172851562,1.81808471679688,1.59774780273438
15.037754535675,0.19439697265625,0.162353515625,0.964508056640625,1.871337890625,0.09429931640625,10.0579833984375,1.81930541992188,1.62948608398438,1.83944702148438,1.48406982421875
15.0480463504791,0.14739990234375,0.201873779296875,0.9527587890625,1.8585205078125,5.68084716796875,10.8709716796875,1.86996459960938,1.60919189453125,1.81869506835938,1.47415161132812
15.0688679218292,0.259552001953125,0.49560546875,1.13540649414062,2.384033203125,1.10137939453125,11.8844604492188,1.70440673828125,1.94366455078125,1.5167236328125,1.60049438476562
15.0798473358154,0.406951904296875,0.110015869140625,1.20697021484375,3.71978759765625,0.10345458984375,9.39239501953125,1.456298828125,1.97158813476562,1.58493041992188,1.75064086914062
15.0888967514038,0.3204345703125,0.162353515625,1.09909057617188,4.73968505859375,-2.0947265625,8.31573486328125,1.63375854492188,1.82723999023438,1.67648315429688,1.62368774414062
15.0990033149719,0.396270751953125,0.01495361328125,0.92498779296875,0.3717041015625,-1.0986328125,9.95452880859375,1.78497314453125,1.59408569335938,1.962890625,1.41830444335938
15.1088206768036,0.097198486328125,0.511627197265625,0.868377685546875,0.589599609375,-2.471923828125,10.1806640625,2.10403442382812,1.57867431640625,1.78482055664062,1.29119873046875
15.1189913749695,0.323638916015625,0.1495361328125,0.857696533203125,-0.911865234375,2.12310791015625,9.400634765625,1.9378662109375,1.54022216796875,1.97479248046875,1.3067626953125
15.1290633678436,0.419769287109375,0.458221435546875,0.99334716796875,-0.52825927734375,0.24993896484375,9.9957275390625,1.83639526367188,1.82998657226562,1.73660278320312,1.35269165039062
15.1388545036316,0.274505615234375,0.432586669921875,1.07131958007812,0.743408203125,-1.39984130859375,10.7171630859375,1.77642822265625,1.8780517578125,1.60202026367188,1.49826049804688
15.148903131485,0.264892578125,0.077972412109375,1.00082397460938,-0.6610107421875,-3.96240234375,9.2926025390625,1.76254272460938,1.6961669921875,1.79443359375,1.5032958984375
15.1588699817657,0.131378173828125,0.24993896484375,1.11618041992188,-1.57928466796875,-3.0889892578125,8.1903076171875,1.71218872070312,1.85165405273438,1.55426025390625,1.6357421875
15.1688604354858,0.25848388671875,0.247802734375,1.09161376953125,-0.95947265625,-1.48590087890625,9.5489501953125,1.70761108398438,1.86843872070312,1.619873046875,1.561279296875
15.1800158023834,0.084381103515625,0.182647705078125,1.11724853515625,-2.3712158203125,1.2249755859375,8.99871826171875,1.70242309570312,1.8341064453125,1.55548095703125,1.66351318359375
15.1889436244965,0.16448974609375,0.186920166015625,1.04248046875,-0.42022705078125,3.5906982421875,8.7725830078125,1.77322387695312,1.77703857421875,1.67007446289062,1.53274536132812
15.1972167491913,0.221099853515625,0.0897216796875,1.05422973632812,-3.88916015625,1.17919921875,9.44732666015625,1.707763671875,1.80023193359375,1.70700073242188,1.54052734375
15.2089626789093,0.1922607421875,-0.05340576171875,1.09481811523438,-2.955322265625,-3.68408203125,11.9293212890625,1.61865234375,1.81167602539062,1.69448852539062,1.63070678710938
15.2190079689026,0.176239013671875,0.0042724609375,0.938873291015625,0.29937744140625,-1.82281494140625,8.9703369140625,1.834716796875,1.641845703125,1.87026977539062,1.41204833984375
15.2302176952362,0.213623046875,-0.056610107421875,1.13113403320312,-0.98876953125,0.49896240234375,10.0140380859375,1.561279296875,1.8829345703125,1.65496826171875,1.65252685546875
15.2398421764374,0.201873779296875,-0.001068115234375,0.93353271484375,-1.3128662109375,-2.33551025390625,10.36376953125,1.82723999023438,1.64703369140625,1.87713623046875,1.38992309570312
15.2492027282715,0.035247802734375,-0.041656494140625,1.04141235351562,-0.2508544921875,-0.89447021484375,9.5233154296875,1.72409057617188,1.72637939453125,1.72210693359375,1.57196044921875
15.2588877677917,0.208282470703125,-0.135650634765625,0.93994140625,-1.1810302734375,-0.19317626953125,9.13970947265625,1.7742919921875,1.64047241210938,1.92840576171875,1.40228271484375
15.2693371772766,0.227508544921875,-0.071563720703125,0.99334716796875,-0.97686767578125,-1.5106201171875,9.76318359375,1.727294921875,1.74087524414062,1.8450927734375,1.43280029296875
15.2887933254242,-0.013885498046875,-0.248870849609375,1.04034423828125,0.721435546875,0.61431884765625,10.5670166015625,1.69204711914062,1.68731689453125,1.766357421875,1.60430908203125
15.2989592552185,0.1409912109375,-0.24993896484375,1.1492919921875,0.19317626953125,-0.6719970703125,11.9183349609375,1.51962280273438,1.87744140625,1.66885375976562,1.6864013671875
15.3091313838959,0.186920166015625,-0.268096923828125,1.09268188476562,-1.22314453125,-1.32659912109375,11.33056640625,1.57760620117188,1.81625366210938,1.75491333007812,1.60446166992188
15.3198866844177,0.054473876953125,-0.1708984375,0.888671875,0.42388916015625,-1.475830078125,9.8529052734375,1.9049072265625,1.54403686523438,1.9390869140625,1.36993408203125
15.3388121128082,0.1580810546875,-0.097198486328125,0.911102294921875,-1.307373046875,-0.62347412109375,10.4946899414062,1.87164306640625,1.62277221679688,1.91665649414062,1.34841918945312
15.3398237228394,0.28411865234375,-0.398406982421875,1.17599487304688,-3.89556884765625,-3.58978271484375,14.154052734375,1.41067504882812,1.90902709960938,1.71737670898438,1.72271728515625
15.3488881587982,-0.167694091796875,-0.0897216796875,1.06277465820312,1.10504150390625,-2.164306640625,10.7391357421875,1.77902221679688,1.68853759765625,1.63162231445312,1.66839599609375
15.3589746952057,-0.08544921875,-0.466766357421875,1.20590209960938,-1.70745849609375,1.14349365234375,10.5075073242188,1.45797729492188,1.77474975585938,1.5985107421875,1.93954467773438
15.3688926696777,-0.018157958984375,-0.25848388671875,1.0894775390625,0.02471923828125,0.91644287109375,10.7638549804688,1.64718627929688,1.6876220703125,1.70547485351562,1.73751831054688
15.3798568248749,-0.059814453125,-0.179443359375,0.947418212890625,-1.875,1.4630126953125,11.890869140625,1.85775756835938,1.5020751953125,1.84921264648438,1.5679931640625
15.3888368606567,-0.246734619140625,-0.229644775390625,0.748748779296875,-0.55572509765625,3.2794189453125,10.6283569335938,2.14630126953125,1.17111206054688,2.05795288085938,1.40243530273438
15.3989274501801,0.028839111328125,-0.129241943359375,0.915374755859375,0.1885986328125,3.33251953125,8.65814208984375,1.88919067382812,1.48727416992188,1.90353393554688,1.5057373046875
15.4088981151581,0.10040283203125,-0.18157958984375,1.09909057617188,-3.2373046875,-0.25543212890625,11.8670654296875,1.62307739257812,1.7144775390625,1.712646484375,1.73629760742188
15.4189188480377,0.22857666015625,-0.041656494140625,1.21017456054688,1.1444091796875,-3.7664794921875,10.7501220703125,1.492919921875,1.93344116210938,1.56600952148438,1.79412841796875
15.4288971424103,0.116424560546875,-0.118560791015625,1.25930786132812,2.54425048828125,-3.17138671875,10.0186157226562,1.42898559570312,1.9317626953125,1.51031494140625,1.9207763671875
15.4393558502197,0.099334716796875,-0.28411865234375,1.1834716796875,-0.40191650390625,-2.92510986328125,9.04266357421875,1.47506713867188,1.7840576171875,1.65298461914062,1.87835693359375
15.4489548206329,-0.028839111328125,-0.223236083984375,1.1407470703125,-0.4888916015625,-2.816162109375,9.0911865234375,1.59088134765625,1.71600341796875,1.6436767578125,1.84234619140625
15.4588859081268,0.071563720703125,0.1666259765625,0.802154541015625,0.89996337890625,-0.60150146484375,8.93646240234375,2.10845947265625,1.43463134765625,1.97357177734375,1.27609252929688
15.4689078330994,0.084381103515625,0.128173828125,0.817108154296875,-0.14923095703125,0.8807373046875,9.04449462890625,2.080078125,1.44638061523438,1.96090698242188,1.29837036132812
15.4781067371368,0.191192626953125,0.1495361328125,0.767974853515625,1.0675048828125,2.40142822265625,9.24591064453125,2.11624145507812,1.42196655273438,2.04483032226562,1.1962890625
15.4889056682587,0.623779296875,0.210418701171875,1.1065673828125,0.5255126953125,-1.56097412109375,12.1673583984375,1.59500122070312,1.99813842773438,1.7266845703125,1.46438598632812
15.498818397522,0.38238525390625,0.306549072265625,1.18881225585938,0.69854736328125,-0.50079345703125,13.2064819335938,1.59042358398438,2.05703735351562,1.52786254882812,1.60888671875
15.5089190006256,0.4571533203125,0.146331787109375,1.30630493164062,3.0194091796875,-3.93768310546875,12.1298217773438,1.37405395507812,2.19146728515625,1.446533203125,1.7681884765625
15.5189063549042,0.22430419921875,-0.024566650390625,1.35650634765625,2.35565185546875,-0.33599853515625,9.14520263671875,1.322021484375,2.13226318359375,1.37237548828125,1.95358276367188
15.5290999412537,0.315093994140625,-0.0897216796875,1.07559204101562,2.1807861328125,1.1810302734375,7.3992919921875,1.62109375,1.8072509765625,1.77169799804688,1.57684326171875
15.5389747619629,0.111083984375,0.26702880859375,0.951690673828125,1.36505126953125,2.79876708984375,8.54461669921875,1.94656372070312,1.69586181640625,1.74972534179688,1.3800048828125
15.5500674247742,0.152740478515625,0.088653564453125,0.808563232421875,-0.9027099609375,1.88507080078125,9.64691162109375,2.05886840820312,1.47918701171875,1.99798583984375,1.23779296875
15.5570342540741,0.259552001953125,0.11749267578125,0.902557373046875,-1.351318359375,1.74224853515625,10.4644775390625,1.91986083984375,1.6387939453125,1.90170288085938,1.3134765625
15.5689370632172,0.56182861328125,0.201873779296875,1.07452392578125,-0.1007080078125,0.8734130859375,8.38531494140625,1.6510009765625,1.98318481445312,1.74026489257812,1.39450073242188
15.5768594741821,0.430450439453125,0.03631591796875,1.00082397460938,-1.07574462890625,0.6317138671875,8.1573486328125,1.72744750976562,1.80282592773438,1.84356689453125,1.390380859375
15.5868763923645,0.33538818359375,0.009613037109375,1.09268188476562,-2.0526123046875,-0.4010009765625,10.5386352539062,1.634521484375,1.8792724609375,1.7071533203125,1.539306640625
15.5968956947327,-0.009613037109375,-0.092926025390625,1.14395141601562,-4.82757568359375,-1.85028076171875,12.1142578125,1.63650512695312,1.8048095703125,1.57485961914062,1.74102783203125
15.6091434955597,-0.105743408203125,-0.1324462890625,1.04461669921875,-2.1405029296875,-1.9482421875,11.0421752929688,1.7767333984375,1.64047241210938,1.6839599609375,1.65847778320312
15.6168496608734,-0.050201416015625,-0.161285400390625,0.996551513671875,-2.17071533203125,-0.25360107421875,10.0204467773438,1.81182861328125,1.5875244140625,1.77001953125,1.591796875
15.6269543170929,0.077972412109375,-0.0384521484375,0.80108642578125,0.260009765625,2.3748779296875,9.55352783203125,2.05734252929688,1.41860961914062,2.0135498046875,1.26998901367188
15.6382007598877,-0.0213623046875,-0.30975341796875,0.992279052734375,-1.65435791015625,2.0416259765625,9.32373046875,1.76254272460938,1.54632568359375,1.83151245117188,1.61834716796875
15.6503469944,0.082244873046875,-0.04058837890625,0.8929443359375,0.86700439453125,1.0894775390625,10.3463745117188,1.94183349609375,1.5283203125,1.90292358398438,1.38809204101562
15.6569030284882,0.11749267578125,0.013885498046875,0.983734130859375,0.6427001953125,-2.6312255859375,11.8130493164062,1.83639526367188,1.66702270507812,1.78207397460938,1.47491455078125
15.6681852340698,-0.09185791015625,-0.145263671875,0.996551513671875,2.50579833984375,-2.5469970703125,10.601806640625,1.8304443359375,1.571044921875,1.75750732421875,1.60125732421875
15.6776430606842,0.09185791015625,-0.39306640625,1.21337890625,1.7413330078125,-1.19476318359375,9.5947265625,1.42654418945312,1.82876586914062,1.61941528320312,1.88644409179688
15.6870362758636,0.110015869140625,-0.54046630859375,1.24649047851562,-2.7996826171875,-2.969970703125,9.69635009765625,1.33224487304688,1.82952880859375,1.63406372070312,1.96929931640625
15.6971130371094,-0.05126953125,-0.1837158203125,0.99761962890625,0.1849365234375,-2.7923583984375,9.53338623046875,1.802978515625,1.5643310546875,1.7852783203125,1.61163330078125
15.7102909088135,0.030975341796875,-0.1922607421875,0.949554443359375,0.44219970703125,-2.0928955078125,9.78790283203125,1.83624267578125,1.52755737304688,1.87393188476562,1.53060913085938
15.7169005870819,0.025634765625,-0.116424560546875,0.87799072265625,0.72601318359375,0.56121826171875,12.0785522460938,1.95144653320312,1.45233154296875,1.939697265625,1.42868041992188
15.7279515266418,0.293731689453125,-0.128173828125,0.90576171875,0.32867431640625,-1.5362548828125,12.5216674804688,1.83609008789062,1.56784057617188,1.98577880859375,1.38275146484375
15.73703789711,0.2947998046875,0.0299072265625,0.97625732421875,3.365478515625,-3.30322265625,10.4489135742188,1.79733276367188,1.69692993164062,1.84661865234375,1.42562866210938
15.7468643188477,0.377044677734375,0.037384033203125,1.02752685546875,4.69940185546875,-4.9072265625,9.25506591796875,1.708984375,1.77688598632812,1.81350708007812,1.47598266601562
15.7570633888245,0.142059326171875,-0.17730712890625,1.2646484375,1.6168212890625,-3.06610107421875,10.0534057617188,1.41067504882812,1.93527221679688,1.5167236328125,1.91024780273438
15.7677407264709,0.069427490234375,-0.142059326171875,1.04995727539062,0.18402099609375,-2.5341796875,10.1705932617188,1.71066284179688,1.64932250976562,1.7535400390625,1.65725708007812
15.7789666652679,0.07904052734375,-0.14739990234375,0.960235595703125,-0.09063720703125,0.66009521484375,9.8712158203125,1.81884765625,1.53793334960938,1.87057495117188,1.54327392578125
15.7868831157684,0.270233154296875,-0.041656494140625,0.8203125,1.23687744140625,4.56939697265625,9.65606689453125,1.9677734375,1.45278930664062,2.07046508789062,1.28036499023438
15.7968244552612,0.362091064453125,0.163421630859375,0.834197998046875,-0.17486572265625,3.22998046875,10.814208984375,1.98699951171875,1.55258178710938,2.01873779296875,1.21231079101562
15.8068866729736,0.196533203125,-0.0213623046875,0.99334716796875,-0.5767822265625,2.244873046875,10.3665161132812,1.7755126953125,1.641845703125,1.83868408203125,1.5191650390625
15.8170592784882,0.230712890625,0.084381103515625,1.01577758789062,3.30596923828125,2.6202392578125,7.43682861328125,1.7706298828125,1.71234130859375,1.78359985351562,1.5057373046875
15.8269155025482,0.33966064453125,0.0128173828125,1.24221801757812,4.54010009765625,-0.1702880859375,7.47711181640625,1.43600463867188,2.01187133789062,1.55471801757812,1.77200317382812
15.8399574756622,0.186920166015625,-0.112152099609375,1.17172241210938,1.6021728515625,-4.45770263671875,8.40911865234375,1.52664184570312,1.83975219726562,1.63970947265625,1.76849365234375
15.8468811511993,0.0299072265625,-0.28839111328125,1.22299194335938,-0.83770751953125,-3.64654541015625,9.9444580078125,1.4459228515625,1.806640625,1.5887451171875,1.9317626953125
15.8568511009216,0.163421630859375,0.161285400390625,0.9869384765625,-1.53350830078125,-2.38128662109375,10.2822875976562,1.84539794921875,1.68060302734375,1.77947998046875,1.46759033203125
15.8668675422668,0.157012939453125,0.37384033203125,0.806427001953125,0.64361572265625,-1.27166748046875,10.294189453125,2.13668823242188,1.51290893554688,1.93771362304688,1.18255615234375
15.8772523403168,0.263824462890625,0.095062255859375,0.744476318359375,2.578125,-0.32318115234375,10.3646850585938,2.0989990234375,1.39389038085938,2.1319580078125,1.14730834960938
15.886887550354,0.281982421875,0.048065185546875,0.917510986328125,2.33917236328125,0.3680419921875,10.2877807617188,1.86294555664062,1.59866333007812,1.93496704101562,1.37008666992188
15.8990290164948,0.253143310546875,0.133514404296875,0.99334716796875,0.75531005859375,0.95489501953125,11.3836669921875,1.80435180664062,1.70867919921875,1.80496215820312,1.44866943359375
15.9089710712433,0.157012939453125,0.075836181640625,1.119384765625,0.6353759765625,-1.55181884765625,10.693359375,1.65725708007812,1.82144165039062,1.640625,1.65130615234375
15.9189074039459,0.199737548828125,0.135650634765625,1.1663818359375,0.919189453125,-3.25653076171875,10.1678466796875,1.60552978515625,1.91085815429688,1.57424926757812,1.67999267578125
15.9290235042572,0.3375244140625,0.025634765625,1.14501953125,-1.03179931640625,-3.07891845703125,11.8899536132812,1.56143188476562,1.90109252929688,1.67617797851562,1.63345336914062
15.9373009204865,0.2862548828125,0.14739990234375,0.9442138671875,-0.91461181640625,-1.3623046875,12.9684448242188,1.86309814453125,1.6717529296875,1.8719482421875,1.3629150390625
15.9488825798035,0.09613037109375,-0.1324462890625,0.89935302734375,-1.89239501953125,2.24945068359375,12.2616577148438,1.88613891601562,1.47262573242188,1.96502685546875,1.45095825195312
15.958101272583,0.107879638671875,0.077972412109375,0.99761962890625,-2.13226318359375,1.5802001953125,11.4788818359375,1.82571411132812,1.658935546875,1.77886962890625,1.50787353515625
15.9700593948364,0.084381103515625,0.148468017578125,1.1151123046875,-2.5799560546875,-0.10345458984375,10.1998901367188,1.70669555664062,1.82418823242188,1.60675048828125,1.63543701171875
15.9788017272949,0.11962890625,0.12176513671875,0.953826904296875,0.27099609375,-1.94915771484375,10.2108764648438,1.88873291015625,1.6265869140625,1.82540893554688,1.43081665039062
15.9868392944336,0.08544921875,-0.19439697265625,1.04888916015625,0.16204833984375,-0.574951171875,9.89593505859375,1.68121337890625,1.64337158203125,1.7962646484375,1.6497802734375
15.99720454216,0.011749267578125,-0.099334716796875,1.0552978515625,-2.14691162109375,-1.0693359375,10.9323120117188,1.72760009765625,1.65176391601562,1.73431396484375,1.65359497070312
16.0068266391754,-0.08758544921875,0.107879638671875,1.06918334960938,-1.46942138671875,-1.47491455078125,9.9627685546875,1.81045532226562,1.69387817382812,1.61865234375,1.64779663085938
16.0178949832916,-0.043792724609375,0.060882568359375,0.97625732421875,0.509033203125,-0.57403564453125,8.99871826171875,1.89910888671875,1.571044921875,1.76101684570312,1.53793334960938
16.0268664360046,0.11322021484375,0.05340576171875,0.96343994140625,-0.4852294921875,-0.84686279296875,10.0350952148438,1.86676025390625,1.59652709960938,1.827392578125,1.47994995117188
16.03693151474,0.184783935546875,-0.054473876953125,0.970916748046875,0.4156494140625,-2.20916748046875,10.5551147460938,1.8115234375,1.59255981445312,1.864013671875,1.49932861328125
16.0478172302246,0.16876220703125,-0.05767822265625,1.02005004882812,0.44036865234375,-1.32293701171875,10.5587768554688,1.754150390625,1.64764404296875,1.79962158203125,1.566162109375
16.0588200092316,0.122833251953125,-0.024566650390625,1.04354858398438,-0.83038330078125,1.556396484375,11.766357421875,1.74331665039062,1.66412353515625,1.74697875976562,1.60980224609375
16.0669229030609,0.148468017578125,0.0811767578125,1.01470947265625,0.14190673828125,0.9759521484375,12.1389770507812,1.79290771484375,1.65283203125,1.76666259765625,1.55670166015625
16.0770003795624,0.17730712890625,0.035247802734375,1.05316162109375,0.8935546875,0.26824951171875,11.4724731445312,1.71463012695312,1.69296264648438,1.73995971679688,1.61911010742188
16.0890576839447,0.20294189453125,-0.009613037109375,1.07666015625,1.5069580078125,-1.69830322265625,10.2676391601562,1.65908813476562,1.71157836914062,1.73660278320312,1.65390014648438
16.0988087654114,0.2008056640625,-0.02349853515625,1.08413696289062,0.01556396484375,-1.58294677734375,10.0790405273438,1.63848876953125,1.71066284179688,1.73812866210938,1.67999267578125
16.10906457901,0.146331787109375,0.056610107421875,0.98052978515625,0.63995361328125,-0.4156494140625,9.45281982421875,1.810302734375,1.59072875976562,1.82342529296875,1.53915405273438
16.1188459396362,0.302276611328125,0.020294189453125,1.07025146484375,0.3277587890625,0.1025390625,9.42626953125,1.64260864257812,1.74530029296875,1.76681518554688,1.60873413085938
16.1288273334503,0.27130126953125,0.122833251953125,1.016845703125,0.34881591796875,0.9393310546875,10.1156616210938,1.74514770507812,1.69464111328125,1.79718017578125,1.5264892578125
16.1388907432556,0.355682373046875,0.145263671875,1.03286743164062,0.5072021484375,-0.311279296875,10.6695556640625,1.70272827148438,1.74514770507812,1.79580688476562,1.517333984375
16.1500194072723,0.227508544921875,0.063018798828125,1.03073120117188,-0.6243896484375,0.20599365234375,10.4443359375,1.71615600585938,1.67800903320312,1.7889404296875,1.57806396484375
16.1621904373169,0.205078125,0.139923095703125,1.0723876953125,0.06134033203125,0.92010498046875,9.43267822265625,1.695556640625,1.746826171875,1.70822143554688,1.61209106445312
16.1703436374664,0.33111572265625,0.214691162109375,1.09909057617188,0.069580078125,0.08148193359375,11.3717651367188,1.64657592773438,1.83822631835938,1.6925048828125,1.58706665039062
16.1788022518158,0.3076171875,0.21575927734375,0.998687744140625,-1.6644287109375,-1.263427734375,11.77001953125,1.77505493164062,1.7095947265625,1.81167602539062,1.46636962890625
16.1898877620697,0.30120849609375,0.16876220703125,0.9869384765625,0.88348388671875,-1.57470703125,11.3040161132812,1.77291870117188,1.67800903320312,1.83944702148438,1.46835327148438
16.199054479599,0.29052734375,0.213623046875,0.9613037109375,1.5399169921875,1.6314697265625,9.37957763671875,1.81976318359375,1.6558837890625,1.8585205078125,1.424560546875
16.2088873386383,0.4058837890625,0.21575927734375,1.0125732421875,-0.45867919921875,-0.44219970703125,11.0247802734375,1.72119140625,1.76162719726562,1.8255615234375,1.446533203125
16.220823764801,0.3118896484375,0.18157958984375,1.10870361328125,-0.19317626953125,-0.8917236328125,11.8020629882812,1.617431640625,1.849365234375,1.69143676757812,1.59423828125
16.2288835048676,0.293731689453125,0.082244873046875,1.06170654296875,0.40283203125,0.05950927734375,10.8169555664062,1.64657592773438,1.76040649414062,1.77749633789062,1.56234741210938
16.2370250225067,0.280914306640625,0.384521484375,1.04995727539062,2.083740234375,0.44219970703125,11.5676879882812,1.76055908203125,1.83349609375,1.69403076171875,1.45492553710938
16.2468130588531,0.148468017578125,0.3204345703125,1.05636596679688,2.30621337890625,1.53350830078125,11.1135864257812,1.77276611328125,1.79763793945312,1.66671752929688,1.50360107421875
16.2588648796082,0.11749267578125,0.28411865234375,0.928192138671875,1.6900634765625,2.1697998046875,9.08843994140625,1.92535400390625,1.62567138671875,1.83120727539062,1.35513305664062
16.2688391208649,0.22216796875,0.251007080078125,1.0211181640625,-0.552978515625,1.5802001953125,8.08685302734375,1.77108764648438,1.77032470703125,1.75582885742188,1.4385986328125
16.2808957099915,0.084381103515625,0.302276611328125,1.07879638671875,-0.845947265625,-0.34149169921875,9.59564208984375,1.75369262695312,1.82357788085938,1.62429809570312,1.52862548828125
16.290965795517,0.073699951171875,0.028839111328125,1.04995727539062,-3.68865966796875,-0.23162841796875,9.64874267578125,1.70669555664062,1.70989990234375,1.74423217773438,1.568603515625
16.3178899288177,0.184783935546875,0.180511474609375,1.03179931640625,0.6829833984375,-2.81341552734375,10.2877807617188,1.73873901367188,1.79580688476562,1.7633056640625,1.43707275390625
16.3288266658783,0.20721435546875,0.107879638671875,0.87371826171875,-0.8551025390625,-3.13751220703125,10.008544921875,1.9000244140625,1.58889770507812,1.99386596679688,1.25213623046875
16.3392126560211,0.073699951171875,-0.020294189453125,0.91644287109375,-3.92120361328125,-3.6053466796875,9.84375,1.844482421875,1.56402587890625,1.943359375,1.38458251953125
16.3497982025146,-0.124969482421875,0.08544921875,1.2091064453125,-2.010498046875,-2.02880859375,10.0213623046875,1.568603515625,1.89666748046875,1.48773193359375,1.783447265625
16.3588948249817,-0.011749267578125,-0.0726318359375,1.21017456054688,0.60333251953125,-0.281982421875,10.5459594726562,1.4898681640625,1.88629150390625,1.56478881835938,1.795654296875
16.3688805103302,0.056610107421875,-0.007476806640625,1.17813110351562,-0.37353515625,-2.10113525390625,11.3497924804688,1.53656005859375,1.88674926757812,1.60263061523438,1.7138671875
16.3790202140808,0.0469970703125,0.0042724609375,1.016845703125,-0.40557861328125,-1.65802001953125,11.7269897460938,1.75003051757812,1.68258666992188,1.79489135742188,1.51229858398438
16.3868081569672,0.08331298828125,-0.041656494140625,0.9527587890625,-2.05535888671875,-2.24212646484375,11.5585327148438,1.80694580078125,1.60049438476562,1.89620971679688,1.43310546875
16.3994116783142,-0.01495361328125,-0.068359375,1.13861083984375,-2.17254638671875,-2.71087646484375,11.7745971679688,1.5966796875,1.79244995117188,1.64108276367188,1.70486450195312
16.4089155197144,-0.01068115234375,-0.060882568359375,1.08200073242188,-1.95098876953125,-4.9676513671875,11.8524169921875,1.67434692382812,1.72119140625,1.7095947265625,1.63528442382812
16.4200885295868,-0.01708984375,-0.229644775390625,1.0980224609375,-3.28399658203125,-2.3291015625,12.1389770507812,1.60659790039062,1.690673828125,1.7425537109375,1.70364379882812
16.4293944835663,-0.008544921875,-0.19866943359375,1.01043701171875,-1.658935546875,-0.11260986328125,11.1373901367188,1.72378540039062,1.59225463867188,1.8450927734375,1.58233642578125
16.4392669200897,-0.042724609375,-0.05340576171875,0.958099365234375,-0.87066650390625,0.303955078125,11.47705078125,1.84127807617188,1.55731201171875,1.85745239257812,1.48910522460938
16.4488844871521,0.008544921875,0.20294189453125,0.948486328125,0.35888671875,-1.7816162109375,11.68212890625,1.91757202148438,1.62582397460938,1.80557250976562,1.39785766601562
16.4594354629517,-0.03204345703125,-0.001068115234375,0.970916748046875,0.823974609375,-0.98236083984375,10.931396484375,1.83364868164062,1.57669067382812,1.83364868164062,1.50466918945312
16.4698750972748,-0.058746337890625,0.152740478515625,0.988006591796875,1.43829345703125,0.9210205078125,9.8748779296875,1.86553955078125,1.62643432617188,1.75033569335938,1.49520874023438
16.4799709320068,0.05126953125,-0.144195556640625,1.14288330078125,0.38909912109375,1.21673583984375,9.72564697265625,1.54571533203125,1.77337646484375,1.6943359375,1.73660278320312
16.5001130104065,0.0726318359375,0.0811767578125,1.18133544921875,-2.51312255859375,-2.801513671875,10.8004760742188,1.56234741210938,1.88873291015625,1.58172607421875,1.72988891601562
16.5100162029266,0.018157958984375,0.11749267578125,1.0809326171875,-1.73492431640625,-2.0416259765625,10.1303100585938,1.71493530273438,1.75582885742188,1.68106079101562,1.61102294921875
16.5187878608704,0.035247802734375,0.107879638671875,0.932464599609375,-1.23687744140625,-0.9521484375,9.95269775390625,1.89559936523438,1.57638549804688,1.87362670898438,1.4227294921875
16.5271198749542,0.076904296875,0.144195556640625,1.01150512695312,-2.310791015625,-0.88714599609375,10.341796875,1.80084228515625,1.70135498046875,1.77261352539062,1.49124145507812
16.5388669967651,0.09613037109375,0.15594482421875,1.02005004882812,-1.12518310546875,-1.00982666015625,10.3720092773438,1.79275512695312,1.72470092773438,1.76101684570312,1.48513793945312
16.5499472618103,0.05767822265625,0.095062255859375,1.09161376953125,-2.14691162109375,-0.47332763671875,9.11041259765625,1.69845581054688,1.78985595703125,1.67922973632812,1.59759521484375
16.5590786933899,0.086517333984375,0.135650634765625,1.13540649414062,-3.13385009765625,-2.56072998046875,8.62518310546875,1.6522216796875,1.86614990234375,1.614990234375,1.62948608398438
16.5709698200226,-0.005340576171875,0.11322021484375,1.162109375,-1.35406494140625,-4.48333740234375,8.94561767578125,1.6455078125,1.86935424804688,1.55731201171875,1.6912841796875
16.5788457393646,0.022430419921875,0.086517333984375,1.00189208984375,1.85577392578125,-3.1988525390625,8.98040771484375,1.83029174804688,1.6748046875,1.77505493164062,1.48086547851562
16.5888643264771,0.0042724609375,0.129241943359375,0.92071533203125,2.49847412109375,-1.82647705078125,9.38140869140625,1.95053100585938,1.58432006835938,1.85943603515625,1.3653564453125
16.5975611209869,0.092926025390625,0.076904296875,0.98480224609375,1.57928466796875,1.11785888671875,9.063720703125,1.82357788085938,1.67938232421875,1.824951171875,1.43478393554688
16.6088616847992,0.16021728515625,0.082244873046875,0.870513916015625,-0.00457763671875,2.70263671875,11.6555786132812,1.94198608398438,1.55776977539062,1.98898315429688,1.27243041992188
16.6190643310547,0.182647705078125,0.135650634765625,0.887603759765625,0.93475341796875,3.37646484375,12.216796875,1.92657470703125,1.60110473632812,1.96319580078125,1.27410888671875
16.6288454532623,0.1409912109375,-0.095062255859375,1.00830078125,-0.911865234375,1.13067626953125,12.8594970703125,1.71295166015625,1.67526245117188,1.87332153320312,1.50283813476562
16.6388974189758,0.086517333984375,-0.11749267578125,1.20803833007812,-0.8258056640625,-3.13385009765625,12.9647827148438,1.46774291992188,1.89895629882812,1.6180419921875,1.7779541015625
16.6488482952118,0.052337646484375,0.05126953125,1.1920166015625,0.8477783203125,-3.41033935546875,12.01171875,1.5460205078125,1.91207885742188,1.57913208007812,1.7279052734375
16.6599433422089,0.0128173828125,0.063018798828125,1.13006591796875,1.13800048828125,-0.35888671875,11.517333984375,1.63726806640625,1.82876586914062,1.6400146484375,1.65664672851562
16.6702272891998,0.059814453125,0.013885498046875,0.994415283203125,0.970458984375,-2.677001953125,12.7294921875,1.78070068359375,1.66473388671875,1.84127807617188,1.47689819335938
16.6801383495331,-0.176239013671875,-0.1708984375,0.913238525390625,-0.8038330078125,-1.5289306640625,12.1371459960938,1.89483642578125,1.43539428710938,1.9305419921875,1.4996337890625
16.6877710819244,-0.075836181640625,0.013885498046875,0.988006591796875,2.07550048828125,2.3052978515625,9.65789794921875,1.83135986328125,1.6131591796875,1.80816650390625,1.50375366210938
16.6969439983368,0.08331298828125,-0.23712158203125,0.992279052734375,-0.31219482421875,6.353759765625,10.0936889648438,1.70120239257812,1.59683227539062,1.92779541015625,1.52740478515625
16.7069163322449,0.116424560546875,-0.026702880859375,1.08306884765625,-2.21649169921875,2.52960205078125,10.8883666992188,1.64459228515625,1.78054809570312,1.7572021484375,1.57073974609375
16.7168784141541,0.00640869140625,0.02777099609375,1.025390625,-2.0782470703125,0.76995849609375,12.35595703125,1.76437377929688,1.68365478515625,1.77627563476562,1.51473999023438
16.7277030944824,0.04486083984375,-0.1153564453125,1.17279052734375,-3.0816650390625,-1.13800048828125,10.2923583984375,1.52420043945312,1.8414306640625,1.65130615234375,1.72210693359375
16.7370126247406,0.020294189453125,-0.142059326171875,1.25503540039062,2.0489501953125,-0.0384521484375,9.9041748046875,1.41769409179688,1.92657470703125,1.54922485351562,1.84066772460938
16.7470345497131,0.052337646484375,-0.084381103515625,1.136474609375,1.688232421875,-0.43487548828125,10.2044677734375,1.57470703125,1.80099487304688,1.68853759765625,1.6650390625
16.7568943500519,-0.2392578125,-0.165557861328125,0.915374755859375,-0.33416748046875,0.4962158203125,9.92706298828125,1.9061279296875,1.4056396484375,1.9097900390625,1.5069580078125
16.7668981552124,-0.056610107421875,-0.199737548828125,0.914306640625,-0.86334228515625,1.3128662109375,9.8052978515625,1.84463500976562,1.44744873046875,1.97174072265625,1.45919799804688
16.7775192260742,-0.127105712890625,-0.04058837890625,1.13754272460938,-1.8511962890625,2.34832763671875,9.93438720703125,1.63497924804688,1.74911499023438,1.62384033203125,1.71493530273438
16.7881271839142,-0.035247802734375,0.236053466796875,1.0040283203125,-1.34490966796875,2.96905517578125,10.1953125,1.86721801757812,1.6796875,1.727294921875,1.4410400390625
16.8070573806763,-0.0640869140625,0.221099853515625,1.04034423828125,2.78045654296875,0.2691650390625,9.0435791015625,1.82266235351562,1.69784545898438,1.67831420898438,1.51153564453125
16.8171191215515,-0.050201416015625,0.016021728515625,1.11083984375,1.99310302734375,1.59759521484375,9.13238525390625,1.66213989257812,1.72531127929688,1.65679931640625,1.661376953125
16.8268673419952,0.035247802734375,0.0726318359375,1.15890502929688,2.501220703125,0.673828125,7.77008056640625,1.5924072265625,1.82144165039062,1.6064453125,1.68228149414062
16.8368537425995,-0.060882568359375,0.003204345703125,1.05850219726562,-1.53076171875,-0.3717041015625,7.93670654296875,1.72164916992188,1.63864135742188,1.72317504882812,1.61422729492188
16.8543903827667,-0.011749267578125,-0.043792724609375,1.11083984375,-2.83172607421875,2.1588134765625,9.24591064453125,1.62628173828125,1.7071533203125,1.68594360351562,1.67831420898438
16.8589930534363,-0.0384521484375,-0.035247802734375,1.02752685546875,-4.7296142578125,4.75799560546875,9.364013671875,1.7327880859375,1.60736083984375,1.78421020507812,1.566162109375
16.8668706417084,0.001068115234375,0.071563720703125,0.881195068359375,-2.9388427734375,4.09149169921875,10.7876586914062,1.93603515625,1.47186279296875,1.939697265625,1.33499145507812
16.8788876533508,0.110015869140625,0.357818603515625,0.985870361328125,-0.13916015625,-2.230224609375,11.2957763671875,1.8634033203125,1.72943115234375,1.749267578125,1.334228515625
16.8868799209595,0.111083984375,0.0042724609375,1.20590209960938,-1.14349365234375,-1.798095703125,11.30859375,1.47781372070312,1.91238403320312,1.58676147460938,1.69784545898438
16.8973522186279,0.14312744140625,-0.092926025390625,1.13006591796875,0.1885986328125,-1.318359375,10.8233642578125,1.52435302734375,1.81900024414062,1.72637939453125,1.6064453125
16.9070453643799,0.075836181640625,0.103607177734375,1.12152099609375,1.89971923828125,0.3350830078125,11.2554931640625,1.614990234375,1.84219360351562,1.65603637695312,1.56234741210938
16.9170486927032,-0.0299072265625,0.073699951171875,1.05850219726562,3.04046630859375,1.9354248046875,11.8405151367188,1.70928955078125,1.72195434570312,1.71173095703125,1.53076171875
16.9268867969513,0.042724609375,0.145263671875,1.07879638671875,2.2650146484375,1.86492919921875,12.0913696289062,1.67800903320312,1.79977416992188,1.68563842773438,1.51290893554688
16.9388053417206,-0.030975341796875,0.142059326171875,1.03927612304688,-1.51519775390625,-2.618408203125,10.6402587890625,1.7431640625,1.73049926757812,1.71493530273438,1.48513793945312
16.9469268321991,0.162353515625,0.0555419921875,0.9698486328125,-1.8988037109375,-4.15283203125,10.7656860351562,1.74636840820312,1.68975830078125,1.88079833984375,1.35772705078125
16.9588408470154,-0.139923095703125,0.13031005859375,1.15997314453125,-0.63995361328125,0.92010498046875,8.3734130859375,1.62002563476562,1.85882568359375,1.52908325195312,1.66275024414062
16.969066619873,-0.059814453125,0.315093994140625,0.926055908203125,5.36773681640625,3.46710205078125,7.1429443359375,1.95037841796875,1.65420532226562,1.78375244140625,1.28219604492188
16.9820370674133,-0.0555419921875,-0.07049560546875,1.0638427734375,1.34124755859375,1.6864013671875,8.48236083984375,1.6583251953125,1.7205810546875,1.73065185546875,1.558837890625
16.9898755550385,-0.080108642578125,0.092926025390625,0.988006591796875,3.3123779296875,3.41949462890625,7.57781982421875,1.81182861328125,1.66458129882812,1.7669677734375,1.42501831054688
16.998838186264,-0.154876708984375,-0.12603759765625,1.0595703125,-1.07391357421875,4.8248291015625,8.4466552734375,1.67587280273438,1.67800903320312,1.7291259765625,1.58355712890625
17.0088675022125,0.0341796875,0.0341796875,1.221923828125,-1.058349609375,0.5218505859375,10.0332641601562,1.468505859375,1.98715209960938,1.5313720703125,1.6796875
17.0168693065643,-0.111083984375,0.073699951171875,1.1834716796875,-1.18011474609375,-0.9979248046875,10.3811645507812,1.56753540039062,1.90155029296875,1.53091430664062,1.67312622070312
17.0290410518646,-0.174102783203125,-0.075836181640625,0.9613037109375,-1.4666748046875,1.35589599609375,10.6594848632812,1.81533813476562,1.56036376953125,1.83761596679688,1.46041870117188
17.0370445251465,-0.1153564453125,-0.077972412109375,0.95489501953125,-1.07025146484375,-0.62347412109375,12.7633666992188,1.80648803710938,1.56661987304688,1.86370849609375,1.43783569335938
17.0469086170197,-0.2264404296875,-0.42083740234375,0.8843994140625,-4.50347900390625,-3.53118896484375,13.5772705078125,1.822509765625,1.33941650390625,2.03155517578125,1.49002075195312
17.056919336319,-0.150604248046875,-0.338592529296875,1.24862670898438,-3.94317626953125,-2.5579833984375,12.667236328125,1.37191772460938,1.8426513671875,1.571044921875,1.89620971679688
17.0679366588593,-0.26275634765625,-0.0555419921875,1.025390625,0.32684326171875,2.7685546875,9.7576904296875,1.77383422851562,1.607666015625,1.72744750976562,1.57272338867188
17.0770852565765,-0.193328857421875,0.035247802734375,0.823516845703125,2.5762939453125,3.86077880859375,9.1278076171875,2.04849243164062,1.407470703125,1.96182250976562,1.26724243164062
17.0869026184082,-0.3375244140625,-0.193328857421875,0.968780517578125,4.51904296875,3.22174072265625,7.7197265625,1.84112548828125,1.4739990234375,1.80755615234375,1.56219482421875
17.0968894958496,-0.253143310546875,-0.129241943359375,1.15249633789062,3.40576171875,-0.36712646484375,6.51397705078125,1.60614013671875,1.74835205078125,1.58279418945312,1.74758911132812
17.1072111129761,-0.212554931640625,-0.2606201171875,1.1578369140625,-0.87249755859375,-2.32452392578125,7.70599365234375,1.55746459960938,1.72576904296875,1.61697387695312,1.7901611328125
17.1170802116394,-0.208282470703125,-0.165557861328125,1.1962890625,-2.347412109375,-1.5692138671875,7.85888671875,1.54159545898438,1.79672241210938,1.53854370117188,1.81365966796875
17.1269886493683,-0.116424560546875,-0.16876220703125,1.13327026367188,-3.68499755859375,-1.0382080078125,9.0875244140625,1.5972900390625,1.74575805664062,1.64215087890625,1.710205078125
17.1398599147797,0.065155029296875,0.035247802734375,1.025390625,1.4154052734375,-2.193603515625,11.5438842773438,1.74835205078125,1.7218017578125,1.75765991210938,1.46743774414062
17.1488485336304,-0.041656494140625,-0.163421630859375,1.02859497070312,2.23480224609375,-1.4080810546875,12.0181274414062,1.71798706054688,1.63467407226562,1.78298950195312,1.56600952148438
17.157301902771,0,-0.071563720703125,0.9912109375,4.0704345703125,-3.1622314453125,11.2399291992188,1.7816162109375,1.627197265625,1.812744140625,1.4801025390625
17.1705203056335,0.1239013671875,0.050201416015625,1.1065673828125,3.343505859375,-5.87677001953125,10.56884765625,1.64688110351562,1.83929443359375,1.65496826171875,1.558837890625
17.1788783073425,-0.04058837890625,0.069427490234375,1.05209350585938,0.2783203125,-4.67193603515625,10.2346801757812,1.77093505859375,1.72317504882812,1.6717529296875,1.5380859375
17.1889088153839,-0.229644775390625,0.41229248046875,1.04461669921875,3.651123046875,-1.7706298828125,7.84881591796875,1.94183349609375,1.751708984375,1.5191650390625,1.49139404296875
17.1999268531799,0.003204345703125,0.146331787109375,1.07131958007812,2.691650390625,0.281982421875,9.57916259765625,1.76239013671875,1.77993774414062,1.63009643554688,1.53396606445312
17.2088403701782,0.11962890625,0.035247802734375,1.14288330078125,1.78253173828125,1.12884521484375,10.653076171875,1.605224609375,1.87362670898438,1.60598754882812,1.62063598632812
17.2189469337463,-0.008544921875,0,1.0809326171875,2.3089599609375,2.94525146484375,11.605224609375,1.7095947265625,1.741943359375,1.66000366210938,1.59881591796875
17.2280189990997,0.1025390625,-0.17303466796875,0.92926025390625,0.32318115234375,5.38055419921875,10.8828735351562,1.815185546875,1.53213500976562,1.92962646484375,1.43264770507812
17.2387838363647,0.178375244140625,0.0384521484375,0.97198486328125,0.2691650390625,2.22747802734375,12.7322387695312,1.80923461914062,1.66900634765625,1.82907104492188,1.40213012695312
17.2498230934143,0.150604248046875,-0.180511474609375,0.855560302734375,-1.05010986328125,0.5419921875,11.8569946289062,1.89544677734375,1.45263671875,2.03460693359375,1.3299560546875
17.2588355541229,0.114288330078125,-0.0555419921875,1.12152099609375,-0.5255126953125,-2.047119140625,11.4129638671875,1.6162109375,1.80892944335938,1.64993286132812,1.63787841796875
17.2688779830933,0.2093505859375,-0.327911376953125,1.20590209960938,0.58868408203125,-1.23870849609375,9.429931640625,1.39816284179688,1.86614990234375,1.65802001953125,1.78955078125
17.2808170318604,0.285186767578125,-0.289459228515625,1.15997314453125,3.19244384765625,-2.1478271484375,9.33380126953125,1.4447021484375,1.8426513671875,1.72637939453125,1.69754028320312
17.2888638973236,0.050201416015625,-0.293731689453125,1.11190795898438,1.98760986328125,-1.27166748046875,8.88702392578125,1.56509399414062,1.70394897460938,1.7266845703125,1.72195434570312
17.2968893051147,0.037384033203125,-0.1751708984375,0.964508056640625,-0.5621337890625,0.18951416015625,9.2724609375,1.78955078125,1.55303955078125,1.8743896484375,1.50527954101562
17.3089153766632,0.02777099609375,-0.086517333984375,1.02752685546875,-1.0784912109375,1.25152587890625,11.06689453125,1.74224853515625,1.65145874023438,1.76406860351562,1.56448364257812
17.3188083171844,0.161285400390625,-0.030975341796875,0.868377685546875,0.82489013671875,-0.5548095703125,11.392822265625,1.92062377929688,1.50970458984375,1.98394775390625,1.3079833984375
17.3288805484772,0.128173828125,-0.308685302734375,1.08200073242188,-0.80657958984375,0.018310546875,11.429443359375,1.57501220703125,1.68548583984375,1.79763793945312,1.6680908203125
17.3394505977631,0.10894775390625,-0.1409912109375,1.19308471679688,-0.0128173828125,-1.7138671875,10.40771484375,1.494140625,1.86370849609375,1.60018920898438,1.767578125
17.3561027050018,-0.058746337890625,-0.02777099609375,1.37039184570312,-0.0677490234375,-3.47259521484375,10.1129150390625,1.356201171875,2.06329345703125,1.29562377929688,2.01034545898438
17.3588700294495,-0.0640869140625,-0.201873779296875,0.947418212890625,0.5474853515625,-1.9940185546875,9.1973876953125,1.83120727539062,1.47567749023438,1.88125610351562,1.5460205078125
17.3699662685394,0,-0.00213623046875,1.0382080078125,2.83172607421875,-0.53558349609375,8.51898193359375,1.76254272460938,1.66488647460938,1.72164916992188,1.58432006835938
17.3789577484131,-0.0213623046875,-0.1025390625,0.94635009765625,0.3826904296875,2.41607666015625,8.79364013671875,1.8524169921875,1.51458740234375,1.86309814453125,1.50650024414062
17.3912916183472,0.157012939453125,0.02777099609375,0.9100341796875,-1.37420654296875,-1.14532470703125,10.6723022460938,1.8890380859375,1.55609130859375,1.91635131835938,1.36871337890625
17.3984427452087,0.11962890625,0.03204345703125,1.06597900390625,-3.9605712890625,-4.31671142578125,14.02587890625,1.7120361328125,1.74118041992188,1.70852661132812,1.57333374023438
17.4089360237122,0.124969482421875,0.05126953125,0.9869384765625,-1.0089111328125,-2.11669921875,11.0714721679688,1.82266235351562,1.64749145507812,1.79489135742188,1.47232055664062
17.418906211853,0.186920166015625,0.174102783203125,1.14288330078125,3.63922119140625,-1.373291015625,9.66064453125,1.6497802734375,1.88919067382812,1.57684326171875,1.6278076171875
17.428795337677,0.247802734375,-0.03204345703125,1.04568481445312,0.02471923828125,-2.6898193359375,8.909912109375,1.68975830078125,1.72378540039062,1.78115844726562,1.54891967773438
17.4368896484375,0.02349853515625,-0.114288330078125,1.14395141601562,-1.4373779296875,-1.46575927734375,11.048583984375,1.60659790039062,1.75247192382812,1.61895751953125,1.76239013671875
17.4478693008423,0.068359375,0.167694091796875,0.96771240234375,-0.46234130859375,0.113525390625,10.2658081054688,1.90322875976562,1.62643432617188,1.76300048828125,1.44790649414062
17.4613270759583,0.159149169921875,0.06622314453125,1.0638427734375,-2.4078369140625,0.6353759765625,10.2145385742188,1.728515625,1.75033569335938,1.69631958007812,1.56707763671875
17.4689545631409,0.327911376953125,-0.071563720703125,0.948486328125,-2.4884033203125,-3.03131103515625,10.4214477539062,1.78268432617188,1.62277221679688,1.9329833984375,1.40609741210938
17.4788048267365,0.334320068359375,0.112152099609375,1.06704711914062,0.39459228515625,-6.22833251953125,9.931640625,1.69097900390625,1.82632446289062,1.72805786132812,1.49932861328125
17.489862203598,0.206146240234375,-0.118560791015625,1.11618041992188,1.33941650390625,-2.742919921875,9.55169677734375,1.59591674804688,1.77078247070312,1.68701171875,1.68533325195312
17.4988479614258,0.387725830078125,-0.12176513671875,1.09695434570312,1.82830810546875,-2.16888427734375,7.71331787109375,1.56784057617188,1.80267333984375,1.763916015625,1.60446166992188
17.5098955631256,0.039520263671875,0.035247802734375,1.10122680664062,1.5545654296875,1.01531982421875,6.7803955078125,1.71035766601562,1.74301147460938,1.60934448242188,1.67617797851562
17.5203266143799,0.24566650390625,-0.0213623046875,1.0467529296875,1.4483642578125,0.3350830078125,8.00994873046875,1.7041015625,1.72866821289062,1.74758911132812,1.56570434570312
17.5305407047272,0.2734375,-0.128173828125,1.12258911132812,-0.8111572265625,-0.79925537109375,10.2658081054688,1.56646728515625,1.80419921875,1.69448852539062,1.67770385742188
17.539962053299,0.216827392578125,-0.056610107421875,0.955963134765625,-1.50238037109375,-2.93426513671875,11.4175415039062,1.81198120117188,1.60018920898438,1.864013671875,1.46499633789062
17.5489130020142,0.212554931640625,0.05340576171875,0.849151611328125,-0.99151611328125,-3.51287841796875,11.524658203125,1.9830322265625,1.5008544921875,1.96517944335938,1.2945556640625
17.5587787628174,0.29266357421875,0.086517333984375,0.965576171875,-0.3314208984375,-1.1572265625,10.8050537109375,1.82479858398438,1.68182373046875,1.83135986328125,1.40579223632812
17.5688827037811,0.316162109375,-0.03631591796875,1.02325439453125,-0.87890625,-0.92742919921875,10.2392578125,1.70440673828125,1.73721313476562,1.81503295898438,1.48941040039062
17.5795152187347,0.3204345703125,-0.244598388671875,1.11404418945312,-0.91461181640625,-1.45111083984375,9.40521240234375,1.52053833007812,1.79489135742188,1.77200317382812,1.65786743164062
17.5889554023743,0.162353515625,-0.122833251953125,1.09268188476562,-0.81298828125,1.1956787109375,8.763427734375,1.6302490234375,1.7547607421875,1.71829223632812,1.6412353515625
17.598940372467,0.1025390625,-0.114288330078125,1.18026733398438,-3.1787109375,3.01666259765625,10.6338500976562,1.53778076171875,1.85150146484375,1.59408569335938,1.76361083984375
17.6110186576843,0.162353515625,-0.0042724609375,1.08200073242188,-3.36822509765625,0.84136962890625,11.2911987304688,1.6754150390625,1.7779541015625,1.69952392578125,1.59393310546875
17.6220617294312,0.182647705078125,-0.076904296875,0.9783935546875,0.24078369140625,0.98968505859375,10.4324340820312,1.77536010742188,1.634521484375,1.8572998046875,1.47964477539062
17.6329076290131,0.25421142578125,-0.01922607421875,0.863037109375,-0.084228515625,2.15423583984375,9.73663330078125,1.9158935546875,1.53182983398438,2.00469970703125,1.29837036132812
17.6371548175812,0.35888671875,-0.08331298828125,1.02752685546875,-1.35223388671875,0.09521484375,10.7089233398438,1.65878295898438,1.75094604492188,1.84829711914062,1.4910888671875
17.6489059925079,0.145263671875,-0.009613037109375,1.08306884765625,-1.5032958984375,-1.63970947265625,11.9027709960938,1.67144775390625,1.76788330078125,1.69082641601562,1.62155151367188
17.6599023342133,0.264892578125,-0.082244873046875,1.170654296875,-0.289306640625,-0.19134521484375,11.2399291992188,1.50375366210938,1.89529418945312,1.63345336914062,1.71661376953125
17.6669547557831,0.264892578125,-0.114288330078125,1.06704711914062,0.413818359375,-0.3515625,10.4617309570312,1.62322998046875,1.75582885742188,1.77383422851562,1.59637451171875
17.6868934631348,0.157012939453125,0.052337646484375,0.97625732421875,-0.05584716796875,-0.889892578125,9.49127197265625,1.8194580078125,1.65252685546875,1.8084716796875,1.47354125976562
17.701874256134,0.22003173828125,-0.0555419921875,0.970916748046875,-1.05010986328125,1.61590576171875,9.15618896484375,1.77291870117188,1.63299560546875,1.86813354492188,1.4776611328125
17.708881855011,0.2862548828125,0.02349853515625,0.9912109375,-3.4442138671875,1.67999267578125,10.286865234375,1.74911499023438,1.7071533203125,1.844482421875,1.45553588867188
17.7180817127228,0.1068115234375,-0.18798828125,1.08627319335938,-3.197021484375,0.5181884765625,11.9979858398438,1.61453247070312,1.7095947265625,1.74102783203125,1.6912841796875
17.728898525238,0.17303466796875,-0.05340576171875,1.12579345703125,-0.794677734375,0.4522705078125,9.7100830078125,1.5826416015625,1.82601928710938,1.66656494140625,1.67724609375
17.7372720241547,0.1409912109375,0.025634765625,1.07879638671875,-0.74432373046875,0.9429931640625,9.75677490234375,1.67617797851562,1.77215576171875,1.68960571289062,1.60491943359375
17.7488477230072,0.2264404296875,-0.0042724609375,0.97412109375,1.5655517578125,-0.27374267578125,9.15618896484375,1.77032470703125,1.67221069335938,1.86965942382812,1.446533203125
17.7562606334686,0.212554931640625,0.05767822265625,1.033935546875,2.55157470703125,-0.00274658203125,8.59771728515625,1.71371459960938,1.76361083984375,1.77047729492188,1.51107788085938
17.7671644687653,0.212554931640625,0.013885498046875,0.94635009765625,2.054443359375,1.79718017578125,9.7210693359375,1.80984497070312,1.64047241210938,1.89498901367188,1.41326904296875
17.7766342163086,0.315093994140625,-0.04486083984375,1.11083984375,-1.0052490234375,-1.65618896484375,10.5294799804688,1.55776977539062,1.86874389648438,1.741943359375,1.59835815429688
17.7868337631226,0.0299072265625,-0.02349853515625,1.08306884765625,-1.4208984375,-1.53533935546875,11.0202026367188,1.67938232421875,1.75018310546875,1.68853759765625,1.6485595703125
17.7968006134033,0.18585205078125,-0.0811767578125,1.0211181640625,-1.42181396484375,1.343994140625,9.6514892578125,1.690673828125,1.70806884765625,1.83456420898438,1.53656005859375
17.8071050643921,0.19012451171875,0.0469970703125,1.033935546875,-0.487060546875,1.4208984375,11.103515625,1.71401977539062,1.76177978515625,1.77947998046875,1.51458740234375
17.8171365261078,0.225372314453125,0.04913330078125,0.85235595703125,-0.00732421875,-0.14556884765625,11.634521484375,1.93328857421875,1.54891967773438,2.0135498046875,1.27166748046875
17.8280608654022,0.07904052734375,0.11749267578125,1.119384765625,-1.2286376953125,-0.72967529296875,11.9302368164062,1.66671752929688,1.85897827148438,1.61575317382812,1.62765502929688
17.8368074893951,0.1837158203125,-0.071563720703125,1.05422973632812,-0.5877685546875,0.1080322265625,10.0167846679688,1.65985107421875,1.75323486328125,1.7864990234375,1.56692504882812
17.8468971252441,0.178375244140625,0.009613037109375,1.1749267578125,0.10894775390625,-1.3128662109375,10.3216552734375,1.5386962890625,1.92245483398438,1.6082763671875,1.6998291015625
17.8609166145325,0.07049560546875,-0.116424560546875,1.03927612304688,0.40283203125,-1.21856689453125,9.48028564453125,1.69906616210938,1.68197631835938,1.78817749023438,1.59988403320312
17.867908000946,-0.01495361328125,-0.131378173828125,0.9698486328125,0.3643798828125,0.1519775390625,9.99481201171875,1.80984497070312,1.55975341796875,1.85302734375,1.54571533203125
17.8770463466644,-0.039520263671875,0.056610107421875,0.951690673828125,-0.88165283203125,1.4703369140625,10.7501220703125,1.89987182617188,1.57211303710938,1.8121337890625,1.48666381835938
17.8868579864502,0.068359375,0.073699951171875,0.941009521484375,-0.77362060546875,0.1849365234375,12.0538330078125,1.88858032226562,1.5936279296875,1.85012817382812,1.436767578125
17.8969192504883,0.073699951171875,-0.1837158203125,1.03927612304688,-0.7086181640625,0.4302978515625,12.38525390625,1.6864013671875,1.64581298828125,1.810302734375,1.629638671875
17.9089016914368,0.16448974609375,-0.07904052734375,1.09909057617188,0.47149658203125,-2.16888427734375,11.279296875,1.61666870117188,1.77902221679688,1.72775268554688,1.64718627929688
17.9180414676666,-0.02777099609375,-0.06195068359375,1.18240356445312,-1.0894775390625,0.00091552734375,10.90576171875,1.56600952148438,1.8316650390625,1.56906127929688,1.807861328125
17.926821231842,0.11749267578125,-0.129241943359375,0.947418212890625,-0.90728759765625,-0.062255859375,10.184326171875,1.79779052734375,1.56341552734375,1.92581176757812,1.48757934570312
17.9370985031128,0.037384033203125,0.001068115234375,1.15570068359375,0.8331298828125,-0.13275146484375,10.6668090820312,1.59698486328125,1.83547973632812,1.60079956054688,1.73919677734375
17.9583191871643,0.299072265625,0.105743408203125,0.996551513671875,0.0604248046875,-4.6380615234375,11.7388916015625,1.75247192382812,1.7486572265625,1.84555053710938,1.42807006835938
17.9668588638306,0.13671875,-0.001068115234375,0.93994140625,-0.186767578125,-3.03680419921875,10.3408813476562,1.83486938476562,1.59683227539062,1.903076171875,1.43997192382812
17.9774649143219,0.133514404296875,0.129241943359375,0.9228515625,1.67266845703125,-1.36322021484375,9.7265625,1.8914794921875,1.6143798828125,1.88552856445312,1.38397216796875
17.9889171123505,0.19012451171875,-0.009613037109375,1.15676879882812,-1.54815673828125,0.37994384765625,10.975341796875,1.54129028320312,1.89056396484375,1.649169921875,1.6943359375
18.0170588493347,0.112152099609375,0.008544921875,1.08734130859375,-0.0823974609375,-0.44952392578125,9.88037109375,1.65237426757812,1.78756713867188,1.71157836914062,1.62551879882812
18.0305120944977,-0.026702880859375,0.005340576171875,1.06491088867188,-0.406494140625,1.9683837890625,11.444091796875,1.71661376953125,1.71981811523438,1.70379638671875,1.63833618164062
18.036856174469,0.093994140625,0.0726318359375,0.84381103515625,-0.48797607421875,2.71636962890625,10.9579467773438,1.9854736328125,1.50360107421875,1.99020385742188,1.29852294921875
18.0470690727234,0.14312744140625,-0.077972412109375,0.98480224609375,-1.7486572265625,1.59576416015625,11.0348510742188,1.74636840820312,1.6607666015625,1.87469482421875,1.50070190429688
18.0599579811096,0.236053466796875,-0.145263671875,0.79254150390625,-1.86676025390625,-1.6607666015625,11.466064453125,1.93740844726562,1.42730712890625,2.1661376953125,1.25030517578125
18.0679428577423,0.19866943359375,-0.122833251953125,1.07666015625,-1.007080078125,-4.24530029296875,11.7095947265625,1.60018920898438,1.77810668945312,1.79336547851562,1.60919189453125
18.0778415203094,0.0384521484375,-0.259552001953125,1.02325439453125,-0.9393310546875,-2.95989990234375,10.7766723632812,1.66900634765625,1.61911010742188,1.86767578125,1.62521362304688
18.0868229866028,0.0897216796875,-0.020294189453125,1.15036010742188,1.2652587890625,-1.17828369140625,9.75494384765625,1.5704345703125,1.86294555664062,1.64703369140625,1.70059204101562
18.0988147258759,-0.01495361328125,0.00213623046875,1.033935546875,0.25543212890625,-2.054443359375,9.11407470703125,1.76116943359375,1.689453125,1.754150390625,1.57608032226562
18.107097864151,0.193328857421875,-0.026702880859375,0.908966064453125,-0.538330078125,-3.3233642578125,9.451904296875,1.8585205078125,1.59072875976562,1.96640014648438,1.36062622070312
18.1181564331055,0.06195068359375,0.007476806640625,0.994415283203125,-2.26959228515625,-1.68182373046875,9.11407470703125,1.80038452148438,1.66641235351562,1.81121826171875,1.49826049804688
18.1281094551086,-0.028839111328125,0.213623046875,0.932464599609375,2.274169921875,0.9100341796875,8.01544189453125,1.96807861328125,1.6168212890625,1.7987060546875,1.39175415039062
18.1371529102325,0.058746337890625,0.120697021484375,1.05316162109375,2.43072509765625,2.4114990234375,7.76458740234375,1.75979614257812,1.76239013671875,1.70013427734375,1.54983520507812
18.1471333503723,0.009613037109375,-0.059814453125,1.00723266601562,0.19775390625,0.673828125,9.2340087890625,1.76742553710938,1.62704467773438,1.8072509765625,1.5673828125
18.15687251091,-0.1153564453125,0.067291259765625,1.03713989257812,-1.0400390625,-0.10986328125,9.61578369140625,1.80557250976562,1.65802001953125,1.69448852539062,1.61239624023438
18.1668028831482,-0.0726318359375,0.1751708984375,1.07772827148438,-0.084228515625,1.1993408203125,10.1248168945312,1.77841186523438,1.75216674804688,1.62139892578125,1.62094116210938
18.1789343357086,0.04058837890625,0.264892578125,1.13433837890625,-0.48065185546875,2.33734130859375,10.587158203125,1.70486450195312,1.88323974609375,1.55502319335938,1.63009643554688
18.1870708465576,0.0726318359375,0.043792724609375,1.04888916015625,1.41357421875,1.63604736328125,10.7931518554688,1.74102783203125,1.728515625,1.73583984375,1.57470703125
18.2184920310974,-0.043792724609375,-0.0341796875,1.08200073242188,-3.03131103515625,1.8621826171875,11.2838745117188,1.72943115234375,1.69967651367188,1.658935546875,1.70181274414062
18.2270967960358,-0.07049560546875,-0.236053466796875,1.00723266601562,-3.24920654296875,3.5906982421875,12.2406005859375,1.76910400390625,1.533203125,1.80419921875,1.68075561523438
18.2372238636017,0.01495361328125,0.033111572265625,0.888671875,0.38177490234375,4.10980224609375,10.4324340820312,1.98394775390625,1.48361206054688,1.88888549804688,1.429443359375
18.2569849491119,0.210418701171875,-0.17303466796875,0.97625732421875,-6.11297607421875,-2.4591064453125,13.0966186523438,1.75582885742188,1.59805297851562,1.90093994140625,1.5325927734375
18.2688815593719,0.169830322265625,-0.022430419921875,1.04461669921875,-4.61700439453125,-1.82464599609375,11.795654296875,1.72561645507812,1.71127319335938,1.75582885742188,1.59225463867188
18.2774074077606,0.22003173828125,0.0640869140625,1.07986450195312,-2.18719482421875,-1.17095947265625,10.49560546875,1.68655395507812,1.79611206054688,1.7083740234375,1.59469604492188
18.2868611812592,0.3375244140625,-0.178375244140625,1.13861083984375,-1.5545654296875,-0.75347900390625,9.3109130859375,1.50314331054688,1.8389892578125,1.74392700195312,1.69952392578125
18.2988367080688,0.15380859375,-0.2691650390625,1.119384765625,-3.30230712890625,-1.70562744140625,10.8636474609375,1.54861450195312,1.73141479492188,1.75262451171875,1.75247192382812
18.3078217506409,-0.105743408203125,0.13671875,1.00509643554688,-0.44036865234375,2.1514892578125,8.31298828125,1.89254760742188,1.6192626953125,1.68991088867188,1.5802001953125
18.3198871612549,0.247802734375,-0.071563720703125,1.025390625,-1.4154052734375,2.4462890625,9.99847412109375,1.70120239257812,1.69677734375,1.83059692382812,1.5533447265625
18.3273866176605,0.415496826171875,0.1751708984375,0.98907470703125,-2.35931396484375,0.31768798828125,12.24609375,1.77383422851562,1.77352905273438,1.84783935546875,1.38259887695312
18.3402564525604,0.42938232421875,0.16448974609375,0.97198486328125,-1.9830322265625,-0.39276123046875,11.5768432617188,1.78878784179688,1.7523193359375,1.87744140625,1.3592529296875
18.3481731414795,0.36956787109375,-0.084381103515625,0.97625732421875,-0.4595947265625,0.0091552734375,9.98016357421875,1.71112060546875,1.66534423828125,1.95037841796875,1.44851684570312
18.3628726005554,0.3887939453125,0.18798828125,1.12686157226562,3.15032958984375,0.57403564453125,8.25164794921875,1.60491943359375,1.93740844726562,1.68060302734375,1.55242919921875
18.3678963184357,0.159149169921875,0.101470947265625,1.14395141601562,0.252685546875,0.4412841796875,10.2951049804688,1.611328125,1.86599731445312,1.62872314453125,1.666259765625
18.3769903182983,0.268096923828125,-0.06622314453125,0.977325439453125,-1.5838623046875,0.47515869140625,11.4669799804688,1.7352294921875,1.6436767578125,1.92153930664062,1.47186279296875
18.3873364925385,0.15167236328125,0.065155029296875,0.99761962890625,0.95123291015625,1.36138916015625,10.9323120117188,1.77398681640625,1.668701171875,1.82510375976562,1.50115966796875
18.4001288414001,0.206146240234375,0.048065185546875,0.76904296875,-1.07757568359375,2.376708984375,10.3363037109375,2.03689575195312,1.39724731445312,2.13027954101562,1.20147705078125
18.4083344936371,0.3546142578125,0.10894775390625,1.04034423828125,-5.1983642578125,-3.39569091796875,11.4450073242188,1.66961669921875,1.80206298828125,1.82403564453125,1.4654541015625
18.4188456535339,0.176239013671875,0.033111572265625,1.085205078125,-5.533447265625,-3.26019287109375,10.9515380859375,1.6400146484375,1.78085327148438,1.74087524414062,1.59942626953125
18.4268333911896,0.157012939453125,-0.204010009765625,1.21124267578125,-5.11688232421875,-3.69964599609375,9.364013671875,1.40884399414062,1.86859130859375,1.6595458984375,1.81854248046875
18.4380824565887,0.016021728515625,-0.07049560546875,1.09054565429688,-2.92144775390625,-1.25518798828125,8.53363037109375,1.64047241210938,1.70852661132812,1.73126220703125,1.67144775390625
18.4478106498718,0.037384033203125,-0.00213623046875,1.04995727539062,-0.66925048828125,-1.28997802734375,10.3436279296875,1.70608520507812,1.68472290039062,1.76589965820312,1.59515380859375
18.4588899612427,-0.15380859375,0.179443359375,1.00936889648438,-0.6298828125,1.7596435546875,10.751953125,1.864013671875,1.634521484375,1.70196533203125,1.54800415039062
18.4688248634338,-0.028839111328125,0.272369384765625,0.95703125,0.25726318359375,1.65435791015625,11.35986328125,1.922607421875,1.63558959960938,1.77352905273438,1.4166259765625
18.478104352951,-0.059814453125,0.196533203125,0.964508056640625,0.50811767578125,-0.6683349609375,11.72607421875,1.8951416015625,1.60858154296875,1.78359985351562,1.45889282226562
18.4869117736816,0.01708984375,-0.11322021484375,1.00616455078125,0.6500244140625,-2.06817626953125,10.2310180664062,1.72317504882812,1.59652709960938,1.85089111328125,1.5753173828125
18.4978592395782,-0.02349853515625,-0.0982666015625,1.15463256835938,0.71044921875,-0.509033203125,10.5322265625,1.5606689453125,1.76528930664062,1.64993286132812,1.7694091796875
18.5074112415314,-0.008544921875,0.02349853515625,1.15142822265625,-1.5728759765625,-1.38702392578125,12.1929931640625,1.60369873046875,1.79718017578125,1.61865234375,1.72653198242188
18.5180468559265,-0.201873779296875,0.2093505859375,1.0552978515625,-0.37078857421875,-0.98876953125,10.345458984375,1.83700561523438,1.66900634765625,1.6253662109375,1.61483764648438
18.5271117687225,0.013885498046875,-0.0640869140625,0.87371826171875,0.35797119140625,4.04022216796875,9.9041748046875,1.92001342773438,1.4263916015625,1.99966430664062,1.39923095703125
18.5368673801422,0.161285400390625,-0.0555419921875,0.9527587890625,-1.8878173828125,0.7891845703125,10.7858276367188,1.78726196289062,1.56494140625,1.93923950195312,1.46102905273438
18.547945022583,0.077972412109375,0.176239013671875,0.810699462890625,-0.05035400390625,0.58685302734375,11.7279052734375,2.06527709960938,1.42333984375,2.02041625976562,1.24420166015625
18.5598723888397,0.13458251953125,0.255279541015625,0.855560302734375,0.2691650390625,-2.2540283203125,10.3179931640625,2.02407836914062,1.51519775390625,1.95343017578125,1.26373291015625
18.5691270828247,0.22857666015625,0.063018798828125,1.08627319335938,-1.49139404296875,-3.22906494140625,9.5745849609375,1.65008544921875,1.77764892578125,1.75201416015625,1.5765380859375
18.5820410251617,0.008544921875,0.174102783203125,1.13754272460938,-0.44952392578125,-2.8729248046875,10.718994140625,1.6876220703125,1.80633544921875,1.58935546875,1.67556762695312
18.587108373642,0.003204345703125,0.278778076171875,1.16958618164062,1.93267822265625,-1.68182373046875,11.0256958007812,1.68182373046875,1.87408447265625,1.51092529296875,1.69113159179688
18.600994348526,0.056610107421875,0.1495361328125,1.10763549804688,3.66943359375,-1.84112548828125,10.9130859375,1.70623779296875,1.77642822265625,1.64764404296875,1.62750244140625
18.608856678009,0.1153564453125,0.3033447265625,0.919647216796875,3.8543701171875,0.34698486328125,9.6771240234375,1.97235107421875,1.60400390625,1.85226440429688,1.329345703125
18.6188027858734,0.19012451171875,0.165557861328125,0.9613037109375,3.95416259765625,-0.55389404296875,8.726806640625,1.85577392578125,1.64031982421875,1.859130859375,1.39556884765625
18.6298418045044,0.210418701171875,0.054473876953125,1.10443115234375,1.3421630859375,1.94091796875,8.37890625,1.63131713867188,1.8084716796875,1.72500610351562,1.58843994140625
18.6371693611145,0.3375244140625,-0.007476806640625,1.1663818359375,1.99493408203125,3.66668701171875,7.77008056640625,1.49887084960938,1.90872192382812,1.70333862304688,1.64230346679688
18.6488780975342,0.076904296875,0.122833251953125,1.10336303710938,1.512451171875,1.07208251953125,8.91998291015625,1.688232421875,1.78924560546875,1.676025390625,1.60064697265625
18.6577885150909,-0.0555419921875,0.199737548828125,1.1322021484375,3.13201904296875,0.43670654296875,9.012451171875,1.71478271484375,1.80389404296875,1.57882690429688,1.65664672851562
18.6698706150055,0.13885498046875,0.035247802734375,0.98480224609375,3.56781005859375,-0.5072021484375,9.23492431640625,1.78802490234375,1.6387939453125,1.86965942382812,1.45278930664062
18.6780648231506,0.268096923828125,0.039520263671875,0.975189208984375,0.68023681640625,-0.2398681640625,10.6832885742188,1.7657470703125,1.66732788085938,1.91848754882812,1.39755249023438
18.6889307498932,0.37384033203125,-0.018157958984375,1.07986450195312,-1.96014404296875,-3.035888671875,12.6718139648438,1.58111572265625,1.81716918945312,1.83761596679688,1.51260375976562
18.6980488300323,0.24566650390625,-0.080108642578125,1.10015869140625,-2.18719482421875,-0.03387451171875,11.0403442382812,1.57150268554688,1.78802490234375,1.79901123046875,1.59149169921875
18.7078492641449,0.257415771484375,-0.07904052734375,1.187744140625,0.743408203125,2.28424072265625,9.9884033203125,1.45950317382812,1.89926147460938,1.69647216796875,1.6949462890625
18.7182207107544,0.137786865234375,-0.0726318359375,1.05316162109375,1.52069091796875,1.3458251953125,10.78857421875,1.66030883789062,1.697998046875,1.82846069335938,1.56478881835938
18.7299656867981,-0.01922607421875,-0.218963623046875,0.962371826171875,0.24627685546875,1.22406005859375,9.818115234375,1.77276611328125,1.49246215820312,1.94381713867188,1.54251098632812
18.7492942810059,0.007476806640625,-0.162353515625,1.02005004882812,-2.7337646484375,-0.68572998046875,9.31549072265625,1.70333862304688,1.5771484375,1.86874389648438,1.60003662109375
18.758198261261,0.105743408203125,-0.139923095703125,0.999755859375,-4.48699951171875,-3.45794677734375,12.2543334960938,1.70684814453125,1.58538818359375,1.91986083984375,1.53945922851562
18.7678260803223,-0.01708984375,-0.01708984375,1.0040283203125,-4.969482421875,-3.20068359375,12.2946166992188,1.77520751953125,1.58416748046875,1.8408203125,1.55227661132812
18.7792935371399,-0.045928955078125,0.056610107421875,1.051025390625,-1.3311767578125,-3.80126953125,11.3983154296875,1.74774169921875,1.65512084960938,1.75033569335938,1.59912109375
18.788830280304,-0.048065185546875,-0.2777099609375,1.15676879882812,0.516357421875,-0.74798583984375,9.72381591796875,1.51565551757812,1.68624877929688,1.72225952148438,1.83380126953125
18.804009437561,-0.13671875,0.025634765625,1.051025390625,1.46942138671875,2.86285400390625,9.2852783203125,1.77017211914062,1.61117553710938,1.7340087890625,1.64260864257812
18.8088636398315,-0.285186767578125,0.176239013671875,1.04568481445312,-0.2142333984375,3.5595703125,8.9959716796875,1.86904907226562,1.60202026367188,1.64749145507812,1.63772583007812
18.8179638385773,-0.19439697265625,0.196533203125,1.00723266601562,-0.48431396484375,2.12860107421875,10.1495361328125,1.89743041992188,1.58889770507812,1.71524047851562,1.55502319335938
18.8278911113739,-0.035247802734375,0.133514404296875,1.025390625,-1.0272216796875,0.46783447265625,9.51416015625,1.81289672851562,1.66366577148438,1.74179077148438,1.53961181640625
18.8392708301544,0.14739990234375,0.161285400390625,1.02645874023438,0.57586669921875,-0.31036376953125,9.78973388671875,1.77413940429688,1.73309326171875,1.77276611328125,1.47323608398438
18.8489968776703,0.07049560546875,0.171966552734375,1.08627319335938,0.95947265625,-2.90313720703125,9.78240966796875,1.73202514648438,1.78146362304688,1.67434692382812,1.56631469726562
18.8578383922577,-0.059814453125,0.103607177734375,1.13861083984375,-0.098876953125,-3.91021728515625,9.5452880859375,1.68960571289062,1.77902221679688,1.59469604492188,1.69540405273438
18.8728587627411,0.056610107421875,0.20294189453125,0.985870361328125,0.706787109375,-0.384521484375,10.0076293945312,1.87881469726562,1.6534423828125,1.78741455078125,1.439208984375
18.8779015541077,0.005340576171875,0.167694091796875,1.01470947265625,-1.48956298828125,2.37213134765625,11.0256958007812,1.85501098632812,1.65695190429688,1.74285888671875,1.51107788085938
18.8888492584229,-0.0384521484375,0.214691162109375,0.821380615234375,-1.76605224609375,3.6822509765625,11.5374755859375,2.12799072265625,1.41372680664062,1.949462890625,1.26998901367188
18.8979980945587,0.1409912109375,0.298004150390625,0.861968994140625,-3.3544921875,-0.97137451171875,10.4965209960938,2.05276489257812,1.54327392578125,1.92550659179688,1.2396240234375
18.9088203907013,0.13885498046875,0.299072265625,0.983734130859375,-3.43780517578125,-1.8695068359375,10.565185546875,1.90643310546875,1.69754028320312,1.76803588867188,1.3916015625
18.9199075698853,0.13458251953125,0.18798828125,1.08200073242188,-1.72760009765625,-3.55224609375,9.46380615234375,1.75186157226562,1.78924560546875,1.67221069335938,1.54617309570312
18.927994966507,0.067291259765625,0.213623046875,1.26358032226562,0.2655029296875,-2.26226806640625,10.2923583984375,1.55746459960938,2.01095581054688,1.40777587890625,1.78176879882812
18.9380559921265,0.127105712890625,-0.03631591796875,1.162109375,1.15081787109375,-1.73858642578125,9.38140869140625,1.58859252929688,1.83151245117188,1.632080078125,1.70562744140625
18.9489929676056,0.09185791015625,0.124969482421875,1.01791381835938,2.63580322265625,-1.01165771484375,9.17724609375,1.82937622070312,1.68106079101562,1.74209594726562,1.48712158203125
18.9583637714386,-0.035247802734375,0.162353515625,0.91644287109375,1.585693359375,0.311279296875,9.32830810546875,1.99981689453125,1.54495239257812,1.82296752929688,1.3751220703125
18.9688198566437,0.18157958984375,0.018157958984375,0.977325439453125,-1.13433837890625,-0.6756591796875,8.26629638671875,1.81549072265625,1.66061401367188,1.8463134765625,1.4190673828125
18.9782087802887,0.230712890625,-0.041656494140625,1.05743408203125,1.73858642578125,0.57220458984375,7.91290283203125,1.68411254882812,1.77413940429688,1.77322387695312,1.51123046875
18.9881443977356,0.39520263671875,-0.10467529296875,1.04568481445312,3.0157470703125,0.66192626953125,9.246826171875,1.62918090820312,1.802978515625,1.84722900390625,1.458740234375
18.9979648590088,0.212554931640625,-0.167694091796875,1.14501953125,2.23480224609375,1.15447998046875,9.9517822265625,1.54129028320312,1.86172485351562,1.688232421875,1.649169921875
19.0078861713409,0.07904052734375,-0.178375244140625,1.12899780273438,1.41632080078125,1.6259765625,8.6114501953125,1.597900390625,1.79779052734375,1.67251586914062,1.67083740234375
19.0181131362915,0.2178955078125,-0.159149169921875,1.10549926757812,-0.63262939453125,0.16571044921875,9.59381103515625,1.59408569335938,1.81930541992188,1.737060546875,1.59332275390625
19.0288808345795,0.11962890625,-0.0640869140625,0.917510986328125,-1.04095458984375,-0.91644287109375,10.11474609375,1.8865966796875,1.57989501953125,1.91360473632812,1.363525390625
19.0378193855286,0.124969482421875,-0.09185791015625,0.77117919921875,1.31195068359375,6.12579345703125,9.42718505859375,2.05642700195312,1.38412475585938,2.11074829101562,1.19247436523438
19.0609328746796,0.15380859375,0.07904052734375,0.900421142578125,2.164306640625,0.88623046875,10.7546997070312,1.9384765625,1.58645629882812,1.92062377929688,1.30752563476562
19.07053399086,0.073699951171875,-0.161285400390625,1.22406005859375,2.3126220703125,-1.60675048828125,10.8572387695312,1.47903442382812,1.89651489257812,1.56890869140625,1.80801391601562
19.0808200836182,0.0640869140625,-0.3631591796875,1.256103515625,1.82830810546875,0.08056640625,9.12139892578125,1.3775634765625,1.876220703125,1.5948486328125,1.9085693359375
19.0898232460022,0.171966552734375,-0.317230224609375,1.06063842773438,2.38311767578125,-2.06085205078125,9.78790283203125,1.6064453125,1.67816162109375,1.85348510742188,1.61895751953125
19.1018867492676,0.0299072265625,-0.2093505859375,0.9912109375,1.09954833984375,-0.106201171875,9.60296630859375,1.76437377929688,1.57363891601562,1.87042236328125,1.55197143554688
19.108983039856,0.020294189453125,-0.1324462890625,0.823516845703125,0.95672607421875,3.5028076171875,11.0943603515625,2.00103759765625,1.38229370117188,2.05291748046875,1.32415771484375
19.1181156635284,0.07476806640625,-0.075836181640625,0.9869384765625,0.59783935546875,1.7816162109375,11.97509765625,1.80374145507812,1.61697387695312,1.84768676757812,1.49505615234375
19.1310756206512,0.026702880859375,-0.110015869140625,1.07559204101562,-0.1318359375,-0.34698486328125,11.5988159179688,1.6986083984375,1.7034912109375,1.73126220703125,1.62765502929688
19.1389539241791,0.042724609375,-0.334320068359375,1.19415283203125,0.9979248046875,0.91278076171875,9.9298095703125,1.47842407226562,1.79092407226562,1.65740966796875,1.83212280273438
19.1488392353058,0.008544921875,-0.118560791015625,1.0723876953125,0.61981201171875,1.13067626953125,9.11773681640625,1.70852661132812,1.68914794921875,1.73049926757812,1.63070678710938
19.1582059860229,-0.1025390625,0.13031005859375,1.0382080078125,0.47698974609375,-0.5145263671875,8.75701904296875,1.87179565429688,1.68258666992188,1.65802001953125,1.54556274414062
19.1678006649017,-0.145263671875,0.095062255859375,0.9613037109375,-0.150146484375,2.74017333984375,8.3111572265625,1.97158813476562,1.5625,1.75094604492188,1.47613525390625
19.1779251098633,0.056610107421875,0.128173828125,1.0125732421875,-0.596923828125,3.2977294921875,9.5343017578125,1.866455078125,1.70059204101562,1.73233032226562,1.4593505859375
19.1898798942566,0.218963623046875,0.285186767578125,0.95916748046875,0.6500244140625,4.6417236328125,10.8920288085938,1.94198608398438,1.72698974609375,1.793212890625,1.29425048828125
19.1978940963745,0.01708984375,0.0811767578125,0.97412109375,0.73699951171875,5.29449462890625,11.019287109375,1.92123413085938,1.62796020507812,1.776123046875,1.43341064453125
19.2077980041504,0.0469970703125,-0.067291259765625,1.02005004882812,-2.0050048828125,4.41192626953125,10.68603515625,1.8145751953125,1.65191650390625,1.77352905273438,1.51718139648438
19.2179787158966,0.028839111328125,0.212554931640625,1.12899780273438,-0.46234130859375,-1.0693359375,11.6070556640625,1.77642822265625,1.86538696289062,1.5399169921875,1.57791137695312
19.238837480545,0.214691162109375,0.148468017578125,0.97198486328125,-0.1739501953125,-1.1993408203125,10.4690551757812,1.90399169921875,1.70562744140625,1.81015014648438,1.33895874023438
19.2481298446655,0.176239013671875,0.097198486328125,1.06918334960938,-2.06268310546875,-0.4376220703125,10.3408813476562,1.78115844726562,1.8023681640625,1.69036865234375,1.4825439453125
19.2587745189667,0.201873779296875,0.035247802734375,0.936737060546875,0.32867431640625,-0.72418212890625,9.57183837890625,1.91909790039062,1.632080078125,1.8817138671875,1.32904052734375
19.2888810634613,-0.063018798828125,-0.052337646484375,1.0980224609375,-2.15972900390625,-2.8271484375,10.0735473632812,1.76437377929688,1.7352294921875,1.62338256835938,1.64138793945312
19.2972948551178,0.060882568359375,-0.15380859375,1.06277465820312,-1.41082763671875,-2.2174072265625,9.06097412109375,1.74057006835938,1.70623779296875,1.734619140625,1.5869140625
19.3091325759888,0.128173828125,0.076904296875,1.04034423828125,3.26751708984375,-1.68548583984375,8.4173583984375,1.82571411132812,1.75430297851562,1.71417236328125,1.475830078125
19.3199315071106,0.195465087890625,-0.19439697265625,0.96771240234375,2.51861572265625,1.01898193359375,8.858642578125,1.81304931640625,1.6058349609375,1.91070556640625,1.44027709960938
19.3288471698761,0.204010009765625,-0.33966064453125,1.00830078125,0.47698974609375,1.32568359375,8.70574951171875,1.70974731445312,1.6168212890625,1.9134521484375,1.5338134765625
19.3388214111328,0.184783935546875,-0.137786865234375,1.1236572265625,0.10345458984375,-0.0164794921875,9.43359375,1.61102294921875,1.8017578125,1.71340942382812,1.64443969726562
19.3488366603851,0.052337646484375,-0.2734375,0.998687744140625,-2.23846435546875,-1.248779296875,11.15478515625,1.751708984375,1.55776977539062,1.8878173828125,1.57562255859375
19.3581414222717,0.0811767578125,-0.101470947265625,1.01577758789062,-0.098876953125,1.1444091796875,10.3536987304688,1.77642822265625,1.63726806640625,1.82083129882812,1.53839111328125
19.3751263618469,0.216827392578125,-0.197601318359375,0.93780517578125,0.67108154296875,2.20550537109375,10.7913208007812,1.79443359375,1.55288696289062,1.986083984375,1.43646240234375
19.3787982463837,0.259552001953125,-0.165557861328125,0.93353271484375,0.77728271484375,-0.069580078125,10.6997680664062,1.78359985351562,1.56341552734375,2.00302124023438,1.422119140625
19.38800740242,0.159149169921875,-0.063018798828125,1.10443115234375,0.3790283203125,-0.91094970703125,9.656982421875,1.63162231445312,1.77474975585938,1.72897338867188,1.636962890625
19.3988838195801,0.08544921875,-0.02777099609375,1.05743408203125,2.77130126953125,0.94573974609375,9.15252685546875,1.71279907226562,1.6900634765625,1.76971435546875,1.60049438476562
19.4100179672241,0.195465087890625,-0.23284912109375,1.09054565429688,-0.6298828125,-0.54656982421875,10.133056640625,1.57058715820312,1.7041015625,1.827392578125,1.668701171875
19.41885638237,-0.054473876953125,-0.07476806640625,1.0040283203125,-1.3751220703125,-0.96588134765625,11.6848754882812,1.79931640625,1.56295776367188,1.81472778320312,1.59683227539062
19.4289112091064,0.01708984375,-0.05126953125,0.885467529296875,-1.56463623046875,1.87042236328125,9.97650146484375,1.93511962890625,1.44363403320312,1.97555541992188,1.41952514648438
19.4389288425446,0.069427490234375,0.19439697265625,0.975189208984375,-0.802001953125,1.3201904296875,10.557861328125,1.8853759765625,1.640625,1.798095703125,1.4434814453125
19.4503450393677,0.050201416015625,0.103607177734375,0.89935302734375,-0.20965576171875,-0.03570556640625,11.4816284179688,1.96075439453125,1.51458740234375,1.91635131835938,1.37802124023438
19.4587957859039,0.04913330078125,0.118560791015625,1.11724853515625,0.96588134765625,-2.06634521484375,10.997314453125,1.70013427734375,1.79306030273438,1.63436889648438,1.64077758789062
19.4688251018524,0.084381103515625,-0.086517333984375,1.085205078125,0.83038330078125,-0.41290283203125,9.53338623046875,1.66763305664062,1.70684814453125,1.75201416015625,1.64260864257812
19.4798476696014,0.13671875,0.039520263671875,1.12899780273438,0.179443359375,-1.1297607421875,9.74212646484375,1.63482666015625,1.81259155273438,1.67037963867188,1.64657592773438
19.4881076812744,0.030975341796875,-0.112152099609375,1.136474609375,-0.6500244140625,-1.43646240234375,9.41436767578125,1.60812377929688,1.74453735351562,1.68045043945312,1.73141479492188
19.4990031719208,0.0640869140625,0.283050537109375,0.965576171875,1.2451171875,-0.18585205078125,9.82086181640625,1.93435668945312,1.65328979492188,1.77825927734375,1.39602661132812
19.5098750591278,-0.01068115234375,0.233917236328125,0.95489501953125,0.00732421875,1.61041259765625,9.96734619140625,1.95816040039062,1.60552978515625,1.78421020507812,1.41403198242188
19.5178275108337,0.0384521484375,0.333251953125,0.844879150390625,-0.875244140625,2.1881103515625,10.72998046875,2.10678100585938,1.5081787109375,1.9091796875,1.23153686523438
19.5308547019958,0.180511474609375,0.281982421875,0.951690673828125,-0.01739501953125,0.450439453125,11.6107177734375,1.91940307617188,1.67098999023438,1.83090209960938,1.32720947265625
19.5408127307892,0.24566650390625,0.359954833984375,1.01150512695312,0.9063720703125,-0.52093505859375,11.0394287109375,1.85531616210938,1.79153442382812,1.74072265625,1.35223388671875
19.5479092597961,0.174102783203125,0.24139404296875,1.06063842773438,0.640869140625,0.20965576171875,10.60546875,1.77520751953125,1.8023681640625,1.69357299804688,1.4630126953125
19.5570485591888,0.18585205078125,0.20294189453125,1.11724853515625,0.77911376953125,-1.53900146484375,10.26123046875,1.68914794921875,1.8658447265625,1.63864135742188,1.54067993164062
19.5668241977692,0.0213623046875,0.13031005859375,1.15997314453125,-1.1920166015625,-2.2247314453125,11.0897827148438,1.66641235351562,1.85791015625,1.54708862304688,1.65328979492188
19.5798976421356,0.095062255859375,0.213623046875,0.97198486328125,0.6207275390625,-0.63995361328125,11.4212036132812,1.90536499023438,1.66915893554688,1.76986694335938,1.37161254882812
19.5888369083405,0.13458251953125,0.180511474609375,1.0040283203125,-0.81390380859375,-0.31219482421875,10.1870727539062,1.84280395507812,1.70700073242188,1.74789428710938,1.4141845703125
19.5972111225128,0.169830322265625,0.19439697265625,0.92498779296875,0.18768310546875,-0.76629638671875,10.7015991210938,1.93389892578125,1.62521362304688,1.845703125,1.30477905273438
19.6090230941772,0.16876220703125,0.063018798828125,1.01470947265625,-0.703125,-1.87042236328125,10.6594848632812,1.78634643554688,1.70578002929688,1.76544189453125,1.444091796875
19.6188287734985,0.116424560546875,0.005340576171875,1.03179931640625,0.37353515625,-0.04486083984375,9.935302734375,1.76620483398438,1.70242309570312,1.74057006835938,1.4862060546875
19.6310226917267,0.122833251953125,-0.16876220703125,1.07772827148438,-1.66351318359375,-0.85784912109375,9.75860595703125,1.65237426757812,1.712646484375,1.7401123046875,1.59027099609375
19.6369383335114,0.0299072265625,-0.1025390625,1.04354858398438,-1.28082275390625,-0.81573486328125,10.1815795898438,1.74942016601562,1.6693115234375,1.72348022460938,1.53854370117188
19.6488647460938,0.05767822265625,-0.073699951171875,0.945281982421875,-0.51727294921875,1.37969970703125,10.308837890625,1.87332153320312,1.5631103515625,1.84494018554688,1.39968872070312
19.6568939685822,0.204010009765625,-0.06195068359375,1.01150512695312,-0.65826416015625,-0.30120849609375,10.4013061523438,1.7547607421875,1.70425415039062,1.7974853515625,1.42059326171875
19.6668615341187,0.076904296875,0.01495361328125,0.96771240234375,0.9027099609375,0.60699462890625,10.4498291015625,1.86569213867188,1.62826538085938,1.79214477539062,1.38137817382812
19.6772909164429,0.1666259765625,-0.246734619140625,0.953826904296875,-1.33758544921875,0.15838623046875,9.43267822265625,1.767578125,1.56173706054688,1.92733764648438,1.40914916992188
19.6889142990112,0.148468017578125,-0.253143310546875,1.15676879882812,-1.318359375,-1.336669921875,9.68719482421875,1.51077270507812,1.80755615234375,1.67434692382812,1.6693115234375
19.6969878673553,0.099334716796875,-0.25634765625,1.09054565429688,-0.106201171875,-0.999755859375,9.51690673828125,1.60415649414062,1.70974731445312,1.7474365234375,1.59912109375
19.7068548202515,0.065155029296875,-0.218963623046875,1.00830078125,0.00640869140625,0.8587646484375,8.9044189453125,1.73049926757812,1.60629272460938,1.82632446289062,1.494140625
19.7168588638306,0.18585205078125,-0.068359375,0.9783935546875,1.24969482421875,1.885986328125,9.7430419921875,1.78070068359375,1.64825439453125,1.85089111328125,1.37481689453125
19.7273128032684,0.21148681640625,-0.142059326171875,0.98480224609375,0.11077880859375,-0.57861328125,9.2889404296875,1.74118041992188,1.6448974609375,1.8719482421875,1.39678955078125
19.7369103431702,0.184783935546875,-0.213623046875,1.0382080078125,2.3565673828125,-0.479736328125,8.203125,1.64871215820312,1.67617797851562,1.83441162109375,1.49154663085938
19.7478113174438,0.1922607421875,-0.231781005859375,1.02218627929688,1.90338134765625,-1.1590576171875,8.66363525390625,1.65969848632812,1.64825439453125,1.86691284179688,1.47354125976562
19.7582712173462,0.0897216796875,-0.201873779296875,1.1492919921875,-0.582275390625,-2.1551513671875,11.282958984375,1.53839111328125,1.78390502929688,1.67221069335938,1.65542602539062
19.7674026489258,-0.03204345703125,0.033111572265625,0.99761962890625,0.15380859375,-0.860595703125,10.1788330078125,1.83380126953125,1.61972045898438,1.75796508789062,1.44012451171875
19.7777276039124,0.101470947265625,-0.065155029296875,0.9271240234375,-0.90911865234375,1.04736328125,9.5654296875,1.85226440429688,1.536865234375,1.9122314453125,1.341552734375
19.7871663570404,0.20721435546875,-0.139923095703125,1.04034423828125,-1.26708984375,-1.1883544921875,10.2117919921875,1.65451049804688,1.6912841796875,1.83074951171875,1.46713256835938
19.795921087265,0.10040283203125,0.0128173828125,0.955963134765625,-0.09521484375,-0.9649658203125,9.79156494140625,1.82952880859375,1.58706665039062,1.86477661132812,1.3623046875
19.8072438240051,0.01068115234375,-0.152740478515625,1.13861083984375,-0.750732421875,-0.23895263671875,10.5313110351562,1.57363891601562,1.73583984375,1.66671752929688,1.67236328125
19.8169150352478,0.00640869140625,-0.122833251953125,1.07452392578125,-1.23321533203125,-0.62530517578125,9.17816162109375,1.661376953125,1.65679931640625,1.73553466796875,1.59317016601562
19.8268916606903,-0.039520263671875,0.16876220703125,1.02325439453125,0.69854736328125,-0.6317138671875,9.228515625,1.82571411132812,1.65756225585938,1.70135498046875,1.46469116210938
19.8375155925751,-0.02777099609375,-0.04058837890625,0.934600830078125,2.47467041015625,0.8441162109375,8.37799072265625,1.8670654296875,1.49093627929688,1.88156127929688,1.40975952148438
19.8480408191681,0.13458251953125,0.043792724609375,0.962371826171875,5.16082763671875,-1.9354248046875,8.8421630859375,1.8182373046875,1.60491943359375,1.86370849609375,1.3671875
19.8568415641785,-0.06622314453125,0.045928955078125,1.09909057617188,1.95098876953125,-3.26385498046875,9.9188232421875,1.707763671875,1.7132568359375,1.63040161132812,1.60247802734375
19.8759100437164,-0.03631591796875,0.067291259765625,1.162109375,1.69281005859375,-2.95806884765625,9.6258544921875,1.62750244140625,1.8072509765625,1.55364990234375,1.6656494140625
19.8788659572601,-0.1409912109375,-0.146331787109375,1.06063842773438,-0.42755126953125,0.44677734375,8.9154052734375,1.72286987304688,1.59011840820312,1.7132568359375,1.63406372070312
19.8867864608765,-0.020294189453125,0,0.919647216796875,-0.596923828125,0.55206298828125,9.50775146484375,1.9158935546875,1.4959716796875,1.87210083007812,1.375732421875
19.897935628891,-0.206146240234375,0.350341796875,0.911102294921875,0.50079345703125,0.8331298828125,9.53338623046875,2.09274291992188,1.52374267578125,1.71676635742188,1.32797241210938
19.9071953296661,0.060882568359375,0.306549072265625,1.0211181640625,0.72509765625,2.7154541015625,10.3262329101562,1.86569213867188,1.73248291015625,1.66824340820312,1.39480590820312
19.9168345928192,0.32684326171875,0.1708984375,1.05850219726562,2.80975341796875,1.74224853515625,11.5914916992188,1.70944213867188,1.82601928710938,1.734619140625,1.39511108398438
19.9260003566742,0.20721435546875,-0.013885498046875,1.10336303710938,0.72967529296875,0.2984619140625,12.3989868164062,1.62277221679688,1.79244995117188,1.70867919921875,1.54205322265625
19.9368155002594,0.068359375,0.080108642578125,1.1322021484375,0.61431884765625,-1.68914794921875,10.8169555664062,1.65420532226562,1.80770874023438,1.60491943359375,1.59591674804688
19.9478497505188,-0.099334716796875,-0.03631591796875,1.10015869140625,-1.45111083984375,-1.77337646484375,10.6484985351562,1.70166015625,1.685791015625,1.63986206054688,1.63482666015625
19.9568831920624,-0.056610107421875,0.306549072265625,1.03073120117188,-0.673828125,0.12725830078125,10.111083984375,1.88446044921875,1.710205078125,1.63009643554688,1.4373779296875
19.9668037891388,0.048065185546875,0.145263671875,0.844879150390625,-0.8441162109375,0.25360107421875,10.81787109375,2.030029296875,1.46575927734375,1.944580078125,1.21688842773438
19.9778044223785,0.04486083984375,0.154876708984375,0.795745849609375,0.55755615234375,2.109375,9.7833251953125,2.09304809570312,1.40869140625,2.00241088867188,1.14669799804688
19.9862382411957,0.304412841796875,0.075836181640625,0.95062255859375,1.014404296875,-0.867919921875,10.1760864257812,1.80587768554688,1.658935546875,1.907958984375,1.275634765625
19.9987850189209,0.020294189453125,0.01068115234375,1.12258911132812,-1.03271484375,-3.9862060546875,10.1522827148438,1.65130615234375,1.76605224609375,1.63192749023438,1.59912109375
20.007209777832,-0.01495361328125,0.14312744140625,1.1834716796875,0.5364990234375,-2.655029296875,8.91815185546875,1.62872314453125,1.864013671875,1.49337768554688,1.65069580078125
20.0175173282623,0.045928955078125,-0.14312744140625,1.15249633789062,-0.77362060546875,0.2911376953125,9.3804931640625,1.55990600585938,1.766357421875,1.64138793945312,1.66656494140625
20.0281341075897,0.0982666015625,-0.054473876953125,0.93994140625,-0.560302734375,1.64794921875,10.3170776367188,1.8389892578125,1.54129028320312,1.89422607421875,1.35971069335938
20.0388362407684,0.08758544921875,-0.01708984375,0.97198486328125,-0.1519775390625,1.33758544921875,11.6683959960938,1.80984497070312,1.58859252929688,1.83853149414062,1.39144897460938
20.0578598976135,0.35675048828125,0.135650634765625,1.10870361328125,1.16729736328125,0.157470703125,11.5631103515625,1.61392211914062,1.89056396484375,1.69677734375,1.42578125
20.0670330524445,0.099334716796875,-0.206146240234375,1.14181518554688,1.08673095703125,-2.2979736328125,10.36376953125,1.54098510742188,1.7578125,1.68441772460938,1.63742065429688
20.0782289505005,0.13031005859375,-0.22857666015625,1.06918334960938,0.85693359375,-1.395263671875,9.5379638671875,1.62185668945312,1.66839599609375,1.78848266601562,1.54052734375
20.0876216888428,0.075836181640625,-0.213623046875,1.01364135742188,-0.8660888671875,-1.072998046875,10.9716796875,1.715087890625,1.58660888671875,1.82601928710938,1.48666381835938
20.0981664657593,-0.05126953125,-0.101470947265625,0.998687744140625,-3.37646484375,0.3497314453125,10.6118774414062,1.81533813476562,1.56387329101562,1.76422119140625,1.47003173828125
20.1099798679352,0.00213623046875,0.191192626953125,0.98052978515625,-1.8145751953125,2.38677978515625,9.642333984375,1.915283203125,1.64108276367188,1.71051025390625,1.34674072265625
20.1188044548035,-0.04913330078125,0.122833251953125,0.930328369140625,0.205078125,3.8177490234375,11.9448852539062,1.9757080078125,1.53305053710938,1.77383422851562,1.33270263671875
20.1308360099792,0.042724609375,-0.154876708984375,1.02752685546875,1.26251220703125,-0.28839111328125,11.4321899414062,1.74301147460938,1.5985107421875,1.76376342773438,1.50909423828125
20.1399958133698,-0.13458251953125,-0.27130126953125,1.13754272460938,2.3895263671875,1.1114501953125,9.45098876953125,1.62155151367188,1.6473388671875,1.605224609375,1.73797607421875
20.1498241424561,-0.008544921875,-0.233917236328125,1.11618041992188,-1.26617431640625,-1.4208984375,10.1229858398438,1.6241455078125,1.66824340820312,1.66061401367188,1.66122436523438
20.170339345932,-0.03631591796875,-0.071563720703125,0.930328369140625,1.72760009765625,4.08233642578125,9.76959228515625,1.91574096679688,1.47354125976562,1.83258056640625,1.39251708984375
20.1799073219299,0.107879638671875,-0.116424560546875,1.00296020507812,0.99517822265625,0.68939208984375,10.294189453125,1.76223754882812,1.58248901367188,1.80145263671875,1.46743774414062
20.190357208252,0.073699951171875,-0.0341796875,1.162109375,1.4739990234375,-3.15216064453125,11.1685180664062,1.60934448242188,1.79580688476562,1.56112670898438,1.64886474609375
20.1991093158722,-0.056610107421875,-0.07904052734375,0.87158203125,1.4739990234375,0.24993896484375,9.290771484375,1.99569702148438,1.37847900390625,1.90139770507812,1.33956909179688
20.2068955898285,0.016021728515625,-0.068359375,0.975189208984375,2.19085693359375,1.71844482421875,9.0289306640625,1.86111450195312,1.5380859375,1.7828369140625,1.43447875976562
20.217999458313,-0.111083984375,-0.076904296875,0.948486328125,1.4959716796875,-0.98785400390625,10.8389282226562,1.93344116210938,1.463623046875,1.78237915039062,1.43722534179688
20.2261521816254,0.1495361328125,-0.071563720703125,0.998687744140625,0.8111572265625,-0.86517333984375,12.0016479492188,1.800537109375,1.61117553710938,1.798095703125,1.4117431640625
20.2408146858215,0.19866943359375,-0.112152099609375,1.04995727539062,-0.44677734375,-2.97088623046875,11.5219116210938,1.70883178710938,1.67984008789062,1.76040649414062,1.47232055664062
20.2470700740814,0.116424560546875,0.04486083984375,0.894012451171875,-2.69805908203125,1.22222900390625,12.125244140625,1.98013305664062,1.50238037109375,1.88400268554688,1.25656127929688
20.2579116821289,0.1708984375,-0.180511474609375,0.863037109375,-0.94940185546875,3.27392578125,9.74395751953125,1.93527221679688,1.41632080078125,2.01400756835938,1.26449584960938
20.26686668396,0.073699951171875,-0.383453369140625,1.09695434570312,-1.82830810546875,5.36590576171875,6.91680908203125,1.60385131835938,1.6156005859375,1.76528930664062,1.65420532226562
20.2779133319855,0.353546142578125,-0.216827392578125,1.20269775390625,-1.864013671875,2.039794921875,7.3443603515625,1.44088745117188,1.87591552734375,1.666259765625,1.65985107421875
20.2878220081329,0.264892578125,-0.01495361328125,1.04354858398438,2.2064208984375,0.79193115234375,7.83050537109375,1.72760009765625,1.70562744140625,1.776123046875,1.43356323242188
20.2982172966003,0.315093994140625,-0.07476806640625,0.948486328125,1.1187744140625,4.51263427734375,9.03350830078125,1.79489135742188,1.57119750976562,1.9488525390625,1.336669921875
20.3073601722717,0.213623046875,-0.068359375,0.981597900390625,-1.61773681640625,2.1624755859375,10.374755859375,1.78436279296875,1.58279418945312,1.87591552734375,1.40853881835938
20.3167748451233,0.248870849609375,0.013885498046875,1.00723266601562,-1.234130859375,0.77911376953125,10.0588989257812,1.756591796875,1.63742065429688,1.84005737304688,1.42227172851562
20.3288395404816,0.22857666015625,0.041656494140625,0.9869384765625,-1.56463623046875,1.34307861328125,9.90234375,1.79595947265625,1.61422729492188,1.85043334960938,1.3958740234375
20.3379063606262,0.19439697265625,0.11749267578125,1.05850219726562,-0.706787109375,0.648193359375,11.0403442382812,1.73675537109375,1.72119140625,1.73324584960938,1.47079467773438
20.3470804691315,0.02777099609375,0.13671875,1.01577758789062,-1.60400390625,-3.3343505859375,12.4960327148438,1.84051513671875,1.6192626953125,1.74072265625,1.46621704101562
20.3600630760193,0.1580810546875,0.135650634765625,1.10015869140625,-0.69580078125,-3.19610595703125,12.176513671875,1.69692993164062,1.76666259765625,1.6717529296875,1.5313720703125
20.3672535419464,0.3631591796875,0.19439697265625,1.033935546875,0.02471923828125,-2.794189453125,12.052001953125,1.73934936523438,1.767578125,1.79611206054688,1.36688232421875
20.3774642944336,0.06622314453125,0.12603759765625,1.05316162109375,0.2783203125,-0.853271484375,10.9982299804688,1.7779541015625,1.67861938476562,1.70913696289062,1.50421142578125
20.3865659236908,-0.028839111328125,0.07049560546875,1.07452392578125,-1.22039794921875,2.1478271484375,10.162353515625,1.76422119140625,1.67800903320312,1.67404174804688,1.5576171875
20.3979089260101,-0.189056396484375,0.214691162109375,1.162109375,-1.8841552734375,4.05029296875,9.86846923828125,1.7437744140625,1.78070068359375,1.4764404296875,1.6729736328125
20.4062063694,-0.13031005859375,0.1580810546875,1.05422973632812,-2.80609130859375,4.47601318359375,9.5013427734375,1.84127807617188,1.65481567382812,1.6522216796875,1.5301513671875
20.4168751239777,-0.14739990234375,0.2862548828125,0.947418212890625,-1.1370849609375,1.9024658203125,8.1610107421875,2.01995849609375,1.55517578125,1.74209594726562,1.36550903320312
20.4288625717163,0.071563720703125,0.116424560546875,1.06277465820312,-1.14990234375,-1.8255615234375,9.898681640625,1.7596435546875,1.72286987304688,1.71432495117188,1.48651123046875
20.4408469200134,-0.037384033203125,0.178375244140625,0.99761962890625,-0.16387939453125,-0.74066162109375,9.990234375,1.89208984375,1.62429809570312,1.74606323242188,1.42120361328125
20.4503467082977,-0.065155029296875,0.139923095703125,1.0638427734375,2.33734130859375,2.04071044921875,9.57733154296875,1.81503295898438,1.69921875,1.65969848632812,1.517333984375
20.4748837947845,0.04486083984375,0.179443359375,1.09695434570312,1.915283203125,0.25726318359375,11.2692260742188,1.76055908203125,1.79092407226562,1.63589477539062,1.50482177734375
20.49986577034,0.259552001953125,0.159149169921875,1.07131958007812,-1.16180419921875,3.189697265625,12.8915405273438,1.72470092773438,1.83273315429688,1.74118041992188,1.4013671875
20.5104701519012,0.312957763671875,-0.059814453125,1.14181518554688,1.98577880859375,4.0411376953125,11.4743041992188,1.55227661132812,1.87606811523438,1.73736572265625,1.534423828125
20.5197975635529,0.285186767578125,-0.3076171875,1.06170654296875,1.20574951171875,0.90728759765625,9.48394775390625,1.58035278320312,1.69708251953125,1.91238403320312,1.51412963867188
20.5298359394073,-0.018157958984375,-0.060882568359375,1.08306884765625,1.32659912109375,0.29205322265625,8.682861328125,1.71539306640625,1.69921875,1.72225952148438,1.56723022460938
20.5421960353851,0.068359375,-0.0128173828125,0.9442138671875,0.53009033203125,2.6348876953125,9.96551513671875,1.88583374023438,1.5704345703125,1.90460205078125,1.34323120117188
20.5460503101349,0.225372314453125,0.035247802734375,0.863037109375,2.13775634765625,6.1651611328125,10.751953125,1.95220947265625,1.53366088867188,2.04071044921875,1.18148803710938
20.5598175525665,0.07049560546875,-0.025634765625,1.0296630859375,2.79693603515625,6.3720703125,10.4681396484375,1.76803588867188,1.67495727539062,1.8084716796875,1.45721435546875
20.5762293338776,0.18157958984375,-0.025634765625,1.00509643554688,2.244873046875,2.30255126953125,11.4276123046875,1.76437377929688,1.67861938476562,1.87744140625,1.39389038085938
20.5828580856323,-0.024566650390625,-0.11322021484375,1.27212524414062,0.41473388671875,-0.13824462890625,12.2213745117188,1.45919799804688,1.92062377929688,1.514892578125,1.81976318359375
20.5907833576202,-0.1751708984375,-0.11322021484375,1.0296630859375,-0.16754150390625,-0.26275634765625,10.2740478515625,1.80282592773438,1.56936645507812,1.77597045898438,1.56768798828125
20.5998346805573,-0.09185791015625,-0.0128173828125,1.01043701171875,-1.40533447265625,-0.90911865234375,9.1827392578125,1.83792114257812,1.60079956054688,1.79351806640625,1.4892578125
20.6111834049225,-0.056610107421875,-0.018157958984375,0.951690673828125,-0.59234619140625,-0.9356689453125,9.82086181640625,1.90689086914062,1.534423828125,1.87255859375,1.40762329101562
20.6199464797974,-0.088653564453125,-0.1025390625,0.88653564453125,-0.09796142578125,-1.80816650390625,9.6551513671875,1.9744873046875,1.41754150390625,1.97357177734375,1.36215209960938
20.6299006938934,-0.129241943359375,-0.0213623046875,1.02432250976562,-0.53192138671875,-3.607177734375,9.65606689453125,1.8365478515625,1.59683227539062,1.7620849609375,1.5277099609375
20.6400530338287,-0.221099853515625,-0.11322021484375,1.136474609375,-2.1734619140625,-1.58477783203125,9.312744140625,1.69357299804688,1.67892456054688,1.62338256835938,1.72332763671875
20.6568269729614,-0.120697021484375,-0.01068115234375,1.11297607421875,-4.09515380859375,1.552734375,7.939453125,1.73309326171875,1.71035766601562,1.64825439453125,1.639404296875
20.6709725856781,-0.0128173828125,0.075836181640625,0.879058837890625,-1.0198974609375,3.3050537109375,10.2099609375,2.02316284179688,1.47613525390625,1.94122314453125,1.29119873046875
20.6798841953278,-0.054473876953125,0.088653564453125,0.8758544921875,0.084228515625,3.98712158203125,10.6292724609375,2.04315185546875,1.46255493164062,1.92916870117188,1.2969970703125
20.6908669471741,-0.02349853515625,0.213623046875,0.999755859375,0.2728271484375,2.83355712890625,10.9268188476562,1.93130493164062,1.66534423828125,1.73812866210938,1.405029296875
20.7008135318756,0.0726318359375,0.362091064453125,1.0467529296875,-0.20233154296875,1.2872314453125,11.6473388671875,1.89376831054688,1.7999267578125,1.66091918945312,1.38961791992188
20.7108600139618,0.028839111328125,0.045928955078125,1.10549926757812,-0.08148193359375,1.417236328125,10.762939453125,1.73324584960938,1.76956176757812,1.67510986328125,1.56661987304688
20.7200224399567,0.105743408203125,-0.069427490234375,1.01577758789062,0.81024169921875,1.1224365234375,8.990478515625,1.79367065429688,1.65451049804688,1.83563232421875,1.46072387695312
20.7262814044952,0.20721435546875,-0.05126953125,1.0980224609375,-0.369873046875,-0.11810302734375,9.1424560546875,1.67800903320312,1.8017578125,1.74560546875,1.5167236328125
20.7398376464844,0.01708984375,0.105743408203125,1.09909057617188,-0.849609375,-2.567138671875,9.08111572265625,1.78558349609375,1.79351806640625,1.63253784179688,1.52740478515625
20.7529480457306,-0.075836181640625,0.238189697265625,0.923919677734375,-0.8807373046875,3.48907470703125,8.7615966796875,2.07244873046875,1.583251953125,1.78375244140625,1.2994384765625
20.7598133087158,0.167694091796875,0.04058837890625,0.9954833984375,-1.49871826171875,3.24371337890625,9.9169921875,1.868896484375,1.71295166015625,1.80999755859375,1.34719848632812
20.7700774669647,0.08758544921875,-0.0726318359375,0.9912109375,-0.75439453125,0.648193359375,10.3829956054688,1.8634033203125,1.65939331054688,1.82998657226562,1.38916015625
20.7801370620728,0.16448974609375,-0.159149169921875,1.1236572265625,1.20941162109375,-0.552978515625,9.22119140625,1.64764404296875,1.82815551757812,1.71310424804688,1.55242919921875
20.7898473739624,0.093994140625,-0.093994140625,1.051025390625,0.743408203125,-1.07574462890625,9.94354248046875,1.7755126953125,1.73309326171875,1.76925659179688,1.4642333984375
20.797290802002,0.001068115234375,-0.095062255859375,0.953826904296875,-0.2508544921875,0.85235595703125,10.2694702148438,1.90567016601562,1.57821655273438,1.88125610351562,1.38015747070312
20.8090608119965,0.105743408203125,-0.099334716796875,1.00616455078125,-0.80291748046875,2.23846435546875,9.664306640625,1.80465698242188,1.67236328125,1.84951782226562,1.4202880859375
20.8198478221893,0.176239013671875,-0.090789794921875,0.917510986328125,-0.6463623046875,2.0050048828125,10.8746337890625,1.89590454101562,1.5863037109375,1.98257446289062,1.28829956054688
20.8299753665924,0.12603759765625,-0.180511474609375,1.16317749023438,0.51910400390625,-0.24993896484375,11.1355590820312,1.57760620117188,1.85317993164062,1.68869018554688,1.63284301757812
20.839968919754,0.005340576171875,-0.208282470703125,1.0894775390625,1.96929931640625,-0.30029296875,9.957275390625,1.69448852539062,1.71783447265625,1.75003051757812,1.5875244140625
20.8458480834961,0.18798828125,-0.317230224609375,1.07879638671875,1.40899658203125,-0.22064208984375,10.7244873046875,1.61666870117188,1.746826171875,1.84921264648438,1.54129028320312
20.8598399162292,-0.065155029296875,-0.15167236328125,0.98480224609375,-0.55206298828125,-1.47308349609375,10.8956909179688,1.861572265625,1.59759521484375,1.83685302734375,1.45950317382812
20.8661751747131,-0.001068115234375,-0.129241943359375,1.0040283203125,0.216064453125,0.57861328125,9.99481201171875,1.82464599609375,1.65603637695312,1.82373046875,1.4544677734375
20.8910810947418,0.186920166015625,-0.0640869140625,0.998687744140625,-1.8878173828125,0.29296875,10.506591796875,1.7999267578125,1.73233032226562,1.8597412109375,1.36764526367188
20.8929731845856,-0.0299072265625,-0.144195556640625,0.9912109375,-2.523193359375,0.6024169921875,11.707763671875,1.8408203125,1.63803100585938,1.8304443359375,1.45111083984375
20.8989667892456,-0.10040283203125,-0.315093994140625,1.16744995117188,-2.19818115234375,0.59234619140625,11.7984008789062,1.58447265625,1.79306030273438,1.64459228515625,1.7437744140625
20.9098854064941,-0.099334716796875,-0.210418701171875,1.102294921875,-1.80084228515625,-0.325927734375,11.6354370117188,1.70166015625,1.74285888671875,1.68594360351562,1.63787841796875
20.9168927669525,-0.2349853515625,-0.077972412109375,1.02859497070312,-1.051025390625,-0.3863525390625,11.41845703125,1.88064575195312,1.64688110351562,1.69952392578125,1.54754638671875
20.9260413646698,-0.20294189453125,-0.22216796875,0.93994140625,0.52276611328125,0.6866455078125,9.95361328125,1.93878173828125,1.50100708007812,1.86294555664062,1.47186279296875
20.9389996528625,-0.204010009765625,-0.34393310546875,1.09695434570312,-0.3973388671875,-0.2362060546875,11.1996459960938,1.70364379882812,1.66213989257812,1.70578002929688,1.70318603515625
20.9466361999512,-0.13671875,-0.22857666015625,0.915374755859375,-1.62322998046875,-3.69964599609375,11.063232421875,1.9537353515625,1.48345947265625,1.91116333007812,1.4263916015625
20.9581506252289,-0.163421630859375,-0.118560791015625,1.04995727539062,-1.204833984375,-3.09356689453125,11.370849609375,1.837158203125,1.66061401367188,1.70150756835938,1.58096313476562
20.967912197113,-0.214691162109375,-0.095062255859375,1.0296630859375,-1.6424560546875,-1.13800048828125,11.1337280273438,1.89193725585938,1.61300659179688,1.70379638671875,1.57211303710938
20.9961550235748,-0.167694091796875,-0.092926025390625,0.94207763671875,0.01373291015625,2.14141845703125,8.9410400390625,2.00408935546875,1.50253295898438,1.81594848632812,1.46560668945312
21.006847858429,-0.02349853515625,-0.003204345703125,1.17279052734375,-0.4302978515625,0.5841064453125,9.07562255859375,1.7218017578125,1.82968139648438,1.52816772460938,1.70684814453125
21.0168862342834,-0.15594482421875,-0.068359375,0.965576171875,0.0054931640625,-1.50604248046875,8.73779296875,2.000732421875,1.49948120117188,1.7626953125,1.51809692382812
21.0269734859467,-0.050201416015625,-0.1580810546875,1.08734130859375,-0.5328369140625,1.4007568359375,8.953857421875,1.78878784179688,1.66046142578125,1.66839599609375,1.66336059570312
21.0373575687408,0.060882568359375,-0.101470947265625,0.983734130859375,-0.92010498046875,2.30438232421875,10.9423828125,1.90399169921875,1.57058715820312,1.82235717773438,1.48956298828125
21.0471806526184,0.195465087890625,-0.0299072265625,1.07879638671875,0.8990478515625,-0.853271484375,11.07421875,1.76055908203125,1.73614501953125,1.72454833984375,1.56997680664062
21.0570816993713,0.27557373046875,0.02777099609375,1.13540649414062,0.7635498046875,-3.5137939453125,9.87030029296875,1.68060302734375,1.82083129882812,1.66580200195312,1.63833618164062
21.066383600235,0.265960693359375,-0.058746337890625,1.07666015625,0.74066162109375,-0.81573486328125,9.580078125,1.724853515625,1.71463012695312,1.76589965820312,1.6009521484375
21.0874533653259,0.293731689453125,-0.221099853515625,1.04782104492188,-2.1514892578125,-1.14715576171875,10.7968139648438,1.69921875,1.6436767578125,1.86203002929688,1.60858154296875
21.1044671535492,0.353546142578125,-0.0897216796875,1.0296630859375,-1.0491943359375,1.50421142578125,10.2850341796875,1.74072265625,1.67633056640625,1.861572265625,1.5350341796875
21.1071588993073,0.411224365234375,-0.0384521484375,0.96771240234375,-2.647705078125,0.90911865234375,10.6173706054688,1.81167602539062,1.63223266601562,1.94564819335938,1.42730712890625
21.1161365509033,0.29693603515625,0.075836181640625,0.97198486328125,-0.21697998046875,0.5218505859375,10.5184936523438,1.86264038085938,1.63406372070312,1.87667846679688,1.44012451171875
21.1271135807037,0.36529541015625,0.02777099609375,1.01898193359375,1.168212890625,1.38153076171875,9.35943603515625,1.76254272460938,1.70608520507812,1.85623168945312,1.4886474609375
21.1379342079163,0.513763427734375,-0.0299072265625,1.05636596679688,0.37078857421875,0.5859375,9.43359375,1.65252685546875,1.78390502929688,1.8682861328125,1.50634765625
21.1478295326233,0.4998779296875,0.0341796875,1.06704711914062,0.93841552734375,-1.6534423828125,9.31365966796875,1.663818359375,1.81060791015625,1.83120727539062,1.50543212890625
21.157205581665,0.333251953125,0.041656494140625,1.09588623046875,0.93658447265625,0.09979248046875,8.68743896484375,1.67724609375,1.79153442382812,1.74728393554688,1.59103393554688
21.171000957489,0.3802490234375,0.04486083984375,1.09588623046875,-0.4010009765625,-0.62530517578125,9.517822265625,1.66259765625,1.8115234375,1.75949096679688,1.571044921875
21.1869382858276,0.341796875,0.11322021484375,1.18667602539062,-0.9503173828125,-2.59552001953125,10.9890747070312,1.58004760742188,1.94137573242188,1.61163330078125,1.67190551757812
21.190988779068,0.193328857421875,0.12603759765625,1.03607177734375,0.4833984375,-1.1846923828125,10.7052612304688,1.81320190429688,1.70928955078125,1.75506591796875,1.527099609375
21.2025148868561,0.2947998046875,0.178375244140625,0.936737060546875,-0.4632568359375,1.2799072265625,9.68719482421875,1.92001342773438,1.63787841796875,1.88980102539062,1.3507080078125
21.2121007442474,0.310821533203125,0.21575927734375,1.0595703125,-0.9320068359375,-0.34332275390625,10.7318115234375,1.77200317382812,1.81488037109375,1.73248291015625,1.47903442382812
21.2188746929169,0.231781005859375,0.1409912109375,0.960235595703125,-1.72393798828125,-1.856689453125,10.7437133789062,1.89453125,1.64459228515625,1.85791015625,1.40151977539062
21.2300360202789,0.199737548828125,0.10894775390625,1.1962890625,-0.281982421875,-1.46759033203125,11.0000610351562,1.60781860351562,1.93450927734375,1.55990600585938,1.688232421875
21.238162279129,0.161285400390625,0.084381103515625,1.07559204101562,0.0457763671875,-0.032958984375,9.2816162109375,1.76132202148438,1.76681518554688,1.70379638671875,1.55059814453125
21.2503628730774,0.20294189453125,0.0726318359375,1.12045288085938,-1.4208984375,-1.0986328125,10.546875,1.69189453125,1.8389892578125,1.66213989257812,1.58477783203125
21.2680335044861,0.092926025390625,0.09613037109375,0.964508056640625,-1.16455078125,0.74981689453125,10.667724609375,1.937255859375,1.6375732421875,1.80313110351562,1.39572143554688
21.2778880596161,0.162353515625,0.19012451171875,1.00509643554688,0.08331298828125,0.21240234375,11.8798828125,1.90170288085938,1.74407958984375,1.73965454101562,1.3885498046875
21.3000729084015,0.169830322265625,-0.011749267578125,0.979461669921875,-2.4041748046875,1.014404296875,10.8563232421875,1.87149047851562,1.65939331054688,1.83273315429688,1.40716552734375
21.3292427062988,0.035247802734375,0.003204345703125,1.04034423828125,-0.22979736328125,0.3076171875,10.6585693359375,1.842041015625,1.70333862304688,1.71051025390625,1.51473999023438
21.3388338088989,0.18585205078125,-0.09613037109375,1.03607177734375,0.40283203125,0.43487548828125,10.7501220703125,1.783447265625,1.72164916992188,1.77703857421875,1.48544311523438
21.3468234539032,0.208282470703125,-0.227508544921875,1.07879638671875,1.1993408203125,-2.40875244140625,9.642333984375,1.6815185546875,1.74728393554688,1.77322387695312,1.56784057617188
21.3577451705933,0.197601318359375,-0.2392578125,1.09695434570312,1.06201171875,-1.03729248046875,8.38714599609375,1.65618896484375,1.7620849609375,1.7498779296875,1.6009521484375
21.3677923679352,0.184783935546875,-0.3289794921875,1.12152099609375,0.08880615234375,0.208740234375,8.8751220703125,1.597900390625,1.75643920898438,1.75018310546875,1.66778564453125
21.3779640197754,0.229644775390625,-0.210418701171875,1.1407470703125,-1.50604248046875,-1.50054931640625,9.66156005859375,1.591796875,1.81610107421875,1.71768188476562,1.65542602539062
21.3930251598358,0.101470947265625,-0.255279541015625,0.98052978515625,-0.33416748046875,-0.4376220703125,10.0735473632812,1.81411743164062,1.56173706054688,1.89559936523438,1.50955200195312
21.3977913856506,0.259552001953125,-0.289459228515625,1.08840942382812,-0.201416015625,-0.43670654296875,10.693359375,1.61865234375,1.715087890625,1.8231201171875,1.62887573242188
21.4078328609467,0.345001220703125,-0.161285400390625,1.05316162109375,0.2142333984375,-1.636962890625,11.8478393554688,1.67251586914062,1.72821044921875,1.85882568359375,1.5277099609375
21.4178671836853,0.213623046875,-0.133514404296875,1.01150512695312,-0.5401611328125,-1.893310546875,11.0980224609375,1.77032470703125,1.63848876953125,1.86538696289062,1.51168823242188
21.4264950752258,0.225372314453125,-0.272369384765625,1.09588623046875,0.509033203125,-0.53924560546875,9.74853515625,1.61544799804688,1.70623779296875,1.80526733398438,1.65725708007812
21.4388539791107,0.31829833984375,-0.12176513671875,1.06491088867188,0.99334716796875,-2.14141845703125,10.543212890625,1.66946411132812,1.729736328125,1.8243408203125,1.5533447265625
21.4466471672058,0.101470947265625,0.013885498046875,0.96771240234375,2.178955078125,-1.14990234375,10.2255249023438,1.8890380859375,1.5692138671875,1.85760498046875,1.4697265625
21.4578235149384,0.030975341796875,0.08544921875,1.04888916015625,2.92877197265625,-0.24261474609375,9.07379150390625,1.8267822265625,1.65969848632812,1.71829223632812,1.58248901367188
21.4698023796082,0.13885498046875,-0.095062255859375,1.10549926757812,2.19268798828125,-0.61065673828125,10.5029296875,1.66473388671875,1.70379638671875,1.74423217773438,1.67938232421875
21.4779679775238,0.21148681640625,-0.04486083984375,1.04461669921875,0.70220947265625,-0.40191650390625,11.1172485351562,1.737060546875,1.661376953125,1.82281494140625,1.56997680664062
21.509890794754,0.223236083984375,-0.022430419921875,0.96771240234375,0.054931640625,-1.11328125,11.0879516601562,1.8377685546875,1.57516479492188,1.912841796875,1.46392822265625
21.5133833885193,0.272369384765625,-0.1837158203125,1.07131958007812,0.6756591796875,0.37353515625,9.320068359375,1.64443969726562,1.67434692382812,1.84844970703125,1.62246704101562
21.5138511657715,0.2947998046875,0.0982666015625,1.06918334960938,3.0963134765625,0.58685302734375,7.6593017578125,1.7291259765625,1.75933837890625,1.767578125,1.53366088867188
21.5158851146698,0.17303466796875,-0.045928955078125,1.06170654296875,4.779052734375,2.05078125,7.78656005859375,1.73416137695312,1.68182373046875,1.7767333984375,1.59317016601562
21.5287787914276,0.268096923828125,0.05767822265625,0.985870361328125,3.314208984375,1.54266357421875,8.83392333984375,1.83563232421875,1.65817260742188,1.86294555664062,1.43051147460938
21.5391006469727,0.27130126953125,0.050201416015625,1.07452392578125,1.0546875,1.16180419921875,9.393310546875,1.7230224609375,1.76773071289062,1.75567626953125,1.54083251953125
21.5467855930328,0.38665771484375,0.1409912109375,1.1322021484375,-1.3677978515625,-2.8912353515625,8.72314453125,1.64215087890625,1.92367553710938,1.68624877929688,1.53274536132812
21.5560092926025,0.45928955078125,0.19012451171875,1.18026733398438,-1.55548095703125,-6.62841796875,8.9154052734375,1.57394409179688,2.02926635742188,1.6314697265625,1.54708862304688
21.5779242515564,0.261688232421875,0.162353515625,1.17599487304688,1.875,-4.163818359375,8.1243896484375,1.62460327148438,1.95938110351562,1.59454345703125,1.60171508789062
21.5888242721558,0.195465087890625,0.048065185546875,1.04248046875,1.69281005859375,-0.531005859375,8.58489990234375,1.7681884765625,1.73965454101562,1.78359985351562,1.48818969726562
21.5988643169403,0.230712890625,0.142059326171875,1.05316162109375,1.83929443359375,0.46417236328125,9.39605712890625,1.77261352539062,1.79351806640625,1.75552368164062,1.46087646484375
21.606837272644,0.056610107421875,0.3460693359375,0.93353271484375,3.14117431640625,1.285400390625,9.78424072265625,2.03399658203125,1.65618896484375,1.79183959960938,1.29730224609375
21.6208434104919,0.244598388671875,0.045928955078125,1.00082397460938,0.633544921875,-0.95672607421875,9.05548095703125,1.80282592773438,1.71524047851562,1.85623168945312,1.40182495117188
21.6291184425354,0.2606201171875,0.116424560546875,1.01364135742188,-0.07781982421875,-3.0303955078125,9.22119140625,1.80465698242188,1.75949096679688,1.822509765625,1.38885498046875
21.6361992359161,0.167694091796875,0.071563720703125,1.06704711914062,1.571044921875,-5.80902099609375,9.60113525390625,1.74667358398438,1.78298950195312,1.74301147460938,1.49856567382812
21.6469736099243,0.101470947265625,-0.0341796875,1.03607177734375,2.7557373046875,-5.09033203125,9.6240234375,1.7718505859375,1.69448852539062,1.79656982421875,1.5093994140625
21.6682004928589,0.011749267578125,-0.1153564453125,0.985870361328125,0.2691650390625,2.18994140625,10.5056762695312,1.83700561523438,1.5789794921875,1.86019897460938,1.49459838867188
21.678204536438,0.101470947265625,-0.16021728515625,0.985870361328125,-0.58135986328125,2.08282470703125,11.1749267578125,1.79473876953125,1.5899658203125,1.89712524414062,1.48330688476562
21.6861710548401,0.035247802734375,-0.340728759765625,1.016845703125,-2.77130126953125,1.1041259765625,11.7755126953125,1.71417236328125,1.55929565429688,1.90322875976562,1.591796875
21.7069618701935,0.05340576171875,-0.199737548828125,1.2091064453125,1.083984375,-2.93060302734375,9.86846923828125,1.5130615234375,1.84585571289062,1.6241455078125,1.78512573242188
21.716100692749,0.0042724609375,-0.1837158203125,0.99334716796875,2.281494140625,-1.54998779296875,10.2557373046875,1.80130004882812,1.55929565429688,1.8804931640625,1.534423828125
21.7279076576233,0.04486083984375,-0.1409912109375,0.917510986328125,2.076416015625,-0.33416748046875,10.0241088867188,1.89163208007812,1.48941040039062,1.9793701171875,1.41891479492188
21.7368056774139,0.103607177734375,-0.0811767578125,0.953826904296875,1.072998046875,0.63079833984375,11.6134643554688,1.84814453125,1.57073974609375,1.93161010742188,1.4288330078125
21.7468733787537,0.204010009765625,-0.076904296875,0.96771240234375,-0.37078857421875,-1.197509765625,11.55029296875,1.8048095703125,1.6180419921875,1.9427490234375,1.41769409179688
21.7562518119812,0.21148681640625,0.059814453125,1.051025390625,-1.48040771484375,-3.2611083984375,10.2337646484375,1.74148559570312,1.76040649414062,1.79946899414062,1.48178100585938
21.7678430080414,0.1666259765625,0.043792724609375,1.05316162109375,-0.78643798828125,-3.50555419921875,11.16943359375,1.74453735351562,1.74392700195312,1.7926025390625,1.5069580078125
21.7758595943451,0.180511474609375,-0.259552001953125,1.016845703125,-2.00408935546875,-2.88848876953125,8.66912841796875,1.69036865234375,1.6168212890625,1.937255859375,1.54373168945312
21.7868711948395,0.127105712890625,-0.110015869140625,1.04995727539062,-0.16845703125,-2.25128173828125,7.3114013671875,1.705322265625,1.6802978515625,1.8353271484375,1.56463623046875
21.798778295517,0.19866943359375,-0.13885498046875,1.1749267578125,-2.186279296875,-2.56072998046875,10.147705078125,1.517333984375,1.84188842773438,1.71035766601562,1.71463012695312
21.8057651519775,-0.0811767578125,0.253143310546875,1.07025146484375,-1.09130859375,-2.5726318359375,9.4134521484375,1.851806640625,1.7327880859375,1.63848876953125,1.56097412109375
21.8163502216339,0.048065185546875,0.17730712890625,1.03607177734375,1.6717529296875,0.7965087890625,8.31573486328125,1.82952880859375,1.7120361328125,1.74545288085938,1.49871826171875
21.825790643692,0.32470703125,0.1409912109375,0.9698486328125,-1.58111572265625,-3.1475830078125,9.76593017578125,1.82022094726562,1.70623779296875,1.92352294921875,1.33895874023438
21.836302280426,0.174102783203125,0.17303466796875,1.06063842773438,-1.50787353515625,-3.8140869140625,11.7086791992188,1.76040649414062,1.78131103515625,1.756591796875,1.490478515625
21.8472726345062,0.058746337890625,0.09185791015625,1.04141235351562,-0.31768798828125,-2.69989013671875,10.8059692382812,1.78909301757812,1.697998046875,1.77291870117188,1.52557373046875
21.8558037281036,-0.005340576171875,0.212554931640625,1.24862670898438,-0.54931640625,-0.62255859375,11.7974853515625,1.58721923828125,1.96975708007812,1.45904541015625,1.773681640625
21.8671748638153,0.1837158203125,0.128173828125,1.136474609375,-1.63238525390625,-0.4010009765625,12.7230834960938,1.64764404296875,1.8646240234375,1.68121337890625,1.59561157226562
21.8773214817047,0.0299072265625,0.092926025390625,0.94635009765625,-2.48016357421875,2.1185302734375,11.2106323242188,1.9158935546875,1.568603515625,1.8853759765625,1.4166259765625
21.8858704566956,0.1025390625,0.15167236328125,0.9356689453125,-0.0238037109375,3.85528564453125,10.1742553710938,1.92581176757812,1.597900390625,1.90292358398438,1.35757446289062
21.9019560813904,0.189056396484375,0.159149169921875,0.9228515625,-0.38543701171875,2.46734619140625,9.7210693359375,1.9195556640625,1.61087036132812,1.94183349609375,1.31195068359375
21.909077167511,0.14312744140625,-0.127105712890625,1.05850219726562,-3.80401611328125,-3.41949462890625,12.5811767578125,1.67877197265625,1.6845703125,1.84738159179688,1.57577514648438
21.91912317276,0.03204345703125,0.075836181640625,1.12045288085938,-2.80242919921875,-2.867431640625,11.5475463867188,1.69647216796875,1.78512573242188,1.673583984375,1.63131713867188
21.9288249015808,0.13885498046875,0.122833251953125,1.1578369140625,-0.50994873046875,-1.88873291015625,11.4056396484375,1.63604736328125,1.87881469726562,1.63955688476562,1.6326904296875
21.9387574195862,0.035247802734375,0.114288330078125,1.00936889648438,0.20965576171875,-1.59759521484375,10.6045532226562,1.8475341796875,1.6558837890625,1.79931640625,1.48391723632812
21.9470145702362,0.088653564453125,0.1922607421875,0.9698486328125,1.83380126953125,-0.48980712890625,9.6697998046875,1.90902709960938,1.64779663085938,1.84005737304688,1.39190673828125
21.9588084220886,0.04913330078125,0.35675048828125,0.92071533203125,0.96954345703125,1.72210693359375,9.6807861328125,2.03521728515625,1.62261962890625,1.8359375,1.292724609375
21.9689059257507,0.21148681640625,0.218963623046875,0.98480224609375,3.06243896484375,-0.6646728515625,9.7998046875,1.86599731445312,1.7218017578125,1.84173583984375,1.3592529296875
21.9798488616943,0.144195556640625,-0.039520263671875,1.07559204101562,1.380615234375,0.01373291015625,9.47845458984375,1.68899536132812,1.74179077148438,1.78878784179688,1.56448364257812
21.9864871501923,0.024566650390625,-0.009613037109375,1.13754272460938,0.66558837890625,2.178955078125,7.41302490234375,1.65542602539062,1.78970336914062,1.66854858398438,1.67037963867188
21.9989154338837,0.04058837890625,0.287322998046875,1.13967895507812,1.2359619140625,2.9022216796875,8.57574462890625,1.74468994140625,1.885986328125,1.57150268554688,1.57806396484375
22.0073983669281,-0.15594482421875,0.377044677734375,1.07666015625,1.87042236328125,0.91094970703125,7.66937255859375,1.9036865234375,1.7755126953125,1.56753540039062,1.5350341796875
22.0161480903625,0.06622314453125,0.182647705078125,0.965576171875,3.17779541015625,3.10455322265625,7.99713134765625,1.91513061523438,1.654052734375,1.83197021484375,1.37664794921875
22.0271410942078,0.1239013671875,-0.159149169921875,0.934600830078125,-2.0654296875,3.33984375,10.177001953125,1.82998657226562,1.53564453125,1.99478149414062,1.41738891601562
22.0382714271545,0.2178955078125,0.162353515625,1.14822387695312,-0.3387451171875,0.47515869140625,11.3955688476562,1.63558959960938,1.91741943359375,1.65237426757812,1.56524658203125
22.0469624996185,0.065155029296875,-0.0384521484375,1.05636596679688,-1.29638671875,1.93267822265625,11.363525390625,1.72698974609375,1.69357299804688,1.787109375,1.55746459960938
22.0568432807922,0.099334716796875,0.137786865234375,1.1492919921875,1.79534912109375,5.1104736328125,10.3701782226562,1.6571044921875,1.8707275390625,1.62445068359375,1.61285400390625
22.0669713020325,0.22857666015625,-0.041656494140625,1.07025146484375,-0.3277587890625,0.8642578125,12.28271484375,1.66610717773438,1.7572021484375,1.82327270507812,1.52084350585938
22.0769951343536,0.016021728515625,-0.13885498046875,0.83740234375,-1.944580078125,1.38702392578125,10.9927368164062,1.98211669921875,1.35910034179688,2.09152221679688,1.34353637695312
22.086817741394,0.332183837890625,-0.008544921875,1.0040283203125,2.11669921875,2.23480224609375,10.0579833984375,1.72500610351562,1.69708251953125,1.9287109375,1.41525268554688
22.0978455543518,0.04058837890625,-0.221099853515625,1.07666015625,-1.37969970703125,4.1033935546875,10.107421875,1.64764404296875,1.63421630859375,1.83486938476562,1.66351318359375
22.106029510498,0.14312744140625,-0.07904052734375,1.27426147460938,-0.8734130859375,0.95947265625,11.0321044921875,1.41128540039062,1.94610595703125,1.57745361328125,1.846923828125
22.1160063743591,0.13458251953125,-0.2178955078125,1.21871948242188,-4.4036865234375,-0.4119873046875,11.1785888671875,1.43524169921875,1.8365478515625,1.68807983398438,1.81961059570312
22.1278865337372,0.07904052734375,-0.016021728515625,0.880126953125,-0.88531494140625,0.73516845703125,11.480712890625,1.93389892578125,1.45034790039062,2.03720092773438,1.36199951171875
22.1389787197113,0.0640869140625,-0.05767822265625,0.94207763671875,-2.52044677734375,-3.5467529296875,11.79931640625,1.844482421875,1.50390625,1.96868896484375,1.4654541015625
22.1465394496918,0.035247802734375,0.0897216796875,0.975189208984375,0.5804443359375,-4.63165283203125,11.165771484375,1.85760498046875,1.57882690429688,1.87240600585938,1.47369384765625
22.1581447124481,0.092926025390625,0.18585205078125,0.97412109375,2.5213623046875,-1.07025146484375,10.4095458984375,1.86996459960938,1.62078857421875,1.864013671875,1.43020629882812
22.1668887138367,-0.03204345703125,-0.001068115234375,1.10122680664062,1.96197509765625,1.29364013671875,9.84283447265625,1.680908203125,1.6802978515625,1.72866821289062,1.69189453125
22.1788535118103,0.005340576171875,0.00640869140625,1.06277465820312,2.31353759765625,1.080322265625,8.81195068359375,1.72225952148438,1.65023803710938,1.78543090820312,1.6253662109375
22.1888530254364,-0.13458251953125,0.105743408203125,1.16958618164062,4.22515869140625,2.838134765625,6.20361328125,1.65740966796875,1.76605224609375,1.580810546875,1.7767333984375
22.1990253925323,-0.148468017578125,0.31402587890625,1.1322021484375,2.5927734375,2.48931884765625,4.60784912109375,1.7694091796875,1.77139282226562,1.561279296875,1.68197631835938
22.2080638408661,-0.176239013671875,0.577850341796875,1.15997314453125,1.9683837890625,1.98944091796875,5.6597900390625,1.82708740234375,1.87088012695312,1.43585205078125,1.650390625
22.2178518772125,0.07476806640625,0.372772216796875,1.01043701171875,-0.66558837890625,-0.11444091796875,9.217529296875,1.87179565429688,1.69387817382812,1.76376342773438,1.456298828125
22.2260673046112,0.03204345703125,0.14739990234375,1.05422973632812,-2.4462890625,-1.30645751953125,11.3040161132812,1.75765991210938,1.6693115234375,1.763916015625,1.59164428710938
22.2368867397308,0.03631591796875,0.38665771484375,0.95489501953125,1.72210693359375,-0.12451171875,8.88153076171875,1.96014404296875,1.61331176757812,1.8109130859375,1.39480590820312
22.2648870944977,0.133514404296875,0.205078125,1.03073120117188,-1.3677978515625,1.48773193359375,9.74761962890625,1.78619384765625,1.69937133789062,1.79458618164062,1.49917602539062
22.2661278247833,0.1495361328125,0.3375244140625,0.970916748046875,0.35888671875,1.1224365234375,11.1923217773438,1.89773559570312,1.66748046875,1.832275390625,1.3818359375
22.2668507099152,0.146331787109375,0.139923095703125,1.01791381835938,-1.2286376953125,-0.04669189453125,11.8093872070312,1.78176879882812,1.67816162109375,1.8292236328125,1.483154296875
22.2769129276276,0.0982666015625,0.39520263671875,1.00723266601562,1.329345703125,-1.00433349609375,10.6997680664062,1.89178466796875,1.7254638671875,1.74758911132812,1.40335083007812
22.3078234195709,0.093994140625,0.2264404296875,1.162109375,-0.41290283203125,-1.02447509765625,10.125732421875,1.649169921875,1.87698364257812,1.60125732421875,1.636962890625
22.3089063167572,0.101470947265625,0.233917236328125,1.0595703125,1.85302734375,0.487060546875,7.61993408203125,1.77597045898438,1.7620849609375,1.729736328125,1.49642944335938
22.317889213562,0.212554931640625,0.189056396484375,1.07666015625,0.8331298828125,1.1041259765625,9.649658203125,1.70150756835938,1.817626953125,1.76345825195312,1.48422241210938
22.3279271125793,0.212554931640625,0.27130126953125,1.02432250976562,-0.16845703125,-0.25543212890625,9.83367919921875,1.7852783203125,1.77566528320312,1.80557250976562,1.40335083007812
22.3363268375397,0.11322021484375,0.22857666015625,0.970916748046875,0.4083251953125,-0.22979736328125,10.3482055664062,1.86737060546875,1.66488647460938,1.85867309570312,1.37893676757812
22.3469734191895,0.084381103515625,0.142059326171875,0.9869384765625,0.43487548828125,1.24603271484375,9.89227294921875,1.82601928710938,1.65237426757812,1.85653686523438,1.43341064453125
22.3570454120636,0.225372314453125,0.024566650390625,1.12258911132812,-2.27325439453125,-1.84478759765625,11.2371826171875,1.57958984375,1.83792114257812,1.76345825195312,1.58721923828125
22.3670868873596,0.1153564453125,0.013885498046875,1.102294921875,-4.31396484375,-4.68292236328125,12.1646118164062,1.63116455078125,1.77505493164062,1.76055908203125,1.59820556640625
22.3759093284607,0.009613037109375,0.127105712890625,1.11297607421875,-1.04461669921875,-2.56988525390625,11.3241577148438,1.68685913085938,1.78924560546875,1.6802978515625,1.60858154296875
22.3860106468201,-0.026702880859375,0.06622314453125,1.04248046875,-0.3460693359375,0.8203125,10.4782104492188,1.7681884765625,1.67388916015625,1.77276611328125,1.54556274414062
22.4023826122284,0.041656494140625,0.067291259765625,1.04354858398438,0.03753662109375,-0.41473388671875,10.986328125,1.74880981445312,1.69601440429688,1.79122924804688,1.52435302734375
22.4100422859192,-0.17303466796875,0.163421630859375,1.03927612304688,2.85552978515625,0.98236083984375,8.8238525390625,1.85211181640625,1.650390625,1.70211791992188,1.55258178710938
22.4170558452606,-0.039520263671875,0.162353515625,0.926055908203125,5.6689453125,2.29156494140625,8.5235595703125,1.95419311523438,1.55181884765625,1.88125610351562,1.36978149414062
22.4263217449188,-0.05767822265625,-0.0726318359375,1.07772827148438,-0.164794921875,-0.23345947265625,10.9844970703125,1.70379638671875,1.6693115234375,1.75537109375,1.62628173828125
22.4372868537903,-0.161285400390625,0.18157958984375,1.03073120117188,1.944580078125,0.11810302734375,10.4525756835938,1.87271118164062,1.65008544921875,1.70455932617188,1.52740478515625
22.4679143428802,-0.0555419921875,0.332183837890625,1.025390625,-0.43121337890625,1.76055908203125,10.3262329101562,1.90139770507812,1.71890258789062,1.68487548828125,1.444091796875
22.4687457084656,-0.069427490234375,0.071563720703125,1.04248046875,-1.93817138671875,0.83221435546875,10.7427978515625,1.80221557617188,1.661376953125,1.74209594726562,1.5435791015625
22.4768736362457,-0.1324462890625,0.050201416015625,1.0296630859375,0.54840087890625,0.57220458984375,9.517822265625,1.83563232421875,1.62384033203125,1.74163818359375,1.54647827148438
22.4869072437286,0.069427490234375,0.076904296875,1.01043701171875,1.85577392578125,0.92376708984375,9.6240234375,1.80953979492188,1.671142578125,1.81243896484375,1.45126342773438
22.5121159553528,-0.30548095703125,0.180511474609375,1.11083984375,0.245361328125,-0.377197265625,9.19097900390625,1.8145751953125,1.71981811523438,1.55807495117188,1.66397094726562
22.5168995857239,-0.16876220703125,0.011749267578125,1.06704711914062,-2.08282470703125,2.77496337890625,10.0241088867188,1.77688598632812,1.66091918945312,1.7041015625,1.6143798828125
22.5273816585541,0.028839111328125,0.191192626953125,1.12579345703125,0.0164794921875,2.94342041015625,9.7467041015625,1.70730590820312,1.83547973632812,1.6229248046875,1.600341796875
22.5370199680328,-0.003204345703125,0.06195068359375,1.04995727539062,0.00274658203125,1.57379150390625,9.99664306640625,1.7779541015625,1.68991088867188,1.74392700195312,1.5533447265625
22.5478570461273,-0.020294189453125,-0.020294189453125,0.98480224609375,0.65277099609375,1.351318359375,8.97125244140625,1.84585571289062,1.57760620117188,1.83975219726562,1.49948120117188
22.5567607879639,0.225372314453125,0.054473876953125,1.04354858398438,1.16729736328125,-0.30303955078125,9.7119140625,1.73385620117188,1.75247192382812,1.80511474609375,1.47369384765625
22.5668969154358,0.018157958984375,-0.07476806640625,1.07986450195312,-2.9278564453125,-0.93658447265625,10.7565307617188,1.70669555664062,1.69570922851562,1.74179077148438,1.62109375
22.5789530277252,0.103607177734375,0.2008056640625,1.07131958007812,1.68914794921875,-0.71868896484375,9.9114990234375,1.78558349609375,1.79489135742188,1.68548583984375,1.49749755859375
22.5880408287048,0.041656494140625,0.00213623046875,1.07452392578125,0.32135009765625,1.39984130859375,9.48028564453125,1.73599243164062,1.72348022460938,1.7266845703125,1.57745361328125
22.5973501205444,0.1922607421875,-0.030975341796875,1.04461669921875,0.45501708984375,1.16363525390625,9.77783203125,1.72149658203125,1.72714233398438,1.8157958984375,1.49734497070312
22.6060056686401,0.068359375,0.001068115234375,1.09268188476562,-0.0384521484375,-0.46417236328125,9.9151611328125,1.70364379882812,1.75521850585938,1.71066284179688,1.59805297851562
22.6178603172302,0.199737548828125,0.009613037109375,1.18560791015625,1.885986328125,0.74615478515625,8.056640625,1.55364990234375,1.91375732421875,1.62841796875,1.6693115234375
22.6259143352509,0.2862548828125,0.116424560546875,1.03607177734375,5.877685546875,2.354736328125,7.72613525390625,1.74331665039062,1.78787231445312,1.806640625,1.43112182617188
22.6390516757965,0.116424560546875,-0.052337646484375,1.09268188476562,3.84246826171875,-0.1959228515625,9.0582275390625,1.66244506835938,1.75262451171875,1.74209594726562,1.60781860351562
22.6459584236145,0.11322021484375,-0.045928955078125,1.27426147460938,1.7413330078125,-5.20751953125,10.792236328125,1.43936157226562,1.98013305664062,1.51275634765625,1.8328857421875
22.6622684001923,0.054473876953125,-0.045928955078125,1.07986450195312,0.90545654296875,-4.33319091796875,9.87396240234375,1.69921875,1.72348022460938,1.73843383789062,1.6015625
22.6659100055695,0.022430419921875,0.03631591796875,1.0211181640625,-0.33782958984375,-2.90130615234375,10.4736328125,1.80862426757812,1.6619873046875,1.77825927734375,1.51382446289062
22.6767952442169,-0.037384033203125,0.050201416015625,0.827789306640625,0.4632568359375,-1.8896484375,9.75311279296875,2.0794677734375,1.41036987304688,1.99447631835938,1.27365112304688
22.6871995925903,0.008544921875,0.093994140625,0.83740234375,2.548828125,0.96771240234375,8.18939208984375,2.06863403320312,1.44821166992188,1.97967529296875,1.25747680664062
22.6968717575073,-0.003204345703125,0.04058837890625,0.9356689453125,0.63629150390625,2.69805908203125,9.41619873046875,1.937255859375,1.55426025390625,1.87164306640625,1.39419555664062
22.7079274654388,0.159149169921875,0.005340576171875,0.981597900390625,0.5712890625,-0.2911376953125,10.5734252929688,1.82281494140625,1.65206909179688,1.87225341796875,1.41006469726562
22.7177994251251,-0.001068115234375,-0.01495361328125,1.19415283203125,-0.62164306640625,-0.79925537109375,10.7089233398438,1.60186767578125,1.85989379882812,1.56448364257812,1.73080444335938
22.726904630661,-0.018157958984375,-0.007476806640625,1.2432861328125,0.31494140625,-1.33941650390625,9.77783203125,1.54434204101562,1.91635131835938,1.49429321289062,1.80068969726562
22.7367889881134,-0.10467529296875,-0.048065185546875,1.11724853515625,0.06866455078125,-0.22247314453125,10.0570678710938,1.71493530273438,1.71875,1.64138793945312,1.68045043945312
22.7488944530487,-0.020294189453125,-0.29052734375,1.02325439453125,-0.65826416015625,0.57403564453125,9.7100830078125,1.73080444335938,1.55487060546875,1.85943603515625,1.611328125
22.7562544345856,-0.161285400390625,0.090789794921875,1.05422973632812,-0.6756591796875,1.20758056640625,9.90325927734375,1.85073852539062,1.65817260742188,1.6595458984375,1.59027099609375
22.7659163475037,0.03204345703125,0.05340576171875,1.00616455078125,-0.0238037109375,2.1624755859375,10.517578125,1.84295654296875,1.64138793945312,1.78802490234375,1.48727416992188
22.7759292125702,0.128173828125,0.06195068359375,0.904693603515625,1.80267333984375,-0.54473876953125,10.55419921875,1.95281982421875,1.5435791015625,1.93496704101562,1.32980346679688
22.7862992286682,0.0384521484375,-0.159149169921875,1.04888916015625,2.1697998046875,1.63787841796875,10.6842041015625,1.72988891601562,1.63116455078125,1.796875,1.60079956054688
22.7958843708038,0.162353515625,-0.10894775390625,1.15570068359375,0.41015625,0.71502685546875,10.118408203125,1.57699584960938,1.81854248046875,1.68319702148438,1.68014526367188
22.8059229850769,0.018157958984375,0.054473876953125,1.38748168945312,-0.977783203125,-0.57403564453125,10.0973510742188,1.38809204101562,2.10906982421875,1.295166015625,1.96640014648438
22.8178541660309,-0.042724609375,-0.13885498046875,1.051025390625,-0.889892578125,-1.080322265625,10.2218627929688,1.768798828125,1.6162109375,1.75872802734375,1.61911010742188
22.825775384903,-0.035247802734375,0.093994140625,1.00509643554688,-0.00091552734375,0.706787109375,10.6375122070312,1.90109252929688,1.62506103515625,1.74301147460938,1.4910888671875
22.8368971347809,0.099334716796875,-0.05340576171875,0.982666015625,0.0457763671875,1.98028564453125,11.3909912109375,1.84402465820312,1.59744262695312,1.85577392578125,1.46316528320312
22.8458569049835,0.082244873046875,0.018157958984375,0.990142822265625,0.07781982421875,3.04412841796875,10.8901977539062,1.86477661132812,1.62017822265625,1.81564331054688,1.45736694335938
22.8571190834045,0.116424560546875,0.037384033203125,1.04888916015625,-0.83221435546875,2.12677001953125,10.338134765625,1.78543090820312,1.72271728515625,1.7462158203125,1.50833129882812
22.8657546043396,0.124969482421875,0.0640869140625,1.06704711914062,-1.24969482421875,3.23822021484375,10.660400390625,1.76910400390625,1.75582885742188,1.71737670898438,1.5203857421875
22.8759768009186,0.278778076171875,0.024566650390625,1.11724853515625,0.4010009765625,1.44012451171875,10.8480834960938,1.63040161132812,1.89849853515625,1.72866821289062,1.51153564453125
22.8863396644592,0.15594482421875,-0.095062255859375,1.1151123046875,-0.79010009765625,-0.24993896484375,11.220703125,1.62948608398438,1.8231201171875,1.73416137695312,1.58233642578125
22.9032733440399,0.127105712890625,-0.1495361328125,1.136474609375,-0.79010009765625,-0.54656982421875,10.5926513671875,1.590576171875,1.81900024414062,1.71585083007812,1.64138793945312
22.9060354232788,0.103607177734375,0.131378173828125,1.1236572265625,0.57769775390625,-1.029052734375,11.0504150390625,1.70562744140625,1.84707641601562,1.63970947265625,1.575927734375
22.9159452915192,0.1025390625,-0.018157958984375,1.00723266601562,0.7891845703125,0.29388427734375,10.7418823242188,1.81198120117188,1.65069580078125,1.82937622070312,1.47613525390625
22.9260010719299,0.152740478515625,-0.1025390625,0.965576171875,1.0125732421875,0.50445556640625,10.198974609375,1.82235717773438,1.58065795898438,1.91818237304688,1.43585205078125
22.9381446838379,0.17303466796875,-0.073699951171875,1.04354858398438,0.413818359375,1.56280517578125,10.8709716796875,1.72775268554688,1.70440673828125,1.82159423828125,1.50894165039062
22.9469306468964,0.076904296875,-0.065155029296875,1.03713989257812,-0.1849365234375,-0.48065185546875,10.810546875,1.76559448242188,1.66839599609375,1.79977416992188,1.52908325195312
22.9661407470703,-0.0213623046875,-0.184783935546875,1.12472534179688,1.49505615234375,-2.64129638671875,9.79705810546875,1.62857055664062,1.76239013671875,1.71051025390625,1.67236328125
22.9769258499146,0.059814453125,-0.12603759765625,1.19308471679688,1.08306884765625,-0.31494140625,9.91058349609375,1.53488159179688,1.89697265625,1.63406372070312,1.7071533203125
22.9867677688599,0.0042724609375,-0.07049560546875,1.04568481445312,-0.8514404296875,-1.27899169921875,10.1010131835938,1.7523193359375,1.71096801757812,1.78436279296875,1.52542114257812
22.9970464706421,-0.00640869140625,-0.0640869140625,1.0211181640625,0.89996337890625,-0.36346435546875,9.91058349609375,1.77902221679688,1.69281005859375,1.81610107421875,1.48422241210938
23.0077297687531,-0.016021728515625,-0.1025390625,1.0638427734375,-0.941162109375,1.3165283203125,9.76593017578125,1.71310424804688,1.74209594726562,1.77871704101562,1.54312133789062
23.015909910202,0.060882568359375,-0.088653564453125,1.10015869140625,-0.36529541015625,-0.0128173828125,10.4205322265625,1.64657592773438,1.820068359375,1.75262451171875,1.55548095703125
23.0269768238068,0.0128173828125,-0.1580810546875,1.09909057617188,-0.8148193359375,-1.44287109375,9.94171142578125,1.636962890625,1.78817749023438,1.76788330078125,1.58645629882812
23.0374083518982,-0.10040283203125,-0.145263671875,1.07986450195312,1.007080078125,0.523681640625,8.8330078125,1.69677734375,1.73202514648438,1.75567626953125,1.59500122070312
23.0469250679016,-0.08758544921875,-0.231781005859375,1.12152099609375,2.14324951171875,1.98211669921875,10.0213623046875,1.61529541015625,1.76773071289062,1.73629760742188,1.66473388671875
23.0569889545441,-0.03204345703125,-0.137786865234375,1.07666015625,-1.8292236328125,-0.234375,10.6979370117188,1.68197631835938,1.75064086914062,1.77322387695312,1.5679931640625
23.0676047801971,-0.1025390625,-0.071563720703125,1.025390625,-0.3204345703125,-2.017822265625,10.301513671875,1.78466796875,1.67770385742188,1.80511474609375,1.5118408203125
23.0779912471771,-0.10467529296875,-0.1708984375,1.03500366210938,0.7232666015625,-0.274658203125,8.08685302734375,1.7388916015625,1.654052734375,1.82754516601562,1.563720703125
23.0868082046509,-0.054473876953125,-0.19866943359375,1.02645874023438,-0.2288818359375,1.37786865234375,9.89959716796875,1.728515625,1.6497802734375,1.86569213867188,1.55044555664062
23.0971302986145,-0.052337646484375,-0.127105712890625,1.02752685546875,1.49322509765625,-0.35614013671875,9.84649658203125,1.7510986328125,1.67129516601562,1.8359375,1.53610229492188
23.1079132556915,-0.206146240234375,-0.178375244140625,1.15570068359375,1.88323974609375,1.29547119140625,10.0286865234375,1.62246704101562,1.76651000976562,1.6485595703125,1.7578125
23.1172516345978,-0.24139404296875,-0.197601318359375,1.09909057617188,1.5966796875,3.3013916015625,10.0918579101562,1.70425415039062,1.67999267578125,1.7083740234375,1.70822143554688
23.1268775463104,-0.107879638671875,-0.09613037109375,1.17385864257812,0.24810791015625,0.230712890625,10.8444213867188,1.60919189453125,1.842041015625,1.61666870117188,1.73309326171875
23.1360249519348,-0.22216796875,-0.05126953125,1.07986450195312,-0.274658203125,-0.73883056640625,11.510009765625,1.77398681640625,1.70074462890625,1.6876220703125,1.63833618164062
23.1467461585999,-0.114288330078125,-0.063018798828125,1.13433837890625,0.16937255859375,-3.86993408203125,12.1481323242188,1.67465209960938,1.7962646484375,1.64810180664062,1.68258666992188
23.1575267314911,-0.182647705078125,-0.162353515625,1.204833984375,0.457763671875,-0.5987548828125,10.7437133789062,1.58477783203125,1.82952880859375,1.558837890625,1.832275390625
23.1668558120728,-0.0384521484375,-0.19439697265625,1.11404418945312,-0.68756103515625,-1.54632568359375,11.319580078125,1.65191650390625,1.748046875,1.7169189453125,1.68777465820312
23.1770825386047,-0.227508544921875,0.00213623046875,1.187744140625,2.10479736328125,-0.8770751953125,11.9082641601562,1.683349609375,1.82403564453125,1.500244140625,1.80099487304688
23.1868357658386,-0.16876220703125,-0.236053466796875,1.05743408203125,2.05902099609375,-1.09222412109375,10.7620239257812,1.759033203125,1.60598754882812,1.75079345703125,1.69204711914062
23.1968092918396,-0.165557861328125,-0.34820556640625,0.89935302734375,-0.71136474609375,-0.692138671875,9.7723388671875,1.92520141601562,1.37161254882812,1.97799682617188,1.52984619140625
23.207013130188,0.063018798828125,0.11749267578125,0.966644287109375,0.00091552734375,-1.35955810546875,11.7764282226562,1.9219970703125,1.66015625,1.81289672851562,1.41128540039062
23.2176442146301,-0.07904052734375,-0.111083984375,1.00616455078125,-1.55181884765625,-1.26434326171875,11.91650390625,1.84432983398438,1.5936279296875,1.79244995117188,1.57363891601562
23.2278769016266,-0.009613037109375,0.05126953125,1.04461669921875,-1.3751220703125,-0.362548828125,9.68536376953125,1.82876586914062,1.71188354492188,1.71096801757812,1.55471801757812
23.2368078231812,-0.024566650390625,0.0811767578125,0.9869384765625,-0.208740234375,-0.43487548828125,9.47845458984375,1.9140625,1.64108276367188,1.76483154296875,1.48239135742188
23.247545003891,0.0726318359375,-0.00640869140625,1.0125732421875,0.845947265625,-1.23687744140625,9.3109130859375,1.82769775390625,1.67495727539062,1.78726196289062,1.51016235351562
23.2579827308655,0.150604248046875,-0.145263671875,1.19522094726562,1.629638671875,0.76080322265625,9.0380859375,1.53366088867188,1.88873291015625,1.62490844726562,1.75262451171875
23.2679259777069,0.26702880859375,-0.182647705078125,1.33407592773438,0.43121337890625,0.51361083984375,9.33563232421875,1.32247924804688,2.08297729492188,1.48452758789062,1.91329956054688
23.2779841423035,0.2691650390625,-0.163421630859375,1.29989624023438,0.684814453125,0.4888916015625,10.01220703125,1.3677978515625,2.049560546875,1.5216064453125,1.86508178710938
23.2880671024323,0.142059326171875,-0.23712158203125,1.187744140625,-0.73516845703125,-0.772705078125,10.166015625,1.51824951171875,1.84432983398438,1.6497802734375,1.788330078125
23.2978672981262,0.1580810546875,-0.2392578125,1.05636596679688,-0.8441162109375,1.55914306640625,10.3555297851562,1.67648315429688,1.68075561523438,1.81732177734375,1.62841796875
23.3078846931458,0.139923095703125,-0.261688232421875,0.90576171875,-2.10205078125,3.17047119140625,9.97283935546875,1.8658447265625,1.48056030273438,2.00332641601562,1.45339965820312
23.3168070316315,0.18798828125,0.028839111328125,0.8502197265625,-2.314453125,3.3123779296875,9.11590576171875,2.01141357421875,1.50665283203125,1.99935913085938,1.2872314453125
23.3360855579376,0.236053466796875,0.02349853515625,0.941009521484375,-2.40142822265625,4.5611572265625,9.89410400390625,1.87820434570312,1.632080078125,1.90017700195312,1.3897705078125
23.3400499820709,0.16448974609375,0.082244873046875,1.19415283203125,1.22314453125,3.1494140625,9.40155029296875,1.60186767578125,1.94305419921875,1.54403686523438,1.71112060546875
23.3478271961212,0.293731689453125,0.0213623046875,1.32766723632812,2.98370361328125,1.4483642578125,9.31640625,1.3739013671875,2.13134765625,1.43798828125,1.85043334960938
23.3589172363281,0.306549072265625,-0.13671875,1.34902954101562,3.0267333984375,-0.37445068359375,10.2877807617188,1.28890991210938,2.11441040039062,1.46820068359375,1.92611694335938
23.3683452606201,0.052337646484375,-0.274505615234375,1.290283203125,3.3233642578125,-0.699462890625,9.88494873046875,1.38946533203125,1.91757202148438,1.51321411132812,1.9805908203125
23.3777906894684,0.1324462890625,-0.28411865234375,1.04995727539062,0.62347412109375,0.49713134765625,10.4489135742188,1.6644287109375,1.63253784179688,1.8316650390625,1.66915893554688
23.3869028091431,0.28839111328125,-0.242462158203125,0.814971923828125,-0.6005859375,2.252197265625,10.3070068359375,1.92611694335938,1.39450073242188,2.15728759765625,1.31729125976562
23.4048540592194,0.259552001953125,-0.145263671875,0.620574951171875,2.07000732421875,4.1070556640625,9.656982421875,2.20748901367188,1.16928100585938,2.362060546875,1.0565185546875
23.40687084198,0.336456298828125,-0.163421630859375,0.8416748046875,2.640380859375,1.0931396484375,11.2545776367188,1.89407348632812,1.461181640625,2.115478515625,1.31973266601562
23.4189417362213,0.35888671875,-0.07904052734375,0.91217041015625,1.15814208984375,-0.4302978515625,11.75537109375,1.82708740234375,1.5802001953125,2.00790405273438,1.37527465820312
23.4278314113617,0.227508544921875,-0.08331298828125,1.08306884765625,1.9061279296875,-0.15472412109375,10.8297729492188,1.64093017578125,1.74423217773438,1.76116943359375,1.64108276367188
23.4368433952332,0.50201416015625,-0.18798828125,1.2774658203125,2.89398193359375,-1.6351318359375,10.4095458984375,1.282958984375,2.0416259765625,1.63284301757812,1.82586669921875
23.4471328258514,0.3118896484375,-0.251007080078125,1.29989624023438,3.1842041015625,-3.71978759765625,10.2557373046875,1.28433227539062,1.99066162109375,1.5802001953125,1.92825317382812
23.457713842392,0.075836181640625,-0.321502685546875,1.08413696289062,0.9906005859375,-2.93426513671875,11.3818359375,1.59454345703125,1.6192626953125,1.8096923828125,1.75430297851562
23.4672482013702,0.21148681640625,-0.430450439453125,1.1151123046875,-0.5584716796875,-2.12310791015625,9.788818359375,1.48239135742188,1.67068481445312,1.8438720703125,1.781005859375
23.4769721031189,0.03631591796875,-0.351409912109375,1.04248046875,-1.226806640625,-3.32061767578125,9.08935546875,1.63681030273438,1.53823852539062,1.86843872070312,1.72317504882812
23.4865760803223,-0.0042724609375,-0.257415771484375,0.9100341796875,1.61224365234375,0.62896728515625,10.360107421875,1.84005737304688,1.38092041015625,1.99188232421875,1.54586791992188
23.4969413280487,0.144195556640625,-0.242462158203125,1.02218627929688,-5.372314453125,-2.4920654296875,12.7825927734375,1.65756225585938,1.56753540039062,1.88949584960938,1.63558959960938
23.5067658424377,0.05767822265625,-0.045928955078125,1.07666015625,-4.65728759765625,-3.49822998046875,11.5347290039062,1.67343139648438,1.65542602539062,1.7315673828125,1.680908203125
23.5190382003784,-0.152740478515625,-0.221099853515625,0.92926025390625,-4.962158203125,1.1260986328125,10.902099609375,1.86172485351562,1.35589599609375,1.90963745117188,1.61407470703125
23.5281283855438,0.06195068359375,0.159149169921875,1.00296020507812,0.8111572265625,2.85919189453125,10.8078002929688,1.82525634765625,1.60629272460938,1.74942016601562,1.54052734375
23.5381941795349,0.026702880859375,0.163421630859375,1.07131958007812,-0.62347412109375,2.24853515625,10.8563232421875,1.75155639648438,1.68121337890625,1.65283203125,1.6357421875
23.5467767715454,0.432586669921875,0.118560791015625,1.00296020507812,-3.97705078125,0.95672607421875,11.103515625,1.70501708984375,1.69631958007812,1.85745239257812,1.44134521484375
23.5598545074463,0.2093505859375,0.1751708984375,1.14822387695312,-3.45245361328125,-1.69464111328125,11.9741821289062,1.605224609375,1.8243408203125,1.59271240234375,1.67770385742188
23.5677282810211,0.3802490234375,0.07904052734375,1.17599487304688,3.38470458984375,-3.66119384765625,10.07080078125,1.4886474609375,1.8939208984375,1.64443969726562,1.65969848632812
23.579074382782,0.157012939453125,0.133514404296875,1.06277465820312,5.4071044921875,-3.4112548828125,7.9193115234375,1.70867919921875,1.69540405273438,1.70242309570312,1.5704345703125
23.5879597663879,0.1837158203125,0.19012451171875,1.102294921875,4.4989013671875,-0.19683837890625,9.77142333984375,1.67037963867188,1.76895141601562,1.64291381835938,1.59469604492188
23.5970327854156,0.201873779296875,0.44647216796875,1.14608764648438,2.8179931640625,-3.54034423828125,9.6697998046875,1.69235229492188,1.90521240234375,1.4971923828125,1.5679931640625
23.6078011989594,0.050201416015625,0.29693603515625,1.03500366210938,2.80242919921875,-1.2322998046875,9.7430419921875,1.826171875,1.67633056640625,1.6412353515625,1.51901245117188
23.6178810596466,0.18157958984375,0.118560791015625,0.821380615234375,-1.66717529296875,-0.0640869140625,9.93988037109375,1.99356079101562,1.40045166015625,1.98104858398438,1.26861572265625
23.626852273941,0.2392578125,0.10040283203125,1.14288330078125,-4.4219970703125,1.087646484375,10.916748046875,1.57058715820312,1.81640625,1.59927368164062,1.65740966796875
23.6369183063507,0.1922607421875,0.216827392578125,0.9954833984375,-4.478759765625,0.39642333984375,9.20013427734375,1.80770874023438,1.6448974609375,1.71707153320312,1.45965576171875
23.6498603820801,0.276641845703125,0.223236083984375,1.25717163085938,1.63787841796875,-2.73193359375,10.8197021484375,1.463623046875,1.99951171875,1.40426635742188,1.756591796875
23.6578886508942,0.10040283203125,-0.107879638671875,1.11404418945312,2.46185302734375,-1.67633056640625,10.5221557617188,1.58523559570312,1.6680908203125,1.63406372070312,1.72927856445312
23.6669433116913,0.276641845703125,-0.122833251953125,1.16851806640625,0.4742431640625,-1.6094970703125,13.2440185546875,1.46286010742188,1.78634643554688,1.61514282226562,1.749267578125
23.679258108139,0.13885498046875,0.086517333984375,0.964508056640625,-0.30120849609375,-0.84320068359375,11.8295288085938,1.824951171875,1.54449462890625,1.76284790039062,1.4788818359375
23.6879014968872,0.255279541015625,0.07904052734375,0.881195068359375,0.62255859375,0.556640625,9.58831787109375,1.89178466796875,1.47598266601562,1.89804077148438,1.34140014648438
23.6990065574646,0.372772216796875,0.1153564453125,0.990142822265625,2.2686767578125,1.8988037109375,9.48394775390625,1.73141479492188,1.66259765625,1.788330078125,1.4263916015625
23.7079503536224,0.49346923828125,-0.075836181640625,1.09481811523438,-1.00433349609375,1.9903564453125,10.850830078125,1.50390625,1.78070068359375,1.75094604492188,1.57241821289062
23.7198565006256,0.35888671875,-0.159149169921875,0.95062255859375,-1.7633056640625,-0.908203125,10.8224487304688,1.6943359375,1.53411865234375,1.92153930664062,1.45736694335938
23.7279436588287,0.293731689453125,0.0640869140625,1.21444702148438,3.193359375,-1.54266357421875,9.239501953125,1.44943237304688,1.91329956054688,1.50283813476562,1.74407958984375
23.740371465683,0.26275634765625,-0.152740478515625,1.21658325195312,0.00091552734375,1.2451171875,8.6279296875,1.38763427734375,1.84402465820312,1.56143188476562,1.81640625
23.7494359016418,0.426177978515625,-0.08544921875,0.932464599609375,-0.816650390625,-0.72601318359375,10.2108764648438,1.71142578125,1.55731201171875,1.94381713867188,1.39633178710938
23.7600474357605,0.265960693359375,-0.16021728515625,1.05850219726562,-5.47210693359375,-4.54559326171875,10.576171875,1.56982421875,1.6497802734375,1.7724609375,1.62139892578125
23.7679777145386,0.25634765625,0.067291259765625,0.917510986328125,2.186279296875,2.06451416015625,8.39813232421875,1.81884765625,1.536865234375,1.8798828125,1.38351440429688
23.779060125351,0.47637939453125,0.107879638671875,0.9783935546875,2.0782470703125,3.28125,9.609375,1.69143676757812,1.69509887695312,1.85287475585938,1.37802124023438
23.7878293991089,0.505218505859375,0.2178955078125,1.13006591796875,2.24945068359375,0.4833984375,11.107177734375,1.5301513671875,1.92779541015625,1.63925170898438,1.52191162109375
23.7981822490692,0.32684326171875,-0.2264404296875,1.13754272460938,0.53741455078125,-0.47515869140625,9.79339599609375,1.43096923828125,1.75643920898438,1.7236328125,1.71279907226562
23.8098740577698,0.340728759765625,-0.24993896484375,1.16744995117188,-0.15106201171875,0.82855224609375,9.34112548828125,1.38168334960938,1.79000854492188,1.69921875,1.75216674804688
23.8178102970123,0.338592529296875,0.1751708984375,1.10870361328125,2.3583984375,0.19683837890625,8.4613037109375,1.59027099609375,1.83441162109375,1.64566040039062,1.5582275390625
23.8278722763062,0.276641845703125,0.11322021484375,0.8587646484375,0.8001708984375,0.88165283203125,8.40911865234375,1.90093994140625,1.48513793945312,1.96182250976562,1.28143310546875
23.8378665447235,0.12603759765625,0.107879638671875,0.985870361328125,0.08697509765625,0.90087890625,7.452392578125,1.78436279296875,1.59500122070312,1.76116943359375,1.48880004882812
23.8478934764862,0.37811279296875,-0.0341796875,1.02005004882812,-0.14190673828125,2.911376953125,9.03167724609375,1.62689208984375,1.6754150390625,1.83425903320312,1.492919921875
23.8581254482269,0.359954833984375,0.06195068359375,0.985870361328125,-2.38311767578125,0.09429931640625,10.0076293945312,1.70730590820312,1.65069580078125,1.85287475585938,1.42745971679688
23.8689169883728,0.383453369140625,0.0299072265625,1.07559204101562,-2.3748779296875,-4.13909912109375,11.7352294921875,1.57424926757812,1.76055908203125,1.76177978515625,1.54159545898438
23.8762955665588,0.1324462890625,0.095062255859375,1.15570068359375,-1.329345703125,-2.73284912109375,10.718994140625,1.561279296875,1.81198120117188,1.58126831054688,1.693115234375
23.88889336586,0.216827392578125,0.024566650390625,1.0723876953125,4.64813232421875,0.62530517578125,9.7357177734375,1.62094116210938,1.71890258789062,1.73614501953125,1.57470703125
23.8987398147583,-0.0128173828125,0.0726318359375,1.03713989257812,1.70654296875,0.7489013671875,10.4782104492188,1.744384765625,1.6241455078125,1.70700073242188,1.583251953125
23.9088091850281,0.018157958984375,0.357818603515625,1.01364135742188,4.06036376953125,0.63262939453125,9.8492431640625,1.85455322265625,1.68594360351562,1.65512084960938,1.4630126953125
23.9190006256104,-0.024566650390625,0.144195556640625,0.928192138671875,1.41632080078125,2.44720458984375,10.1486206054688,1.90948486328125,1.50238037109375,1.81854248046875,1.4251708984375
23.9263515472412,0.033111572265625,-0.103607177734375,0.91644287109375,-0.11993408203125,1.72760009765625,10.2392578125,1.82937622070312,1.43951416015625,1.92626953125,1.46438598632812
23.9391467571259,-0.003204345703125,-0.022430419921875,1.0552978515625,1.91986083984375,0.52001953125,9.70367431640625,1.690673828125,1.62506103515625,1.71615600585938,1.62521362304688
23.9481177330017,0.2008056640625,-0.17730712890625,1.21124267578125,2.2613525390625,-2.33734130859375,8.99139404296875,1.39633178710938,1.849365234375,1.62368774414062,1.79962158203125
23.9562859535217,0.08331298828125,-0.025634765625,1.16744995117188,0.2105712890625,-3.226318359375,8.3148193359375,1.53854370117188,1.8096923828125,1.59027099609375,1.73690795898438
23.9657883644104,0.06622314453125,-0.030975341796875,1.10549926757812,-0.92926025390625,-3.21807861328125,8.48052978515625,1.62322998046875,1.73202514648438,1.6607666015625,1.66427612304688
23.9759955406189,0.05767822265625,0.1324462890625,0.985870361328125,-2.68890380859375,-0.223388671875,9.03076171875,1.8255615234375,1.627197265625,1.75521850585938,1.47216796875
23.9858248233795,0.221099853515625,0.186920166015625,0.994415283203125,-2.969970703125,-0.7012939453125,9.217529296875,1.7803955078125,1.71768188476562,1.77322387695312,1.41845703125
23.9960255622864,0.319366455078125,0.22430419921875,0.917510986328125,-1.5618896484375,-2.252197265625,9.93896484375,1.86019897460938,1.66748046875,1.88980102539062,1.27853393554688
24.0071458816528,0.24566650390625,-0.0726318359375,1.14608764648438,-0.52825927734375,-1.26434326171875,10.1422119140625,1.50222778320312,1.85043334960938,1.67831420898438,1.66671752929688
24.0158512592316,0.22430419921875,0.105743408203125,1.09054565429688,1.9482421875,-1.0089111328125,10.3060913085938,1.6326904296875,1.82571411132812,1.69052124023438,1.55349731445312
24.0363838672638,0.110015869140625,0.110015869140625,1.03500366210938,-0.43212890625,-1.86859130859375,10.0387573242188,1.73919677734375,1.7266845703125,1.72119140625,1.51702880859375
24.0468871593475,0.088653564453125,-0.071563720703125,0.97198486328125,-1.75872802734375,-0.86517333984375,10.1248168945312,1.76605224609375,1.5966796875,1.84860229492188,1.49749755859375
24.0704834461212,0.330047607421875,0.0469970703125,0.938873291015625,2.3016357421875,-0.46417236328125,9.869384765625,1.7742919921875,1.66702270507812,1.92474365234375,1.34262084960938
24.0781605243683,0.34393310546875,-0.0384521484375,0.94207763671875,1.3330078125,-0.5987548828125,9.68902587890625,1.73385620117188,1.65603637695312,1.95648193359375,1.36642456054688
24.0858736038208,0.304412841796875,0.003204345703125,1.16424560546875,1.48773193359375,-0.70404052734375,8.51348876953125,1.48223876953125,1.93405151367188,1.6534423828125,1.64291381835938
24.0991497039795,0.218963623046875,-0.319366455078125,1.27105712890625,-0.77545166015625,-2.2833251953125,7.379150390625,1.25778198242188,1.953125,1.61178588867188,1.88995361328125
24.1078419685364,0.145263671875,-0.11322021484375,1.16851806640625,-0.78460693359375,-3.37554931640625,8.203125,1.46804809570312,1.859130859375,1.65603637695312,1.7279052734375
24.117856502533,0.10894775390625,0.059814453125,0.948486328125,-0.18768310546875,-2.2576904296875,9.0582275390625,1.80816650390625,1.62445068359375,1.86920166015625,1.41006469726562
24.1280400753021,0.090789794921875,0.097198486328125,0.86090087890625,0.59326171875,0.87799072265625,9.87030029296875,1.93939208984375,1.52664184570312,1.95953369140625,1.29104614257812
24.1380281448364,0.2435302734375,0.048065185546875,0.914306640625,1.49688720703125,1.285400390625,10.9799194335938,1.81106567382812,1.62765502929688,1.95297241210938,1.32492065429688
24.1489474773407,0.20294189453125,-0.0811767578125,0.90362548828125,1.6094970703125,2.6275634765625,11.2472534179688,1.79473876953125,1.56570434570312,1.99356079101562,1.36260986328125
24.1559388637543,0.261688232421875,-0.005340576171875,0.999755859375,1.16729736328125,-0.67657470703125,12.3495483398438,1.67831420898438,1.72592163085938,1.87576293945312,1.43997192382812
24.1666100025177,0.02777099609375,0.071563720703125,1.03073120117188,1.67999267578125,-2.1954345703125,12.1243286132812,1.72500610351562,1.70654296875,1.75460815429688,1.53610229492188
24.1763000488281,0.133514404296875,0.026702880859375,1.07666015625,1.20941162109375,-1.99310302734375,11.4523315429688,1.62246704101562,1.77825927734375,1.74240112304688,1.57440185546875
24.1969335079193,-0.111083984375,-0.024566650390625,1.119384765625,-2.53692626953125,-2.67608642578125,11.7672729492188,1.62261962890625,1.73919677734375,1.63589477539062,1.71966552734375
24.2061660289764,-0.167694091796875,-0.182647705078125,0.891876220703125,-2.87841796875,1.4923095703125,10.330810546875,1.87393188476562,1.37466430664062,1.96380615234375,1.51138305664062
24.2158246040344,-0.056610107421875,-0.065155029296875,0.83099365234375,-1.00982666015625,2.93609619140625,9.84832763671875,1.95526123046875,1.36734008789062,2.0343017578125,1.36703491210938
24.2258262634277,0.039520263671875,0.176239013671875,0.983734130859375,0.5364990234375,2.47283935546875,10.3289794921875,1.81640625,1.65496826171875,1.790771484375,1.46636962890625
24.2377259731293,0.103607177734375,0.0982666015625,1.05850219726562,1.2652587890625,2.97454833984375,10.5953979492188,1.68563842773438,1.74652099609375,1.73599243164062,1.561279296875
24.245772600174,0.13671875,0.116424560546875,1.03927612304688,0.6024169921875,1.81182861328125,10.8444213867188,1.7095947265625,1.74362182617188,1.75888061523438,1.5252685546875
24.2578229904175,-0.011749267578125,0.011749267578125,1.06063842773438,-0.67474365234375,-1.39434814453125,11.8789672851562,1.69326782226562,1.69708251953125,1.7181396484375,1.62811279296875
24.2678918838501,0.043792724609375,-0.1068115234375,1.05636596679688,-2.08465576171875,-4.20684814453125,10.5340576171875,1.64794921875,1.67816162109375,1.77444458007812,1.63665771484375
24.2793810367584,-0.20294189453125,0.042724609375,1.06277465820312,-0.069580078125,0.3497314453125,9.93072509765625,1.7620849609375,1.65496826171875,1.64810180664062,1.676025390625
24.2888691425323,-0.112152099609375,0.02777099609375,0.9912109375,-0.07598876953125,2.91229248046875,9.9609375,1.82281494140625,1.59194946289062,1.76483154296875,1.56097412109375
24.2972424030304,-0.105743408203125,0.1025390625,0.953826904296875,0.98052978515625,2.97454833984375,10.2227783203125,1.89208984375,1.56646728515625,1.79397583007812,1.49032592773438
24.3090016841888,0.052337646484375,0.028839111328125,0.823516845703125,4.0118408203125,2.28057861328125,9.5947265625,1.98699951171875,1.42578125,2.032470703125,1.297607421875
24.3182511329651,0.169830322265625,-0.005340576171875,0.887603759765625,2.1038818359375,-0.40740966796875,9.50225830078125,1.86309814453125,1.53228759765625,1.998291015625,1.3507080078125
24.3281018733978,0.2777099609375,0.02777099609375,1.09161376953125,1.270751953125,-3.6328125,11.0183715820312,1.58920288085938,1.82998657226562,1.76406860351562,1.56112670898438
24.33904504776,0.23284912109375,0.06195068359375,1.07986450195312,-0.81939697265625,-4.41650390625,10.5276489257812,1.62734985351562,1.8133544921875,1.75308227539062,1.54830932617188
24.3460128307343,0.116424560546875,0.0897216796875,1.04461669921875,0.86883544921875,-2.3968505859375,10.3399658203125,1.71371459960938,1.74819946289062,1.74896240234375,1.53427124023438
24.357834815979,-0.013885498046875,0.01068115234375,1.0296630859375,0.5841064453125,1.263427734375,9.68170166015625,1.74301147460938,1.66549682617188,1.7572021484375,1.5771484375
24.3688941001892,0.150604248046875,0.059814453125,1.13113403320312,0.02471923828125,1.10137939453125,11.1373901367188,1.5802001953125,1.86264038085938,1.66732788085938,1.63192749023438
24.3779084682465,0.0897216796875,0.101470947265625,1.016845703125,0.33233642578125,0.66558837890625,9.114990234375,1.75247192382812,1.7156982421875,1.78131103515625,1.48880004882812
24.387898683548,0.2093505859375,0.374908447265625,0.90362548828125,2.40142822265625,0.17486572265625,8.29742431640625,1.94229125976562,1.689453125,1.87469482421875,1.22772216796875
24.3958268165588,0.210418701171875,0.093994140625,1.04141235351562,1.12518310546875,-1.33941650390625,8.90899658203125,1.67800903320312,1.78009033203125,1.7987060546875,1.47811889648438
24.4100112915039,0.04058837890625,0.048065185546875,1.09909057617188,-0.07965087890625,-1.91436767578125,8.5162353515625,1.63894653320312,1.7864990234375,1.69189453125,1.61773681640625
24.4178805351257,0.111083984375,-0.0982666015625,1.17919921875,-0.9283447265625,-0.21697998046875,8.26446533203125,1.47262573242188,1.87515258789062,1.65359497070312,1.73370361328125
24.4259104728699,0.1409912109375,0.2606201171875,1.07666015625,-1.3330078125,-0.03021240234375,8.4539794921875,1.70516967773438,1.85958862304688,1.67678833007812,1.49200439453125
24.4371111392975,-0.024566650390625,0.366363525390625,1.00723266601562,-0.94573974609375,0.49530029296875,9.8291015625,1.87026977539062,1.74697875976562,1.68746948242188,1.42868041992188
24.4458587169647,0.030975341796875,0.060882568359375,0.966644287109375,-0.71502685546875,0.849609375,9.7503662109375,1.807861328125,1.62094116210938,1.85470581054688,1.44912719726562
24.4739685058594,0.063018798828125,-0.025634765625,0.992279052734375,-1.2615966796875,0.00640869140625,10.3216552734375,1.73919677734375,1.6387939453125,1.85897827148438,1.49566650390625
24.4759724140167,0.101470947265625,-0.144195556640625,0.908966064453125,-2.35748291015625,-2.41607666015625,11.4212036132812,1.79534912109375,1.512451171875,2.01141357421875,1.41342163085938
24.4778244495392,0.007476806640625,-0.086517333984375,1.10763549804688,-1.11053466796875,-1.94000244140625,10.6219482421875,1.59072875976562,1.74896240234375,1.71707153320312,1.67587280273438
24.4859890937805,-0.093994140625,-0.105743408203125,0.979461669921875,0.3955078125,0.8587646484375,9.70001220703125,1.76300048828125,1.54953002929688,1.86981201171875,1.54861450195312
24.5107796192169,-0.0042724609375,0.097198486328125,0.998687744140625,-0.882568359375,1.3787841796875,11.9778442382812,1.77947998046875,1.65573120117188,1.80816650390625,1.49383544921875
24.5160653591156,0.073699951171875,0.1153564453125,0.98907470703125,-1.3934326171875,1.46942138671875,11.6015625,1.7767333984375,1.66778564453125,1.8408203125,1.4520263671875
24.5258705615997,0.0555419921875,0.09185791015625,1.1236572265625,-1.1846923828125,0.60882568359375,11.1712646484375,1.60842895507812,1.82159423828125,1.67861938476562,1.63345336914062
24.5367624759674,-0.082244873046875,-0.06195068359375,1.12899780273438,-0.75439453125,-0.99334716796875,11.4926147460938,1.59255981445312,1.73690795898438,1.67648315429688,1.73049926757812
24.5743951797485,-0.2093505859375,-0.097198486328125,1.10443115234375,-0.88165283203125,-1.3238525390625,10.02685546875,1.64810180664062,1.65618896484375,1.68258666992188,1.7498779296875
24.5749623775482,-0.122833251953125,0.039520263671875,0.947418212890625,-0.6097412109375,0.380859375,9.65057373046875,1.86264038085938,1.52694702148438,1.85897827148438,1.488037109375
24.5758528709412,-0.0042724609375,0.110015869140625,0.881195068359375,0.28106689453125,-0.81390380859375,10.8087158203125,1.94473266601562,1.5087890625,1.94747924804688,1.34597778320312
24.5873084068298,-0.110015869140625,0.25634765625,0.896148681640625,1.54083251953125,-0.02197265625,10.7254028320312,2.0062255859375,1.531982421875,1.8524169921875,1.36016845703125
24.5960545539856,-0.005340576171875,-0.073699951171875,1.00189208984375,2.06817626953125,0.25634765625,9.21844482421875,1.74636840820312,1.6033935546875,1.85562133789062,1.55044555664062
24.6072826385498,-0.008544921875,-0.075836181640625,1.13861083984375,2.55889892578125,-0.37261962890625,8.4246826171875,1.58035278320312,1.77230834960938,1.6839599609375,1.7181396484375
24.6164102554321,-0.060882568359375,0.045928955078125,1.2176513671875,1.1151123046875,-1.86859130859375,10.0469970703125,1.53594970703125,1.88690185546875,1.53091430664062,1.8011474609375
24.6278803348541,-0.23284912109375,0.23712158203125,1.09375,-0.63629150390625,-1.0858154296875,10.887451171875,1.80313110351562,1.7333984375,1.57196044921875,1.64382934570312
24.6369388103485,-0.1239013671875,0.18157958984375,0.951690673828125,-1.116943359375,-0.1043701171875,11.3534545898438,1.93634033203125,1.57913208007812,1.79840087890625,1.44088745117188
24.6458463668823,-0.033111572265625,0.230712890625,0.9271240234375,-0.90179443359375,1.768798828125,11.1154174804688,1.96121215820312,1.59759521484375,1.83456420898438,1.36459350585938
24.6609025001526,0.063018798828125,0.196533203125,1.03713989257812,-0.14373779296875,2.171630859375,11.4788818359375,1.78802490234375,1.75979614257812,1.72836303710938,1.47857666015625
24.6688878536224,-0.003204345703125,0.118560791015625,1.05743408203125,0.52734375,-0.16937255859375,10.4571533203125,1.7596435546875,1.7462158203125,1.70425415039062,1.54220581054688
24.6777336597443,0.054473876953125,0.157012939453125,0.9783935546875,1.68365478515625,-0.66650390625,8.50982666015625,1.85455322265625,1.68502807617188,1.8023681640625,1.4105224609375
24.685920715332,-0.003204345703125,-0.035247802734375,1.07025146484375,0.428466796875,0.8660888671875,8.95294189453125,1.69692993164062,1.727294921875,1.729736328125,1.59683227539062
24.6987271308899,-0.0042724609375,0.1025390625,1.00616455078125,-1.2762451171875,2.054443359375,9.521484375,1.82205200195312,1.68487548828125,1.77261352539062,1.47598266601562
24.7089416980743,0.148468017578125,-0.0469970703125,1.04141235351562,-1.431884765625,-0.76171875,11.3369750976562,1.68746948242188,1.73431396484375,1.81991577148438,1.51382446289062
24.7177841663361,0.0555419921875,0.0042724609375,1.02218627929688,0.37261962890625,-1.64886474609375,10.0946044921875,1.75765991210938,1.70257568359375,1.79641723632812,1.49429321289062
24.7258284091949,0.167694091796875,0.065155029296875,1.0809326171875,-0.120849609375,-1.82464599609375,10.4754638671875,1.671142578125,1.8292236328125,1.73507690429688,1.51535034179688
24.7380268573761,0.12603759765625,-0.133514404296875,1.21337890625,-0.81207275390625,-1.5435791015625,10.3207397460938,1.4544677734375,1.91818237304688,1.62857055664062,1.75430297851562
24.7478482723236,0.146331787109375,-0.10040283203125,1.06063842773438,0.1025390625,0.230712890625,9.24957275390625,1.6485595703125,1.7388916015625,1.82037353515625,1.55105590820312
24.7578563690186,0.10467529296875,0.005340576171875,0.979461669921875,0.75897216796875,1.90704345703125,9.61212158203125,1.79428100585938,1.651611328125,1.87713623046875,1.43417358398438
24.7699599266052,0.18157958984375,-0.060882568359375,0.970916748046875,-0.5731201171875,1.08489990234375,9.72015380859375,1.75979614257812,1.64840698242188,1.92840576171875,1.419677734375
24.7778308391571,0.07049560546875,-0.08331298828125,0.979461669921875,-0.06500244140625,-0.6591796875,10.3170776367188,1.77337646484375,1.62200927734375,1.89315795898438,1.46865844726562
24.786194562912,-0.0341796875,-0.0726318359375,0.96771240234375,0.58868408203125,1.79901123046875,9.72381591796875,1.820068359375,1.5728759765625,1.87591552734375,1.4874267578125
24.7978374958038,0.02349853515625,-0.099334716796875,1.02859497070312,-0.55389404296875,0.55023193359375,10.0296020507812,1.71279907226562,1.6583251953125,1.83456420898438,1.55380249023438
24.8101761341095,-0.04913330078125,0,1.02005004882812,-0.77545166015625,-1.1920166015625,11.165771484375,1.776123046875,1.64810180664062,1.79443359375,1.54006958007812
24.8183581829071,-0.0469970703125,-0.069427490234375,1.0125732421875,-0.98876953125,-3.95416259765625,11.5676879882812,1.76742553710938,1.62063598632812,1.82540893554688,1.5484619140625
24.8288173675537,-0.12176513671875,-0.041656494140625,0.998687744140625,-1.3604736328125,-1.60491943359375,10.2090454101562,1.81716918945312,1.58584594726562,1.81045532226562,1.54617309570312
24.8391222953796,0.01068115234375,-0.04913330078125,0.908966064453125,-1.02081298828125,-1.900634765625,9.3035888671875,1.89132690429688,1.51519775390625,1.95693969726562,1.395263671875
24.8467745780945,-0.14312744140625,0.04058837890625,1.05850219726562,0.61981201171875,0.06500244140625,9.759521484375,1.7791748046875,1.6815185546875,1.69509887695312,1.60537719726562
24.8562915325165,-0.028839111328125,-0.075836181640625,1.04141235351562,1.878662109375,3.17230224609375,10.946044921875,1.72958374023438,1.66122436523438,1.78375244140625,1.58493041992188
24.8699541091919,0.045928955078125,0.097198486328125,1.11724853515625,1.93817138671875,0.66375732421875,11.8817138671875,1.671142578125,1.83380126953125,1.65084838867188,1.60690307617188
24.8789567947388,-0.025634765625,0.163421630859375,0.994415283203125,1.58660888671875,0.57220458984375,11.6555786132812,1.86569213867188,1.676025390625,1.7620849609375,1.45675659179688
24.8889880180359,0.008544921875,0.077972412109375,0.979461669921875,1.23138427734375,-0.4815673828125,10.5313110351562,1.84951782226562,1.63970947265625,1.81350708007812,1.4569091796875
24.8980038166046,-0.028839111328125,-0.107879638671875,1.19522094726562,-3.81134033203125,0.0439453125,10.4159545898438,1.5380859375,1.8426513671875,1.59393310546875,1.79046630859375
24.9137578010559,0.120697021484375,-0.013885498046875,1.09481811523438,-4.23065185546875,-2.63214111328125,11.466064453125,1.65191650390625,1.78985595703125,1.73309326171875,1.59027099609375
24.9158184528351,-0.001068115234375,0.0128173828125,1.0552978515625,-4.15283203125,-1.6314697265625,12.2003173828125,1.75155639648438,1.70303344726562,1.73751831054688,1.5692138671875
24.9258117675781,0.016021728515625,0.026702880859375,0.931396484375,-1.38427734375,0.5621337890625,11.6317749023438,1.91360473632812,1.56265258789062,1.88812255859375,1.39755249023438
24.9394299983978,0.007476806640625,0.152740478515625,1.01470947265625,0.267333984375,0.20233154296875,10.1138305664062,1.85348510742188,1.70135498046875,1.73721313476562,1.46759033203125
24.9488279819489,0.08758544921875,0.0469970703125,0.8673095703125,-0.4193115234375,-0.59783935546875,7.93304443359375,1.9775390625,1.51077270507812,1.98150634765625,1.292724609375
24.9588942527771,0.025634765625,0.0384521484375,0.87158203125,-0.5035400390625,-0.30303955078125,7.8515625,1.9891357421875,1.49490356445312,1.96136474609375,1.31561279296875
24.9699189662933,0.04913330078125,-0.01708984375,1.06704711914062,-2.11212158203125,-0.37994384765625,9.1314697265625,1.72195434570312,1.72927856445312,1.7413330078125,1.56707763671875
24.9792289733887,0.069427490234375,0.059814453125,1.07131958007812,-2.24945068359375,-2.33184814453125,9.4976806640625,1.73370361328125,1.77093505859375,1.71539306640625,1.54022216796875
24.9882254600525,0.060882568359375,-0.124969482421875,1.02752685546875,-2.76763916015625,-1.3385009765625,11.1007690429688,1.72988891601562,1.66458129882812,1.81884765625,1.54220581054688
24.9959688186646,0.095062255859375,0.07049560546875,0.938873291015625,-0.9942626953125,0.750732421875,10.0177001953125,1.89468383789062,1.63070678710938,1.8731689453125,1.35711669921875
25.0059275627136,0.205078125,0.1666259765625,1.01791381835938,0.02471923828125,1.67083740234375,9.90692138671875,1.7987060546875,1.79428100585938,1.76788330078125,1.39068603515625
25.018226146698,0.11322021484375,-0.1837158203125,1.10336303710938,-1.805419921875,1.15447998046875,9.26422119140625,1.60781860351562,1.77886962890625,1.74270629882812,1.62155151367188
25.0258285999298,0.022430419921875,0.06622314453125,1.0467529296875,0.26641845703125,2.138671875,7.452392578125,1.78359985351562,1.7510986328125,1.70608520507812,1.50772094726562
25.0358183383942,-0.028839111328125,-0.133514404296875,1.10870361328125,0.1409912109375,2.640380859375,6.62841796875,1.6571044921875,1.75338745117188,1.67617797851562,1.66030883789062
25.0461535453796,0.03631591796875,-0.069427490234375,1.02752685546875,-0.98876953125,1.40167236328125,8.3294677734375,1.76528930664062,1.6839599609375,1.7791748046875,1.52236938476562
25.0561828613281,0.05767822265625,-0.04058837890625,0.965576171875,1.4117431640625,-1.88690185546875,9.7027587890625,1.85134887695312,1.62185668945312,1.8505859375,1.42547607421875
25.0669932365417,0.093994140625,0.13031005859375,0.930328369140625,3.182373046875,-2.5616455078125,10.2346801757812,1.9384765625,1.63833618164062,1.85073852539062,1.32171630859375
25.0759301185608,0.071563720703125,0.048065185546875,0.913238525390625,3.2830810546875,-1.57470703125,10.4342651367188,1.94931030273438,1.58187866210938,1.89056396484375,1.32904052734375
25.0869340896606,0.128173828125,-0.0384521484375,0.985870361328125,2.5360107421875,0.2398681640625,10.9588623046875,1.81961059570312,1.6705322265625,1.84051513671875,1.41632080078125
25.0992259979248,0.120697021484375,-0.208282470703125,0.968780517578125,1.9720458984375,1.431884765625,12.2991943359375,1.79183959960938,1.60202026367188,1.91146850585938,1.44485473632812
25.1068468093872,0.10894775390625,0.01495361328125,0.964508056640625,2.2027587890625,3.20343017578125,12.1096801757812,1.86935424804688,1.65740966796875,1.84249877929688,1.380615234375
25.1158640384674,0.204010009765625,0.007476806640625,1.13861083984375,1.0015869140625,1.12060546875,12.528076171875,1.6253662109375,1.8975830078125,1.65237426757812,1.57394409179688
25.1263203620911,0.084381103515625,-0.08758544921875,1.170654296875,1.358642578125,-1.5179443359375,11.3177490234375,1.58981323242188,1.876220703125,1.607666015625,1.67953491210938
25.1358742713928,0.06195068359375,-0.127105712890625,1.07345581054688,1.85211181640625,-0.4010009765625,9.5452880859375,1.7059326171875,1.73690795898438,1.73141479492188,1.57730102539062
25.1459794044495,0.11962890625,-0.193328857421875,0.9783935546875,1.18011474609375,0.43121337890625,10.2740478515625,1.78787231445312,1.6168212890625,1.88766479492188,1.45919799804688
25.1560046672821,0.076904296875,-0.09613037109375,0.98052978515625,0.955810546875,0.71136474609375,9.14520263671875,1.83685302734375,1.63589477539062,1.83685302734375,1.44363403320312
25.1661310195923,-0.025634765625,-0.1837158203125,0.941009521484375,1.5692138671875,0.8990478515625,8.3349609375,1.89254760742188,1.52450561523438,1.88873291015625,1.44821166992188
25.1790940761566,0.0555419921875,-0.272369384765625,1.06277465820312,1.70013427734375,-0.5401611328125,8.17291259765625,1.69158935546875,1.67633056640625,1.78558349609375,1.59820556640625
25.1889023780823,0.01068115234375,-0.23284912109375,1.06597900390625,-0.853271484375,-2.63580322265625,10.8737182617188,1.71630859375,1.67510986328125,1.75689697265625,1.60324096679688
25.1988005638123,-0.018157958984375,-0.120697021484375,0.98052978515625,-0.56304931640625,-0.97869873046875,12.1426391601562,1.866455078125,1.5911865234375,1.81991577148438,1.4739990234375
25.2080874443054,0.033111572265625,-0.07476806640625,0.947418212890625,2.607421875,0.0640869140625,11.08154296875,1.91802978515625,1.57974243164062,1.85714721679688,1.4031982421875
25.2189919948578,0.184783935546875,-0.124969482421875,0.897216796875,2.80059814453125,-1.38427734375,10.8755493164062,1.922607421875,1.54983520507812,1.98196411132812,1.3092041015625
25.2259442806244,0.210418701171875,-0.128173828125,0.9442138671875,2.2943115234375,-1.5216064453125,10.5633544921875,1.85821533203125,1.612548828125,1.93130493164062,1.3623046875
25.2357926368713,0.13671875,-0.1708984375,1.07879638671875,1.563720703125,-1.38885498046875,10.1092529296875,1.69998168945312,1.7388916015625,1.76025390625,1.5667724609375
25.2458481788635,0.093994140625,-0.19439697265625,0.953826904296875,1.3934326171875,0.21881103515625,10.5606079101562,1.86065673828125,1.56265258789062,1.91085815429688,1.43173217773438
25.2559275627136,0.145263671875,-0.10040283203125,1.07345581054688,-0.16571044921875,-1.2945556640625,9.1058349609375,1.72637939453125,1.75277709960938,1.74880981445312,1.541748046875
25.2679390907288,0.182647705078125,-0.129241943359375,1.15036010742188,1.2506103515625,0.087890625,8.39630126953125,1.6082763671875,1.8511962890625,1.67572021484375,1.639404296875
25.2780930995941,-0.01495361328125,-0.323638916015625,1.03607177734375,-0.97137451171875,-0.58135986328125,7.9083251953125,1.74636840820312,1.58966064453125,1.82403564453125,1.61453247070312
25.2870688438416,-0.07049560546875,-0.058746337890625,1.01791381835938,1.15631103515625,0.79833984375,7.41851806640625,1.86859130859375,1.62445068359375,1.74774169921875,1.5338134765625
25.2959294319153,0.011749267578125,-0.299072265625,0.960235595703125,-0.0823974609375,2.16339111328125,8.2818603515625,1.8304443359375,1.497802734375,1.92489624023438,1.51901245117188
25.3061740398407,0.2349853515625,0.056610107421875,1.00082397460938,2.2796630859375,-1.856689453125,9.7064208984375,1.82876586914062,1.719970703125,1.82647705078125,1.39694213867188
25.3168692588806,0.178375244140625,-0.04486083984375,1.03927612304688,1.102294921875,-5.14617919921875,11.414794921875,1.75399780273438,1.7144775390625,1.80221557617188,1.50558471679688
25.3259289264679,0.13458251953125,-0.1409912109375,1.01364135742188,1.9427490234375,-2.06817626953125,10.235595703125,1.75506591796875,1.6351318359375,1.86065673828125,1.52694702148438
25.3360095024109,0.353546142578125,-0.146331787109375,1.08734130859375,1.966552734375,0.40557861328125,9.98016357421875,1.59271240234375,1.78848266601562,1.83746337890625,1.55838012695312
25.3479347229004,0.159149169921875,-0.263824462890625,1.13540649414062,-1.820068359375,-0.20416259765625,11.4239501953125,1.53701782226562,1.74972534179688,1.7633056640625,1.72149658203125
25.3573980331421,0.077972412109375,-0.001068115234375,0.951690673828125,0.355224609375,-1.06201171875,10.0836181640625,1.87149047851562,1.56936645507812,1.88613891601562,1.44439697265625
25.3664124011993,0.16448974609375,-0.120697021484375,0.936737060546875,-0.49346923828125,1.48681640625,10.836181640625,1.82159423828125,1.53717041015625,1.96975708007812,1.43325805664062
25.3779249191284,0.24566650390625,0.08544921875,1.02752685546875,-2.36480712890625,1.47857666015625,11.7123413085938,1.74591064453125,1.73171997070312,1.8182373046875,1.46621704101562
25.3871376514435,0.210418701171875,0.24139404296875,1.04568481445312,-1.96380615234375,2.076416015625,12.9959106445312,1.78268432617188,1.78421020507812,1.73233032226562,1.45797729492188
25.3960795402527,0.26275634765625,0.216827392578125,0.994415283203125,-0.531005859375,0.084228515625,11.627197265625,1.822509765625,1.727294921875,1.81884765625,1.38290405273438
25.405957698822,0.289459228515625,-0.196533203125,1.1236572265625,-1.856689453125,0.5291748046875,11.3250732421875,1.52053833007812,1.78131103515625,1.79672241210938,1.64825439453125
25.4251072406769,0.213623046875,0.231781005859375,1.0296630859375,-0.7305908203125,-2.72369384765625,10.3125,1.79458618164062,1.76040649414062,1.75796508789062,1.43386840820312
25.4278583526611,0.04486083984375,0.1409912109375,0.998687744140625,-1.13525390625,-1.17279052734375,10.4837036132812,1.84234619140625,1.639404296875,1.77825927734375,1.473388671875
25.4359607696533,0.176239013671875,0.0982666015625,0.92071533203125,-1.47857666015625,1.29364013671875,10.3271484375,1.88858032226562,1.5673828125,1.92840576171875,1.3427734375
25.4460506439209,0.07904052734375,0.162353515625,0.977325439453125,-1.102294921875,2.61474609375,10.7693481445312,1.86660766601562,1.62689208984375,1.80755615234375,1.42044067382812
25.4587600231171,0.14312744140625,-0.00640869140625,0.881195068359375,-2.11578369140625,0.91278076171875,11.026611328125,1.917724609375,1.47964477539062,1.99356079101562,1.32415771484375
25.4659972190857,0.19439697265625,0.2264404296875,0.982666015625,0.94024658203125,-4.27093505859375,10.5963134765625,1.85333251953125,1.69052124023438,1.805419921875,1.36199951171875
25.4808604717255,0.124969482421875,-0.088653564453125,1.08840942382812,2.03155517578125,-3.05511474609375,10.1422119140625,1.641845703125,1.71096801757812,1.749267578125,1.600341796875
25.4858376979828,0.178375244140625,-0.00640869140625,1.16317749023438,1.270751953125,-3.7005615234375,9.11865234375,1.5618896484375,1.845703125,1.63955688476562,1.64581298828125
25.4963929653168,0.005340576171875,0.13458251953125,1.05636596679688,-0.01007080078125,0.3790283203125,8.61602783203125,1.79153442382812,1.70074462890625,1.67465209960938,1.51885986328125
25.5070476531982,0.150604248046875,0.105743408203125,1.01898193359375,1.45843505859375,-0.76995849609375,9.50408935546875,1.79153442382812,1.68975830078125,1.76956176757812,1.42868041992188
25.5189871788025,0.1068115234375,0.162353515625,0.98052978515625,3.19427490234375,-4.0924072265625,9.9627685546875,1.86813354492188,1.6473388671875,1.783447265625,1.37344360351562
25.5259621143341,-0.020294189453125,0.11749267578125,0.915374755859375,3.4368896484375,-2.70538330078125,10.4791259765625,1.97341918945312,1.5167236328125,1.84158325195312,1.336669921875
25.5390326976776,-0.20721435546875,-0.01068115234375,1.016845703125,-0.003662109375,1.4208984375,8.22967529296875,1.86752319335938,1.55075073242188,1.69143676757812,1.55380249023438
25.5458929538727,-0.082244873046875,0.065155029296875,1.1920166015625,-0.75164794921875,1.35589599609375,7.67852783203125,1.64077758789062,1.83578491210938,1.474609375,1.70989990234375
25.5560374259949,-0.148468017578125,0.037384033203125,0.96771240234375,-1.50146484375,-0.22064208984375,8.32122802734375,1.9354248046875,1.52923583984375,1.73629760742188,1.45477294921875
25.5688412189484,-0.067291259765625,-0.028839111328125,1.00296020507812,-1.83013916015625,-0.71685791015625,8.07037353515625,1.84768676757812,1.57730102539062,1.734619140625,1.49215698242188
25.5921261310577,0.01708984375,-0.0213623046875,1.04782104492188,-0.49346923828125,-0.63629150390625,9.82177734375,1.77230834960938,1.65695190429688,1.69998168945312,1.52008056640625
25.5991454124451,0.00640869140625,0.184783935546875,1.0382080078125,0.83587646484375,0.0164794921875,11.0440063476562,1.85195922851562,1.700439453125,1.64352416992188,1.45309448242188
25.6078414916992,0.10467529296875,0.05767822265625,0.9954833984375,-1.1224365234375,-0.604248046875,10.7675170898438,1.8377685546875,1.63314819335938,1.77047729492188,1.4031982421875
25.6199605464935,0.18157958984375,0.01495361328125,0.966644287109375,1.080322265625,-2.684326171875,9.79339599609375,1.84066772460938,1.6082763671875,1.83975219726562,1.35665893554688
25.626677274704,0.1495361328125,-0.16876220703125,1.09054565429688,1.09771728515625,-1.53717041015625,8.9483642578125,1.63711547851562,1.70089721679688,1.73431396484375,1.57302856445312
25.6380159854889,0.2862548828125,0.0384521484375,0.96343994140625,1.475830078125,-0.13916015625,9.13787841796875,1.81716918945312,1.639404296875,1.86813354492188,1.32308959960938
25.6461405754089,0.1153564453125,0.1409912109375,0.93780517578125,1.95648193359375,0.17578125,9.49676513671875,1.93069458007812,1.58187866210938,1.82205200195312,1.31942749023438
25.6565024852753,0.16021728515625,-0.048065185546875,0.941009521484375,2.43072509765625,1.43829345703125,8.045654296875,1.85302734375,1.5496826171875,1.88858032226562,1.363525390625
25.6660373210907,0.2947998046875,-0.01708984375,0.95062255859375,3.41217041015625,1.1810302734375,6.98822021484375,1.8182373046875,1.6143798828125,1.90155029296875,1.32232666015625
25.6774389743805,0.1666259765625,-0.077972412109375,1.04888916015625,1.8182373046875,-1.0125732421875,8.5491943359375,1.71295166015625,1.67999267578125,1.76132202148438,1.50222778320312
25.6867814064026,0.110015869140625,0.00213623046875,0.9527587890625,2.62115478515625,-1.4410400390625,9.52880859375,1.87911987304688,1.573486328125,1.8377685546875,1.37237548828125
25.6957976818085,0.08544921875,-0.29052734375,1.13006591796875,2.1075439453125,2.1514892578125,10.396728515625,1.57684326171875,1.71493530273438,1.693115234375,1.6754150390625
25.7064669132233,0.257415771484375,-0.039520263671875,1.06491088867188,1.50421142578125,0.46234130859375,9.98565673828125,1.68746948242188,1.7657470703125,1.74697875976562,1.46331787109375
25.719292640686,0.379180908203125,0.076904296875,1.06597900390625,1.86309814453125,-3.343505859375,10.4507446289062,1.67572021484375,1.8328857421875,1.759033203125,1.4007568359375
25.7262306213379,0.265960693359375,-0.13671875,1.0382080078125,2.947998046875,-3.0047607421875,9.48028564453125,1.66717529296875,1.69509887695312,1.83639526367188,1.46896362304688
25.7377028465271,0.112152099609375,-0.028839111328125,0.9100341796875,3.23455810546875,-0.8294677734375,8.7579345703125,1.8975830078125,1.51565551757812,1.9244384765625,1.3275146484375
25.7459573745728,0.186920166015625,-0.129241943359375,1.00830078125,1.439208984375,-0.853271484375,9.93804931640625,1.72195434570312,1.63406372070312,1.85379028320312,1.45523071289062
25.7579762935638,0.3759765625,-0.05767822265625,1.0125732421875,3.109130859375,-2.89764404296875,10.576171875,1.68212890625,1.71340942382812,1.89056396484375,1.38458251953125
25.7658052444458,0.3289794921875,-0.0897216796875,0.9527587890625,3.8470458984375,-1.8658447265625,10.9378051757812,1.7620849609375,1.61300659179688,1.96121215820312,1.334228515625
25.7790012359619,0.17730712890625,-0.12176513671875,1.02859497070312,3.5687255859375,-1.318359375,10.6365966796875,1.70013427734375,1.64840698242188,1.83609008789062,1.4892578125
25.7879703044891,0.076904296875,-0.02349853515625,0.98052978515625,0.91461181640625,-1.51611328125,10.01220703125,1.81732177734375,1.5771484375,1.83700561523438,1.44012451171875
25.7980284690857,0.105743408203125,-0.161285400390625,1.04782104492188,-0.6243896484375,0.2490234375,8.55377197265625,1.67892456054688,1.6253662109375,1.8060302734375,1.56265258789062
25.8077921867371,-0.0128173828125,-0.090789794921875,1.00082397460938,-0.0018310546875,3.98712158203125,6.9305419921875,1.795654296875,1.546630859375,1.80694580078125,1.52389526367188
25.8180606365204,-0.03631591796875,-0.179443359375,1.03286743164062,-0.179443359375,3.4991455078125,7.80120849609375,1.73797607421875,1.55258178710938,1.78268432617188,1.59912109375
25.8290445804596,-0.058746337890625,-0.080108642578125,1.03179931640625,-1.0052490234375,3.25836181640625,8.21685791015625,1.78024291992188,1.57318115234375,1.74530029296875,1.57516479492188
25.8382909297943,-0.028839111328125,-0.128173828125,1.06063842773438,1.959228515625,3.197021484375,7.115478515625,1.72027587890625,1.60507202148438,1.73324584960938,1.61529541015625
25.84654545784,-0.039520263671875,0.026702880859375,1.06491088867188,2.29156494140625,1.9500732421875,5.830078125,1.76956176757812,1.651611328125,1.67709350585938,1.57333374023438
25.8590371608734,-0.01922607421875,-0.050201416015625,1.06170654296875,1.25885009765625,0.574951171875,6.56158447265625,1.741943359375,1.63619995117188,1.71188354492188,1.58554077148438
25.8680520057678,0.01708984375,0.018157958984375,1.0211181640625,-0.8551025390625,0.2947998046875,8.5968017578125,1.81060791015625,1.6168212890625,1.74957275390625,1.5008544921875
25.8781499862671,0.093994140625,0.12603759765625,0.945281982421875,-1.41082763671875,0.78826904296875,11.0174560546875,1.92153930664062,1.58187866210938,1.8310546875,1.348876953125
25.8914623260498,0.06622314453125,0.184783935546875,0.948486328125,0.311279296875,0.51177978515625,12.7313232421875,1.94107055664062,1.59347534179688,1.79931640625,1.34796142578125
25.8985526561737,0.07476806640625,0.310821533203125,1.07666015625,1.1700439453125,-0.9320068359375,12.930908203125,1.820068359375,1.79214477539062,1.60629272460938,1.46408081054688
25.9077951908112,0.225372314453125,-0.0042724609375,1.13006591796875,0.88623046875,-2.373046875,12.5509643554688,1.61148071289062,1.8212890625,1.68304443359375,1.56600952148438
25.9179244041443,0.20721435546875,0.07476806640625,0.98052978515625,-0.2069091796875,-0.64453125,11.5301513671875,1.82830810546875,1.65008544921875,1.8408203125,1.36260986328125
25.934009552002,0.244598388671875,0.00640869140625,1.08840942382812,-1.827392578125,-2.142333984375,11.2490844726562,1.66168212890625,1.77780151367188,1.73736572265625,1.505126953125
25.9377851486206,0.17730712890625,0.184783935546875,1.07131958007812,-0.33233642578125,-0.36163330078125,9.65972900390625,1.76025390625,1.7919921875,1.68136596679688,1.448974609375
25.9491744041443,0.265960693359375,0.223236083984375,1.00296020507812,2.42156982421875,1.5966796875,8.79730224609375,1.8316650390625,1.74575805664062,1.78009033203125,1.3250732421875
25.9581925868988,0.29266357421875,0.19012451171875,1.0467529296875,2.14691162109375,2.61932373046875,9.49310302734375,1.76788330078125,1.81076049804688,1.73751831054688,1.37283325195312
25.9677958488464,0.310821533203125,0.191192626953125,0.80535888671875,3.72344970703125,3.343505859375,11.513671875,2.06375122070312,1.51397705078125,2.04681396484375,1.064453125
25.9761183261871,0.27130126953125,-0.007476806640625,1.03286743164062,0.889892578125,0.274658203125,10.4562377929688,1.72027587890625,1.7333984375,1.82952880859375,1.41128540039062
25.9903056621552,0.236053466796875,0.054473876953125,1.14608764648438,1.91162109375,-1.41632080078125,8.39996337890625,1.60354614257812,1.88018798828125,1.6558837890625,1.54937744140625
26.0007820129395,0.12176513671875,-0.056610107421875,1.01150512695312,-1.1297607421875,-2.98187255859375,8.63433837890625,1.768798828125,1.64382934570312,1.82708740234375,1.44927978515625
26.0088932514191,0.169830322265625,-0.073699951171875,1.00296020507812,-0.706787109375,0.992431640625,9.49859619140625,1.75369262695312,1.64871215820312,1.87393188476562,1.42059326171875
26.0187380313873,0.240325927734375,0.039520263671875,0.806427001953125,2.99468994140625,4.69573974609375,11.4669799804688,2.0135498046875,1.45767211914062,2.10418701171875,1.12152099609375
26.0278618335724,0.080108642578125,-0.1324462890625,1.07345581054688,0.6280517578125,2.15423583984375,11.319580078125,1.668701171875,1.69113159179688,1.78298950195312,1.55319213867188
26.0391836166382,0.01495361328125,-0.013885498046875,1.0296630859375,2.8912353515625,-1.673583984375,10.1358032226562,1.77627563476562,1.64627075195312,1.78512573242188,1.49154663085938
26.0579571723938,-0.1153564453125,-0.230712890625,1.00830078125,-0.7855224609375,-1.04736328125,8.84124755859375,1.78955078125,1.51382446289062,1.82876586914062,1.57180786132812
26.0703318119049,-0.18585205078125,-0.139923095703125,0.911102294921875,1.21124267578125,3.91204833984375,7.2271728515625,1.9647216796875,1.39175415039062,1.90216064453125,1.4501953125
26.0788617134094,-0.02349853515625,0.009613037109375,1.00296020507812,0.838623046875,2.6641845703125,9.50592041015625,1.8499755859375,1.5985107421875,1.7822265625,1.47735595703125
26.0877327919006,-0.009613037109375,-0.03204345703125,0.962371826171875,-0.5841064453125,-1.03363037109375,12.8814697265625,1.88400268554688,1.5374755859375,1.85226440429688,1.4324951171875
26.0991306304932,-0.041656494140625,-0.025634765625,1.0040283203125,1.78070068359375,-1.76788330078125,11.8798828125,1.85043334960938,1.58279418945312,1.78176879882812,1.49688720703125
26.1090261936188,-0.114288330078125,-0.212554931640625,1.18453979492188,-2.26776123046875,-1.34124755859375,11.35986328125,1.58981323242188,1.72958374023438,1.58905029296875,1.8035888671875
26.1188387870789,-0.13885498046875,0.037384033203125,1.04888916015625,-0.98602294921875,-0.040283203125,9.876708984375,1.85440063476562,1.62338256835938,1.66671752929688,1.56814575195312
26.1280212402344,-0.0213623046875,-0.10040283203125,1.0809326171875,-2.3052978515625,-0.07965087890625,9.46746826171875,1.74407958984375,1.6656494140625,1.69754028320312,1.60858154296875
26.1388764381409,-0.04486083984375,0.101470947265625,1.0125732421875,-1.47308349609375,-1.3623046875,10.4168701171875,1.8988037109375,1.62567138671875,1.70989990234375,1.47994995117188
26.1464486122131,-0.07476806640625,0.22430419921875,0.900421142578125,0.55938720703125,-1.76422119140625,11.54296875,2.08663940429688,1.51092529296875,1.80389404296875,1.3128662109375
26.1591107845306,0.00213623046875,0.110015869140625,0.988006591796875,0.50262451171875,0.5474853515625,10.1412963867188,1.91970825195312,1.61102294921875,1.75338745117188,1.43569946289062
26.1700215339661,0.191192626953125,-0.013885498046875,1.04034423828125,-0.18310546875,-1.263427734375,11.46240234375,1.7608642578125,1.69906616210938,1.78131103515625,1.47613525390625
26.1778385639191,0.150604248046875,-0.10894775390625,1.04568481445312,-1.32293701171875,-3.23272705078125,11.6729736328125,1.73126220703125,1.65756225585938,1.79779052734375,1.53640747070312
26.1879127025604,0.018157958984375,0.042724609375,1.00189208984375,-1.8218994140625,-3.18695068359375,10.0973510742188,1.86874389648438,1.6021728515625,1.76910400390625,1.48223876953125
26.1969521045685,0.080108642578125,0.21148681640625,0.96343994140625,0.6683349609375,-0.49346923828125,10.4937744140625,1.95236206054688,1.6217041015625,1.78146362304688,1.3665771484375
26.2080504894257,0.218963623046875,0.13458251953125,0.990142822265625,2.0196533203125,0.4888916015625,11.3543701171875,1.84982299804688,1.67343139648438,1.8212890625,1.38015747070312
26.2179448604584,0.281982421875,-0.10040283203125,1.033935546875,1.1737060546875,-0.5621337890625,10.3262329101562,1.70181274414062,1.68136596679688,1.86233520507812,1.48300170898438
26.2299675941467,0.394134521484375,-0.116424560546875,1.00936889648438,0.34423828125,-1.72576904296875,8.5748291015625,1.69509887695312,1.68136596679688,1.93008422851562,1.42196655273438
26.2358381748199,0.39093017578125,-0.076904296875,0.94207763671875,-0.4962158203125,-1.61865234375,8.309326171875,1.78695678710938,1.60690307617188,2.003173828125,1.32904052734375
26.2472143173218,0.281982421875,0.118560791015625,1.1279296875,0.1483154296875,0.08514404296875,9.6405029296875,1.64520263671875,1.86019897460938,1.6815185546875,1.53793334960938
26.2557811737061,0.29052734375,-0.009613037109375,0.93994140625,-0.25909423828125,0.97412109375,11.4248657226562,1.83914184570312,1.59683227539062,1.964111328125,1.32781982421875
26.2679278850555,0.32470703125,0.001068115234375,1.01577758789062,-0.113525390625,-1.73126220703125,10.3024291992188,1.73873901367188,1.705322265625,1.87545776367188,1.40838623046875
26.2768211364746,0.32257080078125,-0.022430419921875,1.10122680664062,-0.30303955078125,-0.59967041015625,9.44000244140625,1.62994384765625,1.8121337890625,1.77459716796875,1.51412963867188
26.2860145568848,0.1708984375,-0.129241943359375,1.05850219726562,-2.09197998046875,-1.490478515625,9.46929931640625,1.6943359375,1.68914794921875,1.81396484375,1.52862548828125
26.2959575653076,0.080108642578125,0.1153564453125,1.12045288085938,0.662841796875,-0.703125,9.6295166015625,1.722412109375,1.812744140625,1.6326904296875,1.55593872070312
26.3061974048615,0.05767822265625,-0.069427490234375,0.960235595703125,-0.2471923828125,1.11419677734375,10.0360107421875,1.87301635742188,1.5570068359375,1.8902587890625,1.40594482421875
26.3166489601135,0.1239013671875,0.084381103515625,0.9442138671875,0.9869384765625,-1.02264404296875,11.260986328125,1.910400390625,1.60919189453125,1.89361572265625,1.3177490234375
26.3260190486908,-0.011749267578125,0.00213623046875,1.0296630859375,-0.44952392578125,-0.5804443359375,12.2625732421875,1.81777954101562,1.65420532226562,1.77825927734375,1.47994995117188
26.3381686210632,-0.00640869140625,0.131378173828125,0.938873291015625,1.0784912109375,0.68023681640625,11.5960693359375,1.97006225585938,1.57943725585938,1.85272216796875,1.328125
26.3459846973419,0.037384033203125,0.03204345703125,1.20803833007812,0.260009765625,0.406494140625,11.4495849609375,1.59027099609375,1.90505981445312,1.55838012695312,1.67251586914062
26.3557577133179,-0.099334716796875,-0.035247802734375,1.04888916015625,-0.2691650390625,-0.831298828125,11.4404296875,1.80328369140625,1.641845703125,1.74468994140625,1.53945922851562
26.3659896850586,-0.16876220703125,-0.075836181640625,1.02645874023438,0.08148193359375,-1.3861083984375,10.7244873046875,1.8377685546875,1.580810546875,1.76544189453125,1.54556274414062
26.3758726119995,-0.24139404296875,-0.06195068359375,0.92498779296875,-1.3165283203125,1.7742919921875,10.3628540039062,1.98257446289062,1.43524169921875,1.873779296875,1.4361572265625
26.3858206272125,-0.114288330078125,0.1409912109375,0.982666015625,-0.0439453125,1.67266845703125,11.7169189453125,1.93710327148438,1.60568237304688,1.77383422851562,1.4111328125
26.3964326381683,-0.116424560546875,0.068359375,0.966644287109375,-0.3094482421875,1.160888671875,12.0135498046875,1.934814453125,1.56326293945312,1.81625366210938,1.40792846679688
26.4066431522369,-0.063018798828125,0.009613037109375,1.1322021484375,-0.062255859375,-1.02081298828125,11.004638671875,1.69357299804688,1.76315307617188,1.64718627929688,1.6168212890625
26.4162337779999,-0.073699951171875,-0.1495361328125,1.00189208984375,0.09063720703125,0.5364990234375,10.64208984375,1.80908203125,1.55166625976562,1.85714721679688,1.50283813476562
26.4259779453278,-0.026702880859375,-0.2178955078125,1.13861083984375,0.03570556640625,-1.79168701171875,10.0982666015625,1.60263061523438,1.71417236328125,1.71905517578125,1.67770385742188
26.4378204345703,-0.23284912109375,-0.131378173828125,1.08734130859375,0.25909423828125,-0.9539794921875,10.2236938476562,1.75399780273438,1.60400390625,1.69097900390625,1.66290283203125
26.4458734989166,-0.08544921875,0.060882568359375,1.051025390625,0.3680419921875,0.87066650390625,9.884033203125,1.82342529296875,1.64825439453125,1.70822143554688,1.52252197265625
26.4558169841766,-0.0469970703125,0.01922607421875,1.03500366210938,-0.6298828125,1.1279296875,10.65673828125,1.82357788085938,1.63009643554688,1.74392700195312,1.4959716796875
26.466983795166,-0.001068115234375,0.028839111328125,0.904693603515625,1.8988037109375,-1.0198974609375,10.1669311523438,1.9757080078125,1.48544311523438,1.9158935546875,1.3165283203125
26.4760801792145,-0.001068115234375,-0.15594482421875,0.990142822265625,0.9429931640625,1.0015869140625,10.1751708984375,1.81564331054688,1.531982421875,1.85821533203125,1.4752197265625
26.4858732223511,0.041656494140625,-0.084381103515625,1.04782104492188,0.88165283203125,-0.3314208984375,9.8162841796875,1.75369262695312,1.63833618164062,1.77566528320312,1.5130615234375
26.4958901405334,0.024566650390625,0.050201416015625,1.15249633789062,-0.38360595703125,0.113525390625,10.206298828125,1.6729736328125,1.79794311523438,1.58920288085938,1.60964965820312
26.5063378810883,-0.003204345703125,-0.1580810546875,1.0211181640625,-1.59759521484375,-1.043701171875,10.92041015625,1.77963256835938,1.56753540039062,1.80374145507812,1.50863647460938
26.5161120891571,-0.07476806640625,0.0042724609375,1.0125732421875,0.7342529296875,-0.81939697265625,10.0973510742188,1.86477661132812,1.575927734375,1.73019409179688,1.46881103515625
26.5260677337646,-0.04486083984375,-0.206146240234375,0.988006591796875,-1.8109130859375,0.9576416015625,10.140380859375,1.81854248046875,1.48818969726562,1.83380126953125,1.490478515625
26.5367541313171,0.14739990234375,0.114288330078125,0.887603759765625,1.43829345703125,0.64910888671875,10.213623046875,1.99020385742188,1.51397705078125,1.91452026367188,1.21246337890625
26.5469396114349,0.11322021484375,-0.116424560546875,1.00082397460938,-2.098388671875,-0.54473876953125,10.7290649414062,1.77993774414062,1.56768798828125,1.82998657226562,1.436767578125
26.557056427002,0.02349853515625,0.09185791015625,1.0809326171875,1.39984130859375,-1.97479248046875,9.91058349609375,1.77032470703125,1.69906616210938,1.63833618164062,1.50665283203125
26.566025018692,-0.003204345703125,-0.007476806640625,1.1322021484375,-1.1224365234375,-2.35748291015625,10.0955200195312,1.67465209960938,1.71539306640625,1.59759521484375,1.61239624023438
26.5762372016907,-0.01068115234375,-0.189056396484375,1.18453979492188,-1.80450439453125,-1.226806640625,11.568603515625,1.549072265625,1.7236328125,1.5869140625,1.73416137695312
26.5870082378387,0.0128173828125,-0.16021728515625,0.95916748046875,-2.296142578125,0.369873046875,10.6484985351562,1.83334350585938,1.4569091796875,1.86553955078125,1.43798828125
26.5960347652435,0.1666259765625,0.05126953125,1.0040283203125,-1.219482421875,-0.44403076171875,11.1904907226562,1.79763793945312,1.61605834960938,1.78207397460938,1.3916015625
26.6071929931641,0.1153564453125,-0.05340576171875,1.085205078125,-2.84271240234375,-0.89263916015625,11.68212890625,1.67861938476562,1.66900634765625,1.6949462890625,1.53289794921875
26.6181926727295,0.1708984375,-0.001068115234375,1.03286743164062,-1.82830810546875,0.62896728515625,11.5045166015625,1.7437744140625,1.63848876953125,1.75582885742188,1.43264770507812
26.6279942989349,0.163421630859375,0.15380859375,1.0552978515625,1.31744384765625,1.7852783203125,10.7675170898438,1.767578125,1.707763671875,1.67739868164062,1.41799926757812
26.6369879245758,0.148468017578125,-0.1239013671875,0.968780517578125,2.04345703125,1.1883544921875,10.6201171875,1.79107666015625,1.51016235351562,1.871337890625,1.3909912109375
26.6459259986877,0.131378173828125,-0.0982666015625,1.162109375,1.91070556640625,-0.7470703125,11.4321899414062,1.55853271484375,1.75613403320312,1.61575317382812,1.62918090820312
26.6562488079071,0.071563720703125,0.077972412109375,1.09695434570312,-0.57220458984375,-2.34375,11.4935302734375,1.71279907226562,1.705322265625,1.62506103515625,1.51641845703125
26.6659712791443,0.1324462890625,0.103607177734375,0.82672119140625,-1.212158203125,-1.77886962890625,10.6732177734375,2.03872680664062,1.39785766601562,1.97479248046875,1.14822387695312
26.6790568828583,0.162353515625,-0.095062255859375,1.08306884765625,-1.278076171875,-1.41815185546875,9.83184814453125,1.64459228515625,1.67556762695312,1.72958374023438,1.50909423828125
26.6978516578674,0.112152099609375,-0.0726318359375,1.02752685546875,-2.09747314453125,-1.0858154296875,10.2273559570312,1.73507690429688,1.60003662109375,1.77963256835938,1.444091796875
26.7089874744415,0.039520263671875,-0.17303466796875,1.1407470703125,-3.04412841796875,-0.5621337890625,10.5624389648438,1.5826416015625,1.6900634765625,1.649169921875,1.636962890625
26.7160174846649,0.037384033203125,-0.04058837890625,1.04568481445312,-2.31719970703125,-0.21240234375,10.1458740234375,1.74972534179688,1.60430908203125,1.72042846679688,1.48605346679688
26.7294421195984,0.0811767578125,0.0811767578125,0.889739990234375,-0.3076171875,-1.1041259765625,10.1486206054688,1.96975708007812,1.45721435546875,1.8896484375,1.24313354492188
26.7369959354401,-0.013885498046875,-0.00640869140625,0.953826904296875,0.81207275390625,-0.09063720703125,9.33380126953125,1.8902587890625,1.48193359375,1.80984497070312,1.3775634765625
26.7479612827301,-0.020294189453125,0.154876708984375,0.94207763671875,4.442138671875,2.05169677734375,8.83209228515625,1.95648193359375,1.5130615234375,1.77276611328125,1.319580078125
26.7570192813873,-0.035247802734375,0.084381103515625,1.0723876953125,3.40850830078125,0.81207275390625,8.9208984375,1.77200317382812,1.6595458984375,1.63009643554688,1.5081787109375
26.7668364048004,-0.052337646484375,-0.07049560546875,1.09481811523438,1.53717041015625,0.677490234375,8.84033203125,1.70166015625,1.63101196289062,1.64154052734375,1.59881591796875
26.7761900424957,-0.020294189453125,-0.210418701171875,1.0723876953125,-1.7999267578125,1.3531494140625,8.583984375,1.67587280273438,1.5704345703125,1.72882080078125,1.60202026367188
26.7869107723236,0.028839111328125,0.01068115234375,1.08627319335938,-2.5799560546875,-0.23162841796875,9.65423583984375,1.7144775390625,1.666259765625,1.65542602539062,1.54098510742188
26.7971017360687,-0.03631591796875,0.06622314453125,1.02859497070312,-1.99493408203125,-3.2171630859375,9.53521728515625,1.82144165039062,1.58920288085938,1.69113159179688,1.478271484375
26.8082661628723,0.084381103515625,-0.163421630859375,1.14715576171875,-1.314697265625,-5.679931640625,9.73388671875,1.56631469726562,1.71096801757812,1.6485595703125,1.65756225585938
26.8170213699341,0.0811767578125,-0.257415771484375,0.945281982421875,-1.76971435546875,-2.92327880859375,9.2999267578125,1.79595947265625,1.44073486328125,1.932373046875,1.4263916015625
26.8262004852295,0.17303466796875,-0.128173828125,1.033935546875,-3.2757568359375,-3.11920166015625,10.1907348632812,1.69906616210938,1.61819458007812,1.80709838867188,1.47079467773438
26.8371074199677,0.01708984375,0.124969482421875,1.07452392578125,-1.080322265625,-1.43463134765625,10.4910278320312,1.78390502929688,1.71035766601562,1.6241455078125,1.485595703125
26.8467900753021,0.124969482421875,-0.060882568359375,0.953826904296875,-1.37054443359375,-2.48565673828125,9.44915771484375,1.85165405273438,1.54586791992188,1.85699462890625,1.35040283203125
26.8564696311951,0.24993896484375,-0.035247802734375,0.99761962890625,-1.01165771484375,-5.60577392578125,9.27886962890625,1.76986694335938,1.6387939453125,1.83013916015625,1.36688232421875
26.8670773506165,0.195465087890625,-0.033111572265625,0.96771240234375,-1.27899169921875,-2.45635986328125,9.261474609375,1.82113647460938,1.58126831054688,1.856689453125,1.35360717773438
26.8770427703857,0.2178955078125,-0.003204345703125,1.00723266601562,-1.18560791015625,-1.3568115234375,8.54827880859375,1.77825927734375,1.64474487304688,1.80023193359375,1.38946533203125
26.8861653804779,0.233917236328125,0.07476806640625,1.204833984375,-1.15081787109375,1.201171875,10.2182006835938,1.53488159179688,1.9305419921875,1.54571533203125,1.62216186523438
26.8970775604248,0.246734619140625,-0.01922607421875,1.0040283203125,-1.36322021484375,1.92535400390625,11.0000610351562,1.75216674804688,1.656494140625,1.83090209960938,1.39389038085938
26.9062905311584,0.131378173828125,0.060882568359375,0.962371826171875,-0.252685546875,4.62066650390625,10.294189453125,1.85836791992188,1.6070556640625,1.82815551757812,1.35086059570312
26.9168305397034,0.229644775390625,-0.028839111328125,0.97412109375,-0.51910400390625,4.0447998046875,10.8856201171875,1.78985595703125,1.63558959960938,1.86935424804688,1.35208129882812
26.9267635345459,0.1068115234375,-0.111083984375,1.04568481445312,-1.80999755859375,1.49688720703125,11.070556640625,1.71798706054688,1.68167114257812,1.76422119140625,1.49169921875
26.9401774406433,0.145263671875,-0.08758544921875,1.187744140625,0.1153564453125,-0.9979248046875,10.2520751953125,1.54632568359375,1.88766479492188,1.58309936523438,1.64093017578125
26.9479613304138,-0.016021728515625,-0.120697021484375,1.08627319335938,0.07049560546875,1.1883544921875,9.86114501953125,1.71615600585938,1.70486450195312,1.66824340820312,1.56875610351562
26.958247423172,0.07904052734375,0.02349853515625,0.992279052734375,1.3421630859375,1.497802734375,10.5661010742188,1.86630249023438,1.65115356445312,1.77017211914062,1.37832641601562
26.9797873497009,0.111083984375,-0.04058837890625,1.0382080078125,0.24993896484375,0.35614013671875,12.0126342773438,1.77947998046875,1.70089721679688,1.74102783203125,1.44439697265625
26.9889385700226,0.05767822265625,-0.011749267578125,1.04248046875,-0.7781982421875,-2.62664794921875,11.18408203125,1.79794311523438,1.697998046875,1.71127319335938,1.458740234375
26.99680352211,-0.065155029296875,-0.01068115234375,1.00616455078125,0.4412841796875,-2.2833251953125,10.8306884765625,1.90505981445312,1.62246704101562,1.70745849609375,1.43875122070312
27.0060751438141,-0.005340576171875,-0.0640869140625,1.05209350585938,-1.02630615234375,0.50994873046875,10.8416748046875,1.82907104492188,1.68197631835938,1.67526245117188,1.4923095703125
27.0169949531555,0.101470947265625,0.0042724609375,1.09909057617188,-0.146484375,1.15997314453125,11.9393920898438,1.76788330078125,1.7889404296875,1.62460327148438,1.50665283203125
27.0279517173767,-0.08758544921875,0.041656494140625,1.10015869140625,3.14666748046875,3.892822265625,11.8670654296875,1.83212280273438,1.74041748046875,1.55868530273438,1.55685424804688
27.0362796783447,0.024566650390625,-0.22430419921875,1.00723266601562,0.62164306640625,2.17529296875,11.1190795898438,1.83303833007812,1.57485961914062,1.79489135742188,1.49826049804688
27.0480492115021,0.11322021484375,-0.1837158203125,1.02218627929688,0.98876953125,-1.1883544921875,10.7162475585938,1.79824829101562,1.62307739257812,1.79244995117188,1.49261474609375
27.0580041408539,0.060882568359375,-0.17730712890625,1.09481811523438,4.13360595703125,1.16455078125,8.0328369140625,1.70425415039062,1.68533325195312,1.71005249023438,1.62490844726562
27.0669732093811,0.139923095703125,-0.29052734375,1.07452392578125,2.05902099609375,0.50811767578125,8.55194091796875,1.66732788085938,1.6448974609375,1.79473876953125,1.61605834960938
27.0768225193024,-0.0299072265625,-0.205078125,0.9869384765625,0.46417236328125,-2.32086181640625,9.1204833984375,1.8524169921875,1.5081787109375,1.83013916015625,1.54815673828125
27.087030172348,0.028839111328125,-0.289459228515625,1.03713989257812,0.88165283203125,1.0400390625,9.16717529296875,1.7462158203125,1.5655517578125,1.81106567382812,1.61605834960938
27.0968358516693,0.13671875,-0.18798828125,0.934600830078125,0.88714599609375,3.0743408203125,9.232177734375,1.87652587890625,1.49765014648438,1.94000244140625,1.429443359375
27.1068468093872,0.367431640625,-0.007476806640625,0.911102294921875,3.2061767578125,1.34124755859375,11.0614013671875,1.89285278320312,1.59515380859375,1.9866943359375,1.27944946289062
27.1189000606537,0.27130126953125,-0.409088134765625,1.22726440429688,-0.4339599609375,-0.54290771484375,10.6979370117188,1.39541625976562,1.84555053710938,1.69281005859375,1.82266235351562
27.1279549598694,0.193328857421875,-0.247802734375,1.24542236328125,-0.91461181640625,1.96746826171875,9.0582275390625,1.44287109375,1.88369750976562,1.59835815429688,1.832275390625
27.137033700943,0.295867919921875,-0.22216796875,1.20162963867188,-2.1533203125,0.10986328125,9.6533203125,1.47735595703125,1.8572998046875,1.67388916015625,1.754150390625
27.1470499038696,0.0469970703125,-0.0640869140625,0.9783935546875,-0.556640625,0.09796142578125,10.0405883789062,1.87210083007812,1.53289794921875,1.83074951171875,1.5252685546875
27.1567718982697,0.33538818359375,-0.17730712890625,0.844879150390625,2.11669921875,4.66094970703125,9.1644287109375,1.91925048828125,1.41845703125,2.12234497070312,1.30828857421875
27.17076587677,0.317230224609375,0.01068115234375,1.09588623046875,1.1334228515625,4.3157958984375,10.491943359375,1.67129516601562,1.78115844726562,1.74407958984375,1.57180786132812
27.1770770549774,0.319366455078125,0.150604248046875,1.02325439453125,0.33782958984375,1.658935546875,13.7210083007812,1.80404663085938,1.73187255859375,1.798095703125,1.44073486328125
27.2108654975891,0.347137451171875,0.050201416015625,1.06704711914062,1.35772705078125,0.92559814453125,9.3951416015625,1.7095947265625,1.76742553710938,1.7822265625,1.51535034179688
27.2180707454681,0.216827392578125,0.028839111328125,1.1151123046875,-4.05303955078125,-1.2945556640625,9.26239013671875,1.68548583984375,1.80099487304688,1.69082641601562,1.59652709960938
27.2280240058899,0.0469970703125,0.270233154296875,0.921783447265625,0.68756103515625,0.9063720703125,6.33544921875,2.05780029296875,1.60324096679688,1.802978515625,1.30523681640625
27.2370223999023,0.325775146484375,0.0982666015625,0.962371826171875,3.78387451171875,0.11993408203125,6.60186767578125,1.87088012695312,1.69830322265625,1.88552856445312,1.30874633789062
27.2478818893433,0.230712890625,0.145263671875,1.02432250976562,1.922607421875,-0.00274658203125,8.1866455078125,1.83609008789062,1.7791748046875,1.76681518554688,1.383056640625
27.2569720745087,0.1495361328125,0.152740478515625,1.10977172851562,1.5472412109375,-0.8001708984375,8.51715087890625,1.7529296875,1.87332153320312,1.63284301757812,1.50360107421875
27.2688343524933,0.24139404296875,0.067291259765625,1.03286743164062,-0.4266357421875,0.6243896484375,10.1742553710938,1.795654296875,1.78207397460938,1.78237915039062,1.402587890625
27.2767884731293,0.244598388671875,0.043792724609375,1.28814697265625,-1.23138427734375,-0.77728271484375,11.2564086914062,1.46713256835938,2.113037109375,1.47430419921875,1.71142578125
27.2870855331421,0.008544921875,-0.101470947265625,1.10443115234375,-2.1881103515625,-1.593017578125,12.396240234375,1.71676635742188,1.76727294921875,1.68350219726562,1.59835815429688
27.297952413559,0.07476806640625,0.001068115234375,1.03713989257812,-0.61981201171875,0.047607421875,12.5820922851562,1.81259155273438,1.74636840820312,1.75506591796875,1.45263671875
27.3067808151245,0.24566650390625,0.02349853515625,1.016845703125,0.78826904296875,-1.29180908203125,13.077392578125,1.79550170898438,1.78024291992188,1.82479858398438,1.3677978515625
27.3189737796783,0.08758544921875,-0.15167236328125,1.02218627929688,1.46942138671875,0.941162109375,11.722412109375,1.78054809570312,1.68563842773438,1.83013916015625,1.47186279296875
27.3278193473816,0.02777099609375,-0.189056396484375,1.18988037109375,2.58270263671875,1.7340087890625,10.089111328125,1.57455444335938,1.86721801757812,1.61514282226562,1.71142578125
27.3369734287262,0.110015869140625,-0.162353515625,1.04461669921875,2.2100830078125,1.11236572265625,11.0760498046875,1.7437744140625,1.71112060546875,1.812744140625,1.50527954101562
27.3481776714325,-0.042724609375,-0.325775146484375,1.025390625,1.131591796875,-0.4925537109375,10.2658081054688,1.75949096679688,1.59255981445312,1.8450927734375,1.57608032226562
27.3573706150055,-0.29052734375,-0.06195068359375,1.01577758789062,4.013671875,1.05743408203125,8.6590576171875,1.9183349609375,1.5380859375,1.72149658203125,1.61102294921875
27.369113445282,-0.011749267578125,-0.37811279296875,0.86944580078125,2.01416015625,5.4803466796875,9.166259765625,1.9189453125,1.34414672851562,2.08602905273438,1.4422607421875
27.376975774765,0.12603759765625,-0.216827392578125,0.99761962890625,-0.3753662109375,1.01348876953125,11.7462158203125,1.77017211914062,1.59332275390625,1.9158935546875,1.51168823242188
27.3871405124664,0.039520263671875,-0.281982421875,1.05209350585938,1.9354248046875,-2.03887939453125,10.938720703125,1.70364379882812,1.60430908203125,1.85272216796875,1.63848876953125
27.3968706130981,-0.003204345703125,-0.27557373046875,1.06704711914062,0.6536865234375,1.04736328125,9.7412109375,1.69525146484375,1.5997314453125,1.8243408203125,1.67831420898438
27.408084154129,0.10894775390625,-0.2178955078125,1.273193359375,-0.0677490234375,1.4703369140625,9.15069580078125,1.4276123046875,1.90689086914062,1.57867431640625,1.885986328125
27.418021440506,-0.1068115234375,-0.453948974609375,1.15142822265625,-4.75799560546875,-1.1041259765625,12.5262451171875,1.5655517578125,1.6192626953125,1.74453735351562,1.86996459960938
27.4268133640289,-0.122833251953125,-0.01922607421875,0.982666015625,-1.18927001953125,1.6021728515625,9.9169921875,1.92291259765625,1.52069091796875,1.80999755859375,1.5521240234375
27.4370925426483,0.1068115234375,-0.08758544921875,1.00616455078125,2.19085693359375,-0.11077880859375,8.7432861328125,1.80770874023438,1.60064697265625,1.86660766601562,1.5313720703125
27.4519245624542,0.206146240234375,-0.0897216796875,1.0211181640625,-0.40191650390625,-1.534423828125,9.80712890625,1.75994873046875,1.65084838867188,1.87606811523438,1.51962280273438
27.4600472450256,0.42724609375,0.18585205078125,1.13861083984375,-1.0198974609375,-6.81060791015625,11.5219116210938,1.63894653320312,1.94183349609375,1.70425415039062,1.52053833007812
27.4693257808685,0.167694091796875,0.007476806640625,1.17385864257812,0.53741455078125,-7.51556396484375,11.4752197265625,1.60980224609375,1.849365234375,1.64398193359375,1.70562744140625
27.477055311203,0.159149169921875,-0.042724609375,1.25930786132812,1.81640625,-4.6087646484375,9.0966796875,1.4892578125,1.927490234375,1.55593872070312,1.8359375
27.4871983528137,0.253143310546875,0.042724609375,1.13861083984375,3.04962158203125,-4.73785400390625,7.77740478515625,1.63986206054688,1.82632446289062,1.70684814453125,1.63314819335938
27.4978294372559,0.118560791015625,0.13885498046875,1.0467529296875,2.493896484375,-0.4486083984375,8.31024169921875,1.817626953125,1.69052124023438,1.75521850585938,1.54052734375
27.5078146457672,0.0640869140625,0.227508544921875,0.79254150390625,-0.39093017578125,0.62896728515625,10.484619140625,2.17437744140625,1.38397216796875,2.03536987304688,1.21261596679688
27.5167691707611,0.2777099609375,0.23712158203125,0.70068359375,-0.73699951171875,0.16387939453125,12.802734375,2.22930908203125,1.33895874023438,2.21817016601562,1.02081298828125
27.5282599925995,0.4827880859375,0.178375244140625,0.90362548828125,-2.29888916015625,-0.384521484375,12.462158203125,1.89773559570312,1.64260864257812,2.03689575195312,1.22512817382812
27.5369448661804,0.552215576171875,0.265960693359375,1.13006591796875,0.14556884765625,-0.66375732421875,11.7160034179688,1.62521362304688,1.97708129882812,1.7413330078125,1.45401000976562
27.5477864742279,0.47210693359375,0.201873779296875,1.21124267578125,3.48358154296875,0.0531005859375,9.2999267578125,1.527099609375,2.0355224609375,1.63619995117188,1.59881591796875
27.5580773353577,0.169830322265625,0.15167236328125,1.256103515625,2.76214599609375,0.99609375,7.98614501953125,1.53671264648438,1.99920654296875,1.50894165039062,1.74789428710938
27.5678675174713,0.076904296875,0.12176513671875,1.24221801757812,2.7264404296875,2.8875732421875,7.86346435546875,1.57028198242188,1.9439697265625,1.50955200195312,1.76910400390625
27.5779054164886,0.067291259765625,0.212554931640625,1.00830078125,1.67633056640625,6.3739013671875,7.92205810546875,1.88919067382812,1.68441772460938,1.7669677734375,1.44744873046875
27.5880436897278,0.197601318359375,0.15167236328125,0.931396484375,2.06634521484375,7.18963623046875,9.6917724609375,1.92581176757812,1.62246704101562,1.92276000976562,1.314697265625
27.5971994400024,0.25421142578125,0.24993896484375,0.921783447265625,2.02880859375,2.40966796875,9.5233154296875,1.94976806640625,1.66152954101562,1.92092895507812,1.25350952148438
27.6080803871155,0.2862548828125,0.20294189453125,0.994415283203125,1.761474609375,0.5419921875,10.7244873046875,1.83486938476562,1.75033569335938,1.851806640625,1.346435546875
27.6171431541443,0.2520751953125,0.00640869140625,1.07452392578125,1.3494873046875,-0.992431640625,9.22760009765625,1.68045043945312,1.78131103515625,1.80374145507812,1.51473999023438
27.6315958499908,0.10467529296875,0.01068115234375,1.1279296875,-0.12908935546875,-1.58477783203125,10.2703857421875,1.65756225585938,1.80252075195312,1.69418334960938,1.6259765625
27.6368827819824,0.129241943359375,-0.167694091796875,1.15570068359375,-1.1444091796875,-1.41265869140625,9.737548828125,1.55990600585938,1.79794311523438,1.719970703125,1.70166015625
27.6500163078308,0.093994140625,-0.127105712890625,1.10549926757812,-1.4520263671875,-1.12518310546875,10.1678466796875,1.64291381835938,1.73080444335938,1.75430297851562,1.6448974609375
27.6577274799347,0.033111572265625,-0.073699951171875,0.94207763671875,-1.6534423828125,-0.77362060546875,10.5963134765625,1.88217163085938,1.5167236328125,1.9329833984375,1.44439697265625
27.6681456565857,-0.00213623046875,-0.073699951171875,0.8843994140625,-2.43072509765625,0.1171875,9.79156494140625,1.96197509765625,1.43341064453125,1.9952392578125,1.38565063476562
27.6788108348846,0.12603759765625,-0.13671875,1.11724853515625,0.948486328125,2.1954345703125,9.35760498046875,1.61514282226562,1.74697875976562,1.76132202148438,1.65283203125
27.6889863014221,0.23284912109375,-0.278778076171875,1.14395141601562,0.59051513671875,0.3680419921875,8.2122802734375,1.50405883789062,1.7706298828125,1.80450439453125,1.70257568359375
27.6979033946991,-0.037384033203125,-0.07049560546875,1.14288330078125,1.07391357421875,0.24444580078125,7.763671875,1.64764404296875,1.7431640625,1.663818359375,1.73187255859375
27.7090253829956,-0.005340576171875,-0.05767822265625,1.17599487304688,0.0604248046875,-2.94342041015625,8.91998291015625,1.60079956054688,1.79672241210938,1.6265869140625,1.76162719726562
27.7178041934967,-0.050201416015625,-0.06622314453125,1.13006591796875,-0.81756591796875,-3.4515380859375,11.3790893554688,1.66839599609375,1.72256469726562,1.67388916015625,1.72088623046875
27.7289707660675,-0.035247802734375,0.080108642578125,0.9271240234375,-0.047607421875,-2.77130126953125,10.6805419921875,1.95938110351562,1.51123046875,1.89239501953125,1.42730712890625
27.7378022670746,0.005340576171875,0.18798828125,0.782928466796875,1.3861083984375,4.98138427734375,8.5693359375,2.16217041015625,1.37344360351562,2.05108642578125,1.20376586914062
27.749790430069,0.12603759765625,0.16448974609375,0.9356689453125,0.84686279296875,3.251953125,9.2303466796875,1.93206787109375,1.59896850585938,1.90216064453125,1.36199951171875
27.7577645778656,0.2008056640625,0.3375244140625,0.926055908203125,1.00067138671875,0.823974609375,8.76068115234375,1.97525024414062,1.65740966796875,1.88079833984375,1.28189086914062
27.7677924633026,0.06622314453125,0.093994140625,1.19522094726562,0.596923828125,0.172119140625,9.5306396484375,1.60369873046875,1.87850952148438,1.57989501953125,1.73248291015625
27.7798705101013,0.24566650390625,0.159149169921875,1.1749267578125,2.36572265625,-0.5401611328125,8.70025634765625,1.59820556640625,1.93099975585938,1.63238525390625,1.63436889648438
27.78884100914,0.298004150390625,0.129241943359375,1.25930786132812,1.9171142578125,-3.057861328125,10.3839111328125,1.46987915039062,2.04437255859375,1.55075073242188,1.73110961914062
27.7977669239044,0.116424560546875,0.137786865234375,1.051025390625,0.9429931640625,-2.9608154296875,11.4276123046875,1.78298950195312,1.73095703125,1.754150390625,1.52572631835938
27.8080208301544,0.075836181640625,0.024566650390625,0.915374755859375,1.083984375,3.77655029296875,10.8837890625,1.93222045898438,1.5234375,1.94534301757812,1.39495849609375
27.8178005218506,0.265960693359375,0.18798828125,0.89080810546875,0.596923828125,2.95623779296875,11.0531616210938,1.95816040039062,1.60049438476562,1.97540283203125,1.25869750976562
27.8300306797028,0.169830322265625,0.28839111328125,1.13754272460938,0.1739501953125,1.31378173828125,10.3573608398438,1.71035766601562,1.90475463867188,1.60797119140625,1.5728759765625
27.8380010128021,0.253143310546875,-0.0555419921875,1.08413696289062,1.35223388671875,1.7962646484375,9.78973388671875,1.64108276367188,1.76300048828125,1.80587768554688,1.57882690429688
27.8488371372223,0.20294189453125,0.024566650390625,1.1279296875,1.0858154296875,1.39892578125,10.1486206054688,1.627197265625,1.8292236328125,1.7132568359375,1.62399291992188
27.8579666614532,0.045928955078125,-0.05126953125,1.2432861328125,-0.677490234375,-3.0853271484375,13.2421875,1.50070190429688,1.90353393554688,1.54586791992188,1.84127807617188
27.8697924613953,0.150604248046875,0.103607177734375,1.06918334960938,-0.06317138671875,-2.10662841796875,12.5747680664062,1.73721313476562,1.76605224609375,1.74728393554688,1.54388427734375
27.8777661323547,0.225372314453125,0.037384033203125,0.98907470703125,0.80108642578125,-0.44586181640625,10.6430053710938,1.79306030273438,1.66656494140625,1.88674926757812,1.44180297851562
27.8882031440735,0.268096923828125,0.116424560546875,0.750885009765625,0.47332763671875,2.940673828125,11.0321044921875,2.099609375,1.4068603515625,2.17666625976562,1.107177734375
27.8979666233063,0.33538818359375,0,1.068115234375,0.42938232421875,1.10595703125,11.334228515625,1.64657592773438,1.79229736328125,1.83670043945312,1.517333984375
27.9077787399292,0.01068115234375,-0.008544921875,1.0980224609375,2.5067138671875,1.07757568359375,10.521240234375,1.697998046875,1.7230224609375,1.71066284179688,1.6595458984375
27.9177923202515,0.122833251953125,-0.167694091796875,1.1663818359375,1.5325927734375,0.03204345703125,9.64508056640625,1.52664184570312,1.80038452148438,1.70623779296875,1.7547607421875
27.927859544754,0.1751708984375,-0.12603759765625,1.10443115234375,-0.14923095703125,-0.73699951171875,8.85589599609375,1.60186767578125,1.751708984375,1.78451538085938,1.64993286132812
27.9378230571747,0.0469970703125,-0.09613037109375,1.0040283203125,1.16180419921875,2.3968505859375,7.72613525390625,1.77139282226562,1.593017578125,1.86752319335938,1.5570068359375
27.9501538276672,0.193328857421875,-0.02349853515625,0.96771240234375,1.16546630859375,1.9317626953125,8.79913330078125,1.79718017578125,1.61468505859375,1.93115234375,1.4459228515625
27.9569535255432,0.205078125,-0.1324462890625,0.99334716796875,-2.6165771484375,1.42181396484375,12.20947265625,1.72164916992188,1.61651611328125,1.94244384765625,1.5081787109375
27.9677770137787,0.0726318359375,0.152740478515625,0.90362548828125,-0.19134521484375,0.58868408203125,11.971435546875,1.96212768554688,1.54296875,1.92840576171875,1.35543823242188
27.9798316955566,0.124969482421875,0.086517333984375,1.10336303710938,0.1171875,1.92352294921875,11.795654296875,1.67556762695312,1.7877197265625,1.71401977539062,1.61239624023438
27.9878695011139,0.227508544921875,0.068359375,1.24221801757812,1.1737060546875,2.5653076171875,10.4132080078125,1.4654541015625,1.9873046875,1.57379150390625,1.75994873046875
27.9998707771301,0.016021728515625,0.018157958984375,1.15463256835938,1.11053466796875,1.2322998046875,9.5269775390625,1.61453247070312,1.79458618164062,1.64108276367188,1.73797607421875
28.0080530643463,-0.167694091796875,0.076904296875,1.14501953125,0.0531005859375,-0.69305419921875,8.73046875,1.69784545898438,1.74118041992188,1.580810546875,1.76681518554688
28.0177073478699,-0.11749267578125,0.15380859375,1.09054565429688,-1.32293701171875,0.16204833984375,9.61944580078125,1.77780151367188,1.70791625976562,1.6357421875,1.66091918945312
28.0301389694214,-0.02777099609375,0.1666259765625,1.05316162109375,-1.13067626953125,-0.0201416015625,10.48095703125,1.80328369140625,1.69082641601562,1.70196533203125,1.58798217773438
28.0398111343384,0.058746337890625,0.255279541015625,0.928192138671875,2.406005859375,0.74066162109375,9.4537353515625,1.961669921875,1.58218383789062,1.8524169921875,1.385498046875
28.0480618476868,-0.090789794921875,0.157012939453125,0.982666015625,2.53692626953125,3.55682373046875,8.3221435546875,1.907958984375,1.573486328125,1.7706298828125,1.53060913085938
28.0582406520844,0.22216796875,0.15167236328125,1.15570068359375,1.99493408203125,2.618408203125,8.10516357421875,1.60354614257812,1.881103515625,1.64413452148438,1.65054321289062
28.0678682327271,0.048065185546875,0.1837158203125,1.09161376953125,0.49896240234375,-0.2874755859375,9.58282470703125,1.74285888671875,1.7547607421875,1.65908813476562,1.61941528320312
28.0788309574127,0.1239013671875,0.056610107421875,1.102294921875,-0.16387939453125,-0.443115234375,9.71466064453125,1.66854858398438,1.75537109375,1.707763671875,1.64459228515625
28.0890045166016,0.165557861328125,0.152740478515625,1.11083984375,0.93841552734375,-1.45294189453125,9.08660888671875,1.68075561523438,1.8017578125,1.67617797851562,1.61666870117188
28.0979604721069,0.24993896484375,0.090789794921875,1.02325439453125,0.0201416015625,-0.23712158203125,10.2053833007812,1.74697875976562,1.70089721679688,1.82998657226562,1.49749755859375
28.1079416275024,0.2691650390625,0.120697021484375,0.98907470703125,-0.62164306640625,-1.0968017578125,10.1605224609375,1.7901611328125,1.66976928710938,1.87347412109375,1.44424438476562
28.1179718971252,0.291595458984375,0.1666259765625,0.95489501953125,0.00091552734375,0.128173828125,9.25048828125,1.83700561523438,1.64657592773438,1.90826416015625,1.38107299804688
28.1291010379791,0.2947998046875,0.196533203125,0.958099365234375,-0.33966064453125,1.494140625,9.3475341796875,1.8414306640625,1.66046142578125,1.89605712890625,1.3751220703125
28.1379776000977,0.214691162109375,0.139923095703125,1.016845703125,-0.84503173828125,1.45294189453125,9.95452880859375,1.7669677734375,1.70181274414062,1.81884765625,1.48056030273438
28.1490216255188,0.225372314453125,0.30975341796875,0.990142822265625,2.127685546875,0.73150634765625,8.31390380859375,1.85104370117188,1.71981811523438,1.80206298828125,1.39541625976562
28.1577491760254,0.27984619140625,0.163421630859375,1.12045288085938,0.05035400390625,1.46026611328125,9.47479248046875,1.62628173828125,1.86370849609375,1.70181274414062,1.5740966796875
28.1677627563477,0.26702880859375,0.238189697265625,0.96343994140625,1.43096923828125,0.31585693359375,10.2145385742188,1.8505859375,1.68960571289062,1.87026977539062,1.35391235351562
28.1779055595398,0.285186767578125,0.0811767578125,1.07666015625,-0.02288818359375,0.457763671875,10.6182861328125,1.65481567382812,1.79275512695312,1.78192138671875,1.53472900390625
28.1881496906281,0.2734375,0.1153564453125,1.0552978515625,0.1922607421875,-0.216064453125,10.1156616210938,1.6851806640625,1.77352905273438,1.79901123046875,1.50253295898438
28.1989901065826,0.257415771484375,0.18585205078125,1.15676879882812,0.26458740234375,-1.893310546875,10.8059692382812,1.58126831054688,1.9219970703125,1.64688110351562,1.610107421875
28.2078557014465,0.15167236328125,-0.05767822265625,1.1492919921875,-2.5140380859375,-2.40966796875,11.597900390625,1.54342651367188,1.81365966796875,1.70394897460938,1.69784545898438
28.2179780006409,0.086517333984375,0.28839111328125,1.0595703125,0.465087890625,0.59600830078125,10.0350952148438,1.78329467773438,1.77947998046875,1.68777465820312,1.5081787109375
28.2280247211456,0.133514404296875,0.22216796875,1.0211181640625,0.889892578125,2.51678466796875,10.7940673828125,1.79336547851562,1.72683715820312,1.77276611328125,1.46331787109375
28.2378671169281,0.23284912109375,0.076904296875,0.979461669921875,0.25634765625,0.5841064453125,10.1449584960938,1.76376342773438,1.66549682617188,1.89910888671875,1.4239501953125
28.258162021637,0.013885498046875,0.295867919921875,0.964508056640625,0.19683837890625,-0.20599365234375,11.8295288085938,1.910400390625,1.64932250976562,1.79061889648438,1.40213012695312
28.2701270580292,0.035247802734375,0.15380859375,1.13861083984375,-1.07574462890625,-0.941162109375,11.7892456054688,1.64199829101562,1.8328857421875,1.62277221679688,1.6546630859375
28.2787885665894,-0.0811767578125,0.07904052734375,1.11724853515625,-0.43121337890625,-0.75714111328125,10.015869140625,1.67739868164062,1.75918579101562,1.6375732421875,1.673583984375
28.2860019207001,-0.128173828125,0.167694091796875,1.03286743164062,-0.75439453125,0.70953369140625,10.0241088867188,1.8212890625,1.6680908203125,1.70181274414062,1.55563354492188
28.2977511882782,-0.101470947265625,0.0811767578125,1.00936889648438,-1.48956298828125,0.80657958984375,10.7455444335938,1.81488037109375,1.619873046875,1.7730712890625,1.5478515625
28.3082151412964,-0.11749267578125,0.247802734375,0.949554443359375,-0.25726318359375,2.32818603515625,10.162353515625,1.94473266601562,1.5850830078125,1.79122924804688,1.43539428710938
28.3181529045105,-0.018157958984375,0.13031005859375,1.05422973632812,0.27740478515625,2.926025390625,9.86846923828125,1.74652099609375,1.7120361328125,1.72607421875,1.57180786132812
28.32799243927,0.058746337890625,0.07904052734375,1.06704711914062,0.413818359375,-0.03936767578125,11.6409301757812,1.695556640625,1.73904418945312,1.75125122070312,1.57760620117188
28.3389513492584,-0.099334716796875,-0.0128173828125,1.273193359375,-2.2723388671875,-0.966796875,13.4518432617188,1.45401000976562,1.92001342773438,1.47857666015625,1.9110107421875
28.3480505943298,-0.174102783203125,0.201873779296875,1.136474609375,-2.16339111328125,0.4669189453125,12.564697265625,1.71661376953125,1.783447265625,1.55593872070312,1.71234130859375
28.3578116893768,-0.107879638671875,0.0469970703125,1.07879638671875,-3.0340576171875,2.486572265625,11.3809204101562,1.72531127929688,1.6845703125,1.69235229492188,1.6644287109375
28.3680567741394,0.01495361328125,0.11749267578125,0.823516845703125,-1.49322509765625,1.70379638671875,10.8975219726562,2.0391845703125,1.42684936523438,2.01736450195312,1.28036499023438
28.3777885437012,-0.112152099609375,0.274505615234375,0.874786376953125,-0.0933837890625,1.219482421875,10.6338500976562,2.06741333007812,1.5020751953125,1.86172485351562,1.33224487304688
28.3878693580627,-0.022430419921875,0.052337646484375,0.894012451171875,-2.00958251953125,1.5435791015625,11.1126708984375,1.95266723632812,1.4971923828125,1.93023681640625,1.38031005859375
28.3981006145477,0.1324462890625,0.242462158203125,0.958099365234375,-1.22589111328125,-0.65826416015625,11.8377685546875,1.8927001953125,1.68502807617188,1.8341064453125,1.35025024414062
28.4077866077423,0.0384521484375,0.316162109375,1.10870361328125,-0.65185546875,-0.0128173828125,10.6805419921875,1.75582885742188,1.86126708984375,1.59210205078125,1.55029296875
28.4179673194885,0.092926025390625,0.272369384765625,1.13433837890625,1.98394775390625,0.0732421875,9.788818359375,1.69540405273438,1.89849853515625,1.58477783203125,1.57852172851562
28.4258146286011,0.045928955078125,0.128173828125,1.07131958007812,1.9390869140625,0.487060546875,9.80804443359375,1.74514770507812,1.76055908203125,1.69570922851562,1.5582275390625
28.4388191699982,0.065155029296875,0.092926025390625,0.915374755859375,0.12725830078125,0.3717041015625,9.9755859375,1.92291259765625,1.56234741210938,1.90216064453125,1.36871337890625
28.4542446136475,-0.01708984375,0.295867919921875,0.9698486328125,0.40924072265625,0.2655029296875,9.752197265625,1.94198608398438,1.66259765625,1.746826171875,1.405029296875
28.4688384532928,0.24566650390625,0.196533203125,1.1279296875,1.3714599609375,-1.48773193359375,9.81353759765625,1.64138793945312,1.91604614257812,1.646728515625,1.54815673828125
28.478746175766,0.133514404296875,0.059814453125,1.04888916015625,0.9210205078125,0.0750732421875,9.24774169921875,1.73324584960938,1.748046875,1.75521850585938,1.51580810546875
28.48801445961,0.127105712890625,0.1580810546875,1.08627319335938,1.2176513671875,-0.5328369140625,8.61968994140625,1.722412109375,1.82510375976562,1.67251586914062,1.5283203125
28.4983069896698,0.0299072265625,0.08544921875,1.12045288085938,-0.42388916015625,-1.4410400390625,9.56451416015625,1.68441772460938,1.81640625,1.62506103515625,1.62246704101562
28.5080168247223,0.182647705078125,0.009613037109375,1.04354858398438,-0.76080322265625,-2.0343017578125,10.7400512695312,1.71829223632812,1.75872802734375,1.78070068359375,1.48590087890625
28.5178442001343,0.195465087890625,0.1324462890625,1.1492919921875,0.09063720703125,-2.54608154296875,11.239013671875,1.62673950195312,1.93145751953125,1.60888671875,1.57424926757812
28.531033039093,0.196533203125,-0.00640869140625,1.025390625,0.89263916015625,-1.41082763671875,11.6775512695312,1.73690795898438,1.74819946289062,1.80770874023438,1.44851684570312
28.5382518768311,0.180511474609375,-0.075836181640625,1.102294921875,0.1666259765625,-2.933349609375,11.6793823242188,1.62277221679688,1.82403564453125,1.728515625,1.56356811523438
28.5459470748901,-0.05767822265625,-0.060882568359375,0.98907470703125,0.48065185546875,-0.8203125,9.7686767578125,1.83197021484375,1.62139892578125,1.80572509765625,1.48452758789062
28.5579562187195,0.025634765625,-0.1580810546875,0.97198486328125,-0.41656494140625,1.3824462890625,8.6572265625,1.80191040039062,1.59683227539062,1.88034057617188,1.46286010742188
28.5662136077881,-0.059814453125,-0.067291259765625,0.996551513671875,-0.87799072265625,2.0855712890625,9.35394287109375,1.82830810546875,1.62612915039062,1.79458618164062,1.49139404296875
28.5792076587677,0,-0.033111572265625,0.8843994140625,-1.2744140625,1.08123779296875,11.5447998046875,1.96304321289062,1.514892578125,1.9427490234375,1.32125854492188
28.5869839191437,0.06622314453125,-0.22430419921875,1.06918334960938,-1.109619140625,-1.007080078125,12.1975708007812,1.65496826171875,1.70944213867188,1.79306030273438,1.58401489257812
28.5958333015442,0.018157958984375,-0.2777099609375,1.13006591796875,-2.55706787109375,-3.78570556640625,12.0071411132812,1.57440185546875,1.756591796875,1.7193603515625,1.69097900390625
28.607186794281,-0.07476806640625,-0.259552001953125,1.22299194335938,-1.59759521484375,-3.746337890625,11.1492919921875,1.48971557617188,1.84600830078125,1.5740966796875,1.834716796875
28.6158437728882,-0.210418701171875,-0.1495361328125,1.07559204101562,-1.12701416015625,-1.70928955078125,10.6915283203125,1.74819946289062,1.64764404296875,1.68365478515625,1.66519165039062
28.6262030601501,-0.142059326171875,-0.033111572265625,1.00296020507812,1.07757568359375,-0.51727294921875,11.4559936523438,1.85897827148438,1.61056518554688,1.76071166992188,1.51824951171875
28.6361393928528,-0.09185791015625,0.026702880859375,0.962371826171875,2.68707275390625,2.24761962890625,11.0623168945312,1.91482543945312,1.58950805664062,1.80587768554688,1.43829345703125
28.6469857692719,0.114288330078125,-0.154876708984375,1.0552978515625,1.358642578125,2.17620849609375,11.7965698242188,1.680908203125,1.71722412109375,1.80709838867188,1.54403686523438
28.6557908058167,0.112152099609375,-0.110015869140625,1.0723876953125,-0.65826416015625,-0.7745361328125,11.5237426757812,1.67144775390625,1.74407958984375,1.77398681640625,1.56295776367188
28.6680524349213,-0.19012451171875,-0.17303466796875,1.15570068359375,-1.15264892578125,-2.91229248046875,10.3509521484375,1.63223266601562,1.73049926757812,1.60110473632812,1.78939819335938
28.6758971214294,-0.236053466796875,-0.042724609375,1.14715576171875,-1.058349609375,-3.870849609375,9.847412109375,1.702880859375,1.74102783203125,1.55624389648438,1.75552368164062
28.6861326694489,-0.406951904296875,-0.058746337890625,1.16531372070312,-0.38726806640625,-0.0970458984375,10.4388427734375,1.72256469726562,1.705322265625,1.4898681640625,1.83761596679688
28.6972541809082,-0.189056396484375,-0.1580810546875,1.07452392578125,-1.50604248046875,1.32659912109375,8.822021484375,1.73599243164062,1.63253784179688,1.70272827148438,1.68289184570312
28.7069857120514,-0.298004150390625,-0.01708984375,0.9783935546875,-0.37078857421875,2.18994140625,9.7320556640625,1.9342041015625,1.51290893554688,1.74285888671875,1.55929565429688
28.7161073684692,-0.0469970703125,-0.059814453125,0.823516845703125,0.82763671875,3.13201904296875,10.07080078125,2.04345703125,1.38565063476562,2.02133178710938,1.29898071289062
28.7279632091522,-0.18798828125,0.144195556640625,0.945281982421875,1.0107421875,2.0196533203125,10.2346801757812,1.9989013671875,1.5533447265625,1.7608642578125,1.42990112304688
28.736555814743,-0.174102783203125,0.14739990234375,0.975189208984375,1.3623046875,2.50030517578125,10.5303955078125,1.95831298828125,1.59622192382812,1.72622680664062,1.46209716796875
28.7470524311066,0.08758544921875,0.069427490234375,1.27426147460938,2.21923828125,-0.84869384765625,9.3658447265625,1.47933959960938,2.02850341796875,1.44775390625,1.77932739257812
28.7568795681,-0.022430419921875,-0.10467529296875,1.20269775390625,-1.60400390625,-4.97406005859375,8.98773193359375,1.53915405273438,1.85653686523438,1.56082153320312,1.77597045898438
28.7669093608856,0.011749267578125,-0.1751708984375,1.25289916992188,-3.05419921875,-5.84197998046875,8.323974609375,1.44393920898438,1.91070556640625,1.52999877929688,1.84799194335938
28.7758333683014,-0.043792724609375,0.009613037109375,1.06063842773438,-2.25494384765625,-0.860595703125,8.6846923828125,1.75521850585938,1.707763671875,1.69509887695312,1.56173706054688
28.7858331203461,0.2008056640625,-0.0299072265625,0.870513916015625,-1.1077880859375,-0.80108642578125,9.49127197265625,1.90994262695312,1.53594970703125,2.0147705078125,1.2591552734375
28.7959938049316,0.06195068359375,0.059814453125,0.861968994140625,2.37213134765625,0.7470703125,10.0772094726562,1.99172973632812,1.5185546875,1.9525146484375,1.24267578125
28.8073084354401,0.374908447265625,-0.163421630859375,0.9527587890625,1.8475341796875,3.0743408203125,10.1239013671875,1.72073364257812,1.65863037109375,1.99630737304688,1.322021484375
28.8158040046692,0.481719970703125,-0.007476806640625,1.0467529296875,-2.7520751953125,-1.871337890625,11.8038940429688,1.61895751953125,1.86080932617188,1.85943603515625,1.351318359375
28.8260540962219,0.283050537109375,0.272369384765625,0.996551513671875,-0.135498046875,-3.1182861328125,11.6290283203125,1.824951171875,1.81594848632812,1.77658081054688,1.27288818359375
28.8358657360077,0.2093505859375,-0.1025390625,1.17599487304688,-0.0091552734375,-1.61224365234375,10.7427978515625,1.48834228515625,1.91680908203125,1.651611328125,1.6290283203125
28.8459661006927,0.182647705078125,-0.285186767578125,1.24221801757812,0.802001953125,2.8289794921875,8.8934326171875,1.34689331054688,1.94366455078125,1.62139892578125,1.77215576171875
28.8561899662018,0.24566650390625,-0.176239013671875,1.19842529296875,0.70770263671875,1.5179443359375,9.9957275390625,1.41647338867188,1.93344116210938,1.65542602539062,1.66915893554688
28.8688373565674,-0.09613037109375,0.011749267578125,1.13861083984375,3.43414306640625,0.8642578125,9.76776123046875,1.64810180664062,1.79916381835938,1.57546997070312,1.65283203125
28.87983751297,-0.03204345703125,-0.227508544921875,0.911102294921875,1.39068603515625,1.33758544921875,10.33447265625,1.84677124023438,1.44393920898438,1.95114135742188,1.42959594726562
28.8889420032501,0.071563720703125,-0.069427490234375,0.917510986328125,-0.61431884765625,0.65277099609375,11.8359375,1.86538696289062,1.51519775390625,1.92184448242188,1.36260986328125
28.8979320526123,0.19439697265625,-0.1239013671875,1.0595703125,0.00457763671875,-2.8509521484375,12.9913330078125,1.63925170898438,1.70639038085938,1.79519653320312,1.51947021484375
28.9090411663055,0.042724609375,-0.31829833984375,1.05316162109375,0.70587158203125,-3.17138671875,11.44775390625,1.63177490234375,1.59164428710938,1.82540893554688,1.60995483398438
28.9160232543945,-0.09613037109375,-0.333251953125,1.18667602539062,0.24627685546875,-2.091064453125,10.6210327148438,1.49551391601562,1.71676635742188,1.62078857421875,1.82327270507812
28.9290552139282,-0.291595458984375,-0.22003173828125,1.08627319335938,-0.3717041015625,-1.92901611328125,10.9881591796875,1.71478271484375,1.55731201171875,1.65512084960938,1.73065185546875
28.9387683868408,-0.165557861328125,-0.10467529296875,0.914306640625,0.05950927734375,-0.501708984375,11.1163330078125,1.9305419921875,1.41464233398438,1.87026977539062,1.44271850585938
28.9489946365356,-0.196533203125,-0.22003173828125,0.9442138671875,-2.41424560546875,2.07733154296875,11.8441772460938,1.8646240234375,1.41265869140625,1.861572265625,1.52557373046875
28.9620554447174,-0.13458251953125,0.05126953125,0.898284912109375,0.977783203125,1.71661376953125,11.6189575195312,1.98959350585938,1.45217895507812,1.85104370117188,1.37161254882812
28.9687910079956,-0.052337646484375,0.063018798828125,1.00509643554688,0.97869873046875,-1.64520263671875,10.4269409179688,1.83670043945312,1.61697387695312,1.73675537109375,1.47491455078125
28.9761028289795,-0.178375244140625,-0.030975341796875,1.16317749023438,1.83929443359375,-2.5177001953125,9.31365966796875,1.64596557617188,1.75552368164062,1.53350830078125,1.73660278320312
28.9863986968994,-0.161285400390625,-0.15380859375,1.22726440429688,3.7481689453125,0.692138671875,5.70556640625,1.51931762695312,1.80831909179688,1.49917602539062,1.8438720703125
28.9962725639343,0.04058837890625,-0.230712890625,1.28814697265625,-0.194091796875,-2.091064453125,9.29534912109375,1.36199951171875,1.93115234375,1.51092529296875,1.871337890625
29.0071129798889,-0.201873779296875,-0.19439697265625,1.03179931640625,-3.2098388671875,-2.15606689453125,11.8276977539062,1.7620849609375,1.544189453125,1.74972534179688,1.62017822265625
29.0157685279846,-0.075836181640625,-0.213623046875,0.7476806640625,-1.9500732421875,2.90313720703125,10.1962280273438,2.07656860351562,1.221923828125,2.14614868164062,1.23245239257812
29.0259599685669,0.082244873046875,0.03631591796875,0.94635009765625,-3.70147705078125,0.82305908203125,9.76226806640625,1.86309814453125,1.5924072265625,1.86721801757812,1.35910034179688
29.0358815193176,0.321502685546875,0.208282470703125,1.13113403320312,-1.95648193359375,-2.11669921875,10.257568359375,1.61849975585938,1.94869995117188,1.64794921875,1.46652221679688
29.0473637580872,0.080108642578125,-0.34393310546875,1.1236572265625,-3.544921875,-2.98919677734375,11.1163330078125,1.52206420898438,1.7047119140625,1.76437377929688,1.68991088867188
29.0581758022308,0.0469970703125,-0.2264404296875,1.11190795898438,-3.54400634765625,0.18218994140625,12.6690673828125,1.58706665039062,1.71035766601562,1.73110961914062,1.656494140625
29.0678112506866,0.065155029296875,-0.08331298828125,1.1834716796875,-4.405517578125,-1.53350830078125,13.685302734375,1.53839111328125,1.84539794921875,1.60018920898438,1.70013427734375
29.0787878036499,0.050201416015625,-0.1409912109375,1.10977172851562,-4.07501220703125,-2.59735107421875,12.4932861328125,1.61605834960938,1.73355102539062,1.70364379882812,1.6339111328125
29.0906596183777,-0.018157958984375,-0.0341796875,1.0809326171875,-1.5087890625,-2.81524658203125,10.4617309570312,1.70578002929688,1.70440673828125,1.68472290039062,1.59164428710938
29.098822593689,0.018157958984375,-0.086517333984375,1.025390625,0.40740966796875,4.837646484375,10.0607299804688,1.74972534179688,1.63528442382812,1.78146362304688,1.52328491210938
29.1099588871002,-0.04913330078125,0.03204345703125,1.04461669921875,-0.23712158203125,5.3594970703125,10.4095458984375,1.7822265625,1.66748046875,1.70074462890625,1.53854370117188
29.1189954280853,-0.0640869140625,0.22216796875,1.04141235351562,1.3092041015625,3.91937255859375,10.5615234375,1.85165405273438,1.71127319335938,1.63925170898438,1.48666381835938
29.126136302948,-0.048065185546875,-0.001068115234375,1.068115234375,-0.076904296875,4.79736328125,10.5267333984375,1.74285888671875,1.68701171875,1.67999267578125,1.5789794921875
29.1358289718628,0.18157958984375,-0.144195556640625,0.998687744140625,-2.95806884765625,0.65460205078125,11.3946533203125,1.72164916992188,1.63116455078125,1.8701171875,1.46835327148438
29.1469304561615,0.069427490234375,-0.063018798828125,1.1065673828125,-1.53900146484375,-2.21832275390625,13.8363647460938,1.64779663085938,1.75369262695312,1.67678833007812,1.61697387695312
29.1587944030762,0.10040283203125,-0.2435302734375,1.13433837890625,-1.03729248046875,-0.3955078125,12.9071044921875,1.54861450195312,1.7431640625,1.70700073242188,1.69647216796875
29.1699719429016,-0.013885498046875,-0.052337646484375,1.02432250976562,2.63580322265625,4.33685302734375,9.49493408203125,1.7791748046875,1.6217041015625,1.7498779296875,1.54281616210938
29.1789608001709,0.13031005859375,-0.03204345703125,1.04782104492188,3.57696533203125,3.26202392578125,8.77532958984375,1.71722412109375,1.7010498046875,1.7535400390625,1.52496337890625
29.1898715496063,0.088653564453125,-0.05126953125,1.01791381835938,1.798095703125,1.593017578125,9.28253173828125,1.76132202148438,1.63497924804688,1.77993774414062,1.52145385742188
29.1971876621246,-0.086517333984375,-0.03631591796875,1.06170654296875,3.00933837890625,1.06292724609375,6.97906494140625,1.76116943359375,1.63681030273438,1.67388916015625,1.6290283203125
29.2088296413422,0.042724609375,-0.041656494140625,1.08840942382812,0.8642578125,-0.1629638671875,7.99346923828125,1.68975830078125,1.7095947265625,1.67800903320312,1.62353515625
29.2188146114349,-0.00213623046875,-0.043792724609375,1.21124267578125,0.46875,-1.00067138671875,8.00811767578125,1.54861450195312,1.845703125,1.51199340820312,1.79367065429688
29.2289752960205,0.0726318359375,-0.10467529296875,1.13113403320312,0.89080810546875,-0.26641845703125,6.65771484375,1.61041259765625,1.75262451171875,1.654052734375,1.68853759765625
29.2399008274078,0.1708984375,0.00213623046875,1.04461669921875,0.6005859375,-0.22979736328125,8.86871337890625,1.72164916992188,1.70394897460938,1.75537109375,1.52297973632812
29.2459669113159,0.25634765625,0.056610107421875,0.90576171875,1.05194091796875,-0.1593017578125,10.9075927734375,1.88629150390625,1.57302856445312,1.93984985351562,1.30889892578125
29.2598481178284,0.073699951171875,-0.131378173828125,0.92926025390625,-0.8935546875,1.2103271484375,11.6226196289062,1.84860229492188,1.4862060546875,1.91482543945312,1.45904541015625
29.2659273147583,0.163421630859375,-0.14312744140625,1.06918334960938,-1.21856689453125,0.71319580078125,10.8261108398438,1.64505004882812,1.68472290039062,1.76589965820312,1.61392211914062
29.2798361778259,0.265960693359375,-0.199737548828125,1.22299194335938,-2.1002197265625,-1.25335693359375,10.5093383789062,1.40609741210938,1.89544677734375,1.62399291992188,1.78878784179688
29.2898914813995,-0.025634765625,-0.22003173828125,1.2347412109375,-1.56646728515625,-2.38128662109375,10.1531982421875,1.46713256835938,1.80160522460938,1.53030395507812,1.91452026367188
29.2999379634857,-0.15167236328125,-0.1708984375,1.09909057617188,-2.3876953125,-1.995849609375,10.6759643554688,1.69143676757812,1.597900390625,1.64382934570312,1.785888671875
29.3088212013245,0.0640869140625,-0.184783935546875,1.0040283203125,-3.21990966796875,-0.45684814453125,11.2454223632812,1.74453735351562,1.5374755859375,1.82022094726562,1.61209106445312
29.3190367221832,0.075836181640625,0.03204345703125,0.832061767578125,-0.05035400390625,1.1663818359375,10.7492065429688,2.02117919921875,1.3800048828125,1.96945190429688,1.33987426757812
29.3290040493011,0.1666259765625,-0.10467529296875,0.979461669921875,-3.08258056640625,-0.97320556640625,10.5642700195312,1.76864624023438,1.556396484375,1.85623168945312,1.5386962890625
29.3398168087006,0.04486083984375,-0.10040283203125,1.14608764648438,-0.340576171875,-0.43670654296875,8.84033203125,1.5960693359375,1.727294921875,1.61087036132812,1.78558349609375
29.3469927310944,0.199737548828125,-0.086517333984375,1.26251220703125,1.7193603515625,-2.60650634765625,9.6221923828125,1.41128540039062,1.92962646484375,1.51092529296875,1.87591552734375
29.3591005802155,0.265960693359375,-0.161285400390625,1.17172241210938,1.42730712890625,-3.82598876953125,11.2188720703125,1.47979736328125,1.81121826171875,1.67037963867188,1.77047729492188
29.3787438869476,0.227508544921875,-0.142059326171875,1.00936889648438,-0.0091552734375,-2.164306640625,10.2603149414062,1.7010498046875,1.59896850585938,1.85592651367188,1.57745361328125
29.3893032073975,0.17730712890625,0.0299072265625,0.9869384765625,0.69488525390625,2.36297607421875,10.0296020507812,1.79855346679688,1.60125732421875,1.81259155273438,1.52191162109375
29.3991837501526,0.084381103515625,-0.076904296875,0.88653564453125,-0.2764892578125,4.10797119140625,10.191650390625,1.9171142578125,1.41860961914062,1.9476318359375,1.45401000976562
29.4079775810242,0.441131591796875,0.221099853515625,0.863037109375,1.99127197265625,1.52252197265625,10.3729248046875,1.93817138671875,1.58523559570312,1.9842529296875,1.2274169921875
29.4209361076355,0.42083740234375,0.1324462890625,0.872650146484375,2.5579833984375,1.64154052734375,9.9920654296875,1.9049072265625,1.56723022460938,1.9891357421875,1.27288818359375
29.4297404289246,0.253143310546875,0.1580810546875,1.09481811523438,2.918701171875,1.41815185546875,10.9121704101562,1.6839599609375,1.80343627929688,1.65374755859375,1.59469604492188
29.4389612674713,0.4571533203125,0.086517333984375,1.31698608398438,0.1446533203125,-1.5985107421875,10.5963134765625,1.32858276367188,2.12814331054688,1.45339965820312,1.82479858398438
29.4487969875336,0.263824462890625,-0.00213623046875,1.29241943359375,-1.66259765625,-0.63720703125,9.90142822265625,1.3818359375,2.01751708984375,1.45538330078125,1.8817138671875
29.4597880840302,0.27557373046875,0.056610107421875,1.11618041992188,-0.9979248046875,1.01165771484375,8.75335693359375,1.61651611328125,1.81900024414062,1.66030883789062,1.63833618164062
29.4725916385651,0.152740478515625,0.026702880859375,1.12579345703125,-1.614990234375,2.51953125,9.98199462890625,1.62994384765625,1.78375244140625,1.62261962890625,1.69784545898438
29.4891974925995,-0.056610107421875,0.063018798828125,0.941009521484375,-2.80242919921875,-1.7156982421875,10.9149169921875,1.92733764648438,1.51046752929688,1.78085327148438,1.51153564453125
29.498948097229,-0.025634765625,0.17730712890625,0.975189208984375,-2.39044189453125,2.9296875,10.7904052734375,1.91116333007812,1.60140991210938,1.71127319335938,1.50711059570312
29.5089864730835,0.1922607421875,0.214691162109375,1.06277465820312,-1.2689208984375,4.31854248046875,11.6006469726562,1.75079345703125,1.79473876953125,1.64947509765625,1.531982421875
29.5199708938599,0.35675048828125,0.51483154296875,0.948486328125,2.259521484375,4.12261962890625,12.0364379882812,1.94046020507812,1.78726196289062,1.74362182617188,1.2548828125
29.5288345813751,0.2178955078125,0.084381103515625,1.30203247070312,2.06817626953125,1.9354248046875,11.5200805664062,1.40625,2.05764770507812,1.38900756835938,1.86859130859375
29.5388457775116,0.16876220703125,0.09185791015625,1.17599487304688,0.51910400390625,0.8184814453125,9.31915283203125,1.58203125,1.88446044921875,1.52130126953125,1.72897338867188
29.5470747947693,0.32684326171875,-0.10894775390625,1.21551513671875,0.322265625,-1.33392333984375,9.94537353515625,1.42227172851562,1.93740844726562,1.5777587890625,1.77688598632812
29.5589838027954,0.146331787109375,0.06195068359375,1.0382080078125,-0.90179443359375,-3.896484375,9.7998046875,1.7474365234375,1.71051025390625,1.69235229492188,1.55838012695312
29.5690433979034,0.24566650390625,-0.068359375,0.95489501953125,0.263671875,-1.6937255859375,10.08544921875,1.781005859375,1.60171508789062,1.8670654296875,1.45416259765625
29.5787880420685,0.107879638671875,-0.068359375,0.88226318359375,-0.87066650390625,3.80859375,10.2438354492188,1.90902709960938,1.47567749023438,1.91619873046875,1.400146484375
29.5900571346283,0.31829833984375,-0.058746337890625,0.988006591796875,-2.57354736328125,4.91912841796875,10.9881591796875,1.71722412109375,1.68121337890625,1.84112548828125,1.45660400390625
29.5989711284637,0.32684326171875,0.05340576171875,0.92926025390625,-2.65594482421875,1.67449951171875,12.5537109375,1.82327270507812,1.64215087890625,1.88232421875,1.3482666015625
29.6098144054413,0.2178955078125,-0.0640869140625,1.12045288085938,-0.15472412109375,2.38494873046875,11.94580078125,1.573486328125,1.82327270507812,1.65924072265625,1.63528442382812
29.6172058582306,0.18798828125,-0.13671875,1.0638427734375,0.7177734375,3.5614013671875,10.7684326171875,1.6253662109375,1.72500610351562,1.74301147460938,1.59317016601562
29.6288912296295,0.298004150390625,-0.139923095703125,1.32232666015625,-1.219482421875,0.12725830078125,11.3607788085938,1.2664794921875,2.091064453125,1.44943237304688,1.87637329101562
29.636048078537,0.244598388671875,-0.162353515625,1.14288330078125,-2.4334716796875,-2.3291015625,11.107177734375,1.49749755859375,1.84310913085938,1.6656494140625,1.67709350585938
29.6508152484894,-0.0811767578125,-0.359954833984375,0.91217041015625,-2.22564697265625,3.91937255859375,8.5015869140625,1.80908203125,1.39266967773438,1.92596435546875,1.55258178710938
29.658783197403,0.16448974609375,-0.144195556640625,0.9356689453125,-1.60125732421875,4.464111328125,8.6700439453125,1.77169799804688,1.56173706054688,1.89865112304688,1.44424438476562
29.6716592311859,0.272369384765625,0.060882568359375,0.932464599609375,0.380859375,2.02239990234375,10.5752563476562,1.8072509765625,1.64535522460938,1.8743896484375,1.34918212890625
29.6808156967163,0.1580810546875,-0.229644775390625,1.11831665039062,-1.0107421875,-0.28289794921875,10.5606079101562,1.51580810546875,1.76025390625,1.69998168945312,1.70028686523438
29.6898157596588,0.0897216796875,-0.22857666015625,1.14288330078125,0.6939697265625,1.10321044921875,7.298583984375,1.49749755859375,1.7657470703125,1.6546630859375,1.75750732421875
29.6990542411804,0.19012451171875,-0.334320068359375,1.16317749023438,2.4114990234375,0.91461181640625,7.2161865234375,1.40625,1.79534912109375,1.69464111328125,1.78237915039062
29.7088186740875,0.159149169921875,-0.1324462890625,1.07559204101562,1.3421630859375,-0.17303466796875,8.9263916015625,1.58157348632812,1.73065185546875,1.734619140625,1.63009643554688
29.7201590538025,0.08544921875,-0.129241943359375,1.02218627929688,-0.20233154296875,0.00274658203125,8.61785888671875,1.66702270507812,1.64093017578125,1.78253173828125,1.588134765625
29.7262332439423,0.293731689453125,0.003204345703125,1.09268188476562,1.7083740234375,-0.47882080078125,9.3658447265625,1.5594482421875,1.83197021484375,1.71585083007812,1.5728759765625
29.7358994483948,0.18798828125,-0.179443359375,1.03500366210938,-0.5108642578125,-1.27716064453125,11.6152954101562,1.6009521484375,1.67098999023438,1.81472778320312,1.59194946289062
29.7458212375641,0.16876220703125,0.00213623046875,1.16531372070312,1.9720458984375,-2.41424560546875,11.4862060546875,1.5020751953125,1.87820434570312,1.5948486328125,1.70822143554688
29.756249666214,0.076904296875,0.013885498046875,1.00830078125,3.9788818359375,-0.07415771484375,9.3365478515625,1.7266845703125,1.65328979492188,1.75888061523438,1.54281616210938
29.7660603523254,0.093994140625,-0.007476806640625,0.92498779296875,2.14141845703125,2.91778564453125,8.770751953125,1.82220458984375,1.54632568359375,1.87591552734375,1.43875122070312
29.7759962081909,0.118560791015625,0.04913330078125,0.92498779296875,-0.56671142578125,2.197265625,10.8114624023438,1.832275390625,1.57073974609375,1.8646240234375,1.41571044921875
29.7863643169403,0.095062255859375,0.31402587890625,0.953826904296875,0.8349609375,0.802001953125,10.1678466796875,1.8878173828125,1.67861938476562,1.73919677734375,1.37924194335938
29.7957890033722,0.10894775390625,0.10467529296875,1.13327026367188,-1.68182373046875,0.4742431640625,11.085205078125,1.59652709960938,1.84783935546875,1.583251953125,1.65573120117188
29.8080930709839,0.13671875,0.090789794921875,1.06491088867188,0.4119873046875,-0.49713134765625,9.42352294921875,1.67236328125,1.77520751953125,1.68228149414062,1.55685424804688
29.8164041042328,0.035247802734375,0.077972412109375,1.08627319335938,-0.8056640625,0.09429931640625,10.0991821289062,1.67083740234375,1.76589965820312,1.63101196289062,1.61895751953125
29.826388835907,0.075836181640625,-0.0384521484375,0.99334716796875,-0.53009033203125,0.4486083984375,10.0515747070312,1.74713134765625,1.63162231445312,1.79229736328125,1.5179443359375
29.8373255729675,0.03204345703125,0.111083984375,1.09161376953125,-0.1373291015625,0.8624267578125,10.2914428710938,1.69021606445312,1.77932739257812,1.60675048828125,1.61239624023438
29.8458812236786,0.07904052734375,-0.030975341796875,0.92926025390625,-0.90179443359375,1.6552734375,11.0787963867188,1.83975219726562,1.55014038085938,1.8701171875,1.42898559570312
29.8560435771942,0.193328857421875,0.213623046875,0.938873291015625,1.73126220703125,0,10.72998046875,1.87118530273438,1.66854858398438,1.81304931640625,1.33621215820312
29.8662776947021,0.071563720703125,0.01922607421875,0.990142822265625,2.2650146484375,3.74267578125,9.2742919921875,1.78054809570312,1.64016723632812,1.78237915039062,1.4923095703125
29.8874135017395,0.145263671875,0.016021728515625,1.28387451171875,-2.369384765625,-0.71044921875,10.4580688476562,1.39862060546875,2.02789306640625,1.43280029296875,1.84066772460938
29.8957951068878,0.145263671875,-0.08331298828125,1.025390625,-2.07550048828125,-4.0411376953125,10.4232788085938,1.69082641601562,1.66824340820312,1.7877197265625,1.55319213867188
29.9074432849884,0.0384521484375,-0.176239013671875,1.07131958007812,-1.494140625,-1.51336669921875,10.5075073242188,1.63497924804688,1.66671752929688,1.73233032226562,1.67083740234375
29.9157638549805,0.08758544921875,-0.090789794921875,0.897216796875,-0.65277099609375,0.7745361328125,11.3150024414062,1.86477661132812,1.48880004882812,1.93634033203125,1.414794921875
29.9268178939819,0.15167236328125,-0.0299072265625,1.00723266601562,-1.86859130859375,0.025634765625,10.1788330078125,1.7279052734375,1.6632080078125,1.79718017578125,1.517333984375
29.9372386932373,0.103607177734375,-0.04913330078125,1.016845703125,-3.1475830078125,0.95123291015625,9.97283935546875,1.71707153320312,1.66793823242188,1.77978515625,1.54800415039062
29.9469566345215,0.195465087890625,-0.009613037109375,0.936737060546875,-0.17578125,-0.0274658203125,11.4788818359375,1.795654296875,1.61483764648438,1.89834594726562,1.40945434570312
29.9569139480591,0.092926025390625,-0.0640869140625,1.0723876953125,0.70037841796875,-0.523681640625,10.931396484375,1.63818359375,1.73721313476562,1.71600341796875,1.62689208984375
29.9733016490936,0.129241943359375,-0.157012939453125,1.10763549804688,0.52459716796875,0.64544677734375,10.3436279296875,1.55242919921875,1.76773071289062,1.71234130859375,1.68594360351562
29.9772782325745,0.114288330078125,-0.17730712890625,1.153564453125,-0.1904296875,0.98968505859375,10.8050537109375,1.49734497070312,1.8231201171875,1.65481567382812,1.74697875976562
29.985903263092,0.073699951171875,-0.13031005859375,1.03179931640625,-0.238037109375,-0.472412109375,11.4459228515625,1.68060302734375,1.67465209960938,1.77719116210938,1.59225463867188
29.9972426891327,-0.058746337890625,0.204010009765625,0.95916748046875,2.38128662109375,-0.12908935546875,9.98199462890625,1.9171142578125,1.64581298828125,1.7205810546875,1.44744873046875
30.009085893631,0.101470947265625,-0.0640869140625,1.01364135742188,1.05377197265625,2.7191162109375,9.18365478515625,1.72225952148438,1.69387817382812,1.781005859375,1.53610229492188
30.0177764892578,0.22003173828125,-0.041656494140625,1.01898193359375,-0.2490234375,0.92193603515625,9.76226806640625,1.69342041015625,1.74331665039062,1.802978515625,1.49459838867188
30.0277736186981,0.12603759765625,0.129241943359375,1.10549926757812,0.882568359375,1.4007568359375,8.9886474609375,1.66061401367188,1.86843872070312,1.62582397460938,1.583251953125
30.0359570980072,0.041656494140625,0.0341796875,0.95062255859375,2.39593505859375,1.65435791015625,8.68011474609375,1.84356689453125,1.61575317382812,1.83197021484375,1.44760131835938
30.0459492206573,0.050201416015625,-0.0384521484375,1.03500366210938,2.51129150390625,2.14324951171875,9.7137451171875,1.7108154296875,1.70440673828125,1.75033569335938,1.57730102539062
30.0579104423523,-0.042724609375,-0.163421630859375,0.98480224609375,-1.34033203125,-0.2490234375,10.33447265625,1.76025390625,1.57608032226562,1.82601928710938,1.57882690429688
30.0677907466888,0.01495361328125,-0.02349853515625,1.02752685546875,-0.16937255859375,-0.39459228515625,10.8984375,1.73049926757812,1.6845703125,1.74774169921875,1.57623291015625
30.077734708786,-0.04058837890625,-0.110015869140625,0.98907470703125,-0.69122314453125,0.96771240234375,9.50225830078125,1.76528930664062,1.59469604492188,1.80755615234375,1.57379150390625
30.0907459259033,0.082244873046875,0.161285400390625,0.896148681640625,1.68914794921875,0.8184814453125,9.92340087890625,1.93328857421875,1.59454345703125,1.87118530273438,1.34140014648438
30.1059439182281,-0.05126953125,-0.01708984375,1.068115234375,-0.208740234375,-0.36895751953125,9.35028076171875,1.705322265625,1.71463012695312,1.66732788085938,1.65725708007812
30.1157822608948,0.04058837890625,-0.23712158203125,1.11404418945312,0.0164794921875,-0.322265625,9.049072265625,1.5521240234375,1.73431396484375,1.70578002929688,1.75140380859375
30.1263160705566,0.05767822265625,-0.033111572265625,1.0809326171875,-1.07208251953125,-0.69122314453125,8.98406982421875,1.65359497070312,1.75582885742188,1.68792724609375,1.64627075195312
30.1361348628998,-0.0042724609375,0.1068115234375,1.00082397460938,-0.0439453125,-1.34765625,9.034423828125,1.815185546875,1.65802001953125,1.73263549804688,1.53945922851562
30.1458647251129,0.03204345703125,-0.04913330078125,0.931396484375,-0.46875,-0.36895751953125,9.19097900390625,1.84188842773438,1.5386962890625,1.87881469726562,1.48574829101562
30.1563768386841,0.08544921875,-0.0042724609375,0.913238525390625,-4.2242431640625,-1.1151123046875,10.5807495117188,1.85882568359375,1.53915405273438,1.90872192382812,1.44332885742188
30.1672995090485,0.037384033203125,0.18585205078125,1.0296630859375,-0.457763671875,-0.81207275390625,9.66522216796875,1.78237915039062,1.71463012695312,1.69342041015625,1.55731201171875
30.1760804653168,0.116424560546875,0.0213623046875,1.16104125976562,1.5380859375,-1.99951171875,9.23583984375,1.54769897460938,1.8572998046875,1.60415649414062,1.73934936523438
30.1860902309418,0.24566650390625,-0.059814453125,1.11404418945312,-0.00823974609375,-2.60833740234375,9.1094970703125,1.54953002929688,1.82098388671875,1.72500610351562,1.65695190429688
30.1979625225067,0.15380859375,-0.1068115234375,1.1236572265625,0.1959228515625,-2.75390625,9.57183837890625,1.5557861328125,1.80160522460938,1.697998046875,1.70486450195312
30.2079033851624,0.02349853515625,0.018157958984375,1.05209350585938,0.08331298828125,-0.68389892578125,8.75244140625,1.72149658203125,1.70791625976562,1.708984375,1.62109375
30.2177534103394,0.171966552734375,-0.133514404296875,0.93353271484375,-0.73516845703125,1.937255859375,8.646240234375,1.78390502929688,1.56539916992188,1.94290161132812,1.46728515625
30.2277834415436,0.246734619140625,0.11962890625,0.97412109375,-1.54632568359375,1.81915283203125,9.94354248046875,1.79855346679688,1.70684814453125,1.83197021484375,1.42684936523438
30.2378377914429,0.15167236328125,0.285186767578125,0.92071533203125,1.2890625,1.61865234375,10.92041015625,1.94442749023438,1.65267944335938,1.81365966796875,1.3519287109375
30.2460968494415,0.2734375,0.107879638671875,1.09695434570312,1.36322021484375,-2.36572265625,11.0641479492188,1.63650512695312,1.8609619140625,1.68441772460938,1.58248901367188
30.2579970359802,0.19012451171875,0.069427490234375,1.03179931640625,0.721435546875,-4.26727294921875,10.6146240234375,1.73049926757812,1.74041748046875,1.754150390625,1.53762817382812
30.266758441925,0.118560791015625,0.04913330078125,1.08413696289062,-0.6976318359375,-3.782958984375,10.2182006835938,1.6796875,1.77841186523438,1.67160034179688,1.63070678710938
30.2787580490112,0.196533203125,0.0555419921875,1.06170654296875,-1.74957275390625,-2.0068359375,10.4718017578125,1.68731689453125,1.77932739257812,1.72225952148438,1.57455444335938
30.2889680862427,0.111083984375,0.15167236328125,0.861968994140625,0.76995849609375,-0.93109130859375,11.9302368164062,1.98867797851562,1.5283203125,1.92092895507812,1.32568359375
30.2979342937469,0.114288330078125,-0.01495361328125,0.845947265625,0.79925537109375,1.85211181640625,11.5191650390625,1.953125,1.46453857421875,1.99691772460938,1.35299682617188
30.3078434467316,0.355682373046875,-0.05340576171875,0.951690673828125,0.94757080078125,2.471923828125,11.4321899414062,1.74072265625,1.66351318359375,1.94931030273438,1.41311645507812
30.315970659256,0.302276611328125,0.054473876953125,1.06063842773438,2.127685546875,-0.60150146484375,10.9423828125,1.65084838867188,1.81732177734375,1.7620849609375,1.53411865234375
30.3278415203094,0.193328857421875,0.022430419921875,1.162109375,2.021484375,-4.60784912109375,10.15869140625,1.54449462890625,1.90902709960938,1.61788940429688,1.69525146484375
30.3388161659241,0.001068115234375,-0.227508544921875,1.22726440429688,-1.171875,-2.33642578125,9.678955078125,1.43310546875,1.8585205078125,1.56692504882812,1.90414428710938
30.3480880260468,0.043792724609375,0.110015869140625,1.08200073242188,0.01922607421875,1.90704345703125,8.5308837890625,1.70639038085938,1.7852783203125,1.66336059570312,1.60919189453125
30.3579773902893,0.084381103515625,0.248870849609375,0.9228515625,1.84295654296875,4.0374755859375,8.52447509765625,1.93252563476562,1.63589477539062,1.83822631835938,1.35604858398438
30.3692655563354,0.178375244140625,0.011749267578125,0.938873291015625,1.86676025390625,1.3897705078125,8.36883544921875,1.80679321289062,1.62033081054688,1.91986083984375,1.41433715820312
30.3761792182922,0.26275634765625,0.08758544921875,1.01150512695312,2.15606689453125,-2.13134765625,8.43475341796875,1.7169189453125,1.76376342773438,1.83181762695312,1.45187377929688
30.3858277797699,0.139923095703125,0.092926025390625,1.11618041992188,1.1920166015625,-2.73651123046875,8.92822265625,1.62384033203125,1.85821533203125,1.65924072265625,1.62139892578125
30.4057765007019,0.077972412109375,-0.163421630859375,1.07025146484375,-0.6536865234375,-1.52069091796875,8.8165283203125,1.62139892578125,1.7095947265625,1.7779541015625,1.65847778320312
30.418182849884,0.008544921875,-0.009613037109375,0.94207763671875,-0.8184814453125,2.8143310546875,8.60504150390625,1.8499755859375,1.5667724609375,1.87179565429688,1.4788818359375
30.4271292686462,-0.028839111328125,0.18798828125,0.866241455078125,0.4925537109375,4.05853271484375,8.7139892578125,2.01553344726562,1.5203857421875,1.89559936523438,1.339111328125
30.4358582496643,-0.07476806640625,0.103607177734375,0.948486328125,0.7305908203125,2.07275390625,8.78173828125,1.89804077148438,1.57745361328125,1.81121826171875,1.48239135742188
30.4457876682281,0.1025390625,-0.11322021484375,1.08413696289062,-0.16571044921875,0.06317138671875,9.16534423828125,1.60751342773438,1.74041748046875,1.76849365234375,1.65573120117188
30.4759206771851,0.111083984375,-0.10467529296875,1.14822387695312,-3.9019775390625,-3.48541259765625,11.722412109375,1.52175903320312,1.82296752929688,1.69464111328125,1.7279052734375
30.4787392616272,0.0042724609375,-0.124969482421875,1.119384765625,-3.9202880859375,-1.7193603515625,11.0870361328125,1.57867431640625,1.737060546875,1.71646118164062,1.73995971679688
30.4872441291809,-0.112152099609375,0.050201416015625,0.962371826171875,-2.7813720703125,0.2471923828125,10.5862426757812,1.86203002929688,1.55166625976562,1.82479858398438,1.53305053710938
30.4979023933411,0.0128173828125,0.018157958984375,0.881195068359375,-2.55706787109375,0.00640869140625,10.6329345703125,1.91864013671875,1.47781372070312,1.97357177734375,1.4007568359375
30.5058226585388,-0.008544921875,0.171966552734375,0.845947265625,-0.6976318359375,1.15814208984375,8.88153076171875,2.017822265625,1.47018432617188,1.96609497070312,1.31973266601562
30.5157880783081,0.0811767578125,-0.1025390625,1.0040283203125,-2.72369384765625,1.3970947265625,8.953857421875,1.712646484375,1.61087036132812,1.88385009765625,1.5655517578125
30.5279648303986,0.028839111328125,0.0128173828125,1.102294921875,-4.00543212890625,-1.259765625,10.1577758789062,1.63986206054688,1.7510986328125,1.70928955078125,1.67266845703125
30.5360572338104,-0.06195068359375,-0.00640869140625,1.12579345703125,-5.95184326171875,-1.26251220703125,11.1886596679688,1.63299560546875,1.73660278320312,1.663818359375,1.74591064453125
30.5478167533875,0.016021728515625,0.0341796875,1.04034423828125,-3.15399169921875,-0.003662109375,10.8856201171875,1.73110961914062,1.66427612304688,1.77947998046875,1.60308837890625
30.5564453601837,0.099334716796875,0.025634765625,0.975189208984375,0.1300048828125,1.15631103515625,8.89434814453125,1.79031372070312,1.60064697265625,1.8878173828125,1.50146484375
30.5669190883636,0.073699951171875,0.159149169921875,0.965576171875,0.30670166015625,3.83148193359375,9.82086181640625,1.85440063476562,1.62078857421875,1.84829711914062,1.455078125
30.5757715702057,-0.007476806640625,0.302276611328125,0.857696533203125,0.1904296875,4.13909912109375,9.96185302734375,2.05963134765625,1.510009765625,1.91268920898438,1.29776000976562
30.5865797996521,0.003204345703125,0.415496826171875,1.02218627929688,1.38427734375,3.08807373046875,9.437255859375,1.88705444335938,1.75064086914062,1.67388916015625,1.468505859375
30.5959293842316,0.15380859375,0.161285400390625,1.04888916015625,0.6536865234375,0.263671875,9.2559814453125,1.73492431640625,1.76498413085938,1.76376342773438,1.51641845703125
30.6059296131134,0.325775146484375,-0.01922607421875,1.17919921875,-1.52252197265625,-3.863525390625,9.0032958984375,1.4666748046875,1.93405151367188,1.70745849609375,1.66961669921875
30.6161499023438,0.080108642578125,0.076904296875,1.12579345703125,-0.91094970703125,-4.13543701171875,8.580322265625,1.63375854492188,1.81594848632812,1.67465209960938,1.65359497070312
30.6262962818146,0.120697021484375,0.184783935546875,1.18240356445312,-0.406494140625,-0.596923828125,9.2431640625,1.58554077148438,1.93038940429688,1.58172607421875,1.67709350585938
30.6380045413971,0.139923095703125,0.251007080078125,0.988006591796875,-0.428466796875,-1.41815185546875,10.147705078125,1.844482421875,1.71646118164062,1.81167602539062,1.40350341796875
30.6460497379303,0.05126953125,0.116424560546875,0.90362548828125,-2.18719482421875,3.65020751953125,10.5313110351562,1.93466186523438,1.54830932617188,1.9342041015625,1.35665893554688
30.6557374000549,0.196533203125,0.291595458984375,0.9185791015625,-0.955810546875,1.63421630859375,9.759521484375,1.93069458007812,1.66793823242188,1.90582275390625,1.27090454101562
30.6660583019257,0.13671875,0.246734619140625,0.943145751953125,-0.38360595703125,2.18719482421875,11.0165405273438,1.90460205078125,1.66732788085938,1.87118530273438,1.3299560546875
30.6761844158173,0.22857666015625,0.101470947265625,0.914306640625,-0.8221435546875,-3.57147216796875,10.3912353515625,1.86920166015625,1.62551879882812,1.98074340820312,1.29592895507812
30.6868867874146,-0.201873779296875,0.238189697265625,1.23580932617188,2.28790283203125,-2.750244140625,9.06280517578125,1.63299560546875,1.93038940429688,1.41128540039062,1.796875
30.6963620185852,0.045928955078125,0.086517333984375,1.21551513671875,3.43414306640625,-0.0860595703125,9.3951416015625,1.54296875,1.94381713867188,1.55258178710938,1.7291259765625
30.7064881324768,-0.028839111328125,0.276641845703125,1.09375,3.31512451171875,-2.025146484375,9.7320556640625,1.77566528320312,1.82220458984375,1.62322998046875,1.5472412109375
30.7158215045929,-0.04058837890625,0.161285400390625,0.983734130859375,3.03314208984375,-0.00457763671875,10.6805419921875,1.88323974609375,1.651611328125,1.78955078125,1.44622802734375
30.7258133888245,0.05340576171875,0.201873779296875,0.926055908203125,1.50604248046875,-0.54840087890625,9.63226318359375,1.94168090820312,1.622314453125,1.87515258789062,1.33468627929688
30.7359924316406,0.0640869140625,0.097198486328125,0.975189208984375,-0.08331298828125,-0.82122802734375,10.87646484375,1.84555053710938,1.65664672851562,1.85012817382812,1.4215087890625
30.7463614940643,0.02777099609375,-0.088653564453125,1.016845703125,-0.16845703125,-2.4261474609375,10.8627319335938,1.74789428710938,1.641845703125,1.842041015625,1.54205322265625
30.7561049461365,-0.131378173828125,-0.122833251953125,1.22406005859375,0.48614501953125,0.9906005859375,10.1687622070312,1.529541015625,1.83609008789062,1.5484619140625,1.86294555664062
30.7664039134979,-0.00640869140625,-0.189056396484375,1.1407470703125,-0.00732421875,2.17254638671875,11.2930297851562,1.57699584960938,1.75323486328125,1.70822143554688,1.73858642578125
30.7762928009033,-0.218963623046875,0.0128173828125,1.11297607421875,-1.6131591796875,0.60882568359375,10.1431274414062,1.74087524414062,1.70257568359375,1.61575317382812,1.71539306640625
30.787791967392,-0.065155029296875,-0.001068115234375,0.9527587890625,1.81182861328125,0.6005859375,8.316650390625,1.89132690429688,1.55105590820312,1.86614990234375,1.46926879882812
30.7959115505219,0.02777099609375,-0.133514404296875,0.95489501953125,-0.2911376953125,1.376953125,8.51165771484375,1.82159423828125,1.544189453125,1.93283081054688,1.47918701171875
30.8071212768555,0.196533203125,-0.080108642578125,1.01150512695312,1.60308837890625,-0.33050537109375,12.4310302734375,1.7218017578125,1.68014526367188,1.89208984375,1.48773193359375
30.816041469574,-0.018157958984375,-0.0384521484375,1.06704711914062,1.5509033203125,-2.567138671875,12.1710205078125,1.728515625,1.69677734375,1.74179077148438,1.6107177734375
30.8263845443726,-0.063018798828125,-0.30548095703125,1.22940063476562,-0.84686279296875,0.556640625,12.081298828125,1.45278930664062,1.81060791015625,1.61102294921875,1.90338134765625
30.8358857631683,0.041656494140625,-0.17730712890625,1.06170654296875,1.1773681640625,0.84136962890625,10.2154541015625,1.671142578125,1.6827392578125,1.80404663085938,1.617431640625
30.846940279007,0.05767822265625,0.08331298828125,1.0467529296875,1.89971923828125,-0.09246826171875,10.023193359375,1.77352905273438,1.7584228515625,1.73294067382812,1.50726318359375
30.855987071991,-0.073699951171875,0.0555419921875,0.7049560546875,1.4227294921875,0.9521484375,8.04656982421875,2.22885131835938,1.28448486328125,2.1282958984375,1.12823486328125
30.8673441410065,0.248870849609375,0.08758544921875,0.87799072265625,3.189697265625,-1.6314697265625,7.45697021484375,1.93038940429688,1.61102294921875,1.99386596679688,1.23382568359375
30.8760175704956,0.186920166015625,-0.0213623046875,1.01364135742188,-2.79510498046875,-3.2135009765625,11.5676879882812,1.74423217773438,1.71676635742188,1.85195922851562,1.46484375
30.8863272666931,0.073699951171875,0.338592529296875,1.12899780273438,0.9320068359375,-3.21533203125,11.949462890625,1.741943359375,1.9256591796875,1.5631103515625,1.5447998046875
30.8963577747345,-0.007476806640625,-0.082244873046875,1.14181518554688,-1.0125732421875,1.05560302734375,11.5521240234375,1.61422729492188,1.79550170898438,1.66366577148438,1.70684814453125
30.908976316452,0.0341796875,0.03631591796875,1.18026733398438,0.69488525390625,3.39202880859375,11.0238647460938,1.59255981445312,1.89010620117188,1.59042358398438,1.70730590820312
30.9158616065979,0.0213623046875,0.278778076171875,1.17813110351562,0.13458251953125,3.56689453125,11.4349365234375,1.67800903320312,1.94595336914062,1.512451171875,1.64215087890625
30.9259884357452,-0.116424560546875,0.30548095703125,0.914306640625,-1.19659423828125,1.13616943359375,10.4269409179688,2.05429077148438,1.58203125,1.795654296875,1.34658813476562
30.9369339942932,-0.009613037109375,0.167694091796875,1.0296630859375,0.1153564453125,-1.6680908203125,10.0396728515625,1.83563232421875,1.72149658203125,1.72531127929688,1.497802734375
30.9458372592926,0.0384521484375,-0.11962890625,0.9442138671875,-1.15447998046875,-0.31402587890625,11.5237426757812,1.83975219726562,1.55075073242188,1.93954467773438,1.45095825195312
30.9558711051941,0.0726318359375,-0.06622314453125,1.21124267578125,1.58935546875,0.47515869140625,11.3580322265625,1.51290893554688,1.9085693359375,1.59652709960938,1.76132202148438
30.9670479297638,0.03204345703125,-0.0042724609375,1.06277465820312,2.56256103515625,3.47991943359375,10.997314453125,1.72943115234375,1.72348022460938,1.75491333007812,1.57150268554688
30.9772002696991,0.14739990234375,-0.080108642578125,1.06277465820312,0.6610107421875,3.30413818359375,10.9231567382812,1.6729736328125,1.73858642578125,1.81182861328125,1.55609130859375
30.9862449169159,0.184783935546875,-0.065155029296875,1.0723876953125,0.5841064453125,0.50994873046875,11.3241577148438,1.65176391601562,1.77719116210938,1.8011474609375,1.5484619140625
30.9971897602081,0.191192626953125,-0.208282470703125,0.914306640625,-0.30487060546875,0.194091796875,11.0028076171875,1.79443359375,1.54693603515625,2.03857421875,1.3946533203125
31.0060896873474,0.370635986328125,-0.092926025390625,1.016845703125,2.9498291015625,0.42022705078125,11.6354370117188,1.64901733398438,1.76834106445312,1.92123413085938,1.43356323242188
31.0157368183136,-0.02349853515625,-0.162353515625,0.996551513671875,1.2030029296875,3.13751220703125,9.583740234375,1.76712036132812,1.59622192382812,1.8548583984375,1.55319213867188
31.0260624885559,0.076904296875,-0.255279541015625,1.2432861328125,-0.9942626953125,-0.8990478515625,12.6397705078125,1.3970947265625,1.91131591796875,1.60720825195312,1.85745239257812
31.0369200706482,-0.08758544921875,-0.231781005859375,1.1322021484375,0.41748046875,-0.3240966796875,8.1646728515625,1.58676147460938,1.72332763671875,1.69113159179688,1.7694091796875
31.0460901260376,-0.009613037109375,0.0384521484375,0.90789794921875,5.07843017578125,-0.714111328125,6.88934326171875,1.92962646484375,1.5411376953125,1.907958984375,1.39190673828125
31.0558061599731,0.0213623046875,-0.191192626953125,0.938873291015625,0.11260986328125,-3.44879150390625,8.9923095703125,1.8072509765625,1.52359008789062,1.9512939453125,1.49169921875
31.0661423206329,-0.02349853515625,0.0640869140625,0.94635009765625,-1.81915283203125,-1.182861328125,10.4122924804688,1.890869140625,1.59164428710938,1.84890747070312,1.44241333007812
31.0869288444519,-0.007476806640625,0.24566650390625,0.923919677734375,-1.64886474609375,3.1787109375,9.7430419921875,1.97677612304688,1.61422729492188,1.82632446289062,1.36123657226562
31.0978863239288,-0.12603759765625,0.041656494140625,1.18240356445312,-1.20025634765625,2.1405029296875,8.72314453125,1.6265869140625,1.837158203125,1.53152465820312,1.78237915039062
31.1060650348663,-0.068359375,-0.024566650390625,1.26678466796875,2.4957275390625,-1.06842041015625,7.31964111328125,1.48834228515625,1.93954467773438,1.45919799804688,1.8939208984375
31.1173489093781,-0.09613037109375,0.137786865234375,1.1962890625,3.67950439453125,-2.23297119140625,6.71173095703125,1.6387939453125,1.88461303710938,1.4862060546875,1.77047729492188
31.1279549598694,-0.105743408203125,-0.124969482421875,1.04248046875,3.01849365234375,-0.96221923828125,7.39654541015625,1.7523193359375,1.61468505859375,1.7572021484375,1.65908813476562
31.1369678974152,-0.068359375,0.018157958984375,0.990142822265625,1.7816162109375,1.2542724609375,8.00811767578125,1.8548583984375,1.59866333007812,1.78497314453125,1.54266357421875
31.14577293396,0.218963623046875,0.06622314453125,1.0125732421875,-0.443115234375,0.1025390625,10.0579833984375,1.76040649414062,1.73080444335938,1.82357788085938,1.46621704101562
31.1571516990662,0.268096923828125,0.142059326171875,0.948486328125,0.81024169921875,-1.365966796875,10.8737182617188,1.85592651367188,1.68014526367188,1.89529418945312,1.3519287109375
31.1680426597595,0.095062255859375,0.195465087890625,1.06491088867188,3.70147705078125,-0.63079833984375,9.400634765625,1.77642822265625,1.78726196289062,1.68258666992188,1.53701782226562
31.1773145198822,0.082244873046875,0.008544921875,1.11724853515625,2.11212158203125,-0.56121826171875,9.5050048828125,1.65756225585938,1.79443359375,1.67022705078125,1.65863037109375
31.1871507167816,0.11749267578125,-0.082244873046875,1.17919921875,-0.21148681640625,-1.05194091796875,9.08660888671875,1.5496826171875,1.85592651367188,1.6278076171875,1.74819946289062
31.1973631381989,0.1068115234375,-0.214691162109375,1.00296020507812,-1.69281005859375,-2.30987548828125,9.58282470703125,1.73553466796875,1.59347534179688,1.88369750976562,1.56585693359375
31.2078323364258,0.008544921875,-0.2178955078125,0.966644287109375,-3.28033447265625,-1.80908203125,9.40338134765625,1.8121337890625,1.51657104492188,1.9036865234375,1.54861450195312
31.2169988155365,0.013885498046875,0,0.91217041015625,-3.08441162109375,-2.55889892578125,9.67071533203125,1.94961547851562,1.51382446289062,1.9000244140625,1.41525268554688
31.228077173233,0.07904052734375,0.18157958984375,0.98480224609375,-0.19775390625,-3.43048095703125,9.56268310546875,1.90460205078125,1.68136596679688,1.76666259765625,1.42608642578125
31.2371406555176,0.039520263671875,0.111083984375,0.953826904296875,-0.142822265625,-0.73883056640625,9.48486328125,1.93634033203125,1.6107177734375,1.81320190429688,1.41433715820312
31.2460451126099,0.1666259765625,0.050201416015625,1.0894775390625,-1.4447021484375,0.2362060546875,10.3738403320312,1.71737670898438,1.80267333984375,1.69769287109375,1.5545654296875
31.2569451332092,0.16448974609375,-0.009613037109375,0.970916748046875,0.32684326171875,-1.66534423828125,10.2383422851562,1.84982299804688,1.64016723632812,1.86172485351562,1.42059326171875
31.2659523487091,0.13031005859375,0.001068115234375,0.98907470703125,1.7230224609375,0.46417236328125,9.76776123046875,1.84295654296875,1.6546630859375,1.82510375976562,1.44790649414062
31.2760426998138,0.280914306640625,0.008544921875,1.08627319335938,0.68572998046875,0.0421142578125,9.95819091796875,1.67144775390625,1.82861328125,1.7474365234375,1.52328491210938
31.2859501838684,0.118560791015625,0.076904296875,1.08840942382812,-0.15472412109375,-0.80474853515625,9.93255615234375,1.73141479492188,1.8011474609375,1.67327880859375,1.56082153320312
31.2969632148743,0.142059326171875,0.016021728515625,1.06704711914062,0.113525390625,-2.530517578125,9.7467041015625,1.732177734375,1.76422119140625,1.72622680664062,1.54403686523438
31.30748462677,0.069427490234375,0.08331298828125,0.780792236328125,0.9429931640625,1.97296142578125,9.3072509765625,2.12646484375,1.40869140625,2.03964233398438,1.18942260742188
31.3179020881653,0.26275634765625,-0.005340576171875,1.04461669921875,0.77178955078125,0.47515869140625,10.2685546875,1.70883178710938,1.771240234375,1.79473876953125,1.48712158203125
31.3279736042023,0.10894775390625,-0.018157958984375,1.10549926757812,1.32293701171875,-0.76080322265625,10.3701782226562,1.66275024414062,1.79336547851562,1.68670654296875,1.62078857421875
31.3378434181213,0.162353515625,-0.0555419921875,1.05743408203125,1.8768310546875,0.8514404296875,10.272216796875,1.68960571289062,1.7376708984375,1.77566528320312,1.55746459960938
31.3459658622742,0.247802734375,-0.01495361328125,1.10870361328125,1.14532470703125,-0.9136962890625,10.2694702148438,1.60598754882812,1.8414306640625,1.73141479492188,1.5838623046875
31.3569469451904,0.018157958984375,-0.1409912109375,1.06170654296875,-2.02789306640625,0.7232666015625,10.3857421875,1.68472290039062,1.66793823242188,1.76361083984375,1.63909912109375
31.3679485321045,0.0640869140625,-0.080108642578125,1.07025146484375,-2.7191162109375,0.79742431640625,9.6368408203125,1.67999267578125,1.71096801757812,1.746826171875,1.61773681640625
31.3773701190948,0.12603759765625,0.035247802734375,1.03179931640625,-1.60400390625,2.14324951171875,9.52239990234375,1.74713134765625,1.72119140625,1.77886962890625,1.51382446289062
31.3878290653229,0.223236083984375,-0.1751708984375,0.9698486328125,-0.14007568359375,0.1025390625,10.6915283203125,1.73095703125,1.61331176757812,1.94961547851562,1.46484375
31.3970177173615,0.076904296875,-0.103607177734375,0.960235595703125,1.0986328125,0.4449462890625,11.246337890625,1.80191040039062,1.5753173828125,1.8988037109375,1.48361206054688
31.4071424007416,0.259552001953125,-0.421905517578125,1.11297607421875,-0.714111328125,-0.4833984375,11.4752197265625,1.45980834960938,1.73553466796875,1.86111450195312,1.70150756835938
31.4202806949615,0.14312744140625,0.003204345703125,1.1236572265625,-1.47674560546875,-2.3822021484375,11.7471313476562,1.61422729492188,1.83059692382812,1.67953491210938,1.63116455078125
31.4273006916046,0.063018798828125,0.05767822265625,1.04354858398438,-0.63262939453125,-1.4776611328125,11.3360595703125,1.7547607421875,1.72027587890625,1.74041748046875,1.54251098632812
31.4377839565277,0.04913330078125,-0.06195068359375,1.02859497070312,-1.33392333984375,-0.17486572265625,11.1859130859375,1.73858642578125,1.66412353515625,1.79183959960938,1.56021118164062
31.4457950592041,0.011749267578125,0.09613037109375,1.11297607421875,-1.18560791015625,1.0382080078125,11.0906982421875,1.69387817382812,1.80435180664062,1.62368774414062,1.63528442382812
31.4571397304535,0.067291259765625,0.088653564453125,0.962371826171875,-1.3330078125,-2.45361328125,12.3193359375,1.86325073242188,1.63238525390625,1.82571411132812,1.43264770507812
31.4670479297638,0.005340576171875,0.06195068359375,1.03286743164062,-1.19842529296875,-1.5435791015625,11.8002319335938,1.78466796875,1.69174194335938,1.7279052734375,1.54647827148438
31.4878394603729,-0.005340576171875,0.082244873046875,1.02005004882812,1.201171875,-0.5584716796875,9.385986328125,1.810302734375,1.67922973632812,1.73934936523438,1.52359008789062
31.4880130290985,0.08758544921875,-0.0384521484375,1.06170654296875,2.00042724609375,0.47698974609375,9.2669677734375,1.6925048828125,1.72744750976562,1.749267578125,1.57913208007812
31.4969856739044,0.0213623046875,0.216827392578125,0.9783935546875,0.1336669921875,-1.44927978515625,10.8251953125,1.90170288085938,1.68533325195312,1.74758911132812,1.41616821289062
31.5077471733093,-0.16021728515625,0.205078125,0.947418212890625,2.2265625,4.03564453125,10.7684326171875,1.98959350585938,1.59011840820312,1.73141479492188,1.43814086914062
31.5181066989899,-0.026702880859375,0.176239013671875,0.97412109375,0.71319580078125,7.01934814453125,9.7979736328125,1.91085815429688,1.65939331054688,1.73965454101562,1.4385986328125
31.5279824733734,0.00213623046875,0.161285400390625,1.15036010742188,1.6571044921875,3.006591796875,9.6148681640625,1.67861938476562,1.88720703125,1.53167724609375,1.65084838867188
31.5371375083923,-0.054473876953125,-0.035247802734375,1.0467529296875,0.589599609375,0.43304443359375,8.646240234375,1.7608642578125,1.68106079101562,1.70700073242188,1.59637451171875
31.545857667923,-0.013885498046875,0.210418701171875,0.945281982421875,1.12335205078125,-1.26983642578125,8.587646484375,1.74575805664062,1.44622802734375,1.52450561523438,1.12350463867188
31.5571658611298,-0.065155029296875,0.2691650390625,1.0296630859375,1.57562255859375,-0.81207275390625,11.3955688476562,1.67083740234375,1.54754638671875,1.38397216796875,1.23138427734375
31.5678782463074,0.097198486328125,-0.11322021484375,0.9698486328125,-0.7086181640625,-0.45501708984375,10.7492065429688,1.5850830078125,1.41387939453125,1.63070678710938,1.220703125
31.5780713558197,0.101470947265625,-0.10894775390625,1.01470947265625,-0.5072021484375,0.83404541015625,10.2420043945312,1.533203125,1.48040771484375,1.57150268554688,1.27471923828125
31.587836265564,-0.003204345703125,-0.071563720703125,0.996551513671875,-1.387939453125,3.28857421875,10.3170776367188,1.60629272460938,1.43966674804688,1.55471801757812,1.28372192382812
31.5979623794556,0.145263671875,-0.069427490234375,1.09054565429688,-1.5325927734375,2.34375,10.40771484375,1.45751953125,1.61422729492188,1.47491455078125,1.35528564453125
31.6079688072205,0.176239013671875,-0.028839111328125,1.10122680664062,-0.4229736328125,2.427978515625,10.1605224609375,1.45187377929688,1.65023803710938,1.45904541015625,1.35177612304688
31.6178116798401,0.2520751953125,-0.067291259765625,0.900421142578125,0.2764892578125,0.6793212890625,10.8389282226562,1.66946411132812,1.41189575195312,1.7413330078125,1.09588623046875
31.6277847290039,0.22857666015625,-0.114288330078125,0.98480224609375,-0.95855712890625,-3.35906982421875,10.0341796875,1.5576171875,1.5008544921875,1.6552734375,1.21917724609375
31.6399824619293,0.099334716796875,-0.122833251953125,1.09909057617188,1.3897705078125,0.65277099609375,8.734130859375,1.44393920898438,1.60247802734375,1.48544311523438,1.41204833984375
31.6489746570587,0.069427490234375,-0.227508544921875,0.977325439453125,3.12652587890625,2.669677734375,8.6260986328125,1.57150268554688,1.41265869140625,1.67144775390625,1.3043212890625
31.6580481529236,0.13885498046875,-0.333251953125,1.03500366210938,-0.16387939453125,2.95806884765625,8.642578125,1.44882202148438,1.48361206054688,1.654052734375,1.38351440429688
31.6662349700928,0.21575927734375,-0.101470947265625,1.0595703125,0.289306640625,1.2542724609375,9.466552734375,1.46987915039062,1.6046142578125,1.57196044921875,1.32354736328125
31.678168296814,0.086517333984375,0.0213623046875,0.9869384765625,1.57379150390625,0.22705078125,10.3253173828125,1.62750244140625,1.50497436523438,1.607666015625,1.24649047851562
31.6889321804047,0.171966552734375,-0.325775146484375,1.09588623046875,-1.171875,-1.4501953125,8.87969970703125,1.3568115234375,1.57073974609375,1.6046142578125,1.45462036132812
31.6969242095947,0.195465087890625,-0.36102294921875,1.13861083984375,-1.2579345703125,-2.757568359375,9.2962646484375,1.2799072265625,1.61666870117188,1.57791137695312,1.52175903320312
31.7057921886444,-0.0726318359375,-0.069427490234375,1.085205078125,-0.72235107421875,-0.9246826171875,9.6514892578125,1.51657104492188,1.55029296875,1.48300170898438,1.4569091796875
31.7182147502899,0.039520263671875,-0.03204345703125,0.88226318359375,0.02655029296875,0.19866943359375,9.40704345703125,1.75491333007812,1.34063720703125,1.7578125,1.15875244140625
31.7269358634949,0.14739990234375,-0.23284912109375,0.9228515625,-0.43853759765625,-2.43438720703125,8.023681640625,1.6094970703125,1.36611938476562,1.80465698242188,1.23977661132812
31.7370882034302,0.092926025390625,-0.372772216796875,1.11724853515625,-2.24853515625,-4.08782958984375,9.1827392578125,1.33682250976562,1.551513671875,1.59896850585938,1.54159545898438
31.7478482723236,0.07049560546875,-0.131378173828125,1.04141235351562,-1.5948486328125,-3.25927734375,10.2474975585938,1.51504516601562,1.51718139648438,1.61148071289062,1.38519287109375
31.7565011978149,0.01708984375,0.033111572265625,1.00296020507812,1.59942626953125,-1.85760498046875,9.114990234375,1.63925170898438,1.49520874023438,1.59378051757812,1.31576538085938
31.7795202732086,0.0213623046875,-0.10467529296875,0.964508056640625,0.1007080078125,-0.24078369140625,9.049072265625,1.64306640625,1.39984130859375,1.68899536132812,1.31820678710938
31.7860679626465,0.06195068359375,-0.099334716796875,0.964508056640625,-2.1844482421875,0.648193359375,10.3024291992188,1.63375854492188,1.40228271484375,1.70608520507812,1.32156372070312
31.7963516712189,0.052337646484375,-0.02349853515625,1.06277465820312,-0.66192626953125,-1.1224365234375,9.847412109375,1.54632568359375,1.53945922851562,1.5533447265625,1.43081665039062
31.8060064315796,-0.08758544921875,0.0469970703125,1.02218627929688,2.06268310546875,-0.428466796875,8.11614990234375,1.66275024414062,1.46560668945312,1.54312133789062,1.40716552734375
31.8160014152527,0.0341796875,0.090789794921875,0.9954833984375,1.728515625,0.7415771484375,8.17108154296875,1.68060302734375,1.484375,1.59805297851562,1.324462890625
31.8287651538849,-0.03631591796875,0.0384521484375,0.95062255859375,0.2069091796875,1.387939453125,8.66180419921875,1.74514770507812,1.39175415039062,1.651611328125,1.30538940429688
31.8359663486481,0.114288330078125,0.06195068359375,1.05316162109375,0.01373291015625,0.80841064453125,8.3642578125,1.595458984375,1.58096313476562,1.55929565429688,1.37725830078125
31.8459343910217,-0.14739990234375,0.05767822265625,1.04782104492188,-0.27923583984375,0.6500244140625,9.14154052734375,1.67495727539062,1.49063110351562,1.49276733398438,1.4544677734375
31.857429265976,0.111083984375,-0.008544921875,1.051025390625,-1.951904296875,-0.0732421875,9.554443359375,1.57806396484375,1.561279296875,1.58706665039062,1.39602661132812
31.8672180175781,0.118560791015625,0.167694091796875,1.01043701171875,-0.5859375,-1.67999267578125,8.93280029296875,1.69586181640625,1.5673828125,1.57470703125,1.30126953125
31.8769633769989,0.1025390625,0.191192626953125,1.00830078125,1.644287109375,-3.84429931640625,8.98956298828125,1.71218872070312,1.56829833984375,1.56723022460938,1.30340576171875
31.8865396976471,-0.035247802734375,0.001068115234375,1.02432250976562,0.17669677734375,-1.3641357421875,9.569091796875,1.67190551757812,1.49063110351562,1.5679931640625,1.42044067382812
31.8981583118439,0.033111572265625,-0.058746337890625,1.016845703125,1.65802001953125,-1.46209716796875,10.8078002929688,1.6522216796875,1.49276733398438,1.61285400390625,1.40655517578125
31.9074294567108,0.042724609375,0.114288330078125,0.97412109375,2.08740234375,-0.78277587890625,10.60546875,1.75735473632812,1.49154663085938,1.6143798828125,1.30111694335938
31.9160170555115,0.244598388671875,0.06195068359375,0.960235595703125,-1.00250244140625,-2.2576904296875,11.0861206054688,1.712646484375,1.52618408203125,1.70761108398438,1.23870849609375
31.9282538890839,0.135650634765625,0.073699951171875,0.981597900390625,-1.98944091796875,-2.74749755859375,10.46630859375,1.72500610351562,1.53030395507812,1.64810180664062,1.292724609375
31.9358098506927,0.176239013671875,0.07476806640625,1.01364135742188,-0.28106689453125,-1.171875,9.1790771484375,1.6741943359375,1.58370971679688,1.61911010742188,1.31942749023438
31.9479484558105,0.1068115234375,-0.0042724609375,0.97198486328125,-0.849609375,-0.2142333984375,8.536376953125,1.729736328125,1.48880004882812,1.67221069335938,1.31256103515625
31.9559712409973,0.1666259765625,-0.118560791015625,0.973052978515625,-1.22222900390625,-1.51885986328125,8.408203125,1.6754150390625,1.48086547851562,1.73675537109375,1.32308959960938
31.9669411182404,0.13458251953125,0.14312744140625,1.0211181640625,1.32476806640625,-1.90338134765625,8.331298828125,1.708984375,1.6119384765625,1.59332275390625,1.31607055664062
31.9757387638092,0.212554931640625,0.167694091796875,1.01577758789062,4.1400146484375,-1.20758056640625,8.843994140625,1.70135498046875,1.63681030273438,1.6143798828125,1.27777099609375
31.9938335418701,0.264892578125,-0.05340576171875,1.068115234375,2.11029052734375,0.04119873046875,9.06829833984375,1.546630859375,1.66046142578125,1.64413452148438,1.3909912109375
31.9958770275116,0.227508544921875,-0.0897216796875,1.0382080078125,1.13433837890625,-0.00732421875,10.697021484375,1.58096313476562,1.602783203125,1.70013427734375,1.37969970703125
32.0065116882324,0.129241943359375,0.06622314453125,1.03286743164062,2.66693115234375,2.8399658203125,10.4232788085938,1.66244506835938,1.61270141601562,1.6339111328125,1.36093139648438
32.0158805847168,0.242462158203125,-0.013885498046875,0.999755859375,1.0052490234375,2.435302734375,12.550048828125,1.64581298828125,1.58432006835938,1.73294067382812,1.30691528320312
32.0261516571045,0.32257080078125,-0.238189697265625,1.0552978515625,-4.49981689453125,-2.27874755859375,12.2305297851562,1.48406982421875,1.6143798828125,1.76254272460938,1.41616821289062
32.0359919071198,0.26702880859375,-0.026702880859375,0.9912109375,-2.9791259765625,-2.193603515625,10.1678466796875,1.64535522460938,1.57501220703125,1.76712036132812,1.30157470703125
32.0480163097382,0.060882568359375,-0.116424560546875,1.0296630859375,-2.21832275390625,-2.4810791015625,9.73114013671875,1.62857055664062,1.52999877929688,1.69036865234375,1.44790649414062
32.0557343959808,0.016021728515625,-0.355682373046875,1.10977172851562,-5.5133056640625,-0.84228515625,10.5899047851562,1.473388671875,1.55197143554688,1.65863037109375,1.6326904296875
32.0660972595215,0.092926025390625,-0.12603759765625,1.00189208984375,-3.607177734375,-0.5401611328125,10.6741333007812,1.66229248046875,1.50558471679688,1.74652099609375,1.4111328125
32.0791611671448,0.05340576171875,0.111083984375,0.928192138671875,0.07965087890625,-2.68157958984375,9.97283935546875,1.85195922851562,1.4727783203125,1.74728393554688,1.26632690429688
32.0868818759918,-0.030975341796875,-0.065155029296875,0.938873291015625,0.40740966796875,0.95947265625,9.3017578125,1.80801391601562,1.40869140625,1.7657470703125,1.35589599609375
32.1159815788269,0.12176513671875,-0.11962890625,1.07452392578125,0.721435546875,0.970458984375,8.90350341796875,1.60125732421875,1.62551879882812,1.65847778320312,1.48483276367188
32.1260685920715,0.013885498046875,-0.2008056640625,1.12045288085938,-4.21142578125,-0.7159423828125,9.13970947265625,1.54891967773438,1.62506103515625,1.59713745117188,1.59881591796875
32.1359395980835,0.0042724609375,0.06622314453125,1.0595703125,-3.57421875,-1.87042236328125,9.3914794921875,1.722412109375,1.62811279296875,1.58432006835938,1.45263671875
32.1458923816681,0.0299072265625,-0.007476806640625,1.0809326171875,-3.182373046875,-0.70037841796875,10.4132080078125,1.67434692382812,1.64291381835938,1.58554077148438,1.49658203125
32.1564702987671,0.146331787109375,-0.065155029296875,1.0040283203125,-2.0343017578125,-2.29888916015625,12.2012329101562,1.724853515625,1.56784057617188,1.729736328125,1.38320922851562
32.1671726703644,0.0299072265625,0.0299072265625,0.91217041015625,0.32135009765625,-0.53558349609375,11.7819213867188,1.903076171875,1.44317626953125,1.78176879882812,1.27777099609375
32.175831079483,-0.02349853515625,0.317230224609375,1.00616455078125,0.6884765625,1.0748291015625,11.4779663085938,1.90383911132812,1.63604736328125,1.5533447265625,1.32125854492188
32.186986207962,0.025634765625,0.244598388671875,1.04782104492188,0.1171875,-1.11328125,9.95819091796875,1.81747436523438,1.6876220703125,1.54327392578125,1.373291015625
32.1963882446289,0.06195068359375,0.31402587890625,1.04568481445312,4.77813720703125,-3.01483154296875,7.97515869140625,1.82571411132812,1.71524047851562,1.546630859375,1.34353637695312
32.2061848640442,0.086517333984375,0.135650634765625,1.04782104492188,3.78204345703125,-1.710205078125,8.75885009765625,1.75537109375,1.67236328125,1.61392211914062,1.39572143554688
32.216118812561,0.144195556640625,0.120697021484375,1.07879638671875,1.8292236328125,-1.19659423828125,9.83734130859375,1.69586181640625,1.72500610351562,1.59683227539062,1.41983032226562
32.2260839939117,0.238189697265625,0.0128173828125,0.999755859375,-1.20574951171875,-1.55548095703125,10.9552001953125,1.73553466796875,1.624755859375,1.75689697265625,1.32659912109375
32.2390835285187,0.17730712890625,0.07476806640625,0.999755859375,0.25909423828125,0.83587646484375,9.700927734375,1.78024291992188,1.63055419921875,1.72073364257812,1.31927490234375
32.2480094432831,0.315093994140625,0.0299072265625,0.973052978515625,2.578125,0.76629638671875,8.5968017578125,1.76406860351562,1.63192749023438,1.80999755859375,1.24893188476562
32.2568950653076,0.18585205078125,-0.054473876953125,1.00509643554688,-0.24444580078125,0.32684326171875,9.2486572265625,1.72775268554688,1.6082763671875,1.76544189453125,1.36123657226562
32.2661633491516,0.39093017578125,-0.11962890625,1.13113403320312,-0.47882080078125,-0.71319580078125,10.1385498046875,1.48910522460938,1.81076049804688,1.69296264648438,1.47476196289062
32.2780277729034,0.24566650390625,-0.0042724609375,1.02645874023438,2.10205078125,-2.08099365234375,11.0650634765625,1.69448852539062,1.66473388671875,1.75537109375,1.35848999023438
32.2859950065613,0.246734619140625,-0.242462158203125,1.13327026367188,-1.57470703125,-2.35565185546875,10.7391357421875,1.49032592773438,1.74179077148438,1.69891357421875,1.54769897460938
32.2973701953888,0.28839111328125,-0.14312744140625,1.04888916015625,-2.728271484375,-2.11212158203125,10.7656860351562,1.61712646484375,1.6778564453125,1.78955078125,1.39816284179688
32.305727481842,0.195465087890625,-0.059814453125,0.95916748046875,-2.12860107421875,-1.69921875,10.806884765625,1.77581787109375,1.55838012695312,1.86630249023438,1.29486083984375
32.3160934448242,0.112152099609375,-0.18157958984375,1.02859497070312,-1.84295654296875,0.9613037109375,9.58831787109375,1.67190551757812,1.58416748046875,1.79916381835938,1.44561767578125
32.3259568214417,0.206146240234375,-0.00213623046875,0.928192138671875,1.46759033203125,2.0599365234375,8.9227294921875,1.83197021484375,1.53854370117188,1.89895629882812,1.24176025390625
32.3358089923859,0.04913330078125,-0.076904296875,1.00723266601562,0.63812255859375,1.60858154296875,7.994384765625,1.75888061523438,1.56723022460938,1.77459716796875,1.41281127929688
32.3471190929413,0.107879638671875,-0.039520263671875,0.9954833984375,1.5509033203125,-0.20599365234375,8.25164794921875,1.76849365234375,1.58157348632812,1.79473876953125,1.36886596679688
32.3567299842834,0.099334716796875,-0.018157958984375,1.02325439453125,2.8125,-1.1407470703125,9.451904296875,1.74880981445312,1.62429809570312,1.7474365234375,1.39846801757812
32.3664133548737,0.06622314453125,-0.15167236328125,0.97198486328125,-1.09588623046875,0.1519775390625,10.5935668945312,1.78619384765625,1.50970458984375,1.84371948242188,1.38595581054688
32.3758301734924,0.058746337890625,-0.193328857421875,0.98052978515625,-3.50372314453125,2.5140380859375,11.2088012695312,1.76773071289062,1.50436401367188,1.84036254882812,1.41769409179688
32.3863201141357,0.020294189453125,-0.099334716796875,1.12258911132812,-2.7850341796875,1.2835693359375,11.1309814453125,1.63375854492188,1.69235229492188,1.62017822265625,1.5966796875
32.3970377445221,-0.042724609375,-0.0640869140625,1.15463256835938,0.260009765625,0.18951416015625,9.8272705078125,1.62765502929688,1.72470092773438,1.54937744140625,1.646728515625
32.4071292877197,-0.05126953125,0.082244873046875,1.03073120117188,3.1951904296875,0.29388427734375,8.2891845703125,1.83761596679688,1.61041259765625,1.65237426757812,1.45034790039062
32.4158401489258,-0.054473876953125,0.0726318359375,1.12686157226562,-0.55572509765625,-0.5364990234375,10.7025146484375,1.72470092773438,1.72393798828125,1.53167724609375,1.57363891601562
32.4279999732971,-0.13885498046875,0.127105712890625,0.840606689453125,-0.2947998046875,-0.42755126953125,9.39605712890625,2.1246337890625,1.35528564453125,1.84906005859375,1.22528076171875
32.4371998310089,-0.154876708984375,0.163421630859375,0.90789794921875,0.89080810546875,0.60791015625,8.9263916015625,2.06268310546875,1.44622802734375,1.74789428710938,1.29959106445312
32.4457952976227,0.08331298828125,0.042724609375,1.02645874023438,-0.59417724609375,-0.67108154296875,10.9249877929688,1.81594848632812,1.6351318359375,1.70166015625,1.40228271484375
32.4671719074249,-0.0384521484375,-0.028839111328125,1.24221801757812,-2.26409912109375,-0.8514404296875,11.4230346679688,1.57012939453125,1.84280395507812,1.41357421875,1.7266845703125
32.4761428833008,0.129241943359375,0.148468017578125,1.03179931640625,-0.52459716796875,-1.043701171875,11.2600708007812,1.8463134765625,1.65802001953125,1.66671752929688,1.38473510742188
32.4965372085571,0.075836181640625,0.118560791015625,0.859832763671875,0.40924072265625,3.2354736328125,10.29052734375,2.066650390625,1.40716552734375,1.87774658203125,1.20391845703125
32.5064504146576,0.146331787109375,0.05340576171875,0.91217041015625,1.3934326171875,3.6492919921875,9.27337646484375,1.96395874023438,1.46759033203125,1.849365234375,1.27243041992188
32.5159633159637,0.101470947265625,0.059814453125,1.15997314453125,2.0928955078125,1.99859619140625,11.517333984375,1.66793823242188,1.7547607421875,1.52603149414062,1.60369873046875
32.5268652439117,0.105743408203125,0.028839111328125,1.02325439453125,1.65618896484375,1.549072265625,11.1749267578125,1.82754516601562,1.5765380859375,1.70806884765625,1.44027709960938
32.5357303619385,0.208282470703125,0.101470947265625,1.03286743164062,2.35015869140625,-1.11785888671875,10.78857421875,1.80389404296875,1.64871215820312,1.70364379882812,1.39541625976562
32.5462257862091,0.19866943359375,-0.128173828125,1.1663818359375,-1.74041748046875,-0.82122802734375,10.762939453125,1.5673828125,1.74789428710938,1.60659790039062,1.62979125976562
32.5570003986359,0.244598388671875,-0.1751708984375,0.9783935546875,-2.669677734375,0.73516845703125,9.034423828125,1.76528930664062,1.50680541992188,1.87347412109375,1.40121459960938
32.5658850669861,0.53619384765625,0.067291259765625,1.13006591796875,-1.73126220703125,-1.13983154296875,10.5010986328125,1.56478881835938,1.85577392578125,1.69021606445312,1.43600463867188
32.5781359672546,0.2947998046875,-0.01495361328125,1.0552978515625,-1.29638671875,-2.61383056640625,11.2774658203125,1.69143676757812,1.66946411132812,1.75613403320312,1.43234252929688
32.5859758853912,0.381317138671875,-0.0726318359375,1.04141235351562,1.0894775390625,-1.1444091796875,8.822021484375,1.6656494140625,1.6632080078125,1.81610107421875,1.4044189453125
32.595871925354,0.28411865234375,0.150604248046875,1.01898193359375,1.90521240234375,-0.74432373046875,10.352783203125,1.78390502929688,1.669921875,1.75048828125,1.3433837890625
32.6070017814636,0.2349853515625,-0.02349853515625,0.914306640625,-1.75323486328125,-1.26251220703125,12.1929931640625,1.86767578125,1.48406982421875,1.92840576171875,1.26510620117188
32.616338968277,0.379180908203125,0.1239013671875,1.17172241210938,2.3858642578125,-1.04095458984375,11.1639404296875,1.54388427734375,1.90139770507812,1.60797119140625,1.49124145507812
32.626953125,0.291595458984375,0.041656494140625,1.04782104492188,3.11920166015625,1.89605712890625,10.0177001953125,1.689453125,1.68731689453125,1.7730712890625,1.39312744140625
32.6363825798035,0.355682373046875,-0.137786865234375,0.960235595703125,1.728515625,-2.43621826171875,9.935302734375,1.72378540039062,1.54586791992188,1.95831298828125,1.31484985351562
32.6491367816925,0.048065185546875,0.011749267578125,1.13861083984375,1.14715576171875,-1.9757080078125,8.5089111328125,1.63284301757812,1.70669555664062,1.6021728515625,1.600341796875
32.6557908058167,0.272369384765625,-0.041656494140625,0.92498779296875,0.10345458984375,-0.875244140625,9.57916259765625,1.81884765625,1.48788452148438,1.9580078125,1.27975463867188
32.6873073577881,0.116424560546875,0.00213623046875,0.915374755859375,-0.3515625,1.22406005859375,10.1165771484375,1.8719482421875,1.45401000976562,1.92031860351562,1.29669189453125
32.6959965229034,0.06622314453125,0.042724609375,1.21444702148438,0.34698486328125,-2.7301025390625,10.1055908203125,1.49658203125,1.86508178710938,1.53396606445312,1.65435791015625
32.7059936523438,-0.1153564453125,0.039520263671875,1.09375,0.3955078125,-0.904541015625,9.24041748046875,1.68975830078125,1.66748046875,1.6375732421875,1.5570068359375
32.7157945632935,-0.086517333984375,0.12603759765625,0.92926025390625,1.85302734375,0.2398681640625,9.61212158203125,1.9146728515625,1.495361328125,1.82479858398438,1.31683349609375
32.7280406951904,-0.01068115234375,0.1239013671875,1.01791381835938,1.04095458984375,-3.06243896484375,9.7064208984375,1.78207397460938,1.64138793945312,1.73660278320312,1.396484375
32.7383449077606,-0.13671875,0.139923095703125,1.0552978515625,2.4664306640625,0.5291748046875,10.1852416992188,1.78024291992188,1.68014526367188,1.64520263671875,1.46026611328125
32.7469973564148,-0.099334716796875,0.178375244140625,0.902557373046875,2.81982421875,2.30072021484375,11.2289428710938,1.97265625,1.512451171875,1.83502197265625,1.2457275390625
32.7569580078125,-0.355682373046875,0.163421630859375,0.99761962890625,2.87933349609375,2.9278564453125,10.0213623046875,1.92764282226562,1.55899047851562,1.65069580078125,1.43646240234375
32.7660024166107,-0.133514404296875,0.05767822265625,1.0723876953125,1.92718505859375,2.37762451171875,10.2081298828125,1.74240112304688,1.69387817382812,1.6522216796875,1.48788452148438
32.7763154506683,-0.24139404296875,0.095062255859375,1.06063842773438,-1.40167236328125,-0.24261474609375,8.86322021484375,1.79885864257812,1.65603637695312,1.62429809570312,1.49703979492188
32.7849791049957,-0.18585205078125,0.2862548828125,1.01043701171875,1.35589599609375,0.18310546875,9.78515625,1.91879272460938,1.66976928710938,1.63894653320312,1.35665893554688
32.795556306839,-0.246734619140625,-0.101470947265625,0.970916748046875,-2.39501953125,2.816162109375,10.6585693359375,1.8634033203125,1.49093627929688,1.79306030273438,1.43692016601562
32.8054513931274,-0.135650634765625,-0.112152099609375,1.01470947265625,-3.26202392578125,2.84271240234375,9.89410400390625,1.79306030273438,1.58126831054688,1.75796508789062,1.45431518554688
32.8160519599915,-0.281982421875,-0.00640869140625,1.03179931640625,-2.01141357421875,2.25311279296875,8.660888671875,1.85867309570312,1.5667724609375,1.654052734375,1.50863647460938
32.8258354663849,-0.18798828125,0.08758544921875,1.00509643554688,-1.864013671875,2.2796630859375,9.0765380859375,1.9024658203125,1.56707763671875,1.67556762695312,1.4471435546875
32.8362834453583,-0.039520263671875,0.063018798828125,1.016845703125,-0.4559326171875,-0.99884033203125,9.9627685546875,1.8377685546875,1.62124633789062,1.7108154296875,1.42227172851562
32.8480882644653,-0.24566650390625,-0.13671875,1.00936889648438,0.498046875,1.7083740234375,9.68994140625,1.84768676757812,1.48696899414062,1.72149658203125,1.53915405273438
32.8551623821259,-0.17303466796875,-0.216827392578125,1.05850219726562,-0.1409912109375,1.8182373046875,9.3896484375,1.74514770507812,1.55624389648438,1.70867919921875,1.58905029296875
32.8655695915222,-0.157012939453125,0.00640869140625,1.07559204101562,0.3680419921875,0.62164306640625,9.898681640625,1.80313110351562,1.65115356445312,1.60842895507812,1.53671264648438
32.8749525547028,-0.063018798828125,0.01068115234375,1.0211181640625,-0.029296875,2.37579345703125,11.2545776367188,1.84539794921875,1.61224365234375,1.69631958007812,1.45172119140625
32.8850004673004,0.093994140625,0.080108642578125,1.033935546875,-3.01666259765625,1.21856689453125,12.9986572265625,1.8060302734375,1.69769287109375,1.70303344726562,1.39877319335938
32.8953893184662,-0.04058837890625,-0.045928955078125,1.15997314453125,-4.32861328125,0.63720703125,12.5994873046875,1.66061401367188,1.78298950195312,1.53091430664062,1.634521484375
32.9049432277679,-0.00213623046875,-0.026702880859375,0.95703125,-1.37786865234375,1.76971435546875,10.14404296875,1.90994262695312,1.546630859375,1.78955078125,1.36260986328125
32.9152526855469,0.099334716796875,0.063018798828125,0.913238525390625,1.10321044921875,2.2796630859375,9.8748779296875,1.97128295898438,1.552734375,1.84906005859375,1.23809814453125
32.9261264801025,0.042724609375,0.037384033203125,0.98907470703125,2.0947265625,2.52960205078125,9.2523193359375,1.87744140625,1.62368774414062,1.75888061523438,1.36215209960938
32.9358289241791,0.099334716796875,-0.024566650390625,1.10763549804688,1.0986328125,0.46783447265625,10.0552368164062,1.69342041015625,1.77230834960938,1.64627075195312,1.51031494140625
32.9577503204346,0.037384033203125,-0.10040283203125,1.0723876953125,-1.4520263671875,-2.42706298828125,9.52239990234375,1.73614501953125,1.69036865234375,1.69143676757812,1.5045166015625
32.9659259319305,0.02777099609375,-0.162353515625,0.97198486328125,-1.82098388671875,-1.67633056640625,10.1504516601562,1.83944702148438,1.54144287109375,1.83074951171875,1.4178466796875
32.9775335788727,0.129241943359375,-0.169830322265625,1.02432250976562,-1.1572265625,-0.9796142578125,9.8529052734375,1.74652099609375,1.64230346679688,1.79367065429688,1.45248413085938
32.9860019683838,0.112152099609375,-0.238189697265625,1.04248046875,-0.3826904296875,0.728759765625,8.89251708984375,1.70806884765625,1.63986206054688,1.78802490234375,1.49917602539062
32.9989285469055,0.212554931640625,-0.128173828125,1.02325439453125,2.7008056640625,0.54290771484375,8.75885009765625,1.7388916015625,1.68380737304688,1.81060791015625,1.40106201171875
33.0078144073486,0.058746337890625,-0.263824462890625,1.08306884765625,2.7044677734375,-0.77362060546875,8.76251220703125,1.663818359375,1.67526245117188,1.746826171875,1.5545654296875
33.0149409770966,0.05767822265625,-0.201873779296875,1.00189208984375,1.878662109375,-1.0162353515625,8.3331298828125,1.78726196289062,1.59378051757812,1.8267822265625,1.43280029296875
33.0258274078369,-0.042724609375,-0.099334716796875,0.99334716796875,1.30645751953125,0.40740966796875,7.58880615234375,1.85928344726562,1.58065795898438,1.77337646484375,1.4263916015625
33.035190820694,0.071563720703125,-0.162353515625,1.08734130859375,-0.59234619140625,-0.66375732421875,9.517822265625,1.6888427734375,1.71661376953125,1.7083740234375,1.52572631835938
33.0480554103851,0.12176513671875,-0.107879638671875,1.0040283203125,-0.87799072265625,-1.94183349609375,10.9524536132812,1.78436279296875,1.62918090820312,1.81594848632812,1.42227172851562
33.0780265331268,-0.07904052734375,-0.122833251953125,1.1834716796875,-2.95166015625,-2.20916748046875,10.059814453125,1.6094970703125,1.77780151367188,1.53335571289062,1.73812866210938
33.0869898796082,-0.118560791015625,-0.071563720703125,1.0638427734375,-1.69830322265625,-1.3348388671875,9.2852783203125,1.7864990234375,1.62246704101562,1.65451049804688,1.59683227539062
33.0969922542572,-0.1068115234375,0.0341796875,0.9185791015625,-2.340087890625,-0.05035400390625,9.7796630859375,1.99874877929688,1.47048950195312,1.80221557617188,1.39129638671875
33.1051387786865,-0.213623046875,0.10040283203125,0.90362548828125,1.60308837890625,2.70904541015625,9.25872802734375,2.06298828125,1.44195556640625,1.7828369140625,1.378173828125
33.1173028945923,-0.169830322265625,-0.12603759765625,0.914306640625,-0.1226806640625,4.2938232421875,9.46380615234375,1.973876953125,1.4007568359375,1.85470581054688,1.4404296875
33.1258347034454,0.009613037109375,0.146331787109375,0.9783935546875,0.963134765625,1.89056396484375,10.6265258789062,1.93252563476562,1.61239624023438,1.7364501953125,1.39007568359375
33.1355278491974,-0.0128173828125,0.302276611328125,1.05636596679688,0.3790283203125,1.083984375,10.4855346679688,1.90338134765625,1.74972534179688,1.571044921875,1.446533203125
33.1469774246216,-0.076904296875,-0.04913330078125,1.12472534179688,1.5802001953125,-0.2215576171875,9.620361328125,1.7254638671875,1.71478271484375,1.57913208007812,1.65145874023438
33.1565124988556,-0.118560791015625,-0.052337646484375,1.07131958007812,4.2388916015625,1.0601806640625,9.06463623046875,1.80953979492188,1.63299560546875,1.62734985351562,1.60385131835938
33.1658296585083,0.045928955078125,-0.208282470703125,1.10763549804688,0.2032470703125,-1.34765625,9.6478271484375,1.6754150390625,1.6796875,1.66336059570312,1.65618896484375
33.1763679981232,-0.178375244140625,0.244598388671875,1.01577758789062,0.62347412109375,1.2945556640625,10.23193359375,1.99630737304688,1.62322998046875,1.57119750976562,1.4837646484375
33.1859536170959,-0.086517333984375,0.25848388671875,0.97198486328125,0.64453125,6.73828125,11.2582397460938,2.034912109375,1.59881591796875,1.64138793945312,1.39556884765625
33.1959102153778,0.080108642578125,-0.04913330078125,0.95062255859375,0.79376220703125,4.200439453125,11.3726806640625,1.92092895507812,1.53640747070312,1.80816650390625,1.40121459960938
33.2072911262512,0.0982666015625,-0.184783935546875,0.866241455078125,2.10113525390625,1.94549560546875,10.3216552734375,1.98471069335938,1.39877319335938,1.96365356445312,1.32354736328125
33.2179851531982,0.233917236328125,-0.041656494140625,1.09695434570312,2.04620361328125,-1.52252197265625,9.90234375,1.71340942382812,1.77566528320312,1.66030883789062,1.51748657226562
33.2260372638702,0.08544921875,-0.120697021484375,1.1962890625,-0.560302734375,-0.1263427734375,10.3335571289062,1.60263061523438,1.82754516601562,1.51702880859375,1.72348022460938
33.2373108863831,0.118560791015625,-0.131378173828125,1.13006591796875,-1.37969970703125,2.07733154296875,10.1898193359375,1.6729736328125,1.75216674804688,1.61224365234375,1.63345336914062
33.2458431720734,0.265960693359375,-0.103607177734375,1.04354858398438,-1.4117431640625,2.14324951171875,10.8297729492188,1.75369262695312,1.69754028320312,1.74514770507812,1.46942138671875
33.2581539154053,0.179443359375,-0.13458251953125,0.92926025390625,-1.10321044921875,1.37054443359375,11.7910766601562,1.91162109375,1.51763916015625,1.87408447265625,1.36260986328125
33.2750563621521,0.18798828125,-0.0640869140625,0.914306640625,-0.03021240234375,2.06085205078125,10.5844116210938,1.95770263671875,1.53610229492188,1.87744140625,1.29150390625
33.2760834693909,0.332183837890625,-0.1708984375,1.02432250976562,-0.20965576171875,1.01531982421875,10.6365966796875,1.74942016601562,1.6949462890625,1.81442260742188,1.39999389648438
33.295773267746,0.193328857421875,-0.3717041015625,1.10870361328125,0.43212890625,-1.92718505859375,10.5422973632812,1.61407470703125,1.70181274414062,1.72470092773438,1.61270141601562
33.3061363697052,0.18798828125,-0.377044677734375,1.136474609375,-0.99884033203125,-1.47674560546875,10.601806640625,1.57333374023438,1.72683715820312,1.69403076171875,1.65985107421875
33.3159759044647,0.236053466796875,-0.146331787109375,1.10122680664062,-2.19268798828125,-1.98486328125,11.5164184570312,1.67449951171875,1.76528930664062,1.67938232421875,1.5301513671875
33.3260216712952,0.2349853515625,-0.131378173828125,1.01577758789062,-0.18035888671875,-2.04437255859375,10.7730102539062,1.78634643554688,1.66534423828125,1.78131103515625,1.41220092773438
33.336229801178,0.281982421875,0.0384521484375,0.845947265625,2.574462890625,-0.322265625,9.7357177734375,2.03628540039062,1.5185546875,1.96044921875,1.12442016601562
33.3480167388916,0.327911376953125,-0.107879638671875,1.04995727539062,2.32086181640625,0.24993896484375,9.09759521484375,1.7230224609375,1.746826171875,1.763916015625,1.40579223632812
33.3549633026123,0.424041748046875,-0.184783935546875,0.979461669921875,1.18011474609375,-1.22955322265625,9.7979736328125,1.75338745117188,1.67129516601562,1.91558837890625,1.28616333007812
33.3680512905121,0.16021728515625,-0.1666259765625,1.13327026367188,0.3314208984375,-1.5838623046875,10.6777954101562,1.63742065429688,1.78253173828125,1.64688110351562,1.55471801757812
33.3760235309601,0.039520263671875,-0.227508544921875,1.10443115234375,-0.99334716796875,0.699462890625,10.8297729492188,1.68548583984375,1.68960571289062,1.671142578125,1.56402587890625
33.3852241039276,0.00213623046875,-0.319366455078125,1.17279052734375,-1.1004638671875,2.85736083984375,10.6521606445312,1.57608032226562,1.73599243164062,1.607666015625,1.67953491210938
33.3968257904053,0.157012939453125,-0.18798828125,1.10763549804688,-2.31170654296875,0.9521484375,10.982666015625,1.65557861328125,1.74026489257812,1.69143676757812,1.51199340820312
33.4078524112701,0.026702880859375,-0.13031005859375,0.994415283203125,-1.8914794921875,-0.2471923828125,11.8350219726562,1.84112548828125,1.56539916992188,1.7779541015625,1.39328002929688
33.4200119972229,-0.07904052734375,-0.195465087890625,0.85235595703125,-1.57745361328125,2.21282958984375,10.6668090820312,2.02499389648438,1.3323974609375,1.94534301757812,1.26327514648438
33.4265971183777,0.058746337890625,-0.22857666015625,1.02432250976562,-1.571044921875,0.67657470703125,11.7333984375,1.75979614257812,1.58157348632812,1.78115844726562,1.4434814453125
33.4367179870605,0.0128173828125,-0.37811279296875,1.17599487304688,-2.26043701171875,-2.1881103515625,13.4280395507812,1.52816772460938,1.70623779296875,1.62277221679688,1.690673828125
33.4551956653595,-0.144195556640625,-0.268096923828125,1.0211181640625,-2.552490234375,1.46392822265625,12.0355224609375,1.79641723632812,1.46743774414062,1.732177734375,1.5191650390625
33.4792358875275,-0.180511474609375,-0.199737548828125,1.01577758789062,-2.5177001953125,2.49298095703125,11.1264038085938,1.83563232421875,1.45278930664062,1.70074462890625,1.5179443359375
33.4877505302429,-0.122833251953125,-0.30975341796875,0.97412109375,-2.032470703125,1.710205078125,10.8444213867188,1.84112548828125,1.36444091796875,1.79351806640625,1.4947509765625
33.4999635219574,-0.01495361328125,-0.0341796875,1.0894775390625,0.63629150390625,-0.53009033203125,11.8048095703125,1.75445556640625,1.62261962890625,1.58706665039062,1.5185546875
33.5059909820557,-0.15380859375,-0.19012451171875,1.1407470703125,-0.4779052734375,-1.47491455078125,12.2369384765625,1.68609619140625,1.600341796875,1.5191650390625,1.64840698242188
33.5177223682404,-0.0555419921875,-0.135650634765625,1.1920166015625,-1.1920166015625,-2.3052978515625,10.089111328125,1.61788940429688,1.70883178710938,1.4495849609375,1.66824340820312
33.5261130332947,-0.042724609375,-0.05340576171875,1.04995727539062,-1.6754150390625,-1.39068603515625,10.3829956054688,1.81900024414062,1.5576171875,1.605224609375,1.46270751953125
33.536116361618,-0.067291259765625,-0.0640869140625,0.8929443359375,-2.98187255859375,0.96954345703125,11.3900756835938,2.00714111328125,1.35711669921875,1.78314208984375,1.27182006835938
33.5458016395569,0.01922607421875,0.11749267578125,1.00189208984375,-1.90338134765625,2.4224853515625,11.3543701171875,1.9036865234375,1.572265625,1.614990234375,1.32827758789062
33.5562882423401,0.24139404296875,0.129241943359375,1.12899780273438,-0.49346923828125,2.54791259765625,11.290283203125,1.69113159179688,1.78558349609375,1.500244140625,1.43035888671875
33.5669491291046,0.15167236328125,-0.10894775390625,1.18881225585938,1.94915771484375,1.29180908203125,10.2218627929688,1.5716552734375,1.76132202148438,1.46987915039062,1.59332275390625
33.5760455131531,0.088653564453125,-0.133514404296875,1.14608764648438,-0.68206787109375,1.0491943359375,10.3848266601562,1.63894653320312,1.68853759765625,1.50100708007812,1.55105590820312
33.5849606990814,0.179443359375,0.11962890625,0.994415283203125,1.91253662109375,0.78094482421875,10.283203125,1.88278198242188,1.59881591796875,1.636962890625,1.260986328125
33.596583366394,0.230712890625,-0.05767822265625,1.01150512695312,-0.9429931640625,0.35888671875,10.3427124023438,1.79183959960938,1.58187866210938,1.67572021484375,1.30935668945312
33.6057224273682,0.24139404296875,-0.01495361328125,1.02432250976562,0.56396484375,-0.787353515625,10.3536987304688,1.77764892578125,1.61911010742188,1.64688110351562,1.30645751953125
33.6158218383789,0.227508544921875,-0.039520263671875,1.04461669921875,0.98876953125,-0.87890625,9.8785400390625,1.7498779296875,1.62734985351562,1.62063598632812,1.34994506835938
33.6279346942902,0.2777099609375,-0.231781005859375,1.05850219726562,-1.966552734375,-1.1993408203125,10.484619140625,1.65771484375,1.60491943359375,1.6729736328125,1.40823364257812
33.638002872467,0.268096923828125,-0.1068115234375,1.08200073242188,-0.8258056640625,0.750732421875,10.9359741210938,1.67404174804688,1.66488647460938,1.59652709960938,1.40426635742188
33.6470005512238,0.1495361328125,-0.0469970703125,1.07666015625,0.413818359375,1.885986328125,11.7123413085938,1.73980712890625,1.617431640625,1.54098510742188,1.42654418945312
33.6580476760864,0.1580810546875,-0.2606201171875,1.08734130859375,-1.54083251953125,0.00640869140625,9.744873046875,1.65298461914062,1.56295776367188,1.6046142578125,1.50421142578125
33.6680288314819,0.212554931640625,-0.2862548828125,1.05850219726562,-0.75897216796875,-0.55023193359375,9.37774658203125,1.65924072265625,1.54251098632812,1.66519165039062,1.45065307617188
33.6788973808289,0.2264404296875,-0.298004150390625,1.03927612304688,-1.3916015625,0.0531005859375,10.0717163085938,1.67236328125,1.51992797851562,1.69921875,1.42135620117188
33.6880240440369,0.225372314453125,-0.293731689453125,1.02005004882812,-0.5657958984375,0.8477783203125,9.80438232421875,1.69937133789062,1.49368286132812,1.72348022460938,1.39617919921875
33.6979925632477,0.300140380859375,-0.28411865234375,1.07879638671875,-0.2032470703125,0.516357421875,9.906005859375,1.59576416015625,1.60263061523438,1.66229248046875,1.44027709960938
33.7101364135742,0.1922607421875,-0.453948974609375,1.10336303710938,-0.26092529296875,-0.18035888671875,10.5441284179688,1.53350830078125,1.5362548828125,1.656494140625,1.57791137695312
33.7177307605743,0.133514404296875,-0.372772216796875,1.05209350585938,0.1556396484375,0.05767822265625,9.67620849609375,1.6412353515625,1.48040771484375,1.6766357421875,1.502685546875
33.7278439998627,0.2520751953125,-0.321502685546875,1.05422973632812,1.24603271484375,-1.285400390625,10.4800415039062,1.6363525390625,1.55487060546875,1.6729736328125,1.42898559570312
33.7387244701385,0.195465087890625,-0.306549072265625,1.051025390625,-1.29180908203125,-1.9921875,11.5887451171875,1.66015625,1.54647827148438,1.6485595703125,1.43234252929688
33.7457292079926,0.128173828125,-0.364227294921875,1.0809326171875,-1.6497802734375,0.18951416015625,10.1705932617188,1.62307739257812,1.54678344726562,1.60980224609375,1.50772094726562
33.7582440376282,0.25421142578125,-0.283050537109375,1.01150512695312,-0.58502197265625,0.66192626953125,10.2035522460938,1.69189453125,1.53045654296875,1.69601440429688,1.35971069335938
33.7679979801178,0.199737548828125,-0.40802001953125,1.051025390625,-0.8624267578125,-0.831298828125,9.49127197265625,1.62811279296875,1.527099609375,1.66275024414062,1.4599609375
33.7787506580353,0.169830322265625,-0.16876220703125,1.04568481445312,1.58294677734375,-0.77911376953125,8.792724609375,1.70852661132812,1.56387329101562,1.58966064453125,1.41510009765625
33.7880084514618,0.2520751953125,-0.088653564453125,1.04995727539062,1.79443359375,-0.3497314453125,11.0540771484375,1.70684814453125,1.62109375,1.57546997070312,1.36581420898438
33.7978692054749,0.210418701171875,-0.20721435546875,1.03179931640625,-3.1494140625,-0.81390380859375,12.0703125,1.71768188476562,1.55502319335938,1.61544799804688,1.3739013671875
33.8077983856201,0.278778076171875,-0.13458251953125,1.07879638671875,-2.384033203125,-0.51727294921875,11.2857055664062,1.65283203125,1.656494140625,1.55441284179688,1.392822265625
33.8160297870636,0.114288330078125,-0.01922607421875,1.16104125976562,0.62255859375,1.14166259765625,10.5615234375,1.63528442382812,1.728515625,1.36428833007812,1.5228271484375
33.8283231258392,0.169830322265625,-0.22857666015625,1.05316162109375,1.9207763671875,0.61065673828125,9.451904296875,1.68701171875,1.55242919921875,1.58050537109375,1.43112182617188
33.8377523422241,0.196533203125,-0.184783935546875,0.92926025390625,0.648193359375,-0.77178955078125,9.9700927734375,1.84738159179688,1.40792846679688,1.72332763671875,1.268310546875
33.8460748195648,0.332183837890625,-0.05767822265625,1.00830078125,0.9759521484375,-1.30462646484375,10.3912353515625,1.74636840820312,1.5655517578125,1.62094116210938,1.30538940429688
33.8587527275085,0.25634765625,-0.154876708984375,1.00509643554688,-0.494384765625,0.2581787109375,10.3033447265625,1.73507690429688,1.5057373046875,1.63681030273438,1.35833740234375
33.8680176734924,0.15167236328125,-0.381317138671875,1.1578369140625,-3.4442138671875,-0.0732421875,8.95477294921875,1.51016235351562,1.58935546875,1.4849853515625,1.64581298828125
33.8799102306366,0.101470947265625,-0.285186767578125,1.10549926757812,-3.86444091796875,-0.58685302734375,9.356689453125,1.62155151367188,1.53396606445312,1.50650024414062,1.56829833984375
33.887090921402,0.1837158203125,-0.218963623046875,1.02645874023438,-4.32861328125,-0.0933837890625,10.1559448242188,1.70501708984375,1.48117065429688,1.61270141601562,1.414794921875
33.8958184719086,0.242462158203125,-0.236053466796875,0.953826904296875,0.61981201171875,-1.0345458984375,9.964599609375,1.77642822265625,1.385498046875,1.72073364257812,1.3238525390625
33.9088037014008,0.11749267578125,-0.1837158203125,1.02005004882812,2.59735107421875,-0.68023681640625,11.3397216796875,1.75018310546875,1.44012451171875,1.5802001953125,1.43356323242188
33.9280164241791,0.244598388671875,-0.2691650390625,1.0638427734375,-2.80975341796875,1.61956787109375,11.011962890625,1.62384033203125,1.5069580078125,1.59011840820312,1.480712890625
33.9380848407745,0.21148681640625,-0.3076171875,1.10015869140625,-2.5341796875,-0.16204833984375,11.2252807617188,1.57058715820312,1.51229858398438,1.54129028320312,1.5625
33.9460256099701,0.184783935546875,-0.34820556640625,0.917510986328125,-4.8651123046875,-1.02447509765625,11.4083862304688,1.79367065429688,1.26296997070312,1.7742919921875,1.35574340820312
33.9578146934509,0.29266357421875,-0.161285400390625,1.04141235351562,-2.46002197265625,-1.72210693359375,11.1264038085938,1.65924072265625,1.50390625,1.591796875,1.41204833984375
33.9658589363098,0.753021240234375,0.546875,1.27639770507812,3.4735107421875,-2.65045166015625,12.5289916992188,1.46255493164062,2.14553833007812,1.20040893554688,1.35848999023438
33.9749217033386,1.512451171875,1.35116577148438,1.29562377929688,7.2747802734375,-3.99169921875,14.2254638671875,1.47903442382812,2.62924194335938,1.12136840820312,0.914154052734375
33.9848001003265,1.5936279296875,1.5594482421875,1.25717163085938,4.89532470703125,-2.38128662109375,12.6470947265625,1.56890869140625,2.66571044921875,1.12762451171875,0.781707763671875
34.0047011375427,1.53488159179688,2.12982177734375,1.23153686523438,4.79095458984375,0.5072021484375,9.7247314453125,1.77383422851562,2.81494140625,0.954742431640625,0.555877685546875
34.0077955722809,0.795745849609375,2.24197387695312,1.44729614257812,4.5135498046875,-1.387939453125,12.6791381835938,1.74209594726562,2.89031982421875,0.429840087890625,1.01654052734375
34.0150356292725,0.56610107421875,1.97708129882812,1.4825439453125,4.45220947265625,-3.63922119140625,11.1465454101562,1.66534423828125,2.8033447265625,0.40557861328125,1.18148803710938
34.0255432128906,0.20721435546875,1.80831909179688,1.47293090820312,-1.7999267578125,0.00274658203125,9.913330078125,1.72149658203125,2.62954711914062,0.37200927734375,1.33255004882812
34.0349097251892,-0.056610107421875,1.68121337890625,1.14288330078125,-4.17572021484375,-0.3533935546875,10.9561157226562,2.14859008789062,2.13775634765625,0.741119384765625,0.97991943359375
34.045019865036,-0.456085205078125,1.54876708984375,1.11724853515625,-0.7855224609375,-0.3515625,10.7986450195312,2.23480224609375,1.99111938476562,0.661163330078125,1.03851318359375
34.0570051670074,-0.41656494140625,1.23367309570312,1.13006591796875,0.0274658203125,-0.311279296875,12.8201293945312,2.1075439453125,1.9305419921875,0.755615234375,1.13204956054688
34.0650191307068,-0.770111083984375,0.618438720703125,1.23153686523438,-0.6097412109375,-1.2908935546875,13.7832641601562,0.000152587890625,0.000152587890625,0.000152587890625,0.000152587890625
34.0759921073914,-0.96343994140625,0.084381103515625,1.36077880859375,-0.1080322265625,-1.36322021484375,11.510009765625,0.000152587890625,0.000152587890625,0.000152587890625,0.000152587890625
34.0857963562012,-1.03500366210938,-0.317230224609375,1.19949340820312,-0.380859375,-2.85369873046875,7.943115234375,0.000152587890625,0.000152587890625,0.000152587890625,0.000152587890625
34.0960748195648,-1.23260498046875,-0.590667724609375,1.13006591796875,-0.27557373046875,-3.6767578125,7.02301025390625,0.000152587890625,0.000152587890625,0.000152587890625,0.000152587890625
34.1051332950592,-0.859832763671875,-0.473175048828125,1.36184692382812,0.05401611328125,-5.5059814453125,8.8970947265625,0.000152587890625,0.000152587890625,0.000152587890625,0.000152587890625
34.1151552200317,0.23284912109375,0.8502197265625,1.71646118164062,4.55108642578125,-8.250732421875,12.9336547851562,0.000152587890625,0.000152587890625,0.000152587890625,0.000152587890625
34.1261761188507,0.62591552734375,1.15890502929688,1.98989868164062,3.62274169921875,-6.75750732421875,9.349365234375,0.000152587890625,0.000152587890625,0.000152587890625,0.000152587890625
34.1350524425507,0.72418212890625,1.27639770507812,2.13943481445312,-0.46234130859375,-3.90838623046875,5.9857177734375,0.000152587890625,0.000152587890625,0.000152587890625,0.000152587890625
34.146003484726,0.84808349609375,0.872650146484375,1.94183349609375,-1.24053955078125,-2.90496826171875,3.6309814453125,0.000152587890625,0.000152587890625,0.000152587890625,0.000152587890625
34.1552655696869,1.02325439453125,-0.530853271484375,1.26251220703125,-3.04229736328125,-5.6982421875,8.50250244140625,0.000152587890625,0.000152587890625,0.000152587890625,0.000152587890625
34.1648519039154,-0.633392333984375,-0.78826904296875,0.90789794921875,-1.3201904296875,-9.53704833984375,22.4359130859375,0.000152587890625,0.000152587890625,0.000152587890625,0.000152587890625
34.1797533035278,0.052337646484375,0.69854736328125,0.93780517578125,1.33575439453125,-14.8150634765625,24.9224853515625,0.000152587890625,0.000152587890625,0.000152587890625,0.000152587890625
34.187712430954,0.97412109375,0.349273681640625,1.05209350585938,2.4078369140625,-12.5765991210938,14.9029541015625,0.000152587890625,0.000152587890625,0.000152587890625,0.000152587890625
34.199006319046,0.797882080078125,0.0299072265625,0.851287841796875,0.96771240234375,-5.52886962890625,5.767822265625,0.000152587890625,0.000152587890625,0.000152587890625,0.000152587890625
34.2077665328979,0.66864013671875,0.133514404296875,0.92498779296875,0.2197265625,-2.7374267578125,0.5072021484375,0.000152587890625,0.000152587890625,0.000152587890625,0.000152587890625
34.216283082962,-0.4486083984375,0.315093994140625,0.789337158203125,-0.3607177734375,-2.18353271484375,4.07958984375,0.000152587890625,0.000152587890625,0.000152587890625,0.000152587890625
34.2263917922974,-1.56265258789062,-0.05126953125,0.757293701171875,-1.34490966796875,-1.9866943359375,4.984130859375,0.000152587890625,0.000152587890625,0.000152587890625,0.000152587890625
34.234992980957,-0.808563232421875,-0.897216796875,0.57464599609375,-2.7703857421875,-6.2310791015625,7.72613525390625,0.000152587890625,0.000152587890625,0.000152587890625,0.000152587890625
34.2450249195099,0.5682373046875,0.05126953125,0.63232421875,-0.23529052734375,-9.678955078125,16.204833984375,0.000152587890625,0.000152587890625,0.000152587890625,0.000152587890625
34.2564840316772,0.42724609375,0.6793212890625,0.458221435546875,0.8148193359375,-8.79180908203125,17.2998046875,0.000152587890625,0.000152587890625,0.000152587890625,0.000152587890625
34.2660868167877,-0.114288330078125,-0.024566650390625,0.31402587890625,0.7855224609375,-5.1416015625,12.3321533203125,0.000152587890625,0.000152587890625,0.000152587890625,0.000152587890625
34.2760841846466,-0.077972412109375,-0.26702880859375,0.21148681640625,-0.26092529296875,-2.120361328125,6.24664306640625,0.000152587890625,0.000152587890625,0.000152587890625,0.000152587890625
34.2870771884918,-0.213623046875,-0.137786865234375,0.225372314453125,-0.63262939453125,-1.49322509765625,5.782470703125,0.000152587890625,0.000152587890625,0.000152587890625,0.000152587890625
34.2957472801208,-0.08758544921875,0.026702880859375,0.182647705078125,-1.28448486328125,-4.0667724609375,11.0357666015625,0.000152587890625,0.000152587890625,0.000152587890625,0.000152587890625
34.304901599884,0.10894775390625,-0.048065185546875,0.05767822265625,-1.666259765625,-5.712890625,14.75830078125,0.000152587890625,0.000152587890625,0.000152587890625,0.000152587890625
34.3162136077881,0.04913330078125,0.001068115234375,-0.06622314453125,-0.9686279296875,-5.18463134765625,11.2994384765625,0.000152587890625,0.000152587890625,0.000152587890625,0.000152587890625
34.3250710964203,0.043792724609375,0.008544921875,-0.10040283203125,-0.889892578125,-3.65386962890625,8.00445556640625,0.000152587890625,0.000152587890625,0.000152587890625,0.000152587890625
34.3349184989929,0.007476806640625,0.0469970703125,-0.0384521484375,-1.2030029296875,-2.53692626953125,8.089599609375,0.000152587890625,0.000152587890625,0.000152587890625,0.000152587890625
34.3464365005493,-0.00213623046875,0.00640869140625,0.028839111328125,-1.2615966796875,-1.1187744140625,11.1154174804688,0.000152587890625,0.000152587890625,0.000152587890625,0.000152587890625
34.3561420440674,-0.00213623046875,-0.020294189453125,0.04058837890625,-0.60333251953125,0.16571044921875,11.3973999023438,0.000152587890625,0.000152587890625,0.000152587890625,0.000152587890625
34.3657765388489,-0.00213623046875,0.016021728515625,0.009613037109375,-0.0128173828125,0.68206787109375,9.69451904296875,0.000152587890625,0.000152587890625,0.000152587890625,0.000152587890625
34.3750352859497,-0.020294189453125,-0.018157958984375,-0.02349853515625,-0.0970458984375,0.67474365234375,9.6551513671875,0.000152587890625,0.000152587890625,0.000152587890625,0.000152587890625
34.3858525753021,-0.007476806640625,0.003204345703125,-0.01708984375,-0.17852783203125,0.3460693359375,10.6118774414062,0.000152587890625,0.000152587890625,0.000152587890625,0.000152587890625
34.3949453830719,-0.003204345703125,-0.007476806640625,0.0128173828125,-0.13458251953125,0.0860595703125,10.257568359375,0.000152587890625,0.000152587890625,0.000152587890625,0.000152587890625
34.4048376083374,-0.01068115234375,-0.00213623046875,0.01708984375,-0.00457763671875,0.1885986328125,9.7760009765625,0.000152587890625,0.000152587890625,0.000152587890625,0.000152587890625
34.4164762496948,-0.00213623046875,0.0042724609375,-0.008544921875,0.047607421875,0.3277587890625,10.29052734375,0.000152587890625,0.000152587890625,0.000152587890625,0.000152587890625
34.4251117706299,-0.001068115234375,-0.001068115234375,-0.01922607421875,-0.10528564453125,0.267333984375,10.46630859375,0.000152587890625,0.000152587890625,0.000152587890625,0.000152587890625
34.4349400997162,-0.00213623046875,0.003204345703125,-0.003204345703125,-0.15106201171875,0.267333984375,10.1467895507812,0.000152587890625,0.000152587890625,0.000152587890625,0.000152587890625
34.4453349113464,-0.00213623046875,0,0.0128173828125,-0.04852294921875,0.23345947265625,10.2374267578125,0.000152587890625,0.000152587890625,0.000152587890625,0.000152587890625
34.4550187587738,0.0042724609375,-0.005340576171875,0.00640869140625,-0.15380859375,0.1885986328125,10.367431640625,0.000152587890625,0.000152587890625,0.000152587890625,0.000152587890625
34.4650368690491,0.00213623046875,-0.005340576171875,-0.009613037109375,-0.325927734375,0.08514404296875,10.1339721679688,0.000152587890625,0.000152587890625,0.000152587890625,0.000152587890625
34.4752838611603,-0.001068115234375,0.001068115234375,-0.009613037109375,-0.25909423828125,0.069580078125,10.023193359375,0.000152587890625,0.000152587890625,0.000152587890625,0.000152587890625
34.4850981235504,0.001068115234375,0.00213623046875,0.0042724609375,-0.08331298828125,0.0970458984375,10.0680541992188,0.000152587890625,0.000152587890625,0.000152587890625,0.000152587890625
34.4959926605225,0.00213623046875,0,0.009613037109375,-0.05950927734375,0.05859375,10.01220703125,0.000152587890625,0.000152587890625,0.000152587890625,0.000152587890625
34.516134262085,-0.00213623046875,0.00213623046875,-0.00213623046875,-0.1300048828125,0.029296875,10.0204467773438,0.000152587890625,0.000152587890625,0.000152587890625,0.000152587890625
34.5163061618805,-0.001068115234375,0.003204345703125,-0.008544921875,-0.0823974609375,0.06317138671875,10.1486206054688,0.000152587890625,0.000152587890625,0.000152587890625,0.000152587890625
34.5279667377472,0.001068115234375,-0.003204345703125,0.001068115234375,-0.06317138671875,0.1300048828125,10.118408203125,0.000152587890625,0.000152587890625,0.000152587890625,0.000152587890625
34.5392286777496,-0.00213623046875,-0.003204345703125,0.007476806640625,-0.0933837890625,0.087890625,10.07080078125,0.000152587890625,0.000152587890625,0.000152587890625,0.000152587890625
34.5479187965393,-0.001068115234375,-0.001068115234375,0.001068115234375,-0.1226806640625,0.0714111328125,10.1312255859375,0.000152587890625,0.000152587890625,0.000152587890625,0.000152587890625
34.559766292572,-0.001068115234375,-0.00213623046875,-0.00640869140625,-0.106201171875,0.10528564453125,10.1193237304688,0.000152587890625,0.000152587890625,0.000152587890625,0.000152587890625
34.5662953853607,-0.001068115234375,-0.001068115234375,-0.003204345703125,-0.0823974609375,0.091552734375,10.0579833984375,0.000152587890625,0.000152587890625,0.000152587890625,0.000152587890625
34.5750715732574,0,-0.001068115234375,0.005340576171875,-0.10894775390625,0.047607421875,10.05615234375,0.000152587890625,0.000152587890625,0.000152587890625,0.000152587890625
34.5860922336578,0,0,0.005340576171875,-0.13092041015625,0.0494384765625,10.0762939453125,0.000152587890625,0.000152587890625,0.000152587890625,0.000152587890625
34.5972864627838,0,0,-0.003204345703125,-0.1116943359375,0.11993408203125,10.023193359375,0.000152587890625,0.000152587890625,0.000152587890625,0.000152587890625
34.6080040931702,-0.001068115234375,-0.00213623046875,-0.005340576171875,-0.1116943359375,0.11993408203125,10.0662231445312,0.000152587890625,0.000152587890625,0.000152587890625,0.000152587890625
34.6171178817749,0,-0.001068115234375,0.00213623046875,-0.11810302734375,0.0823974609375,10.1092529296875,0.000152587890625,0.000152587890625,0.000152587890625,0.000152587890625
34.6269567012787,0,0.001068115234375,0.0042724609375,-0.1025390625,0.07415771484375,10.0497436523438,0.000152587890625,0.000152587890625,0.000152587890625,0.000152587890625
34.6371431350708,-0.001068115234375,-0.001068115234375,0.001068115234375,-0.09521484375,0.0933837890625,10.0277709960938,0.000152587890625,0.000152587890625,0.000152587890625,0.000152587890625
34.6472969055176,0,-0.001068115234375,-0.003204345703125,-0.11077880859375,0.0860595703125,10.0460815429688,0.000152587890625,0.000152587890625,0.000152587890625,0.000152587890625
34.6582679748535,0,0,-0.001068115234375,-0.12359619140625,0.076904296875,10.037841796875,0.000152587890625,0.000152587890625,0.000152587890625,0.000152587890625
34.6680994033813,-0.001068115234375,-0.001068115234375,0.00213623046875,-0.1153564453125,0.09796142578125,10.0323486328125,0.000152587890625,0.000152587890625,0.000152587890625,0.000152587890625
34.6769728660583,-0.001068115234375,-0.001068115234375,0.001068115234375,-0.1007080078125,0.10345458984375,10.0396728515625,0.000152587890625,0.000152587890625,0.000152587890625,0.000152587890625
34.6877336502075,-0.00213623046875,-0.001068115234375,-0.001068115234375,-0.1080322265625,0.091552734375,10.0177001953125,0.000152587890625,0.000152587890625,0.000152587890625,0.000152587890625
34.707937002182,-0.00213623046875,0,-0.00213623046875,-0.10986328125,0.09063720703125,10.0030517578125,0.000152587890625,0.000152587890625,0.000152587890625,0.000152587890625
34.7089092731476,0,0,0.001068115234375,-0.0933837890625,0.098876953125,10.04150390625,0.000152587890625,0.000152587890625,0.000152587890625,0.000152587890625
34.7161467075348,0,-0.00213623046875,0.00213623046875,-0.08880615234375,0.09979248046875,10.0680541992188,0.000152587890625,0.000152587890625,0.000152587890625,0.000152587890625
34.7251145839691,0.001068115234375,-0.001068115234375,0,-0.10528564453125,0.08514404296875,10.0534057617188,0.000152587890625,0.000152587890625,0.000152587890625,0.000152587890625
34.7369711399078,0,0,-0.001068115234375,-0.11077880859375,0.0750732421875,10.02685546875,0.000152587890625,0.000152587890625,0.000152587890625,0.000152587890625
34.7457802295685,-0.001068115234375,0,-0.001068115234375,-0.10528564453125,0.08514404296875,10.0076293945312,0.000152587890625,0.000152587890625,0.000152587890625,0.000152587890625
34.7568652629852,0.001068115234375,-0.001068115234375,0,-0.0970458984375,0.0860595703125,9.99481201171875,0.000152587890625,0.000152587890625,0.000152587890625,0.000152587890625
34.7659158706665,-0.001068115234375,0,0,-0.10162353515625,0.0860595703125,9.99755859375,0.000152587890625,0.000152587890625,0.000152587890625,0.000152587890625
34.7769274711609,-0.001068115234375,0,-0.001068115234375,-0.098876953125,0.09613037109375,10.04150390625,0.000152587890625,0.000152587890625,0.000152587890625,0.000152587890625
34.7877848148346,0,0,-0.001068115234375,-0.091552734375,0.09613037109375,10.0332641601562,0.000152587890625,0.000152587890625,0.000152587890625,0.000152587890625
34.8008360862732,0,0.001068115234375,0,-0.10162353515625,0.0897216796875,10.015869140625,0.000152587890625,0.000152587890625,0.000152587890625,0.000152587890625
34.8069522380829,-0.003204345703125,0.001068115234375,0,-0.11627197265625,0.087890625,10.0259399414062,0.000152587890625,0.000152587890625,0.000152587890625,0.000152587890625
34.8188552856445,-0.001068115234375,0,-0.001068115234375,-0.113525390625,0.08697509765625,10.0543212890625,0.000152587890625,0.000152587890625,0.000152587890625,0.000152587890625
34.8269891738892,0,-0.001068115234375,-0.00213623046875,-0.10345458984375,0.08697509765625,10.0460815429688,0.000152587890625,0.000152587890625,0.000152587890625,0.000152587890625
34.8370020389557,-0.001068115234375,-0.001068115234375,-0.001068115234375,-0.09796142578125,0.0860595703125,10.0241088867188,0.000152587890625,0.000152587890625,0.000152587890625,0.000152587890625
34.8469405174255,-0.001068115234375,-0.001068115234375,0,-0.09979248046875,0.09246826171875,10.0021362304688,0.000152587890625,0.000152587890625,0.000152587890625,0.000152587890625
34.8569760322571,-0.001068115234375,-0.001068115234375,-0.001068115234375,-0.1007080078125,0.098876953125,10.0030517578125,0.000152587890625,0.000152587890625,0.000152587890625,0.000152587890625
34.8678770065308,0,-0.001068115234375,-0.001068115234375,-0.10162353515625,0.098876953125,10.0076293945312,0.000152587890625,0.000152587890625,0.000152587890625,0.000152587890625
34.8770680427551,-0.001068115234375,-0.001068115234375,0,-0.1116943359375,0.09613037109375,10.0332641601562,0.000152587890625,0.000152587890625,0.000152587890625,0.000152587890625
34.886932849884,0,-0.00213623046875,0,-0.11993408203125,0.09521484375,10.04150390625,0.000152587890625,0.000152587890625,0.000152587890625,0.000152587890625
34.8981168270111,0.001068115234375,-0.001068115234375,0.001068115234375,-0.1171875,0.09521484375,10.0213623046875,0.000152587890625,0.000152587890625,0.000152587890625,0.000152587890625
34.9179062843323,-0.001068115234375,0,0,-0.1263427734375,0.0970458984375,10.0424194335938,0.000152587890625,0.000152587890625,0.000152587890625,0.000152587890625
34.9277663230896,0,0,0,-0.12725830078125,0.1007080078125,10.0341796875,0.000152587890625,0.000152587890625,0.000152587890625,0.000152587890625
34.936882019043,0,0.001068115234375,0,-0.11993408203125,0.10162353515625,10.023193359375,0.000152587890625,0.000152587890625,0.000152587890625,0.000152587890625
34.9479179382324,-0.001068115234375,0,0,-0.11627197265625,0.10162353515625,10.0149536132812,0.000152587890625,0.000152587890625,0.000152587890625,0.000152587890625
34.9579873085022,0,0,-0.001068115234375,-0.11260986328125,0.098876953125,9.979248046875,0.000152587890625,0.000152587890625,0.000152587890625,0.000152587890625
34.966956615448,-0.001068115234375,0.001068115234375,0,-0.1007080078125,0.098876953125,9.9700927734375,0.000152587890625,0.000152587890625,0.000152587890625,0.000152587890625
34.9773585796356,-0.00213623046875,0,0,-0.09979248046875,0.10345458984375,10.0241088867188,0.000152587890625,0.000152587890625,0.000152587890625,0.000152587890625
34.9869992733002,-0.001068115234375,-0.00213623046875,-0.001068115234375,-0.106201171875,0.1007080078125,10.02685546875,0.000152587890625,0.000152587890625,0.000152587890625,0.000152587890625
34.996942281723,0,0,0,-0.11260986328125,0.0933837890625,10.0057983398438,0.000152587890625,0.000152587890625,0.000152587890625,0.000152587890625
35.017599105835,0,0.001068115234375,0,-0.11260986328125,0.09246826171875,10.01220703125,0.000152587890625,0.000152587890625,0.000152587890625,0.000152587890625
35.0179181098938,-0.001068115234375,0,0,-0.1153564453125,0.09429931640625,10.0021362304688,0.000152587890625,0.000152587890625,0.000152587890625,0.000152587890625
35.0282006263733,-0.001068115234375,0,0,-0.1153564453125,0.09979248046875,9.986572265625,0.000152587890625,0.000152587890625,0.000152587890625,0.000152587890625
35.0398392677307,-0.001068115234375,0,0,-0.10711669921875,0.098876953125,10.0039672851562,0.000152587890625,0.000152587890625,0.000152587890625,0.000152587890625
35.0478005409241,-0.001068115234375,-0.001068115234375,-0.001068115234375,-0.09796142578125,0.09246826171875,9.979248046875,0.000152587890625,0.000152587890625,0.000152587890625,0.000152587890625
35.0569443702698,0,-0.001068115234375,-0.001068115234375,-0.1025390625,0.091552734375,9.95452880859375,0.000152587890625,0.000152587890625,0.000152587890625,0.000152587890625
35.0700495243073,-0.001068115234375,-0.001068115234375,0,-0.1007080078125,0.09246826171875,9.96917724609375,0.000152587890625,0.000152587890625,0.000152587890625,0.000152587890625
35.0770478248596,0,-0.001068115234375,0,-0.1007080078125,0.09521484375,9.9847412109375,0.000152587890625,0.000152587890625,0.000152587890625,0.000152587890625
35.0868616104126,0,-0.001068115234375,0,-0.1080322265625,0.098876953125,10.0048828125,0.000152587890625,0.000152587890625,0.000152587890625,0.000152587890625
35.0970902442932,0.001068115234375,-0.00213623046875,0,-0.1116943359375,0.09979248046875,10.0067138671875,0.000152587890625,0.000152587890625,0.000152587890625,0.000152587890625
35.1079761981964,0,-0.001068115234375,0,-0.11444091796875,0.09246826171875,9.957275390625,0.000152587890625,0.000152587890625,0.000152587890625,0.000152587890625
35.1182942390442,-0.001068115234375,-0.001068115234375,0,-0.11627197265625,0.09063720703125,9.9554443359375,0.000152587890625,0.000152587890625,0.000152587890625,0.000152587890625
35.1269626617432,0,-0.001068115234375,0,-0.120849609375,0.08697509765625,9.97650146484375,0.000152587890625,0.000152587890625,0.000152587890625,0.000152587890625
35.137020111084,0,0,-0.001068115234375,-0.11627197265625,0.0860595703125,9.9627685546875,0.000152587890625,0.000152587890625,0.000152587890625,0.000152587890625
35.1452040672302,0,0,0,-0.1025390625,0.08880615234375,9.97650146484375,0.000152587890625,0.000152587890625,0.000152587890625,0.000152587890625
35.155161857605,-0.001068115234375,0.001068115234375,-0.001068115234375,-0.0933837890625,0.087890625,10.0030517578125,0.000152587890625,0.000152587890625,0.000152587890625,0.000152587890625
35.166036605835,0,0,-0.001068115234375,-0.09246826171875,0.087890625,9.9609375,0.000152587890625,0.000152587890625,0.000152587890625,0.000152587890625
35.1747214794159,-0.001068115234375,0.00213623046875,0,-0.09796142578125,0.09063720703125,9.96551513671875,0.000152587890625,0.000152587890625,0.000152587890625,0.000152587890625
35.1852900981903,-0.001068115234375,0.001068115234375,0,-0.10528564453125,0.09246826171875,10.0222778320312,0.000152587890625,0.000152587890625,0.000152587890625,0.000152587890625
35.1947927474976,-0.001068115234375,0,0,-0.11077880859375,0.08880615234375,9.99755859375,0.000152587890625,0.000152587890625,0.000152587890625,0.000152587890625
35.2061848640442,-0.00213623046875,-0.001068115234375,-0.001068115234375,-0.1116943359375,0.08331298828125,9.949951171875,0.000152587890625,0.000152587890625,0.000152587890625,0.000152587890625
35.2151145935059,-0.001068115234375,-0.001068115234375,-0.001068115234375,-0.1116943359375,0.09063720703125,9.96002197265625,0.000152587890625,0.000152587890625,0.000152587890625,0.000152587890625
35.227751493454,0,-0.001068115234375,0,-0.11810302734375,0.09521484375,9.96734619140625,0.000152587890625,0.000152587890625,0.000152587890625,0.000152587890625
35.2387104034424,-0.001068115234375,0,-0.001068115234375,-0.11260986328125,0.0970458984375,9.96551513671875,0.000152587890625,0.000152587890625,0.000152587890625,0.000152587890625
35.2449202537537,0,-0.001068115234375,0,-0.10894775390625,0.09521484375,9.99298095703125,0.000152587890625,0.000152587890625,0.000152587890625,0.000152587890625
35.2578496932983,0,-0.001068115234375,-0.001068115234375,-0.1043701171875,0.09429931640625,9.97467041015625,0.000152587890625,0.000152587890625,0.000152587890625,0.000152587890625
35.2668240070343,0,-0.001068115234375,-0.001068115234375,-0.106201171875,0.08880615234375,9.94171142578125,0.000152587890625,0.000152587890625,0.000152587890625,0.000152587890625
35.2756459712982,-0.001068115234375,-0.001068115234375,-0.001068115234375,-0.10986328125,0.09063720703125,9.94720458984375,0.000152587890625,0.000152587890625,0.000152587890625,0.000152587890625
35.2859830856323,0.001068115234375,-0.00213623046875,0,-0.1080322265625,0.09521484375,9.97833251953125,0.000152587890625,0.000152587890625,0.000152587890625,0.000152587890625
35.2968237400055,0.001068115234375,-0.001068115234375,0,-0.11444091796875,0.09521484375,9.96185302734375,0.000152587890625,0.000152587890625,0.000152587890625,0.000152587890625
35.3070113658905,0,-0.001068115234375,0,-0.11077880859375,0.1007080078125,9.93988037109375,0.000152587890625,0.000152587890625,0.000152587890625,0.000152587890625
35.3149073123932,0,-0.001068115234375,0.001068115234375,-0.098876953125,0.09979248046875,9.92706298828125,0.000152587890625,0.000152587890625,0.000152587890625,0.000152587890625
35.3278186321259,0,0.001068115234375,0.001068115234375,-0.0933837890625,0.1025390625,9.91607666015625,0.000152587890625,0.000152587890625,0.000152587890625,0.000152587890625
35.3351826667786,-0.001068115234375,0.001068115234375,0.001068115234375,-0.098876953125,0.09979248046875,9.9188232421875,0.000152587890625,0.000152587890625,0.000152587890625,0.000152587890625
35.3495872020721,-0.001068115234375,0.001068115234375,0,-0.10528564453125,0.09246826171875,9.95819091796875,0.000152587890625,0.000152587890625,0.000152587890625,0.000152587890625
35.3570425510406,-0.001068115234375,0,-0.001068115234375,-0.113525390625,0.091552734375,9.9627685546875,0.000152587890625,0.000152587890625,0.000152587890625,0.000152587890625
35.3656780719757,0,0,0,-0.11993408203125,0.09063720703125,9.949951171875,0.000152587890625,0.000152587890625,0.000152587890625,0.000152587890625
35.3769521713257,-0.00213623046875,0.001068115234375,0,-0.11993408203125,0.098876953125,9.91973876953125,0.000152587890625,0.000152587890625,0.000152587890625,0.000152587890625
35.3869557380676,-0.001068115234375,0.001068115234375,0,-0.11627197265625,0.106201171875,9.93072509765625,0.000152587890625,0.000152587890625,0.000152587890625,0.000152587890625
35.3948347568512,0.001068115234375,-0.001068115234375,-0.001068115234375,-0.1080322265625,0.10345458984375,9.9591064453125,0.000152587890625,0.000152587890625,0.000152587890625,0.000152587890625
35.4069292545319,0,-0.001068115234375,0,-0.1025390625,0.091552734375,9.9407958984375,0.000152587890625,0.000152587890625,0.000152587890625,0.000152587890625
35.4158999919891,0,-0.00213623046875,0.001068115234375,-0.0970458984375,0.0933837890625,9.92156982421875,0.000152587890625,0.000152587890625,0.000152587890625,0.000152587890625
35.4277727603912,0,0,0,-0.098876953125,0.1007080078125,9.93438720703125,0.000152587890625,0.000152587890625,0.000152587890625,0.000152587890625
35.4357516765594,0,0,0,-0.10345458984375,0.098876953125,9.942626953125,0.000152587890625,0.000152587890625,0.000152587890625,0.000152587890625
35.4458191394806,-0.00213623046875,-0.001068115234375,-0.001068115234375,-0.1080322265625,0.09796142578125,9.95819091796875,0.000152587890625,0.000152587890625,0.000152587890625,0.000152587890625
35.4600303173065,-0.001068115234375,-0.00213623046875,-0.001068115234375,-0.11260986328125,0.08514404296875,9.98931884765625,0.000152587890625,0.000152587890625,0.000152587890625,0.000152587890625
35.4647350311279,-0.001068115234375,-0.00213623046875,-0.001068115234375,-0.11444091796875,0.08331298828125,9.96185302734375,0.000152587890625,0.000152587890625,0.000152587890625,0.000152587890625
35.4768786430359,-0.001068115234375,-0.001068115234375,0,-0.1043701171875,0.087890625,9.906005859375,0.000152587890625,0.000152587890625,0.000152587890625,0.000152587890625
35.4857449531555,-0.001068115234375,-0.001068115234375,-0.001068115234375,-0.09796142578125,0.0933837890625,9.93255615234375,0.000152587890625,0.000152587890625,0.000152587890625,0.000152587890625
35.4973311424255,0,-0.001068115234375,0,-0.10528564453125,0.0897216796875,9.94171142578125,0.000152587890625,0.000152587890625,0.000152587890625,0.000152587890625
35.5047791004181,0.001068115234375,0.001068115234375,0,-0.10894775390625,0.08514404296875,9.93072509765625,0.000152587890625,0.000152587890625,0.000152587890625,0.000152587890625
35.5252826213837,-0.001068115234375,0,0,-0.10711669921875,0.087890625,9.94903564453125,0.000152587890625,0.000152587890625,0.000152587890625,0.000152587890625
35.5261602401733,0,0,0,-0.1025390625,0.084228515625,9.9444580078125,0.000152587890625,0.000152587890625,0.000152587890625,0.000152587890625
35.5371077060699,0.001068115234375,0,0,-0.11077880859375,0.08697509765625,9.92340087890625,0.000152587890625,0.000152587890625,0.000152587890625,0.000152587890625
35.5460832118988,-0.001068115234375,0.001068115234375,-0.001068115234375,-0.11444091796875,0.08697509765625,9.9591064453125,0.000152587890625,0.000152587890625,0.000152587890625,0.000152587890625
35.5547049045563,0,-0.001068115234375,-0.001068115234375,-0.11077880859375,0.0933837890625,9.98382568359375,0.000152587890625,0.000152587890625,0.000152587890625,0.000152587890625
35.5648646354675,0.001068115234375,0,0,-0.1080322265625,0.09979248046875,9.95361328125,0.000152587890625,0.000152587890625,0.000152587890625,0.000152587890625
35.5769114494324,0,0.001068115234375,0,-0.1007080078125,0.1007080078125,9.9188232421875,0.000152587890625,0.000152587890625,0.000152587890625,0.000152587890625
35.5859689712524,-0.001068115234375,0,0,-0.098876953125,0.1007080078125,9.90875244140625,0.000152587890625,0.000152587890625,0.000152587890625,0.000152587890625
35.59516954422,0,-0.001068115234375,0,-0.1025390625,0.106201171875,9.9261474609375,0.000152587890625,0.000152587890625,0.000152587890625,0.000152587890625
35.6058413982391,0.001068115234375,-0.001068115234375,0,-0.11077880859375,0.10894775390625,9.95269775390625,0.000152587890625,0.000152587890625,0.000152587890625,0.000152587890625
35.6177275180817,0,-0.001068115234375,0,-0.1080322265625,0.1007080078125,9.94537353515625,0.000152587890625,0.000152587890625,0.000152587890625,0.000152587890625
35.6247882843018,0,-0.001068115234375,0,-0.1153564453125,0.09613037109375,9.94903564453125,0.000152587890625,0.000152587890625,0.000152587890625,0.000152587890625
35.6359784603119,0.001068115234375,-0.001068115234375,0,-0.11993408203125,0.0933837890625,9.92889404296875,0.000152587890625,0.000152587890625,0.000152587890625,0.000152587890625
35.6482336521149,0,0,0,-0.1116943359375,0.0933837890625,9.90234375,0.000152587890625,0.000152587890625,0.000152587890625,0.000152587890625
35.6561000347137,-0.001068115234375,0,0,-0.1080322265625,0.09246826171875,9.9407958984375,0.000152587890625,0.000152587890625,0.000152587890625,0.000152587890625
35.6650278568268,-0.001068115234375,0,0,-0.10986328125,0.0970458984375,9.94720458984375,0.000152587890625,0.000152587890625,0.000152587890625,0.000152587890625
35.6769223213196,0,0,0.001068115234375,-0.1043701171875,0.08880615234375,9.898681640625,0.000152587890625,0.000152587890625,0.000152587890625,0.000152587890625
35.6861901283264,-0.001068115234375,0,0,-0.10162353515625,0.0823974609375,9.90234375,0.000152587890625,0.000152587890625,0.000152587890625,0.000152587890625
35.6980931758881,-0.001068115234375,0.001068115234375,0,-0.1043701171875,0.08880615234375,9.93072509765625,0.000152587890625,0.000152587890625,0.000152587890625,0.000152587890625
35.7051184177399,-0.001068115234375,0.001068115234375,0,-0.1153564453125,0.09429931640625,9.9114990234375,0.000152587890625,0.000152587890625,0.000152587890625,0.000152587890625
35.7167129516602,-0.001068115234375,0.001068115234375,0,-0.113525390625,0.098876953125,9.9334716796875,0.000152587890625,0.000152587890625,0.000152587890625,0.000152587890625
35.7267665863037,0,-0.001068115234375,0,-0.10894775390625,0.098876953125,9.96368408203125,0.000152587890625,0.000152587890625,0.000152587890625,0.000152587890625
35.7364013195038,0.001068115234375,0.001068115234375,0,-0.11260986328125,0.0933837890625,9.91973876953125,0.000152587890625,0.000152587890625,0.000152587890625,0.000152587890625
35.7470076084137,0,0,0,-0.11444091796875,0.0970458984375,9.88861083984375,0.000152587890625,0.000152587890625,0.000152587890625,0.000152587890625
35.755989074707,-0.001068115234375,-0.001068115234375,0,-0.10894775390625,0.1007080078125,9.91790771484375,0.000152587890625,0.000152587890625,0.000152587890625,0.000152587890625
35.7661745548248,0,-0.001068115234375,0,-0.10894775390625,0.09979248046875,9.931640625,0.000152587890625,0.000152587890625,0.000152587890625,0.000152587890625
35.7769694328308,0,0,0,-0.11260986328125,0.09521484375,9.89959716796875,0.000152587890625,0.000152587890625,0.000152587890625,0.000152587890625
35.7857336997986,-0.001068115234375,0,0,-0.10894775390625,0.09063720703125,9.89227294921875,0.000152587890625,0.000152587890625,0.000152587890625,0.000152587890625
35.7952063083649,0,-0.001068115234375,-0.001068115234375,-0.1080322265625,0.0897216796875,9.92523193359375,0.000152587890625,0.000152587890625,0.000152587890625,0.000152587890625
35.8050198554993,0,-0.00213623046875,-0.001068115234375,-0.11444091796875,0.0970458984375,9.920654296875,0.000152587890625,0.000152587890625,0.000152587890625,0.000152587890625
35.8157846927643,-0.001068115234375,-0.001068115234375,0,-0.10711669921875,0.09979248046875,9.9298095703125,0.000152587890625,0.000152587890625,0.000152587890625,0.000152587890625
35.8258695602417,-0.001068115234375,0,0,-0.09521484375,0.09796142578125,9.9462890625,0.000152587890625,0.000152587890625,0.000152587890625,0.000152587890625
35.8367803096771,0.001068115234375,-0.001068115234375,0,-0.1007080078125,0.09246826171875,9.91241455078125,0.000152587890625,0.000152587890625,0.000152587890625,0.000152587890625
35.8467056751251,0,0.001068115234375,0,-0.113525390625,0.08514404296875,9.87030029296875,0.000152587890625,0.000152587890625,0.000152587890625,0.000152587890625
35.857403755188,-0.001068115234375,0.001068115234375,-0.001068115234375,-0.11260986328125,0.087890625,9.89227294921875,0.000152587890625,0.000152587890625,0.000152587890625,0.000152587890625
35.865795135498,-0.001068115234375,0,0,-0.1116943359375,0.09246826171875,9.9224853515625,0.000152587890625,0.000152587890625,0.000152587890625,0.000152587890625
35.8774056434631,0,0,0,-0.11993408203125,0.0933837890625,9.9078369140625,0.000152587890625,0.000152587890625,0.000152587890625,0.000152587890625
35.8859927654266,-0.001068115234375,0.001068115234375,-0.001068115234375,-0.1116943359375,0.098876953125,9.90234375,0.000152587890625,0.000152587890625,0.000152587890625,0.000152587890625
35.8959710597992,0,-0.001068115234375,0.001068115234375,-0.09429931640625,0.09613037109375,9.91058349609375,0.000152587890625,0.000152587890625,0.000152587890625,0.000152587890625
35.9050080776215,0,-0.001068115234375,0,-0.09246826171875,0.0897216796875,9.90234375,0.000152587890625,0.000152587890625,0.000152587890625,0.000152587890625
35.9158480167389,0,0.001068115234375,0,-0.1043701171875,0.087890625,9.90325927734375,0.000152587890625,0.000152587890625,0.000152587890625,0.000152587890625
35.9258441925049,0,-0.001068115234375,-0.001068115234375,-0.1025390625,0.09246826171875,9.91241455078125,0.000152587890625,0.000152587890625,0.000152587890625,0.000152587890625
35.936039686203,0,-0.001068115234375,-0.001068115234375,-0.10528564453125,0.08880615234375,9.92431640625,0.000152587890625,0.000152587890625,0.000152587890625,0.000152587890625
35.945937871933,0,-0.001068115234375,0,-0.11077880859375,0.08697509765625,9.8748779296875,0.000152587890625,0.000152587890625,0.000152587890625,0.000152587890625
35.9557511806488,0,0,0.001068115234375,-0.1080322265625,0.084228515625,9.85107421875,0.000152587890625,0.000152587890625,0.000152587890625,0.000152587890625
35.9679946899414,0.001068115234375,-0.00213623046875,0,-0.10345458984375,0.087890625,9.9151611328125,0.000152587890625,0.000152587890625,0.000152587890625,0.000152587890625
35.9759850502014,0.001068115234375,-0.00213623046875,0,-0.1116943359375,0.08697509765625,9.942626953125,0.000152587890625,0.000152587890625,0.000152587890625,0.000152587890625
35.9857416152954,-0.001068115234375,-0.00213623046875,-0.001068115234375,-0.10986328125,0.0823974609375,9.88677978515625,0.000152587890625,0.000152587890625,0.000152587890625,0.000152587890625
35.9990663528442,-0.001068115234375,0,0,-0.1025390625,0.084228515625,9.88861083984375,0.000152587890625,0.000152587890625,0.000152587890625,0.000152587890625
36.0061321258545,-0.001068115234375,0,0,-0.098876953125,0.09063720703125,9.906005859375,0.000152587890625,0.000152587890625,0.000152587890625,0.000152587890625
36.0160148143768,0,0.001068115234375,-0.001068115234375,-0.113525390625,0.0933837890625,9.86663818359375,0.000152587890625,0.000152587890625,0.000152587890625,0.000152587890625
36.0337474346161,0,0.001068115234375,-0.001068115234375,-0.11444091796875,0.091552734375,9.88037109375,0.000152587890625,0.000152587890625,0.000152587890625,0.000152587890625
36.0361723899841,-0.001068115234375,0,0,-0.106201171875,0.087890625,9.93255615234375,0.000152587890625,0.000152587890625,0.000152587890625,0.000152587890625
36.0457508563995,0,0,0.001068115234375,-0.1116943359375,0.0933837890625,9.8822021484375,0.000152587890625,0.000152587890625,0.000152587890625,0.000152587890625
36.0563681125641,-0.001068115234375,0.001068115234375,-0.001068115234375,-0.120849609375,0.091552734375,9.85382080078125,0.000152587890625,0.000152587890625,0.000152587890625,0.000152587890625
36.0662059783936,0,0,-0.001068115234375,-0.1171875,0.09063720703125,9.9041748046875,0.000152587890625,0.000152587890625,0.000152587890625,0.000152587890625
36.0782792568207,0,-0.001068115234375,-0.001068115234375,-0.1171875,0.0897216796875,9.92156982421875,0.000152587890625,0.000152587890625,0.000152587890625,0.000152587890625
36.0867910385132,0,0.001068115234375,0.001068115234375,-0.11993408203125,0.084228515625,9.8858642578125,0.000152587890625,0.000152587890625,0.000152587890625,0.000152587890625
36.0957818031311,0,0,0,-0.10528564453125,0.0750732421875,9.89227294921875,0.000152587890625,0.000152587890625,0.000152587890625,0.000152587890625
36.106910943985,0,0,0,-0.09521484375,0.0732421875,9.88861083984375,0.000152587890625,0.000152587890625,0.000152587890625,0.000152587890625
36.116043806076,0.001068115234375,0,0,-0.10711669921875,0.08056640625,9.85931396484375,0.000152587890625,0.000152587890625,0.000152587890625,0.000152587890625
36.1274781227112,0,-0.001068115234375,0,-0.11260986328125,0.08514404296875,9.86663818359375,0.000152587890625,0.000152587890625,0.000152587890625,0.000152587890625
36.1357867717743,0.001068115234375,0,-0.001068115234375,-0.10345458984375,0.08880615234375,9.90509033203125,0.000152587890625,0.000152587890625,0.000152587890625,0.000152587890625
36.1466162204742,0,0,-0.001068115234375,-0.0970458984375,0.09429931640625,9.891357421875,0.000152587890625,0.000152587890625,0.000152587890625,0.000152587890625
36.1558566093445,0,-0.001068115234375,0,-0.10162353515625,0.10162353515625,9.8565673828125,0.000152587890625,0.000152587890625,0.000152587890625,0.000152587890625
36.166389465332,0.001068115234375,0,0,-0.09979248046875,0.10345458984375,9.8785400390625,0.000152587890625,0.000152587890625,0.000152587890625,0.000152587890625
36.1759510040283,0,-0.001068115234375,-0.001068115234375,-0.10711669921875,0.098876953125,9.9188232421875,0.000152587890625,0.000152587890625,0.000152587890625,0.000152587890625
36.1865284442902,-0.001068115234375,-0.001068115234375,0,-0.11444091796875,0.08697509765625,9.89959716796875,0.000152587890625,0.000152587890625,0.000152587890625,0.000152587890625
36.1961312294006,0,0,0,-0.11260986328125,0.08880615234375,9.8712158203125,0.000152587890625,0.000152587890625,0.000152587890625,0.000152587890625
36.2057309150696,0,0,0,-0.10528564453125,0.0897216796875,9.87396240234375,0.000152587890625,0.000152587890625,0.000152587890625,0.000152587890625
36.2163245677948,0,0,-0.001068115234375,-0.106201171875,0.08880615234375,9.869384765625,0.000152587890625,0.000152587890625,0.000152587890625,0.000152587890625
36.2277512550354,0,0,0.001068115234375,-0.11077880859375,0.098876953125,9.85382080078125,0.000152587890625,0.000152587890625,0.000152587890625,0.000152587890625
36.2359354496002,-0.001068115234375,0.001068115234375,0,-0.1025390625,0.106201171875,9.8858642578125,0.000152587890625,0.000152587890625,0.000152587890625,0.000152587890625
36.2479393482208,-0.001068115234375,0.001068115234375,-0.001068115234375,-0.0970458984375,0.10528564453125,9.92523193359375,0.000152587890625,0.000152587890625,0.000152587890625,0.000152587890625
36.2660946846008,0,0.001068115234375,0,-0.1043701171875,0.09246826171875,9.83917236328125,0.000152587890625,0.000152587890625,0.000152587890625,0.000152587890625
36.2757601737976,0,0,0,-0.091552734375,0.09429931640625,9.8876953125,0.000152587890625,0.000152587890625,0.000152587890625,0.000152587890625
36.2859859466553,0,0,0,-0.1007080078125,0.09613037109375,9.89227294921875,0.000152587890625,0.000152587890625,0.000152587890625,0.000152587890625
36.2959067821503,-0.001068115234375,0,0.001068115234375,-0.1080322265625,0.09246826171875,9.86297607421875,0.000152587890625,0.000152587890625,0.000152587890625,0.000152587890625
36.3072762489319,0.001068115234375,0,-0.001068115234375,-0.10711669921875,0.0933837890625,9.876708984375,0.000152587890625,0.000152587890625,0.000152587890625,0.000152587890625
36.3162791728973,0.001068115234375,-0.001068115234375,-0.001068115234375,-0.1007080078125,0.0897216796875,9.86114501953125,0.000152587890625,0.000152587890625,0.000152587890625,0.000152587890625
36.3258838653564,0.001068115234375,0.001068115234375,0,-0.1043701171875,0.0897216796875,9.840087890625,0.000152587890625,0.000152587890625,0.000152587890625,0.000152587890625
36.3357820510864,0.001068115234375,0,0.001068115234375,-0.10711669921875,0.0933837890625,9.89227294921875,0.000152587890625,0.000152587890625,0.000152587890625,0.000152587890625
36.3470814228058,0.001068115234375,-0.00213623046875,0,-0.113525390625,0.08880615234375,9.92340087890625,0.000152587890625,0.000152587890625,0.000152587890625,0.000152587890625
36.3559391498566,0,0,0,-0.12359619140625,0.084228515625,9.8748779296875,0.000152587890625,0.000152587890625,0.000152587890625,0.000152587890625
36.3660824298859,-0.001068115234375,0,-0.001068115234375,-0.1171875,0.091552734375,9.862060546875,0.000152587890625,0.000152587890625,0.000152587890625,0.000152587890625
36.3768393993378,-0.001068115234375,-0.001068115234375,-0.00213623046875,-0.1025390625,0.10162353515625,9.86846923828125,0.000152587890625,0.000152587890625,0.000152587890625,0.000152587890625
36.3862073421478,-0.001068115234375,0,-0.001068115234375,-0.106201171875,0.09796142578125,9.8785400390625,0.000152587890625,0.000152587890625,0.000152587890625,0.000152587890625
36.3957347869873,0,0,-0.001068115234375,-0.11627197265625,0.091552734375,9.88037109375,0.000152587890625,0.000152587890625,0.000152587890625,0.000152587890625
36.4057898521423,0.001068115234375,-0.001068115234375,-0.001068115234375,-0.11444091796875,0.08880615234375,9.87396240234375,0.000152587890625,0.000152587890625,0.000152587890625,0.000152587890625
36.4177002906799,-0.001068115234375,0,-0.001068115234375,-0.1116943359375,0.087890625,9.85931396484375,0.000152587890625,0.000152587890625,0.000152587890625,0.000152587890625
36.4260189533234,-0.001068115234375,0.001068115234375,0,-0.10986328125,0.08148193359375,9.86114501953125,0.000152587890625,0.000152587890625,0.000152587890625,0.000152587890625
36.4367077350616,-0.001068115234375,0.001068115234375,0.00213623046875,-0.1080322265625,0.08331298828125,9.8602294921875,0.000152587890625,0.000152587890625,0.000152587890625,0.000152587890625
36.4473609924316,0.001068115234375,-0.001068115234375,0.001068115234375,-0.10894775390625,0.09063720703125,9.89593505859375,0.000152587890625,0.000152587890625,0.000152587890625,0.000152587890625
36.455774307251,0,-0.00213623046875,0,-0.1080322265625,0.091552734375,9.9041748046875,0.000152587890625,0.000152587890625,0.000152587890625,0.000152587890625
36.4667527675629,0,-0.001068115234375,0,-0.10986328125,0.09063720703125,9.84832763671875,0.000152587890625,0.000152587890625,0.000152587890625,0.000152587890625
36.4759919643402,0,-0.001068115234375,-0.001068115234375,-0.10894775390625,0.098876953125,9.847412109375,0.000152587890625,0.000152587890625,0.000152587890625,0.000152587890625
36.4873144626617,0,-0.00213623046875,0,-0.1153564453125,0.10986328125,9.8748779296875,0.000152587890625,0.000152587890625,0.000152587890625,0.000152587890625
36.4957978725433,0,-0.001068115234375,0,-0.1190185546875,0.1043701171875,9.8602294921875,0.000152587890625,0.000152587890625,0.000152587890625,0.000152587890625
36.5060005187988,0,-0.001068115234375,0,-0.10986328125,0.10345458984375,9.88861083984375,0.000152587890625,0.000152587890625,0.000152587890625,0.000152587890625
36.5178141593933,0,-0.00213623046875,-0.001068115234375,-0.1025390625,0.10162353515625,9.9005126953125,0.000152587890625,0.000152587890625,0.000152587890625,0.000152587890625
36.5281059741974,0,-0.001068115234375,-0.001068115234375,-0.10162353515625,0.0970458984375,9.86846923828125,0.000152587890625,0.000152587890625,0.000152587890625,0.000152587890625
36.544025182724,0,0,0,-0.10711669921875,0.098876953125,9.86480712890625,0.000152587890625,0.000152587890625,0.000152587890625,0.000152587890625
36.5468916893005,0,0,0,-0.1116943359375,0.1007080078125,9.9041748046875,0.000152587890625,0.000152587890625,0.000152587890625,0.000152587890625
36.5558984279633,-0.001068115234375,0,-0.001068115234375,-0.10711669921875,0.098876953125,9.88861083984375,0.000152587890625,0.000152587890625,0.000152587890625,0.000152587890625
36.5667655467987,0,-0.001068115234375,0,-0.106201171875,0.098876953125,9.8675537109375,0.000152587890625,0.000152587890625,0.000152587890625,0.000152587890625
36.5759353637695,0.001068115234375,0,0,-0.1043701171875,0.098876953125,9.85748291015625,0.000152587890625,0.000152587890625,0.000152587890625,0.000152587890625
36.5863971710205,0,0,0,-0.1043701171875,0.1007080078125,9.83734130859375,0.000152587890625,0.000152587890625,0.000152587890625,0.000152587890625
36.5972127914429,0,0,0,-0.1116943359375,0.1007080078125,9.869384765625,0.000152587890625,0.000152587890625,0.000152587890625,0.000152587890625
36.6059317588806,0,-0.001068115234375,0,-0.11627197265625,0.10345458984375,9.89227294921875,0.000152587890625,0.000152587890625,0.000152587890625,0.000152587890625
36.6192328929901,-0.001068115234375,0,-0.001068115234375,-0.11077880859375,0.09429931640625,9.86663818359375,0.000152587890625,0.000152587890625,0.000152587890625,0.000152587890625
36.6275210380554,-0.001068115234375,0,0,-0.10894775390625,0.0860595703125,9.86297607421875,0.000152587890625,0.000152587890625,0.000152587890625,0.000152587890625
36.6367292404175,0.001068115234375,0,0,-0.1043701171875,0.08514404296875,9.87030029296875,0.000152587890625,0.000152587890625,0.000152587890625,0.000152587890625
36.6467208862305,0,-0.001068115234375,0,-0.1080322265625,0.08880615234375,9.86663818359375,0.000152587890625,0.000152587890625,0.000152587890625,0.000152587890625
36.6667025089264,0,-0.00213623046875,0,-0.10986328125,0.08697509765625,9.87579345703125,0.000152587890625,0.000152587890625,0.000152587890625,0.000152587890625
36.6795666217804,0,0,-0.001068115234375,-0.09979248046875,0.09063720703125,9.85107421875,0.000152587890625,0.000152587890625,0.000152587890625,0.000152587890625
36.6867952346802,-0.001068115234375,0,-0.001068115234375,-0.09613037109375,0.09429931640625,9.84283447265625,0.000152587890625,0.000152587890625,0.000152587890625,0.000152587890625
36.6980695724487,-0.001068115234375,-0.001068115234375,0,-0.1043701171875,0.09613037109375,9.862060546875,0.000152587890625,0.000152587890625,0.000152587890625,0.000152587890625
36.707043170929,0,-0.001068115234375,0.001068115234375,-0.106201171875,0.09246826171875,9.88494873046875,0.000152587890625,0.000152587890625,0.000152587890625,0.000152587890625
36.7157907485962,0,-0.001068115234375,0.001068115234375,-0.1080322265625,0.09246826171875,9.88861083984375,0.000152587890625,0.000152587890625,0.000152587890625,0.000152587890625
36.726958990097,-0.00213623046875,-0.00213623046875,0,-0.11260986328125,0.09063720703125,9.8638916015625,0.000152587890625,0.000152587890625,0.000152587890625,0.000152587890625
36.7369313240051,0,-0.001068115234375,-0.001068115234375,-0.11260986328125,0.0897216796875,9.8529052734375,0.000152587890625,0.000152587890625,0.000152587890625,0.000152587890625
36.7468090057373,0.001068115234375,0.001068115234375,0,-0.1080322265625,0.09429931640625,9.85382080078125,0.000152587890625,0.000152587890625,0.000152587890625,0.000152587890625
36.7566959857941,0,0.001068115234375,0,-0.10986328125,0.09246826171875,9.8675537109375,0.000152587890625,0.000152587890625,0.000152587890625,0.000152587890625
36.7669949531555,-0.001068115234375,0,0,-0.11810302734375,0.09246826171875,9.87579345703125,0.000152587890625,0.000152587890625,0.000152587890625,0.000152587890625
36.776992559433,0,0,0,-0.1116943359375,0.091552734375,9.8675537109375,0.000152587890625,0.000152587890625,0.000152587890625,0.000152587890625
36.7870342731476,0,-0.001068115234375,0,-0.10894775390625,0.091552734375,9.86663818359375,0.000152587890625,0.000152587890625,0.000152587890625,0.000152587890625
36.7971012592316,0,0,0,-0.10711669921875,0.09429931640625,9.86114501953125,0.000152587890625,0.000152587890625,0.000152587890625,0.000152587890625
36.8077418804169,0,-0.001068115234375,-0.001068115234375,-0.1043701171875,0.09979248046875,9.88311767578125,0.000152587890625,0.000152587890625,0.000152587890625,0.000152587890625
36.818253993988,-0.001068115234375,-0.001068115234375,0,-0.10345458984375,0.091552734375,9.898681640625,0.000152587890625,0.000152587890625,0.000152587890625,0.000152587890625
36.8279972076416,0,-0.001068115234375,0,-0.10711669921875,0.0823974609375,9.862060546875,0.000152587890625,0.000152587890625,0.000152587890625,0.000152587890625
36.8367593288422,0.001068115234375,-0.00213623046875,0,-0.106201171875,0.08148193359375,9.832763671875,0.000152587890625,0.000152587890625,0.000152587890625,0.000152587890625
36.8479650020599,0,-0.001068115234375,0,-0.10711669921875,0.08880615234375,9.85198974609375,0.000152587890625,0.000152587890625,0.000152587890625,0.000152587890625
36.8569531440735,0,-0.00213623046875,0,-0.10986328125,0.0933837890625,9.8712158203125,0.000152587890625,0.000152587890625,0.000152587890625,0.000152587890625
36.8677542209625,0.001068115234375,-0.001068115234375,0,-0.10894775390625,0.09063720703125,9.8785400390625,0.000152587890625,0.000152587890625,0.000152587890625,0.000152587890625
36.8767359256744,0.001068115234375,-0.001068115234375,-0.001068115234375,-0.1025390625,0.08514404296875,9.89227294921875,0.000152587890625,0.000152587890625,0.000152587890625,0.000152587890625
36.8893458843231,-0.001068115234375,-0.00213623046875,-0.001068115234375,-0.10345458984375,0.08148193359375,9.86114501953125,0.000152587890625,0.000152587890625,0.000152587890625,0.000152587890625
36.8967890739441,0,-0.001068115234375,-0.001068115234375,-0.1043701171875,0.08880615234375,9.85931396484375,0.000152587890625,0.000152587890625,0.000152587890625,0.000152587890625
36.908233165741,0,-0.001068115234375,-0.00213623046875,-0.09429931640625,0.09429931640625,9.891357421875,0.000152587890625,0.000152587890625,0.000152587890625,0.000152587890625
36.9168832302094,-0.001068115234375,0,-0.001068115234375,-0.09521484375,0.09613037109375,9.89044189453125,0.000152587890625,0.000152587890625,0.000152587890625,0.000152587890625
36.9368164539337,0,0,0,-0.09796142578125,0.0970458984375,9.86297607421875,0.000152587890625,0.000152587890625,0.000152587890625,0.000152587890625
36.9489555358887,-0.001068115234375,0.001068115234375,0,-0.0970458984375,0.09521484375,9.83734130859375,0.000152587890625,0.000152587890625,0.000152587890625,0.000152587890625
36.9567987918854,-0.001068115234375,0.001068115234375,0,-0.09246826171875,0.0897216796875,9.85015869140625,0.000152587890625,0.000152587890625,0.000152587890625,0.000152587890625
36.9668922424316,0,0,-0.001068115234375,-0.09521484375,0.0897216796875,9.8822021484375,0.000152587890625,0.000152587890625,0.000152587890625,0.000152587890625
36.9769515991211,0,0,0,-0.10528564453125,0.09063720703125,9.89044189453125,0.000152587890625,0.000152587890625,0.000152587890625,0.000152587890625
36.9869940280914,0,0,0,-0.09613037109375,0.08514404296875,9.88037109375,0.000152587890625,0.000152587890625,0.000152587890625,0.000152587890625
36.9987354278564,-0.001068115234375,0,0,-0.098876953125,0.08331298828125,9.87762451171875,0.000152587890625,0.000152587890625,0.000152587890625,0.000152587890625
37.0067200660706,0,-0.001068115234375,-0.001068115234375,-0.1043701171875,0.09429931640625,9.85565185546875,0.000152587890625,0.000152587890625,0.000152587890625,0.000152587890625
37.0173673629761,-0.001068115234375,-0.00213623046875,-0.001068115234375,-0.10711669921875,0.098876953125,9.8748779296875,0.000152587890625,0.000152587890625,0.000152587890625,0.000152587890625
37.0277433395386,-0.001068115234375,-0.00213623046875,-0.001068115234375,-0.11077880859375,0.09521484375,9.89044189453125,0.000152587890625,0.000152587890625,0.000152587890625,0.000152587890625
37.0367498397827,0.001068115234375,-0.001068115234375,0,-0.10528564453125,0.084228515625,9.85931396484375,0.000152587890625,0.000152587890625,0.000152587890625,0.000152587890625
37.0531766414642,0,-0.001068115234375,0,-0.098876953125,0.09246826171875,9.8565673828125,0.000152587890625,0.000152587890625,0.000152587890625,0.000152587890625
37.0567519664764,-0.001068115234375,-0.00213623046875,-0.001068115234375,-0.09613037109375,0.098876953125,9.86663818359375,0.000152587890625,0.000152587890625,0.000152587890625,0.000152587890625
37.0667514801025,0,-0.001068115234375,0,-0.10345458984375,0.10162353515625,9.87945556640625,0.000152587890625,0.000152587890625,0.000152587890625,0.000152587890625
37.0776929855347,0,-0.001068115234375,0,-0.10894775390625,0.1025390625,9.90875244140625,0.000152587890625,0.000152587890625,0.000152587890625,0.000152587890625
37.0879063606262,0,-0.001068115234375,0,-0.10162353515625,0.09521484375,9.90325927734375,0.000152587890625,0.000152587890625,0.000152587890625,0.000152587890625
37.0997881889343,0,0,0,-0.1007080078125,0.0860595703125,9.85382080078125,0.000152587890625,0.000152587890625,0.000152587890625,0.000152587890625
37.1098401546478,0.001068115234375,0,0,-0.10528564453125,0.0897216796875,9.8492431640625,0.000152587890625,0.000152587890625,0.000152587890625,0.000152587890625
37.1167476177216,0,0,-0.001068115234375,-0.1080322265625,0.09979248046875,9.86846923828125,0.000152587890625,0.000152587890625,0.000152587890625,0.000152587890625
37.1266860961914,0,0,-0.001068115234375,-0.10711669921875,0.09521484375,9.85931396484375,0.000152587890625,0.000152587890625,0.000152587890625,0.000152587890625
37.1368229389191,0,-0.001068115234375,0,-0.1043701171875,0.0823974609375,9.86846923828125,0.000152587890625,0.000152587890625,0.000152587890625,0.000152587890625
37.1467401981354,0.001068115234375,0,0.001068115234375,-0.1043701171875,0.08056640625,9.87030029296875,0.000152587890625,0.000152587890625,0.000152587890625,0.000152587890625
37.1578586101532,-0.001068115234375,0,0,-0.10345458984375,0.0860595703125,9.8638916015625,0.000152587890625,0.000152587890625,0.000152587890625,0.000152587890625
37.1667556762695,0,0,0,-0.10528564453125,0.0897216796875,9.884033203125,0.000152587890625,0.000152587890625,0.000152587890625,0.000152587890625
37.1767909526825,0,-0.001068115234375,-0.001068115234375,-0.10711669921875,0.08880615234375,9.90325927734375,0.000152587890625,0.000152587890625,0.000152587890625,0.000152587890625
37.1867189407349,0,-0.00213623046875,0,-0.1080322265625,0.08331298828125,9.89227294921875,0.000152587890625,0.000152587890625,0.000152587890625,0.000152587890625
37.1967895030975,0,0,0,-0.1116943359375,0.08331298828125,9.85198974609375,0.000152587890625,0.000152587890625,0.000152587890625,0.000152587890625
37.2070326805115,0,-0.001068115234375,0,-0.1171875,0.091552734375,9.84375,0.000152587890625,0.000152587890625,0.000152587890625,0.000152587890625
37.2167587280273,-0.001068115234375,-0.00213623046875,0,-0.11444091796875,0.09613037109375,9.8565673828125,0.000152587890625,0.000152587890625,0.000152587890625,0.000152587890625
37.2269520759583,0,-0.001068115234375,-0.001068115234375,-0.12542724609375,0.10162353515625,9.8675537109375,0.000152587890625,0.000152587890625,0.000152587890625,0.000152587890625
37.2347741127014,0.001068115234375,-0.001068115234375,-0.001068115234375,-0.128173828125,0.09979248046875,9.8748779296875,0.000152587890625,0.000152587890625,0.000152587890625,0.000152587890625
37.2469608783722,0.001068115234375,0,-0.001068115234375,-0.113525390625,0.09246826171875,9.873046875,0.000152587890625,0.000152587890625,0.000152587890625,0.000152587890625
37.2577366828918,0,-0.001068115234375,-0.001068115234375,-0.10528564453125,0.09246826171875,9.862060546875,0.000152587890625,0.000152587890625,0.000152587890625,0.000152587890625
37.2674396038055,0,-0.00213623046875,0,-0.10528564453125,0.10345458984375,9.8712158203125,0.000152587890625,0.000152587890625,0.000152587890625,0.000152587890625
37.2784345149994,0,0,0,-0.10711669921875,0.10528564453125,9.88037109375,0.000152587890625,0.000152587890625,0.000152587890625,0.000152587890625
37.2877058982849,-0.001068115234375,0,-0.001068115234375,-0.10711669921875,0.09796142578125,9.8858642578125,0.000152587890625,0.000152587890625,0.000152587890625,0.000152587890625
37.2971687316895,-0.001068115234375,0.001068115234375,0,-0.11260986328125,0.09246826171875,9.87030029296875,0.000152587890625,0.000152587890625,0.000152587890625,0.000152587890625
37.3077237606049,0.001068115234375,0,0,-0.11260986328125,0.0933837890625,9.8492431640625,0.000152587890625,0.000152587890625,0.000152587890625,0.000152587890625
37.3180913925171,0.001068115234375,0.001068115234375,-0.001068115234375,-0.106201171875,0.091552734375,9.85015869140625,0.000152587890625,0.000152587890625,0.000152587890625,0.000152587890625
